ISO-10303-21;
HEADER;
FILE_DESCRIPTION (( 'STEP AP214' ),
    '1' );
FILE_NAME ('Download_STP_WL-SFRW-1205 (rev1)_1.STEP',
    '2025-02-05T21:24:26',
    ( '' ),
    ( '' ),
    'SwSTEP 2.0',
    'SolidWorks 2024',
    '' );
FILE_SCHEMA (( 'AUTOMOTIVE_DESIGN' ));
ENDSEC;

DATA;
#1 = FILL_AREA_STYLE_COLOUR ( '', #2155 ) ;
#2 = EDGE_CURVE ( 'NONE', #8777, #7708, #2597, .T. ) ;
#3 = LINE ( 'NONE', #7645, #5637 ) ;
#4 = EDGE_LOOP ( 'NONE', ( #10705, #7627 ) ) ;
#5 = EDGE_CURVE ( 'NONE', #958, #9241, #10401, .T. ) ;
#6 =( GEOMETRIC_REPRESENTATION_CONTEXT ( 3 ) GLOBAL_UNCERTAINTY_ASSIGNED_CONTEXT ( ( #8967 ) ) GLOBAL_UNIT_ASSIGNED_CONTEXT ( ( #8572, #979, #10287 ) ) REPRESENTATION_CONTEXT ( 'NONE', 'WORKASPACE' ) );
#7 = LINE ( 'NONE', #10926, #6773 ) ;
#8 = CARTESIAN_POINT ( 'NONE',  ( 0.5961306949927850374, -1.600000000000000089, 0.01000000000000000021 ) ) ;
#9 = VECTOR ( 'NONE', #10778, 1000.000000000000000 ) ;
#10 =( LENGTH_UNIT ( ) NAMED_UNIT ( * ) SI_UNIT ( .MILLI., .METRE. ) );
#11 = EDGE_CURVE ( 'NONE', #8183, #8359, #8639, .T. ) ;
#12 = CARTESIAN_POINT ( 'NONE',  ( 0.2924999999999999822, -1.600000000000000089, 0.8000000000000000444 ) ) ;
#13 = DIRECTION ( 'NONE',  ( 0.000000000000000000, 1.000000000000000000, 0.000000000000000000 ) ) ;
#14 = ORIENTED_EDGE ( 'NONE', *, *, #3714, .T. ) ;
#15 = ORIENTED_EDGE ( 'NONE', *, *, #6775, .T. ) ;
#16 = CARTESIAN_POINT ( 'NONE',  ( -0.2952229299363051118, -1.600000000000000089, 0.5300000000000001377 ) ) ;
#17 = PLANE ( 'NONE',  #7630 ) ;
#18 = CIRCLE ( 'NONE', #6193, 0.1961375929999999990 ) ;
#19 = ORIENTED_EDGE ( 'NONE', *, *, #689, .T. ) ;
#20 = MECHANICAL_DESIGN_GEOMETRIC_PRESENTATION_REPRESENTATION (  '', ( #2836 ), #7622 ) ;
#21 = VERTEX_POINT ( 'NONE', #2698 ) ;
#22 = FACE_OUTER_BOUND ( 'NONE', #421, .T. ) ;
#23 = FILL_AREA_STYLE ('',( #7606 ) ) ;
#24 = LINE ( 'NONE', #9341, #5449 ) ;
#25 = DIRECTION ( 'NONE',  ( 0.000000000000000000, -1.000000000000000000, 0.000000000000000000 ) ) ;
#26 = DIRECTION ( 'NONE',  ( 0.000000000000000000, 0.000000000000000000, -1.000000000000000000 ) ) ;
#27 = DIRECTION ( 'NONE',  ( 0.000000000000000000, -0.000000000000000000, -1.000000000000000000 ) ) ;
#28 = DIRECTION ( 'NONE',  ( -1.000000000000000000, 0.000000000000000000, 0.000000000000000000 ) ) ;
#29 =( GEOMETRIC_REPRESENTATION_CONTEXT ( 3 ) GLOBAL_UNCERTAINTY_ASSIGNED_CONTEXT ( ( #8847 ) ) GLOBAL_UNIT_ASSIGNED_CONTEXT ( ( #10884, #4289, #6774 ) ) REPRESENTATION_CONTEXT ( 'NONE', 'WORKASPACE' ) );
#30 = VECTOR ( 'NONE', #7544, 1000.000000000000000 ) ;
#31 = LINE ( 'NONE', #3405, #2337 ) ;
#32 = VERTEX_POINT ( 'NONE', #7798 ) ;
#33 = PRESENTATION_LAYER_ASSIGNMENT (  '', '', ( #4098 ) ) ;
#34 = LINE ( 'NONE', #2629, #4694 ) ;
#35 = ORIENTED_EDGE ( 'NONE', *, *, #9355, .T. ) ;
#36 = VECTOR ( 'NONE', #2050, 1000.000000000000000 ) ;
#37 = SHAPE_REPRESENTATION_RELATIONSHIP ( 'NONE' , 'NONE' ,  #892, #1477 ) ;
#38 = LINE ( 'NONE', #7625, #3684 ) ;
#39 = DIRECTION ( 'NONE',  ( -0.000000000000000000, 1.000000000000000000, 0.000000000000000000 ) ) ;
#40 = VERTEX_POINT ( 'NONE', #988 ) ;
#41 = ORIENTED_EDGE ( 'NONE', *, *, #2539, .T. ) ;
#42 = VECTOR ( 'NONE', #6344, 1000.000000000000000 ) ;
#43 = AXIS2_PLACEMENT_3D ( 'NONE', #3304, #2377, #5688 ) ;
#44 = SURFACE_STYLE_FILL_AREA ( #5959 ) ;
#45 = AXIS2_PLACEMENT_3D ( 'NONE', #8072, #3635, #6296 ) ;
#46 = DIRECTION ( 'NONE',  ( 0.000000000000000000, 0.000000000000000000, 1.000000000000000000 ) ) ;
#47 = EDGE_LOOP ( 'NONE', ( #247, #305, #2790, #9023 ) ) ;
#48 = VECTOR ( 'NONE', #7137, 1000.000000000000000 ) ;
#49 = DIRECTION ( 'NONE',  ( -1.000000000000000000, -0.000000000000000000, 0.000000000000000000 ) ) ;
#50 = CARTESIAN_POINT ( 'NONE',  ( -0.5350000000000000311, -1.100000000000000089, 0.005000000000000000104 ) ) ;
#51 = CARTESIAN_POINT ( 'NONE',  ( -0.5999999999999999778, -0.6400000000000000133, 0.5200000000000000178 ) ) ;
#52 = ORIENTED_EDGE ( 'NONE', *, *, #4843, .T. ) ;
#53 = CARTESIAN_POINT ( 'NONE',  ( 0.5999999999999999778, 1.239999999999999991, 0.01000000000000000021 ) ) ;
#54 = AXIS2_PLACEMENT_3D ( 'NONE', #6871, #2658, #9424 ) ;
#55 = CARTESIAN_POINT ( 'NONE',  ( -0.1281588001357080175, 0.4318411998642919802, 0.5300000000000001377 ) ) ;
#56 = VECTOR ( 'NONE', #420, 1000.000000000000000 ) ;
#57 = ORIENTED_EDGE ( 'NONE', *, *, #8051, .T. ) ;
#58 = PRESENTATION_LAYER_ASSIGNMENT (  '', '', ( #8900 ) ) ;
#59 = CARTESIAN_POINT ( 'NONE',  ( -0.5999999999999999778, 1.239999999999999991, 0.7900000000000000355 ) ) ;
#60 = EDGE_LOOP ( 'NONE', ( #3170, #1186, #10397, #5292 ) ) ;
#61 = LINE ( 'NONE', #6818, #9581 ) ;
#62 = AXIS2_PLACEMENT_3D ( 'NONE', #788, #3171, #4229 ) ;
#63 = CARTESIAN_POINT ( 'NONE',  ( -0.4018411998642920091, -0.1818411998642920357, 0.5300000000000001377 ) ) ;
#64 = LINE ( 'NONE', #7811, #1364 ) ;
#65 = SURFACE_STYLE_USAGE ( .BOTH. , #5096 ) ;
#66 = VECTOR ( 'NONE', #9745, 1000.000000000000000 ) ;
#67 = LINE ( 'NONE', #122, #10002 ) ;
#68 = VERTEX_POINT ( 'NONE', #5969 ) ;
#69 = CARTESIAN_POINT ( 'NONE',  ( -0.1499999999999999667, -0.6999999999999998446, 0.001000000000000000021 ) ) ;
#70 = ORIENTED_EDGE ( 'NONE', *, *, #1725, .F. ) ;
#71 = ADVANCED_FACE ( 'NONE', ( #270 ), #10246, .T. ) ;
#72 = DIRECTION ( 'NONE',  ( -0.5144957554275263467, 0.8574929257125443183, 0.000000000000000000 ) ) ;
#73 = ADVANCED_FACE ( 'NONE', ( #935 ), #10347, .T. ) ;
#74 = VERTEX_POINT ( 'NONE', #7691 ) ;
#75 = STYLED_ITEM ( 'NONE', ( #4420 ), #71 ) ;
#76 = ORIENTED_EDGE ( 'NONE', *, *, #4842, .T. ) ;
#77 = FILL_AREA_STYLE ('',( #10421 ) ) ;
#78 = CARTESIAN_POINT ( 'NONE',  ( 0.3999931020004680038, 1.600000000000000089, 0.000000000000000000 ) ) ;
#79 = CARTESIAN_POINT ( 'NONE',  ( -0.5999999999999999778, 1.399999999999999911, 0.8000000000000000444 ) ) ;
#80 = DIRECTION ( 'NONE',  ( 1.000000000000000000, 0.000000000000000000, -0.000000000000000000 ) ) ;
#81 = UNCERTAINTY_MEASURE_WITH_UNIT (LENGTH_MEASURE( 1.000000000000000082E-05 ), #8066, 'distance_accuracy_value', 'NONE');
#82 = EDGE_CURVE ( 'NONE', #9565, #7748, #6863, .T. ) ;
#83 = FACE_OUTER_BOUND ( 'NONE', #4340, .T. ) ;
#84 = EDGE_CURVE ( 'NONE', #1294, #3934, #876, .T. ) ;
#85 = VERTEX_POINT ( 'NONE', #8843 ) ;
#86 = LINE ( 'NONE', #4401, #8320 ) ;
#87 = ORIENTED_EDGE ( 'NONE', *, *, #9687, .F. ) ;
#88 = CARTESIAN_POINT ( 'NONE',  ( -0.5999999999999999778, -1.243863872159709949, 0.000000000000000000 ) ) ;
#89 = VECTOR ( 'NONE', #3167, 1000.000000000000000 ) ;
#90 = ORIENTED_EDGE ( 'NONE', *, *, #614, .F. ) ;
#91 = EDGE_CURVE ( 'NONE', #5963, #10108, #7639, .T. ) ;
#92 =( NAMED_UNIT ( * ) PLANE_ANGLE_UNIT ( ) SI_UNIT ( $, .RADIAN. ) );
#93 =( NAMED_UNIT ( * ) PLANE_ANGLE_UNIT ( ) SI_UNIT ( $, .RADIAN. ) );
#94 = VERTEX_POINT ( 'NONE', #10683 ) ;
#95 = ORIENTED_EDGE ( 'NONE', *, *, #2067, .T. ) ;
#96 = MECHANICAL_DESIGN_GEOMETRIC_PRESENTATION_REPRESENTATION (  '', ( #4347 ), #6641 ) ;
#97 = SURFACE_SIDE_STYLE ('',( #44 ) ) ;
#98 = EDGE_CURVE ( 'NONE', #4840, #2981, #1836, .T. ) ;
#99 = EDGE_CURVE ( 'NONE', #7600, #9314, #5412, .T. ) ;
#100 = VERTEX_POINT ( 'NONE', #3023 ) ;
#101 = AXIS2_PLACEMENT_3D ( 'NONE', #4666, #5604, #1397 ) ;
#102 = EDGE_CURVE ( 'NONE', #7949, #7022, #10627, .T. ) ;
#103 = DIRECTION ( 'NONE',  ( 1.000000000000000000, 0.000000000000000000, 0.000000000000000000 ) ) ;
#104 = FACE_OUTER_BOUND ( 'NONE', #10774, .T. ) ;
#105 = SURFACE_STYLE_FILL_AREA ( #10243 ) ;
#106 = ORIENTED_EDGE ( 'NONE', *, *, #1729, .T. ) ;
#107 = EDGE_CURVE ( 'NONE', #2512, #8567, #10569, .T. ) ;
#108 = LINE ( 'NONE', #5293, #3988 ) ;
#109 = VECTOR ( 'NONE', #764, 1000.000000000000000 ) ;
#110 = ORIENTED_EDGE ( 'NONE', *, *, #6318, .T. ) ;
#111 = VECTOR ( 'NONE', #9813, 1000.000000000000000 ) ;
#112 = UNCERTAINTY_MEASURE_WITH_UNIT (LENGTH_MEASURE( 1.000000000000000082E-05 ), #6183, 'distance_accuracy_value', 'NONE');
#113 = DIRECTION ( 'NONE',  ( -1.000000000000000000, 0.000000000000000000, -0.000000000000000000 ) ) ;
#114 = VECTOR ( 'NONE', #5386, 1000.000000000000000 ) ;
#115 = CARTESIAN_POINT ( 'NONE',  ( -0.1499999999999999667, -0.9000000000000001332, 0.8000000000000000444 ) ) ;
#116 = FACE_OUTER_BOUND ( 'NONE', #4684, .T. ) ;
#117 = ORIENTED_EDGE ( 'NONE', *, *, #2636, .T. ) ;
#118 = CARTESIAN_POINT ( 'NONE',  ( -0.5350000000000000311, -1.100000000000000089, 0.000000000000000000 ) ) ;
#119 = DIRECTION ( 'NONE',  ( -9.293161478447170157E-16, 1.000000000000000000, 0.000000000000000000 ) ) ;
#120 = DIRECTION ( 'NONE',  ( 1.000000000000000000, 9.035018104045859601E-17, 0.000000000000000000 ) ) ;
#121 = CARTESIAN_POINT ( 'NONE',  ( -0.5999999999999999778, -1.403900576585290105, 0.01000000000000000021 ) ) ;
#122 = CARTESIAN_POINT ( 'NONE',  ( -0.5350000000000000311, -1.600000000000000089, 0.5200000000000000178 ) ) ;
#123 = EDGE_LOOP ( 'NONE', ( #6213, #313, #10091, #3871 ) ) ;
#124 = DIRECTION ( 'NONE',  ( 0.8778955729143942399, -0.4788521306805550992, 0.000000000000000000 ) ) ;
#125 = ORIENTED_EDGE ( 'NONE', *, *, #10297, .T. ) ;
#126 = CARTESIAN_POINT ( 'NONE',  ( 0.07499999999999999722, -1.100000000000000089, 0.001000000000000000021 ) ) ;
#127 = LINE ( 'NONE', #3494, #6755 ) ;
#128 = ORIENTED_EDGE ( 'NONE', *, *, #9719, .T. ) ;
#129 = CARTESIAN_POINT ( 'NONE',  ( -0.4650000000000000244, 1.600000000000000089, 0.5300000000000001377 ) ) ;
#130 = CARTESIAN_POINT ( 'NONE',  ( 0.4650000000000000244, 0.6000000000000000888, 0.5200000000000000178 ) ) ;
#131 = LINE ( 'NONE', #7720, #7882 ) ;
#132 = DIRECTION ( 'NONE',  ( 0.000000000000000000, 0.000000000000000000, -1.000000000000000000 ) ) ;
#133 = LINE ( 'NONE', #5112, #9842 ) ;
#134 = FACE_OUTER_BOUND ( 'NONE', #4489, .T. ) ;
#135 = VECTOR ( 'NONE', #10525, 1000.000000000000000 ) ;
#136 = CARTESIAN_POINT ( 'NONE',  ( -0.5999999999999999778, 0.04949999999999997458, 0.000000000000000000 ) ) ;
#137 = EDGE_CURVE ( 'NONE', #4517, #4147, #3800, .T. ) ;
#138 = CARTESIAN_POINT ( 'NONE',  ( 0.5999999999999999778, 1.243863872159709949, 0.01000000000000000021 ) ) ;
#139 = VERTEX_POINT ( 'NONE', #6463 ) ;
#140 = FACE_OUTER_BOUND ( 'NONE', #6346, .T. ) ;
#141 = ADVANCED_FACE ( 'NONE', ( #6403 ), #9793, .F. ) ;
#142 = PLANE ( 'NONE',  #3797 ) ;
#143 = ADVANCED_FACE ( 'NONE', ( #9849 ), #6293, .T. ) ;
#144 = VERTEX_POINT ( 'NONE', #6243 ) ;
#145 = CARTESIAN_POINT ( 'NONE',  ( -9.770630030008629709E-16, 2.168404344971010347E-16, 0.7900000000000000355 ) ) ;
#146 = SURFACE_SIDE_STYLE ('',( #2027 ) ) ;
#147 = ORIENTED_EDGE ( 'NONE', *, *, #6225, .T. ) ;
#148 = ORIENTED_EDGE ( 'NONE', *, *, #2283, .F. ) ;
#149 = DIRECTION ( 'NONE',  ( -1.000000000000000000, 8.260587980841929905E-16, 0.000000000000000000 ) ) ;
#150 = VECTOR ( 'NONE', #5059, 1000.000000000000000 ) ;
#151 = ORIENTED_EDGE ( 'NONE', *, *, #6236, .T. ) ;
#152 = LINE ( 'NONE', #3519, #9538 ) ;
#153 = CARTESIAN_POINT ( 'NONE',  ( 0.4650000000000000244, 0.6400000000000000133, 0.01000000000000000021 ) ) ;
#154 = CARTESIAN_POINT ( 'NONE',  ( -0.1218411998642919963, 0.01815880013570820087, 0.5300000000000001377 ) ) ;
#155 =( GEOMETRIC_REPRESENTATION_CONTEXT ( 3 ) GLOBAL_UNCERTAINTY_ASSIGNED_CONTEXT ( ( #9316 ) ) GLOBAL_UNIT_ASSIGNED_CONTEXT ( ( #8851, #5531, #8126 ) ) REPRESENTATION_CONTEXT ( 'NONE', 'WORKASPACE' ) );
#156 = ORIENTED_EDGE ( 'NONE', *, *, #4562, .F. ) ;
#157 = DIRECTION ( 'NONE',  ( -1.000000000000000000, -0.000000000000000000, 0.000000000000000000 ) ) ;
#158 = CARTESIAN_POINT ( 'NONE',  ( -0.5999999999999999778, 1.100000000000000089, 0.001000000000000000021 ) ) ;
#159 = ORIENTED_EDGE ( 'NONE', *, *, #576, .F. ) ;
#160 = PLANE ( 'NONE',  #6761 ) ;
#161 = CARTESIAN_POINT ( 'NONE',  ( 0.1318411998642919913, 0.4318411998642919802, 0.5200000000000000178 ) ) ;
#162 = ORIENTED_EDGE ( 'NONE', *, *, #9965, .F. ) ;
#163 = EDGE_CURVE ( 'NONE', #8567, #10849, #9733, .T. ) ;
#164 = DIRECTION ( 'NONE',  ( -1.000000000000000000, 1.807744701332710101E-16, 0.000000000000000000 ) ) ;
#165 = DIRECTION ( 'NONE',  ( 0.4788521306805730293, -0.8778955729143845810, 0.000000000000000000 ) ) ;
#166 = DIRECTION ( 'NONE',  ( 0.000000000000000000, -1.000000000000000000, 0.000000000000000000 ) ) ;
#167 = LINE ( 'NONE', #1888, #10327 ) ;
#168 = CARTESIAN_POINT ( 'NONE',  ( -0.5350000000000000311, 0.7005555010695041496, 0.5200000000000000178 ) ) ;
#169 = ORIENTED_EDGE ( 'NONE', *, *, #2693, .F. ) ;
#170 = DIRECTION ( 'NONE',  ( 0.000000000000000000, 1.000000000000000000, 0.000000000000000000 ) ) ;
#171 = ORIENTED_EDGE ( 'NONE', *, *, #8601, .F. ) ;
#172 = PLANE ( 'NONE',  #4650 ) ;
#173 = DIRECTION ( 'NONE',  ( -0.000000000000000000, -1.000000000000000000, -0.000000000000000000 ) ) ;
#174 = ORIENTED_EDGE ( 'NONE', *, *, #3208, .T. ) ;
#175 = VECTOR ( 'NONE', #5856, 1000.000000000000000 ) ;
#176 = EDGE_CURVE ( 'NONE', #2546, #5187, #3741, .T. ) ;
#177 = DIRECTION ( 'NONE',  ( 9.293161478447170157E-16, -1.000000000000000000, -0.000000000000000000 ) ) ;
#178 = LINE ( 'NONE', #3657, #3504 ) ;
#179 = DIRECTION ( 'NONE',  ( 0.000000000000000000, -1.000000000000000000, 0.000000000000000000 ) ) ;
#180 = CARTESIAN_POINT ( 'NONE',  ( 0.5350000000000000311, 1.600000000000000089, 0.01000000000000000021 ) ) ;
#181 = FILL_AREA_STYLE ('',( #7774 ) ) ;
#182 = VECTOR ( 'NONE', #8729, 1000.000000000000000 ) ;
#183 = SURFACE_STYLE_USAGE ( .BOTH. , #10379 ) ;
#184 = CARTESIAN_POINT ( 'NONE',  ( -0.1499999999999999944, 1.500000000000000000, 0.7900000000000000355 ) ) ;
#185 = APPLICATION_CONTEXT ( 'automotive_design' ) ;
#186 = LINE ( 'NONE', #8668, #6370 ) ;
#187 = VERTEX_POINT ( 'NONE', #432 ) ;
#188 = LINE ( 'NONE', #7730, #6904 ) ;
#189 = CARTESIAN_POINT ( 'NONE',  ( -0.5961306949927850374, -1.600000000000000089, 0.01000000000000000021 ) ) ;
#190 = VECTOR ( 'NONE', #1022, 1000.000000000000000 ) ;
#191 = ORIENTED_EDGE ( 'NONE', *, *, #5842, .T. ) ;
#192 =( NAMED_UNIT ( * ) PLANE_ANGLE_UNIT ( ) SI_UNIT ( $, .RADIAN. ) );
#193 = PRODUCT_DEFINITION_SHAPE ( 'NONE', 'NONE',  #7260 ) ;
#194 = DIRECTION ( 'NONE',  ( 0.000000000000000000, 0.000000000000000000, -1.000000000000000000 ) ) ;
#195 = ORIENTED_EDGE ( 'NONE', *, *, #7329, .F. ) ;
#196 = EDGE_LOOP ( 'NONE', ( #814, #3563, #2852, #10383 ) ) ;
#197 =( GEOMETRIC_REPRESENTATION_CONTEXT ( 3 ) GLOBAL_UNCERTAINTY_ASSIGNED_CONTEXT ( ( #112 ) ) GLOBAL_UNIT_ASSIGNED_CONTEXT ( ( #6183, #210, #3523 ) ) REPRESENTATION_CONTEXT ( 'NONE', 'WORKASPACE' ) );
#198 = VECTOR ( 'NONE', #7037, 1000.000000000000000 ) ;
#199 = EDGE_CURVE ( 'NONE', #9959, #353, #4748, .T. ) ;
#200 = SURFACE_STYLE_USAGE ( .BOTH. , #5185 ) ;
#201 = VECTOR ( 'NONE', #1780, 1000.000000000000000 ) ;
#202 = ORIENTED_EDGE ( 'NONE', *, *, #9574, .T. ) ;
#203 =( GEOMETRIC_REPRESENTATION_CONTEXT ( 3 ) GLOBAL_UNCERTAINTY_ASSIGNED_CONTEXT ( ( #8641 ) ) GLOBAL_UNIT_ASSIGNED_CONTEXT ( ( #4861, #2537, #9909 ) ) REPRESENTATION_CONTEXT ( 'NONE', 'WORKASPACE' ) );
#204 = CARTESIAN_POINT ( 'NONE',  ( 0.5999999999999999778, -0.6971625444288770401, 0.5300000000000001377 ) ) ;
#205 = PLANE ( 'NONE',  #5086 ) ;
#206 = DIRECTION ( 'NONE',  ( -0.000000000000000000, 1.000000000000000000, 0.000000000000000000 ) ) ;
#207 = CARTESIAN_POINT ( 'NONE',  ( 0.5999999999999995337, -0.6999999999999999556, 0.005000000000000000104 ) ) ;
#208 = ORIENTED_EDGE ( 'NONE', *, *, #3251, .T. ) ;
#209 = CARTESIAN_POINT ( 'NONE',  ( -0.2400000000000000189, -1.600000000000000089, 0.7900000000000000355 ) ) ;
#210 =( NAMED_UNIT ( * ) PLANE_ANGLE_UNIT ( ) SI_UNIT ( $, .RADIAN. ) );
#211 = ORIENTED_EDGE ( 'NONE', *, *, #443, .T. ) ;
#212 = MECHANICAL_DESIGN_GEOMETRIC_PRESENTATION_REPRESENTATION (  '', ( #3216 ), #8347 ) ;
#213 = EDGE_CURVE ( 'NONE', #5152, #9144, #6347, .T. ) ;
#214 = UNCERTAINTY_MEASURE_WITH_UNIT (LENGTH_MEASURE( 1.000000000000000082E-05 ), #5813, 'distance_accuracy_value', 'NONE');
#215 = FACE_OUTER_BOUND ( 'NONE', #8579, .T. ) ;
#216 = COLOUR_RGB ( '',1.000000000000000000, 1.000000000000000000, 1.000000000000000000 ) ;
#217 = EDGE_CURVE ( 'NONE', #1585, #6530, #4697, .T. ) ;
#218 = CARTESIAN_POINT ( 'NONE',  ( -0.1300000000000000044, 0.1700000000000000122, 0.001000000000000000021 ) ) ;
#219 = DIRECTION ( 'NONE',  ( -1.000000000000000000, 0.000000000000000000, -0.000000000000000000 ) ) ;
#220 = ORIENTED_EDGE ( 'NONE', *, *, #2637, .F. ) ;
#221 = CARTESIAN_POINT ( 'NONE',  ( 0.5349999999999999201, 0.6999999999999999556, 0.005000000000000000104 ) ) ;
#222 = EDGE_CURVE ( 'NONE', #8857, #8580, #3854, .T. ) ;
#223 = DIRECTION ( 'NONE',  ( 0.000000000000000000, 0.000000000000000000, -1.000000000000000000 ) ) ;
#224 = PLANE ( 'NONE',  #1194 ) ;
#225 = DIRECTION ( 'NONE',  ( 0.000000000000000000, -0.000000000000000000, 1.000000000000000000 ) ) ;
#226 = MECHANICAL_DESIGN_GEOMETRIC_PRESENTATION_REPRESENTATION (  '', ( #4720 ), #5346 ) ;
#227 =( LENGTH_UNIT ( ) NAMED_UNIT ( * ) SI_UNIT ( .MILLI., .METRE. ) );
#228 = VERTEX_POINT ( 'NONE', #3972 ) ;
#229 = VECTOR ( 'NONE', #1064, 1000.000000000000000 ) ;
#230 = LINE ( 'NONE', #7655, #8614 ) ;
#231 = VERTEX_POINT ( 'NONE', #10741 ) ;
#232 = PRESENTATION_STYLE_ASSIGNMENT (( #954 ) ) ;
#233 = EDGE_CURVE ( 'NONE', #960, #5666, #3189, .T. ) ;
#234 = DIRECTION ( 'NONE',  ( -0.000000000000000000, 0.000000000000000000, -1.000000000000000000 ) ) ;
#235 = AXIS2_PLACEMENT_3D ( 'NONE', #7227, #3001, #3953 ) ;
#236 = ORIENTED_EDGE ( 'NONE', *, *, #6703, .F. ) ;
#237 = PRESENTATION_LAYER_ASSIGNMENT (  '', '', ( #9790 ) ) ;
#238 = EDGE_CURVE ( 'NONE', #4687, #4750, #8236, .T. ) ;
#239 = EDGE_CURVE ( 'NONE', #958, #6921, #4030, .T. ) ;
#240 = DIRECTION ( 'NONE',  ( 0.000000000000000000, -1.000000000000000000, -0.000000000000000000 ) ) ;
#241 = DIRECTION ( 'NONE',  ( 1.192622389734049947E-15, 1.000000000000000000, 0.000000000000000000 ) ) ;
#242 = ADVANCED_FACE ( 'NONE', ( #693 ), #8291, .F. ) ;
#243 = LINE ( 'NONE', #962, #2972 ) ;
#244 = CARTESIAN_POINT ( 'NONE',  ( 0.1500000000000001887, -0.5999999999999999778, 0.000000000000000000 ) ) ;
#245 = EDGE_CURVE ( 'NONE', #8935, #3920, #4854, .T. ) ;
#246 = DIRECTION ( 'NONE',  ( 0.000000000000000000, -0.000000000000000000, -1.000000000000000000 ) ) ;
#247 = ORIENTED_EDGE ( 'NONE', *, *, #3038, .F. ) ;
#248 = DIRECTION ( 'NONE',  ( 0.000000000000000000, 1.000000000000000000, 0.000000000000000000 ) ) ;
#249 =( GEOMETRIC_REPRESENTATION_CONTEXT ( 3 ) GLOBAL_UNCERTAINTY_ASSIGNED_CONTEXT ( ( #6047 ) ) GLOBAL_UNIT_ASSIGNED_CONTEXT ( ( #4527, #7688, #4372 ) ) REPRESENTATION_CONTEXT ( 'NONE', 'WORKASPACE' ) );
#250 = DIRECTION ( 'NONE',  ( -0.000000000000000000, -0.000000000000000000, -1.000000000000000000 ) ) ;
#251 = SHAPE_REPRESENTATION ( 'Pins_Bottom_8', ( #2231 ), #2730 ) ;
#252 =( NAMED_UNIT ( * ) SI_UNIT ( $, .STERADIAN. ) SOLID_ANGLE_UNIT ( ) );
#253 = EDGE_LOOP ( 'NONE', ( #5970, #2838, #9637, #8190 ) ) ;
#254 = SURFACE_STYLE_USAGE ( .BOTH. , #1913 ) ;
#255 = DIRECTION ( 'NONE',  ( 0.000000000000000000, -0.000000000000000000, 1.000000000000000000 ) ) ;
#256 = VERTEX_POINT ( 'NONE', #752 ) ;
#257 = CARTESIAN_POINT ( 'NONE',  ( -0.1218411998642919963, -0.1818411998642920357, 0.5300000000000001377 ) ) ;
#258 = EDGE_LOOP ( 'NONE', ( #1732, #8182, #7481, #9810 ) ) ;
#259 = ORIENTED_EDGE ( 'NONE', *, *, #9014, .F. ) ;
#260 = VERTEX_POINT ( 'NONE', #645 ) ;
#261 = DIRECTION ( 'NONE',  ( -1.000000000000000000, -0.000000000000000000, -0.000000000000000000 ) ) ;
#262 = VERTEX_POINT ( 'NONE', #2476 ) ;
#263 = ORIENTED_EDGE ( 'NONE', *, *, #701, .T. ) ;
#264 = DIRECTION ( 'NONE',  ( -0.000000000000000000, 0.000000000000000000, -1.000000000000000000 ) ) ;
#265 = DIRECTION ( 'NONE',  ( -1.000000000000000000, -0.000000000000000000, -0.000000000000000000 ) ) ;
#266 = FACE_OUTER_BOUND ( 'NONE', #2591, .T. ) ;
#267 = EDGE_LOOP ( 'NONE', ( #9881, #4866, #5951, #6089 ) ) ;
#268 = FACE_OUTER_BOUND ( 'NONE', #3543, .T. ) ;
#269 = EDGE_CURVE ( 'NONE', #8026, #5698, #5738, .T. ) ;
#270 = FACE_OUTER_BOUND ( 'NONE', #1221, .T. ) ;
#271 = ORIENTED_EDGE ( 'NONE', *, *, #3699, .F. ) ;
#272 = VECTOR ( 'NONE', #7871, 1000.000000000000000 ) ;
#273 = DIRECTION ( 'NONE',  ( -1.000000000000000000, -3.820976819332179938E-16, 0.000000000000000000 ) ) ;
#274 = FILL_AREA_STYLE_COLOUR ( '', #10075 ) ;
#275 = VECTOR ( 'NONE', #6793, 1000.000000000000000 ) ;
#276 = VERTEX_POINT ( 'NONE', #7464 ) ;
#277 = VECTOR ( 'NONE', #10819, 1000.000000000000000 ) ;
#278 = DIRECTION ( 'NONE',  ( 0.000000000000000000, -0.000000000000000000, -1.000000000000000000 ) ) ;
#279 = ADVANCED_FACE ( 'NONE', ( #8398 ), #7572, .F. ) ;
#280 = EDGE_CURVE ( 'NONE', #5244, #5020, #10846, .T. ) ;
#281 = FACE_OUTER_BOUND ( 'NONE', #6396, .T. ) ;
#282 = DIRECTION ( 'NONE',  ( -0.000000000000000000, -0.000000000000000000, -1.000000000000000000 ) ) ;
#283 = AXIS2_PLACEMENT_3D ( 'NONE', #7596, #5928, #8314 ) ;
#284 = EDGE_CURVE ( 'NONE', #3093, #6911, #1647, .T. ) ;
#285 = SURFACE_STYLE_FILL_AREA ( #7922 ) ;
#286 = EDGE_CURVE ( 'NONE', #8922, #8593, #4081, .T. ) ;
#287 = EDGE_LOOP ( 'NONE', ( #5773, #1608, #5736, #6133 ) ) ;
#288 = ORIENTED_EDGE ( 'NONE', *, *, #1583, .T. ) ;
#289 = VECTOR ( 'NONE', #5493, 1000.000000000000000 ) ;
#290 = VERTEX_POINT ( 'NONE', #6625 ) ;
#291 = CARTESIAN_POINT ( 'NONE',  ( 0.5999999999999979794, 0.7500000000000000000, 0.5200000000000000178 ) ) ;
#292 = ORIENTED_EDGE ( 'NONE', *, *, #6444, .T. ) ;
#293 = EDGE_CURVE ( 'NONE', #4602, #9973, #3299, .T. ) ;
#294 = CARTESIAN_POINT ( 'NONE',  ( 0.000000000000000000, 0.4318411998642919802, 0.5200000000000000178 ) ) ;
#295 = DIRECTION ( 'NONE',  ( -2.702326263580719971E-16, -1.000000000000000000, 0.000000000000000000 ) ) ;
#296 = DIRECTION ( 'NONE',  ( 0.5155782475760137817, -0.8568425004786157650, 0.000000000000000000 ) ) ;
#297 = FACE_OUTER_BOUND ( 'NONE', #9236, .T. ) ;
#298 = PLANE ( 'NONE',  #10364 ) ;
#299 = ORIENTED_EDGE ( 'NONE', *, *, #5433, .T. ) ;
#300 = DIRECTION ( 'NONE',  ( -6.776263578034399754E-16, 1.000000000000000000, 0.000000000000000000 ) ) ;
#301 = LINE ( 'NONE', #7114, #372 ) ;
#302 = EDGE_CURVE ( 'NONE', #7226, #7395, #6515, .T. ) ;
#303 = PLANE ( 'NONE',  #4967 ) ;
#304 = EDGE_CURVE ( 'NONE', #777, #8814, #2424, .T. ) ;
#305 = ORIENTED_EDGE ( 'NONE', *, *, #1586, .F. ) ;
#306 = FACE_OUTER_BOUND ( 'NONE', #1646, .T. ) ;
#307 = ADVANCED_FACE ( 'NONE', ( #10131 ), #4907, .T. ) ;
#308 = CARTESIAN_POINT ( 'NONE',  ( 0.5999999999999998668, -1.239999999999999991, 0.5200000000000000178 ) ) ;
#309 = EDGE_CURVE ( 'NONE', #10313, #5304, #5628, .T. ) ;
#310 = VECTOR ( 'NONE', #7255, 1000.000000000000000 ) ;
#311 =( NAMED_UNIT ( * ) PLANE_ANGLE_UNIT ( ) SI_UNIT ( $, .RADIAN. ) );
#312 = CARTESIAN_POINT ( 'NONE',  ( -0.1218411998642920102, 0.01815880013570820087, 0.5200000000000000178 ) ) ;
#313 = ORIENTED_EDGE ( 'NONE', *, *, #2104, .T. ) ;
#314 = ORIENTED_EDGE ( 'NONE', *, *, #5011, .T. ) ;
#315 = ORIENTED_EDGE ( 'NONE', *, *, #6021, .T. ) ;
#316 = DIRECTION ( 'NONE',  ( 0.000000000000000000, 1.000000000000000000, 0.000000000000000000 ) ) ;
#317 = VECTOR ( 'NONE', #1811, 1000.000000000000000 ) ;
#318 = ORIENTED_EDGE ( 'NONE', *, *, #8138, .T. ) ;
#319 = EDGE_CURVE ( 'NONE', #5569, #9255, #10071, .T. ) ;
#320 = PRESENTATION_STYLE_ASSIGNMENT (( #10342 ) ) ;
#321 = DIRECTION ( 'NONE',  ( 0.000000000000000000, 1.000000000000000000, 0.000000000000000000 ) ) ;
#322 = FILL_AREA_STYLE_COLOUR ( '', #7850 ) ;
#323 = ORIENTED_EDGE ( 'NONE', *, *, #4407, .T. ) ;
#324 = DIRECTION ( 'NONE',  ( -0.03487826274237452312, 0.03487826274237306595, -0.9987827659587182882 ) ) ;
#325 = ORIENTED_EDGE ( 'NONE', *, *, #953, .T. ) ;
#326 = LINE ( 'NONE', #1209, #4107 ) ;
#327 = AXIS2_PLACEMENT_3D ( 'NONE', #6373, #10599, #4832 ) ;
#328 = DIRECTION ( 'NONE',  ( -0.000000000000000000, 0.000000000000000000, 1.000000000000000000 ) ) ;
#329 = CARTESIAN_POINT ( 'NONE',  ( 0.5999999999999999778, -1.098928449973850086, 0.5300000000000001377 ) ) ;
#330 = EDGE_LOOP ( 'NONE', ( #6278, #9561, #5339, #3089 ) ) ;
#331 = CARTESIAN_POINT ( 'NONE',  ( -0.5350000000000000311, -0.9000000000000001332, 0.7900000000000000355 ) ) ;
#332 = CARTESIAN_POINT ( 'NONE',  ( -0.1500000000000001055, -0.9000000000000001332, 0.01000000000000000021 ) ) ;
#333 = PLANE ( 'NONE',  #4025 ) ;
#334 = LINE ( 'NONE', #1168, #1479 ) ;
#335 = VERTEX_POINT ( 'NONE', #10903 ) ;
#336 = PLANE ( 'NONE',  #8045 ) ;
#337 =( REPRESENTATION_RELATIONSHIP ('NONE','NONE', #9248, #10435 ) REPRESENTATION_RELATIONSHIP_WITH_TRANSFORMATION ( #4848 )SHAPE_REPRESENTATION_RELATIONSHIP( ) );
#338 = ORIENTED_EDGE ( 'NONE', *, *, #5023, .T. ) ;
#339 = ORIENTED_EDGE ( 'NONE', *, *, #3449, .T. ) ;
#340 = EDGE_CURVE ( 'NONE', #2287, #1322, #38, .T. ) ;
#341 = LINE ( 'NONE', #395, #8016 ) ;
#342 = PRESENTATION_LAYER_ASSIGNMENT (  '', '', ( #1573 ) ) ;
#343 = DIRECTION ( 'NONE',  ( -0.000000000000000000, -1.000000000000000000, 0.000000000000000000 ) ) ;
#344 = EDGE_CURVE ( 'NONE', #1667, #9684, #8454, .T. ) ;
#345 = VERTEX_POINT ( 'NONE', #2530 ) ;
#346 = ADVANCED_FACE ( 'NONE', ( #5908 ), #9298, .F. ) ;
#347 = VECTOR ( 'NONE', #1588, 1000.000000000000000 ) ;
#348 = LINE ( 'NONE', #9816, #8503 ) ;
#349 = CARTESIAN_POINT ( 'NONE',  ( 0.5999999999999999778, 0.000000000000000000, 0.01000000000000000021 ) ) ;
#350 = LINE ( 'NONE', #514, #801 ) ;
#351 =( NAMED_UNIT ( * ) PLANE_ANGLE_UNIT ( ) SI_UNIT ( $, .RADIAN. ) );
#352 = PLANE ( 'NONE',  #1869 ) ;
#353 = VERTEX_POINT ( 'NONE', #9870 ) ;
#354 = PLANE ( 'NONE',  #6785 ) ;
#355 = PRODUCT_DEFINITION ( 'UNKNOWN', '', #8036, #3378 ) ;
#356 = DIRECTION ( 'NONE',  ( 0.000000000000000000, 1.000000000000000000, 0.000000000000000000 ) ) ;
#357 = EDGE_CURVE ( 'NONE', #6937, #10198, #3174, .T. ) ;
#358 = LINE ( 'NONE', #5599, #4090 ) ;
#359 = ORIENTED_EDGE ( 'NONE', *, *, #9896, .F. ) ;
#360 = EDGE_CURVE ( 'NONE', #3680, #8777, #4828, .T. ) ;
#361 = FILL_AREA_STYLE ('',( #7942 ) ) ;
#362 = VECTOR ( 'NONE', #3181, 1000.000000000000000 ) ;
#363 = COLOUR_RGB ( '',0.3921568627450980338, 0.5999999999999999778, 0.3921568627450980338 ) ;
#364 =( LENGTH_UNIT ( ) NAMED_UNIT ( * ) SI_UNIT ( .MILLI., .METRE. ) );
#365 = CARTESIAN_POINT ( 'NONE',  ( -1.761828530288950030E-15, 3.388131789017199877E-16, 0.5200000000000000178 ) ) ;
#366 = CARTESIAN_POINT ( 'NONE',  ( 0.07499999999999999722, 1.100000000000000089, 0.005000000000000000104 ) ) ;
#367 = ORIENTED_EDGE ( 'NONE', *, *, #3712, .F. ) ;
#368 = ORIENTED_EDGE ( 'NONE', *, *, #1540, .F. ) ;
#369 = ORIENTED_EDGE ( 'NONE', *, *, #10838, .F. ) ;
#370 = DIRECTION ( 'NONE',  ( -1.000000000000000000, -0.000000000000000000, -0.000000000000000000 ) ) ;
#371 = VERTEX_POINT ( 'NONE', #9203 ) ;
#372 = VECTOR ( 'NONE', #1793, 1000.000000000000000 ) ;
#373 = FILL_AREA_STYLE_COLOUR ( '', #9593 ) ;
#374 = DIRECTION ( 'NONE',  ( 1.000000000000000000, 0.000000000000000000, -0.000000000000000000 ) ) ;
#375 = LINE ( 'NONE', #1258, #10141 ) ;
#376 = ORIENTED_EDGE ( 'NONE', *, *, #280, .F. ) ;
#377 = SURFACE_STYLE_FILL_AREA ( #2918 ) ;
#378 = ORIENTED_EDGE ( 'NONE', *, *, #775, .F. ) ;
#379 = PLANE ( 'NONE',  #10666 ) ;
#380 = VECTOR ( 'NONE', #9490, 1000.000000000000000 ) ;
#381 = CARTESIAN_POINT ( 'NONE',  ( 0.3924999999999999600, -1.600000000000000089, 0.8000000000000000444 ) ) ;
#382 = CARTESIAN_POINT ( 'NONE',  ( 0.5999999999999999778, -0.6999999999999999556, 0.000000000000000000 ) ) ;
#383 = ORIENTED_EDGE ( 'NONE', *, *, #10120, .T. ) ;
#384 = VECTOR ( 'NONE', #1997, 1000.000000000000000 ) ;
#385 = LINE ( 'NONE', #3749, #6757 ) ;
#386 = CARTESIAN_POINT ( 'NONE',  ( 0.1499999999999999944, -0.6971625444288770401, 0.5200000000000000178 ) ) ;
#387 = PLANE ( 'NONE',  #1011 ) ;
#388 = CARTESIAN_POINT ( 'NONE',  ( -0.1499999999999999944, 0.6400000000000000133, 0.01000000000000000021 ) ) ;
#389 = ORIENTED_EDGE ( 'NONE', *, *, #8467, .F. ) ;
#390 = CARTESIAN_POINT ( 'NONE',  ( 0.5999999999999999778, -1.600000000000000089, 0.5200000000000000178 ) ) ;
#391 = ADVANCED_FACE ( 'NONE', ( #4769 ), #10036, .F. ) ;
#392 = ORIENTED_EDGE ( 'NONE', *, *, #5301, .F. ) ;
#393 = MECHANICAL_DESIGN_GEOMETRIC_PRESENTATION_REPRESENTATION (  '', ( #3043 ), #572 ) ;
#394 = VERTEX_POINT ( 'NONE', #5765 ) ;
#395 = CARTESIAN_POINT ( 'NONE',  ( 0.000000000000000000, 0.01815880013570820087, 0.5200000000000000178 ) ) ;
#396 = VECTOR ( 'NONE', #6565, 1000.000000000000000 ) ;
#397 = CARTESIAN_POINT ( 'NONE',  ( 0.5999999999999999778, 0.7495000000000000551, 0.01000000000000000021 ) ) ;
#398 = CARTESIAN_POINT ( 'NONE',  ( 0.3002762822146830546, 1.499754031465950099, 0.01000000000000000021 ) ) ;
#399 = ORIENTED_EDGE ( 'NONE', *, *, #9575, .F. ) ;
#400 = CARTESIAN_POINT ( 'NONE',  ( -0.5350000000000000311, 1.100000000000000089, 0.000000000000000000 ) ) ;
#401 = LINE ( 'NONE', #9497, #9438 ) ;
#402 = VECTOR ( 'NONE', #6945, 1000.000000000000000 ) ;
#403 = DIRECTION ( 'NONE',  ( 1.000000000000000000, 0.000000000000000000, -0.000000000000000000 ) ) ;
#404 = DIRECTION ( 'NONE',  ( 1.000000000000000000, 0.000000000000000000, 0.000000000000000000 ) ) ;
#405 = ADVANCED_FACE ( 'NONE', ( #8369 ), #4881, .T. ) ;
#406 = CARTESIAN_POINT ( 'NONE',  ( -0.1500000000000001055, 0.9000000000000001332, 0.01000000000000000021 ) ) ;
#407 = ORIENTED_EDGE ( 'NONE', *, *, #7316, .T. ) ;
#408 = ADVANCED_FACE ( 'NONE', ( #4001 ), #3943, .T. ) ;
#409 = CARTESIAN_POINT ( 'NONE',  ( 0.5999999999999999778, 1.600000000000000089, 0.7900000000000000355 ) ) ;
#410 = AXIS2_PLACEMENT_3D ( 'NONE', #9212, #4991, #9334 ) ;
#411 = CARTESIAN_POINT ( 'NONE',  ( -0.5350000000000000311, 0.6400000000000000133, 0.5300000000000001377 ) ) ;
#412 = AXIS2_PLACEMENT_3D ( 'NONE', #4607, #9442, #3550 ) ;
#413 = ORIENTED_EDGE ( 'NONE', *, *, #761, .F. ) ;
#414 = DIRECTION ( 'NONE',  ( 0.000000000000000000, -0.000000000000000000, -1.000000000000000000 ) ) ;
#415 = VECTOR ( 'NONE', #8758, 1000.000000000000000 ) ;
#416 = CARTESIAN_POINT ( 'NONE',  ( 0.5350000000000000311, 1.600000000000000089, 0.000000000000000000 ) ) ;
#417 = VECTOR ( 'NONE', #6749, 1000.000000000000000 ) ;
#418 = EDGE_CURVE ( 'NONE', #187, #2965, #8311, .T. ) ;
#419 = CARTESIAN_POINT ( 'NONE',  ( -0.4000000000000000222, 0.02000000000000000042, 0.001000000000000000021 ) ) ;
#420 = DIRECTION ( 'NONE',  ( -1.000000000000000000, -0.000000000000000000, -0.000000000000000000 ) ) ;
#421 = EDGE_LOOP ( 'NONE', ( #1259, #10100, #2532, #8392 ) ) ;
#422 = ORIENTED_EDGE ( 'NONE', *, *, #5783, .F. ) ;
#423 = VECTOR ( 'NONE', #490, 1000.000000000000000 ) ;
#424 = ORIENTED_EDGE ( 'NONE', *, *, #2971, .F. ) ;
#425 = CARTESIAN_POINT ( 'NONE',  ( -0.5999999999999999778, 1.239999999999999991, 0.5200000000000000178 ) ) ;
#426 = ORIENTED_EDGE ( 'NONE', *, *, #3894, .F. ) ;
#427 = EDGE_CURVE ( 'NONE', #10402, #5868, #7383, .T. ) ;
#428 = EDGE_CURVE ( 'NONE', #4767, #8757, #717, .T. ) ;
#429 = CARTESIAN_POINT ( 'NONE',  ( -0.3197770700636929919, 0.5999999999999999778, 0.5200000000000000178 ) ) ;
#430 = SURFACE_STYLE_FILL_AREA ( #4636 ) ;
#431 = ORIENTED_EDGE ( 'NONE', *, *, #8597, .T. ) ;
#432 = CARTESIAN_POINT ( 'NONE',  ( -0.3197770700636939911, 0.6000000000000000888, 0.01000000000000000021 ) ) ;
#433 = ORIENTED_EDGE ( 'NONE', *, *, #10723, .F. ) ;
#434 = UNCERTAINTY_MEASURE_WITH_UNIT (LENGTH_MEASURE( 1.000000000000000082E-05 ), #1137, 'distance_accuracy_value', 'NONE');
#435 = CARTESIAN_POINT ( 'NONE',  ( 0.3197770700636939911, 0.6400000000000000133, 0.01000000000000000021 ) ) ;
#436 = EDGE_CURVE ( 'NONE', #3160, #10394, #7494, .T. ) ;
#437 = EDGE_CURVE ( 'NONE', #5726, #868, #5820, .T. ) ;
#438 = DIRECTION ( 'NONE',  ( -1.548860246407859885E-16, 1.000000000000000000, 0.000000000000000000 ) ) ;
#439 =( GEOMETRIC_REPRESENTATION_CONTEXT ( 3 ) GLOBAL_UNCERTAINTY_ASSIGNED_CONTEXT ( ( #2608 ) ) GLOBAL_UNIT_ASSIGNED_CONTEXT ( ( #9129, #311, #10335 ) ) REPRESENTATION_CONTEXT ( 'NONE', 'WORKASPACE' ) );
#440 = ORIENTED_EDGE ( 'NONE', *, *, #5134, .F. ) ;
#441 = EDGE_CURVE ( 'NONE', #4909, #3939, #8991, .T. ) ;
#442 = CARTESIAN_POINT ( 'NONE',  ( 0.5350000000000000311, -0.6400000000000000133, 0.000000000000000000 ) ) ;
#443 = EDGE_CURVE ( 'NONE', #4334, #2630, #3113, .T. ) ;
#444 = CARTESIAN_POINT ( 'NONE',  ( 0.07499999999999999722, 1.100000000000000089, 0.001000000000000000021 ) ) ;
#445 = FACE_OUTER_BOUND ( 'NONE', #832, .T. ) ;
#446 = CARTESIAN_POINT ( 'NONE',  ( 0.4000000000000000222, 1.600000000000000089, 0.5200000000000000178 ) ) ;
#447 = EDGE_LOOP ( 'NONE', ( #431, #2819, #9916, #865 ) ) ;
#448 = FACE_OUTER_BOUND ( 'NONE', #7458, .T. ) ;
#449 = AXIS2_PLACEMENT_3D ( 'NONE', #5929, #1672, #10259 ) ;
#450 = VERTEX_POINT ( 'NONE', #1447 ) ;
#451 = ORIENTED_EDGE ( 'NONE', *, *, #2648, .T. ) ;
#452 = DIRECTION ( 'NONE',  ( -0.000000000000000000, 1.000000000000000000, 0.000000000000000000 ) ) ;
#453 = STYLED_ITEM ( 'NONE', ( #4406 ), #1557 ) ;
#454 = LINE ( 'NONE', #2228, #4522 ) ;
#455 = ORIENTED_EDGE ( 'NONE', *, *, #1966, .T. ) ;
#456 = VECTOR ( 'NONE', #3427, 1000.000000000000000 ) ;
#457 = LINE ( 'NONE', #2992, #3898 ) ;
#458 = CARTESIAN_POINT ( 'NONE',  ( -0.2952229299363051118, -0.6000000000000000888, 0.5300000000000001377 ) ) ;
#459 = AXIS2_PLACEMENT_3D ( 'NONE', #2570, #25, #5992 ) ;
#460 = LINE ( 'NONE', #2120, #6512 ) ;
#461 = CARTESIAN_POINT ( 'NONE',  ( -0.5350000000000000311, 1.239999999999999991, 0.01000000000000000021 ) ) ;
#462 = LINE ( 'NONE', #1290, #4163 ) ;
#463 = ORIENTED_EDGE ( 'NONE', *, *, #8162, .F. ) ;
#464 = CARTESIAN_POINT ( 'NONE',  ( 0.2400000000000000189, -1.600000000000000089, 0.5300000000000001377 ) ) ;
#465 = EDGE_LOOP ( 'NONE', ( #3349, #3990, #6025, #4042 ) ) ;
#466 = VECTOR ( 'NONE', #8574, 1000.000000000000000 ) ;
#467 = DIRECTION ( 'NONE',  ( -0.000000000000000000, -0.000000000000000000, 1.000000000000000000 ) ) ;
#468 = PRESENTATION_LAYER_ASSIGNMENT (  '', '', ( #9838 ) ) ;
#469 = DIRECTION ( 'NONE',  ( 0.000000000000000000, -1.000000000000000000, 0.000000000000000000 ) ) ;
#470 = AXIS2_PLACEMENT_3D ( 'NONE', #10427, #6435, #8771 ) ;
#471 = EDGE_LOOP ( 'NONE', ( #4152, #2331, #9631, #2882 ) ) ;
#472 = DIRECTION ( 'NONE',  ( 1.000000000000000000, 0.000000000000000000, 0.000000000000000000 ) ) ;
#473 = DIRECTION ( 'NONE',  ( 0.000000000000000000, 0.000000000000000000, 1.000000000000000000 ) ) ;
#474 = DIRECTION ( 'NONE',  ( 0.000000000000000000, 0.000000000000000000, 1.000000000000000000 ) ) ;
#475 = CARTESIAN_POINT ( 'NONE',  ( -1.761828530288950030E-15, 3.388131789017199877E-16, 0.5200000000000000178 ) ) ;
#476 = LINE ( 'NONE', #10614, #5888 ) ;
#477 = ORIENTED_EDGE ( 'NONE', *, *, #671, .T. ) ;
#478 = ORIENTED_EDGE ( 'NONE', *, *, #6462, .F. ) ;
#479 = EDGE_CURVE ( 'NONE', #5398, #5078, #6082, .T. ) ;
#480 = VERTEX_POINT ( 'NONE', #7700 ) ;
#481 = DIRECTION ( 'NONE',  ( 0.000000000000000000, 0.000000000000000000, 1.000000000000000000 ) ) ;
#482 = EDGE_CURVE ( 'NONE', #6937, #10252, #10210, .T. ) ;
#483 = ORIENTED_EDGE ( 'NONE', *, *, #6790, .F. ) ;
#484 =( REPRESENTATION_RELATIONSHIP ('NONE','NONE', #9248, #251 ) REPRESENTATION_RELATIONSHIP_WITH_TRANSFORMATION ( #4945 )SHAPE_REPRESENTATION_RELATIONSHIP( ) );
#485 = EDGE_CURVE ( 'NONE', #3672, #4837, #7545, .T. ) ;
#486 = AXIS2_PLACEMENT_3D ( 'NONE', #3309, #9193, #8194 ) ;
#487 = CARTESIAN_POINT ( 'NONE',  ( 0.1499999999999999944, -0.9000000000000001332, 0.01000000000000000021 ) ) ;
#488 = CARTESIAN_POINT ( 'NONE',  ( 0.5350000000000000311, -1.600000000000000089, 0.5200000000000000178 ) ) ;
#489 = ORIENTED_EDGE ( 'NONE', *, *, #8286, .T. ) ;
#490 = DIRECTION ( 'NONE',  ( -0.000000000000000000, 0.000000000000000000, -1.000000000000000000 ) ) ;
#491 = VERTEX_POINT ( 'NONE', #63 ) ;
#492 = ORIENTED_EDGE ( 'NONE', *, *, #7595, .F. ) ;
#493 = DIRECTION ( 'NONE',  ( 1.000000000000000000, 0.000000000000000000, -0.000000000000000000 ) ) ;
#494 = VECTOR ( 'NONE', #4635, 1000.000000000000000 ) ;
#495 = DIRECTION ( 'NONE',  ( 0.000000000000000000, 0.000000000000000000, -1.000000000000000000 ) ) ;
#496 = CARTESIAN_POINT ( 'NONE',  ( 0.000000000000000000, -0.5999999999999999778, 0.5200000000000000178 ) ) ;
#497 = VERTEX_POINT ( 'NONE', #2499 ) ;
#498 = DIRECTION ( 'NONE',  ( 1.000000000000000000, 8.260587980841929905E-16, -0.000000000000000000 ) ) ;
#499 = CARTESIAN_POINT ( 'NONE',  ( 0.3925934069883830202, 0.9000000000000001332, 0.000000000000000000 ) ) ;
#500 = DIRECTION ( 'NONE',  ( 1.039645595939859972E-15, 1.000000000000000000, 0.000000000000000000 ) ) ;
#501 = LINE ( 'NONE', #1326, #6789 ) ;
#502 = ORIENTED_EDGE ( 'NONE', *, *, #6151, .T. ) ;
#503 = CARTESIAN_POINT ( 'NONE',  ( 0.2999999999999999889, 1.489999999999999991, 0.5300000000000001377 ) ) ;
#504 = ORIENTED_EDGE ( 'NONE', *, *, #5070, .T. ) ;
#505 = ORIENTED_EDGE ( 'NONE', *, *, #1821, .F. ) ;
#506 = CARTESIAN_POINT ( 'NONE',  ( 0.5999999999999999778, -1.239999999999999769, 0.000000000000000000 ) ) ;
#507 = DIRECTION ( 'NONE',  ( -0.000000000000000000, 1.000000000000000000, 0.000000000000000000 ) ) ;
#508 = CARTESIAN_POINT ( 'NONE',  ( 0.1318411998642919913, 0.1718411998642919991, 0.5300000000000001377 ) ) ;
#509 = ORIENTED_EDGE ( 'NONE', *, *, #10946, .T. ) ;
#510 = VECTOR ( 'NONE', #6673, 1000.000000000000000 ) ;
#511 = PLANE ( 'NONE',  #10445 ) ;
#512 = LINE ( 'NONE', #6488, #7133 ) ;
#513 = DIRECTION ( 'NONE',  ( 0.000000000000000000, 0.000000000000000000, 1.000000000000000000 ) ) ;
#514 = CARTESIAN_POINT ( 'NONE',  ( 0.5999999999999999778, 0.6999999999999999556, 0.005000000000000000104 ) ) ;
#515 = LINE ( 'NONE', #9933, #89 ) ;
#516 = ORIENTED_EDGE ( 'NONE', *, *, #7802, .F. ) ;
#517 = VECTOR ( 'NONE', #9361, 1000.000000000000000 ) ;
#518 = FACE_OUTER_BOUND ( 'NONE', #10643, .T. ) ;
#519 = ORIENTED_EDGE ( 'NONE', *, *, #5, .F. ) ;
#520 = CARTESIAN_POINT ( 'NONE',  ( -0.5350000000000000311, -0.6971625444288769291, 0.5200000000000000178 ) ) ;
#521 = DIRECTION ( 'NONE',  ( -0.03487826274237452312, -0.03487826274237306595, 0.9987827659587182882 ) ) ;
#522 = VERTEX_POINT ( 'NONE', #6709 ) ;
#523 = CARTESIAN_POINT ( 'NONE',  ( -0.5961306949927850374, 1.600000000000000089, 0.000000000000000000 ) ) ;
#524 = LINE ( 'NONE', #1242, #977 ) ;
#525 = ORIENTED_EDGE ( 'NONE', *, *, #772, .T. ) ;
#526 = LINE ( 'NONE', #9676, #9906 ) ;
#527 = VECTOR ( 'NONE', #6409, 1000.000000000000000 ) ;
#528 = VERTEX_POINT ( 'NONE', #10094 ) ;
#529 = AXIS2_PLACEMENT_3D ( 'NONE', #1571, #10111, #5727 ) ;
#530 = CARTESIAN_POINT ( 'NONE',  ( -0.07500000000000003886, 1.098486643203810065, 0.5200000000000000178 ) ) ;
#531 =( LENGTH_UNIT ( ) NAMED_UNIT ( * ) SI_UNIT ( .MILLI., .METRE. ) );
#532 = ORIENTED_EDGE ( 'NONE', *, *, #8601, .T. ) ;
#533 = CARTESIAN_POINT ( 'NONE',  ( -0.5350000000000000311, 1.239999999999999991, 0.8000000000000000444 ) ) ;
#534 = SURFACE_SIDE_STYLE ('',( #2371 ) ) ;
#535 = VERTEX_POINT ( 'NONE', #2606 ) ;
#536 = EDGE_LOOP ( 'NONE', ( #6071, #6128, #4588, #8127, #1912, #6797, #1372, #9002, #8701, #4421, #7129 ) ) ;
#537 = COLOUR_RGB ( '',0.3921568627450980338, 0.5999999999999999778, 0.3921568627450980338 ) ;
#538 = CARTESIAN_POINT ( 'NONE',  ( -0.1499999999999999667, -0.6971625444288770401, 0.5300000000000001377 ) ) ;
#539 = EDGE_CURVE ( 'NONE', #7874, #3872, #8534, .T. ) ;
#540 = CARTESIAN_POINT ( 'NONE',  ( -0.1499999999999999667, 1.500000000000000222, 0.7900000000000000355 ) ) ;
#541 = AXIS2_PLACEMENT_3D ( 'NONE', #7087, #10690, #2045 ) ;
#542 = ORIENTED_EDGE ( 'NONE', *, *, #10428, .T. ) ;
#543 = CARTESIAN_POINT ( 'NONE',  ( 0.2952229299363050563, -0.6400000000000000133, 0.5300000000000001377 ) ) ;
#544 = CARTESIAN_POINT ( 'NONE',  ( -0.1300000000000000044, 0.1700000000000000122, 0.005000000000000000104 ) ) ;
#545 = SURFACE_STYLE_FILL_AREA ( #3036 ) ;
#546 = CARTESIAN_POINT ( 'NONE',  ( 0.5350000000000000311, 1.239999999999999991, 0.7900000000000000355 ) ) ;
#547 = EDGE_LOOP ( 'NONE', ( #3546, #2907, #2320, #10362 ) ) ;
#548 = EDGE_CURVE ( 'NONE', #3359, #3372, #2547, .T. ) ;
#549 = ORIENTED_EDGE ( 'NONE', *, *, #2397, .F. ) ;
#550 = EDGE_LOOP ( 'NONE', ( #8055, #10879, #3184, #2906 ) ) ;
#551 = AXIS2_PLACEMENT_3D ( 'NONE', #5274, #250, #5331 ) ;
#552 = EDGE_CURVE ( 'NONE', #3334, #10198, #885, .T. ) ;
#553 = CARTESIAN_POINT ( 'NONE',  ( 0.5999999999999999778, -1.403900576581448956, 0.01000000000000000021 ) ) ;
#554 = VECTOR ( 'NONE', #10436, 1000.000000000000000 ) ;
#555 = DIRECTION ( 'NONE',  ( 0.000000000000000000, -0.000000000000000000, -1.000000000000000000 ) ) ;
#556 = EDGE_LOOP ( 'NONE', ( #4332, #208, #90, #9814 ) ) ;
#557 = DIRECTION ( 'NONE',  ( 1.000000000000000000, -0.000000000000000000, 0.000000000000000000 ) ) ;
#558 = VECTOR ( 'NONE', #6881, 1000.000000000000000 ) ;
#559 = SURFACE_STYLE_USAGE ( .BOTH. , #3268 ) ;
#560 = CARTESIAN_POINT ( 'NONE',  ( 0.5350000000000000311, -0.6400000000000000133, 0.000000000000000000 ) ) ;
#561 = LINE ( 'NONE', #2291, #3758 ) ;
#562 = LINE ( 'NONE', #1288, #2579 ) ;
#564 = VECTOR ( 'NONE', #1430, 1000.000000000000227 ) ;
#563 = DIRECTION ( 'NONE',  ( 0.000000000000000000, 1.000000000000000000, 0.000000000000000000 ) ) ;
#565 = CARTESIAN_POINT ( 'NONE',  ( -0.5350000000000000311, -1.239999999999999991, 0.7900000000000000355 ) ) ;
#566 = ORIENTED_EDGE ( 'NONE', *, *, #8197, .T. ) ;
#567 = LINE ( 'NONE', #3951, #114 ) ;
#568 = ORIENTED_EDGE ( 'NONE', *, *, #10434, .F. ) ;
#569 = VECTOR ( 'NONE', #6352, 1000.000000000000000 ) ;
#570 = SURFACE_STYLE_FILL_AREA ( #8881 ) ;
#571 = ORIENTED_EDGE ( 'NONE', *, *, #3207, .T. ) ;
#572 =( GEOMETRIC_REPRESENTATION_CONTEXT ( 3 ) GLOBAL_UNCERTAINTY_ASSIGNED_CONTEXT ( ( #3525 ) ) GLOBAL_UNIT_ASSIGNED_CONTEXT ( ( #1880, #6814, #6865 ) ) REPRESENTATION_CONTEXT ( 'NONE', 'WORKASPACE' ) );
#573 = EDGE_CURVE ( 'NONE', #2012, #5392, #9267, .T. ) ;
#574 = ADVANCED_FACE ( 'NONE', ( #1719 ), #1669, .T. ) ;
#575 = AXIS2_PLACEMENT_3D ( 'NONE', #5164, #7609, #5944 ) ;
#576 = EDGE_CURVE ( 'NONE', #4155, #7127, #6925, .T. ) ;
#577 = ORIENTED_EDGE ( 'NONE', *, *, #604, .T. ) ;
#578 = PLANE ( 'NONE',  #8674 ) ;
#579 = CARTESIAN_POINT ( 'NONE',  ( -0.5350000000000000311, 1.239999999999999991, 0.5200000000000000178 ) ) ;
#580 = VECTOR ( 'NONE', #1167, 1000.000000000000000 ) ;
#581 = VECTOR ( 'NONE', #2845, 1000.000000000000000 ) ;
#582 = CARTESIAN_POINT ( 'NONE',  ( -0.2399999999999999911, 1.599999999999999867, 0.7900000000000000355 ) ) ;
#583 =( NAMED_UNIT ( * ) PLANE_ANGLE_UNIT ( ) SI_UNIT ( $, .RADIAN. ) );
#584 = DIRECTION ( 'NONE',  ( -1.000000000000000000, 1.807003620809169948E-16, -0.000000000000000000 ) ) ;
#585 = VECTOR ( 'NONE', #8481, 1000.000000000000000 ) ;
#586 = DIRECTION ( 'NONE',  ( -1.000000000000000000, -0.000000000000000000, -0.000000000000000000 ) ) ;
#587 = VECTOR ( 'NONE', #7061, 1000.000000000000000 ) ;
#588 = EDGE_LOOP ( 'NONE', ( #9036, #4574, #3617, #9076 ) ) ;
#589 = VECTOR ( 'NONE', #603, 1000.000000000000000 ) ;
#590 = LINE ( 'NONE', #2145, #5162 ) ;
#591 = ORIENTED_EDGE ( 'NONE', *, *, #4628, .F. ) ;
#592 = DIRECTION ( 'NONE',  ( 0.000000000000000000, 1.000000000000000000, 0.000000000000000000 ) ) ;
#593 = ORIENTED_EDGE ( 'NONE', *, *, #6917, .F. ) ;
#594 = EDGE_LOOP ( 'NONE', ( #392, #7962, #10167, #6543 ) ) ;
#595 = LINE ( 'NONE', #10744, #6916 ) ;
#596 = CARTESIAN_POINT ( 'NONE',  ( -0.07499999999999998335, 1.098486643203810065, 0.5300000000000001377 ) ) ;
#597 = DIRECTION ( 'NONE',  ( -0.000000000000000000, -0.000000000000000000, -1.000000000000000000 ) ) ;
#598 = ORIENTED_EDGE ( 'NONE', *, *, #1251, .F. ) ;
#599 = COLOUR_RGB ( '',0.3921568627450980338, 0.5999999999999999778, 0.3921568627450980338 ) ;
#600 = CARTESIAN_POINT ( 'NONE',  ( -0.5999999999999999778, -1.489999999999999991, 0.5200000000000000178 ) ) ;
#601 = DIRECTION ( 'NONE',  ( 1.000000000000000000, 9.293161478447170157E-16, 0.000000000000000000 ) ) ;
#602 = DIRECTION ( 'NONE',  ( 1.000000000000000000, -0.000000000000000000, 0.000000000000000000 ) ) ;
#603 = DIRECTION ( 'NONE',  ( -0.000000000000000000, -0.000000000000000000, -1.000000000000000000 ) ) ;
#604 = EDGE_CURVE ( 'NONE', #5956, #353, #4826, .T. ) ;
#605 = ORIENTED_EDGE ( 'NONE', *, *, #10501, .F. ) ;
#606 = EDGE_LOOP ( 'NONE', ( #681, #6123, #9732, #6492 ) ) ;
#607 = ORIENTED_EDGE ( 'NONE', *, *, #8287, .F. ) ;
#608 = AXIS2_PLACEMENT_3D ( 'NONE', #3140, #10789, #4571 ) ;
#609 = LINE ( 'NONE', #3991, #6397 ) ;
#610 = CARTESIAN_POINT ( 'NONE',  ( -0.5999999999999999778, -1.600000000000000089, 0.000000000000000000 ) ) ;
#611 = ADVANCED_FACE ( 'NONE', ( #944 ), #1000, .T. ) ;
#612 = FILL_AREA_STYLE ('',( #8206 ) ) ;
#613 = VERTEX_POINT ( 'NONE', #4327 ) ;
#614 = EDGE_CURVE ( 'NONE', #9464, #8101, #7, .T. ) ;
#615 = CARTESIAN_POINT ( 'NONE',  ( -0.5999999999999999778, 0.9000000000000000222, 0.8000000000000000444 ) ) ;
#616 = VECTOR ( 'NONE', #9429, 1000.000000000000000 ) ;
#617 = DIRECTION ( 'NONE',  ( 0.000000000000000000, -0.000000000000000000, -1.000000000000000000 ) ) ;
#618 = ADVANCED_FACE ( 'NONE', ( #5254 ), #5040, .F. ) ;
#619 = CARTESIAN_POINT ( 'NONE',  ( 0.5350000000000000311, -1.239999999999999991, 0.7900000000000000355 ) ) ;
#620 = CARTESIAN_POINT ( 'NONE',  ( 0.5999999999999998668, -1.239999999999999991, 0.5200000000000000178 ) ) ;
#621 = PLANE ( 'NONE',  #9644 ) ;
#622 = ORIENTED_EDGE ( 'NONE', *, *, #1970, .F. ) ;
#623 = CARTESIAN_POINT ( 'NONE',  ( -0.5999999999999999778, -1.600000000000000089, 0.000000000000000000 ) ) ;
#624 = ORIENTED_EDGE ( 'NONE', *, *, #3253, .F. ) ;
#625 = CARTESIAN_POINT ( 'NONE',  ( -0.2999999999999978240, 1.489999999999998659, 0.5300000000000001377 ) ) ;
#626 = CARTESIAN_POINT ( 'NONE',  ( 0.2999999999999985456, -1.489999999999999103, 0.5200000000000000178 ) ) ;
#627 = VECTOR ( 'NONE', #157, 1000.000000000000000 ) ;
#628 = ORIENTED_EDGE ( 'NONE', *, *, #4131, .F. ) ;
#629 = VECTOR ( 'NONE', #4512, 1000.000000000000000 ) ;
#630 = VECTOR ( 'NONE', #4501, 1000.000000000000000 ) ;
#631 = ORIENTED_EDGE ( 'NONE', *, *, #5960, .T. ) ;
#632 = CARTESIAN_POINT ( 'NONE',  ( 0.3999999999999999667, -1.600000000000000089, 0.7900000000000000355 ) ) ;
#633 = COLOUR_RGB ( '',1.000000000000000000, 1.000000000000000000, 1.000000000000000000 ) ;
#634 =( LENGTH_UNIT ( ) NAMED_UNIT ( * ) SI_UNIT ( .MILLI., .METRE. ) );
#635 = ITEM_DEFINED_TRANSFORMATION ( 'NONE', 'NONE', #9465,  #2231 ) ;
#636 = DIRECTION ( 'NONE',  ( 1.000000000000000000, 0.000000000000000000, 0.000000000000000000 ) ) ;
#637 = CIRCLE ( 'NONE', #2934, 0.05000000000000002359 ) ;
#638 = EDGE_CURVE ( 'NONE', #10692, #9540, #5201, .T. ) ;
#639 = EDGE_CURVE ( 'NONE', #144, #6067, #4279, .T. ) ;
#640 = EDGE_CURVE ( 'NONE', #7840, #3359, #4221, .T. ) ;
#641 = CARTESIAN_POINT ( 'NONE',  ( -0.4000000000000000222, 0.02000000000000000042, 0.001000000000000000021 ) ) ;
#642 = VERTEX_POINT ( 'NONE', #5924 ) ;
#643 = CARTESIAN_POINT ( 'NONE',  ( 0.1499999999999999944, 1.499754031465950099, 0.01000000000000000021 ) ) ;
#644 = VERTEX_POINT ( 'NONE', #9324 ) ;
#645 = CARTESIAN_POINT ( 'NONE',  ( 0.5350000000000000311, -1.239999999999999991, 0.5300000000000001377 ) ) ;
#646 = CARTESIAN_POINT ( 'NONE',  ( -0.07499999999999998335, 1.100000000000000089, 0.001000000000000000021 ) ) ;
#647 = VERTEX_POINT ( 'NONE', #7650 ) ;
#648 = ORIENTED_EDGE ( 'NONE', *, *, #8393, .T. ) ;
#649 = PLANE ( 'NONE',  #4087 ) ;
#650 = PLANE ( 'NONE',  #10795 ) ;
#651 = ADVANCED_FACE ( 'NONE', ( #1943 ), #8646, .F. ) ;
#652 = CARTESIAN_POINT ( 'NONE',  ( 0.1499999999999999944, -1.489999999999999991, 0.000000000000000000 ) ) ;
#653 = CARTESIAN_POINT ( 'NONE',  ( -0.3999999999999999667, 1.600000000000000089, 0.5300000000000001377 ) ) ;
#654 = DIRECTION ( 'NONE',  ( -0.000000000000000000, 0.000000000000000000, -1.000000000000000000 ) ) ;
#655 = DIRECTION ( 'NONE',  ( 0.000000000000000000, 1.000000000000000000, 0.000000000000000000 ) ) ;
#656 = ORIENTED_EDGE ( 'NONE', *, *, #3033, .T. ) ;
#657 = SURFACE_STYLE_USAGE ( .BOTH. , #4762 ) ;
#658 = ORIENTED_EDGE ( 'NONE', *, *, #3416, .T. ) ;
#659 = ORIENTED_EDGE ( 'NONE', *, *, #2189, .F. ) ;
#660 = STYLED_ITEM ( 'NONE', ( #10196 ), #5054 ) ;
#661 = FACE_OUTER_BOUND ( 'NONE', #253, .T. ) ;
#662 = CARTESIAN_POINT ( 'NONE',  ( -0.2399563975748850164, -1.600000000000000089, 0.000000000000000000 ) ) ;
#663 = ORIENTED_EDGE ( 'NONE', *, *, #640, .T. ) ;
#664 = CARTESIAN_POINT ( 'NONE',  ( -0.1499999999999996336, -1.489999999999999991, 0.5300000000000001377 ) ) ;
#665 = DIRECTION ( 'NONE',  ( 0.000000000000000000, 0.000000000000000000, -1.000000000000000000 ) ) ;
#666 = DIRECTION ( 'NONE',  ( 1.000000000000000000, 0.000000000000000000, 0.000000000000000000 ) ) ;
#667 = LINE ( 'NONE', #7165, #9262 ) ;
#668 = FILL_AREA_STYLE_COLOUR ( '', #633 ) ;
#669 = DIRECTION ( 'NONE',  ( -0.000000000000000000, -1.000000000000000000, -0.000000000000000000 ) ) ;
#670 = PLANE ( 'NONE',  #10892 ) ;
#671 = EDGE_CURVE ( 'NONE', #1711, #2058, #3688, .T. ) ;
#672 = ORIENTED_EDGE ( 'NONE', *, *, #4617, .T. ) ;
#673 = DIRECTION ( 'NONE',  ( 1.000000000000000000, 0.000000000000000000, 0.000000000000000000 ) ) ;
#674 = EDGE_LOOP ( 'NONE', ( #10506, #2912, #7169, #5229 ) ) ;
#675 = PLANE ( 'NONE',  #1476 ) ;
#676 = EDGE_CURVE ( 'NONE', #4856, #1521, #2979, .T. ) ;
#677 = CARTESIAN_POINT ( 'NONE',  ( -0.3999931020004680038, -1.600000000000000089, 0.000000000000000000 ) ) ;
#678 = EDGE_CURVE ( 'NONE', #1872, #7900, #3810, .T. ) ;
#679 = AXIS2_PLACEMENT_3D ( 'NONE', #7450, #3396, #2465 ) ;
#680 = ORIENTED_EDGE ( 'NONE', *, *, #437, .T. ) ;
#681 = ORIENTED_EDGE ( 'NONE', *, *, #2637, .T. ) ;
#682 = FACE_OUTER_BOUND ( 'NONE', #3798, .T. ) ;
#683 = MECHANICAL_DESIGN_GEOMETRIC_PRESENTATION_REPRESENTATION (  '', ( #3814 ), #5276 ) ;
#684 = CARTESIAN_POINT ( 'NONE',  ( -0.5350000000000000311, 1.098486643203810065, 0.5300000000000001377 ) ) ;
#685 = FILL_AREA_STYLE ('',( #10000 ) ) ;
#686 = EDGE_CURVE ( 'NONE', #2259, #5569, #3590, .T. ) ;
#687 = FACE_OUTER_BOUND ( 'NONE', #4572, .T. ) ;
#688 = EDGE_CURVE ( 'NONE', #6688, #3909, #9639, .T. ) ;
#689 = EDGE_CURVE ( 'NONE', #914, #6267, #1215, .T. ) ;
#690 = LINE ( 'NONE', #10006, #6547 ) ;
#691 = ORIENTED_EDGE ( 'NONE', *, *, #10605, .T. ) ;
#692 = ORIENTED_EDGE ( 'NONE', *, *, #2, .F. ) ;
#693 = FACE_OUTER_BOUND ( 'NONE', #10443, .T. ) ;
#694 = ORIENTED_EDGE ( 'NONE', *, *, #10642, .T. ) ;
#695 = EDGE_CURVE ( 'NONE', #5678, #9209, #2875, .T. ) ;
#696 = ORIENTED_EDGE ( 'NONE', *, *, #4540, .F. ) ;
#697 = CARTESIAN_POINT ( 'NONE',  ( 0.1499999999999999667, 1.600000000000000089, 0.01000000000000000021 ) ) ;
#698 = VECTOR ( 'NONE', #1703, 1000.000000000000000 ) ;
#699 = FILL_AREA_STYLE_COLOUR ( '', #4299 ) ;
#700 = CARTESIAN_POINT ( 'NONE',  ( 0.5999999999999973133, 1.399999999999999911, 0.5300000000000001377 ) ) ;
#701 = EDGE_CURVE ( 'NONE', #8061, #4869, #9693, .T. ) ;
#702 = DIRECTION ( 'NONE',  ( 1.000000000000000000, 3.336006684570709935E-15, 0.000000000000000000 ) ) ;
#703 = DIRECTION ( 'NONE',  ( -0.000000000000000000, 0.000000000000000000, -1.000000000000000000 ) ) ;
#705 = ADVANCED_FACE ( 'NONE', ( #2051 ), #4482, .T. ) ;
#704 = DIRECTION ( 'NONE',  ( -1.000000000000000000, 0.000000000000000000, -0.000000000000000000 ) ) ;
#706 = CARTESIAN_POINT ( 'NONE',  ( 0.1300000000000000044, 0.1700000000000000122, 0.005000000000000000104 ) ) ;
#707 = EDGE_LOOP ( 'NONE', ( #4632, #7311, #1812, #1240 ) ) ;
#708 = VECTOR ( 'NONE', #5791, 1000.000000000000000 ) ;
#709 = LINE ( 'NONE', #10199, #2404 ) ;
#710 = VECTOR ( 'NONE', #6153, 1000.000000000000000 ) ;
#711 = ORIENTED_EDGE ( 'NONE', *, *, #3294, .T. ) ;
#712 = ORIENTED_EDGE ( 'NONE', *, *, #4653, .T. ) ;
#713 = LINE ( 'NONE', #9979, #7982 ) ;
#714 = DIRECTION ( 'NONE',  ( 0.000000000000000000, 0.000000000000000000, 1.000000000000000000 ) ) ;
#715 = VERTEX_POINT ( 'NONE', #7038 ) ;
#716 = SURFACE_STYLE_USAGE ( .BOTH. , #10035 ) ;
#717 = LINE ( 'NONE', #7330, #6428 ) ;
#718 = LINE ( 'NONE', #9156, #8086 ) ;
#719 = EDGE_CURVE ( 'NONE', #8651, #4918, #2161, .T. ) ;
#720 = PRESENTATION_STYLE_ASSIGNMENT (( #5822 ) ) ;
#721 = VECTOR ( 'NONE', #9993, 1000.000000000000000 ) ;
#722 = FACE_OUTER_BOUND ( 'NONE', #8099, .T. ) ;
#723 = VERTEX_POINT ( 'NONE', #5308 ) ;
#724 = DIRECTION ( 'NONE',  ( 0.000000000000000000, 0.000000000000000000, 1.000000000000000000 ) ) ;
#725 = ORIENTED_EDGE ( 'NONE', *, *, #6559, .F. ) ;
#726 =( GEOMETRIC_REPRESENTATION_CONTEXT ( 3 ) GLOBAL_UNCERTAINTY_ASSIGNED_CONTEXT ( ( #434 ) ) GLOBAL_UNIT_ASSIGNED_CONTEXT ( ( #1137, #4453, #252 ) ) REPRESENTATION_CONTEXT ( 'NONE', 'WORKASPACE' ) );
#727 = CARTESIAN_POINT ( 'NONE',  ( -0.5350000000000000311, -1.600000000000000089, 0.5300000000000001377 ) ) ;
#728 = FILL_AREA_STYLE ('',( #10105 ) ) ;
#729 =( GEOMETRIC_REPRESENTATION_CONTEXT ( 3 ) GLOBAL_UNCERTAINTY_ASSIGNED_CONTEXT ( ( #4423 ) ) GLOBAL_UNIT_ASSIGNED_CONTEXT ( ( #8140, #4717, #3937 ) ) REPRESENTATION_CONTEXT ( 'NONE', 'WORKASPACE' ) );
#730 = ORIENTED_EDGE ( 'NONE', *, *, #4936, .F. ) ;
#731 = AXIS2_PLACEMENT_3D ( 'NONE', #6087, #1654, #6521 ) ;
#732 = EDGE_CURVE ( 'NONE', #5244, #9401, #8696, .T. ) ;
#733 = ORIENTED_EDGE ( 'NONE', *, *, #739, .T. ) ;
#734 = DIRECTION ( 'NONE',  ( 0.000000000000000000, 1.000000000000000000, 0.000000000000000000 ) ) ;
#735 = CARTESIAN_POINT ( 'NONE',  ( 0.000000000000000000, 0.000000000000000000, 0.5300000000000001377 ) ) ;
#736 = CARTESIAN_POINT ( 'NONE',  ( -0.5961306949927850374, 1.600000000000000089, 0.01000000000000000021 ) ) ;
#737 = FILL_AREA_STYLE_COLOUR ( '', #2924 ) ;
#738 = SURFACE_STYLE_FILL_AREA ( #8329 ) ;
#739 = EDGE_CURVE ( 'NONE', #5207, #7955, #10409, .T. ) ;
#740 = AXIS2_PLACEMENT_3D ( 'NONE', #4586, #5530, #495 ) ;
#741 = APPLICATION_PROTOCOL_DEFINITION ( 'draft international standard', 'automotive_design', 1998, #185 ) ;
#742 = FACE_OUTER_BOUND ( 'NONE', #2991, .T. ) ;
#743 = PRESENTATION_LAYER_ASSIGNMENT (  '', '', ( #3043 ) ) ;
#744 = CIRCLE ( 'NONE', #1640, 0.05000000000000002359 ) ;
#745 =( NAMED_UNIT ( * ) PLANE_ANGLE_UNIT ( ) SI_UNIT ( $, .RADIAN. ) );
#746 = ORIENTED_EDGE ( 'NONE', *, *, #4320, .F. ) ;
#747 = AXIS2_PLACEMENT_3D ( 'NONE', #8773, #248, #7889 ) ;
#748 = ADVANCED_FACE ( 'NONE', ( #1998 ), #5589, .T. ) ;
#749 = CARTESIAN_POINT ( 'NONE',  ( -0.5999999999999999778, 0.6000000000000000888, 0.5200000000000000178 ) ) ;
#750 = APPLICATION_CONTEXT ( 'automotive_design' ) ;
#751 = ORIENTED_EDGE ( 'NONE', *, *, #1439, .T. ) ;
#752 = CARTESIAN_POINT ( 'NONE',  ( 0.5999999999999994227, 0.7500000000000000000, 0.7900000000000000355 ) ) ;
#753 = ORIENTED_EDGE ( 'NONE', *, *, #3707, .T. ) ;
#754 = VERTEX_POINT ( 'NONE', #499 ) ;
#755 = DIRECTION ( 'NONE',  ( 0.000000000000000000, 0.000000000000000000, -1.000000000000000000 ) ) ;
#756 = VECTOR ( 'NONE', #6990, 1000.000000000000000 ) ;
#757 = DIRECTION ( 'NONE',  ( 0.000000000000000000, 0.000000000000000000, -1.000000000000000000 ) ) ;
#758 = DIRECTION ( 'NONE',  ( -0.000000000000000000, -1.000000000000000000, 0.000000000000000000 ) ) ;
#759 = VECTOR ( 'NONE', #6207, 1000.000000000000000 ) ;
#760 = EDGE_CURVE ( 'NONE', #5954, #5569, #10639, .T. ) ;
#761 = EDGE_CURVE ( 'NONE', #3872, #231, #2380, .T. ) ;
#762 = CARTESIAN_POINT ( 'NONE',  ( 0.3002762822146829436, 1.499754031465950099, 0.01000000000000000021 ) ) ;
#763 = VERTEX_POINT ( 'NONE', #7420 ) ;
#764 = DIRECTION ( 'NONE',  ( -0.000000000000000000, -0.000000000000000000, -1.000000000000000000 ) ) ;
#765 = DIRECTION ( 'NONE',  ( 1.000000000000000000, -0.000000000000000000, 0.000000000000000000 ) ) ;
#766 = DIRECTION ( 'NONE',  ( 0.000000000000000000, 0.000000000000000000, -1.000000000000000000 ) ) ;
#767 = VERTEX_POINT ( 'NONE', #653 ) ;
#768 = PLANE ( 'NONE',  #1517 ) ;
#769 = VERTEX_POINT ( 'NONE', #6579 ) ;
#770 = VERTEX_POINT ( 'NONE', #1490 ) ;
#771 = VECTOR ( 'NONE', #4265, 1000.000000000000000 ) ;
#772 = EDGE_CURVE ( 'NONE', #2140, #5825, #4862, .T. ) ;
#773 = VECTOR ( 'NONE', #4050, 1000.000000000000000 ) ;
#774 = SURFACE_SIDE_STYLE ('',( #9149 ) ) ;
#775 = EDGE_CURVE ( 'NONE', #4537, #2684, #9857, .T. ) ;
#776 = PRESENTATION_STYLE_ASSIGNMENT (( #10758 ) ) ;
#777 = VERTEX_POINT ( 'NONE', #8129 ) ;
#778 = EDGE_CURVE ( 'NONE', #4934, #960, #10858, .T. ) ;
#779 = DIRECTION ( 'NONE',  ( 1.000000000000000000, 0.000000000000000000, 0.000000000000000000 ) ) ;
#780 = DIRECTION ( 'NONE',  ( 1.000000000000000000, 0.000000000000000000, -0.000000000000000000 ) ) ;
#781 = LINE ( 'NONE', #4927, #1424 ) ;
#782 = LINE ( 'NONE', #4164, #2013 ) ;
#783 = SURFACE_STYLE_FILL_AREA ( #4054 ) ;
#784 = CARTESIAN_POINT ( 'NONE',  ( 0.1499999999999999944, -1.499754031465950099, 0.01000000000000000021 ) ) ;
#785 = ORIENTED_EDGE ( 'NONE', *, *, #8286, .F. ) ;
#786 = CARTESIAN_POINT ( 'NONE',  ( -0.6000000000000000888, 1.100000000000000089, 0.001000000000000000021 ) ) ;
#787 = VERTEX_POINT ( 'NONE', #9804 ) ;
#788 = CARTESIAN_POINT ( 'NONE',  ( 0.5999999999999999778, -1.600000000000000089, 0.7900000000000000355 ) ) ;
#789 = CARTESIAN_POINT ( 'NONE',  ( -0.5999999999999999778, 1.239999999999999991, 0.000000000000000000 ) ) ;
#790 = ORIENTED_EDGE ( 'NONE', *, *, #9685, .F. ) ;
#791 = ORIENTED_EDGE ( 'NONE', *, *, #5755, .T. ) ;
#792 = PLANE ( 'NONE',  #1773 ) ;
#793 = PLANE ( 'NONE',  #9046 ) ;
#794 = CARTESIAN_POINT ( 'NONE',  ( -0.1499999999999999944, -0.9000000000000001332, 0.01000000000000000021 ) ) ;
#795 = DIRECTION ( 'NONE',  ( 1.000000000000000000, -0.000000000000000000, 0.000000000000000000 ) ) ;
#796 = CARTESIAN_POINT ( 'NONE',  ( 0.5961306949927850374, -1.600000000000000089, 0.000000000000000000 ) ) ;
#797 = CARTESIAN_POINT ( 'NONE',  ( -0.2999999999999999889, -1.500000000000000000, 0.7900000000000000355 ) ) ;
#798 = VECTOR ( 'NONE', #7653, 1000.000000000000000 ) ;
#799 = CARTESIAN_POINT ( 'NONE',  ( 0.2999999999999999889, -1.500000000000000000, 0.7900000000000000355 ) ) ;
#800 =( GEOMETRIC_REPRESENTATION_CONTEXT ( 3 ) GLOBAL_UNCERTAINTY_ASSIGNED_CONTEXT ( ( #2096 ) ) GLOBAL_UNIT_ASSIGNED_CONTEXT ( ( #5231, #9886, #2132 ) ) REPRESENTATION_CONTEXT ( 'NONE', 'WORKASPACE' ) );
#801 = VECTOR ( 'NONE', #8932, 1000.000000000000000 ) ;
#802 = LINE ( 'NONE', #7295, #708 ) ;
#803 = ORIENTED_EDGE ( 'NONE', *, *, #2360, .T. ) ;
#804 = COLOUR_RGB ( '',0.5058823529411764497, 0.5294117647058823595, 0.5490196078431373028 ) ;
#805 =( GEOMETRIC_REPRESENTATION_CONTEXT ( 3 ) GLOBAL_UNCERTAINTY_ASSIGNED_CONTEXT ( ( #5971 ) ) GLOBAL_UNIT_ASSIGNED_CONTEXT ( ( #1509, #3221, #2395 ) ) REPRESENTATION_CONTEXT ( 'NONE', 'WORKASPACE' ) );
#806 = CARTESIAN_POINT ( 'NONE',  ( 0.2952229299363051118, -0.6000000000000000888, 0.5200000000000000178 ) ) ;
#807 = ORIENTED_EDGE ( 'NONE', *, *, #6902, .F. ) ;
#808 = MECHANICAL_DESIGN_GEOMETRIC_PRESENTATION_REPRESENTATION (  '', ( #10204 ), #8954 ) ;
#809 =( NAMED_UNIT ( * ) SI_UNIT ( $, .STERADIAN. ) SOLID_ANGLE_UNIT ( ) );
#810 = ADVANCED_FACE ( 'NONE', ( #10800 ), #8248, .F. ) ;
#811 = DIRECTION ( 'NONE',  ( -1.000000000000000000, -0.000000000000000000, 0.000000000000000000 ) ) ;
#812 = PLANE ( 'NONE',  #1889 ) ;
#813 = ORIENTED_EDGE ( 'NONE', *, *, #7473, .T. ) ;
#814 = ORIENTED_EDGE ( 'NONE', *, *, #5430, .F. ) ;
#815 = EDGE_CURVE ( 'NONE', #1748, #2933, #5638, .T. ) ;
#816 = EDGE_CURVE ( 'NONE', #5808, #8160, #2218, .T. ) ;
#817 = DIRECTION ( 'NONE',  ( 0.000000000000000000, 0.000000000000000000, -1.000000000000000000 ) ) ;
#818 = VECTOR ( 'NONE', #4031, 1000.000000000000000 ) ;
#819 = CARTESIAN_POINT ( 'NONE',  ( -0.5350000000000000311, -1.239999999999999991, 0.01000000000000000021 ) ) ;
#820 = ORIENTED_EDGE ( 'NONE', *, *, #8067, .T. ) ;
#821 = CARTESIAN_POINT ( 'NONE',  ( 0.000000000000000000, 1.100000000000000089, 0.001000000000000000021 ) ) ;
#822 = CARTESIAN_POINT ( 'NONE',  ( 0.5999999999999999778, -1.600000000000000089, 0.01000000000000000021 ) ) ;
#823 = CARTESIAN_POINT ( 'NONE',  ( 0.3925934069883830202, 0.7500000000000000000, 0.01000000000000000021 ) ) ;
#824 = ORIENTED_EDGE ( 'NONE', *, *, #8067, .F. ) ;
#825 = LINE ( 'NONE', #9974, #7364 ) ;
#826 = ORIENTED_EDGE ( 'NONE', *, *, #2603, .F. ) ;
#827 = ORIENTED_EDGE ( 'NONE', *, *, #2830, .T. ) ;
#828 = VECTOR ( 'NONE', #9461, 1000.000000000000000 ) ;
#829 = SURFACE_STYLE_USAGE ( .BOTH. , #774 ) ;
#830 = DIRECTION ( 'NONE',  ( -1.807003620809169948E-16, -1.000000000000000000, 0.000000000000000000 ) ) ;
#831 = DIRECTION ( 'NONE',  ( -1.000000000000000000, -1.445602896647379937E-15, 0.000000000000000000 ) ) ;
#832 = EDGE_LOOP ( 'NONE', ( #3863, #8305, #6699, #8460 ) ) ;
#833 =( LENGTH_UNIT ( ) NAMED_UNIT ( * ) SI_UNIT ( .MILLI., .METRE. ) );
#834 = CARTESIAN_POINT ( 'NONE',  ( 0.2952229299363060000, -0.6400000000000000133, 0.01000000000000000021 ) ) ;
#835 = DIRECTION ( 'NONE',  ( 1.000000000000000000, 0.000000000000000000, -0.000000000000000000 ) ) ;
#836 = PLANE ( 'NONE',  #4841 ) ;
#837 = LINE ( 'NONE', #1041, #1525 ) ;
#838 = COLOUR_RGB ( '',1.000000000000000000, 1.000000000000000000, 1.000000000000000000 ) ;
#839 = DIRECTION ( 'NONE',  ( -0.000000000000000000, 0.000000000000000000, 1.000000000000000000 ) ) ;
#840 = ORIENTED_EDGE ( 'NONE', *, *, #7803, .F. ) ;
#841 = DIRECTION ( 'NONE',  ( -1.000000000000000000, 1.199963341943609962E-15, 0.000000000000000000 ) ) ;
#842 = ORIENTED_EDGE ( 'NONE', *, *, #9337, .T. ) ;
#843 = DIRECTION ( 'NONE',  ( 0.000000000000000000, -1.000000000000000000, -0.000000000000000000 ) ) ;
#844 = CARTESIAN_POINT ( 'NONE',  ( 0.5999999999999993117, -0.6971625444288770401, 0.5200000000000000178 ) ) ;
#845 = ORIENTED_EDGE ( 'NONE', *, *, #1246, .F. ) ;
#846 = VECTOR ( 'NONE', #6748, 1000.000000000000000 ) ;
#847 = VERTEX_POINT ( 'NONE', #6636 ) ;
#848 = CARTESIAN_POINT ( 'NONE',  ( -0.1499999999999999667, 0.6400000000000000133, 0.000000000000000000 ) ) ;
#849 = PLANE ( 'NONE',  #4127 ) ;
#850 = LINE ( 'NONE', #3452, #3667 ) ;
#851 = LINE ( 'NONE', #79, #8235 ) ;
#852 = CARTESIAN_POINT ( 'NONE',  ( -0.5999999999999999778, -1.243863872159709949, 0.01000000000000000021 ) ) ;
#853 = LINE ( 'NONE', #8331, #8595 ) ;
#854 = CONTEXT_DEPENDENT_SHAPE_REPRESENTATION ( #10318, #6737 ) ;
#855 = CARTESIAN_POINT ( 'NONE',  ( -0.5961306949927850374, -1.600000000000000089, 0.01000000000000000021 ) ) ;
#856 = AXIS2_PLACEMENT_3D ( 'NONE', #10728, #1684, #2414 ) ;
#857 = DIRECTION ( 'NONE',  ( -0.000000000000000000, -1.000000000000000000, 0.000000000000000000 ) ) ;
#858 = EDGE_LOOP ( 'NONE', ( #8056, #2472, #10829, #9055 ) ) ;
#859 = DIRECTION ( 'NONE',  ( 1.000000000000000000, -0.000000000000000000, 0.000000000000000000 ) ) ;
#860 = VERTEX_POINT ( 'NONE', #9029 ) ;
#861 =( NAMED_UNIT ( * ) SI_UNIT ( $, .STERADIAN. ) SOLID_ANGLE_UNIT ( ) );
#862 = DIRECTION ( 'NONE',  ( 0.000000000000000000, 0.000000000000000000, -1.000000000000000000 ) ) ;
#863 = LINE ( 'NONE', #5909, #5948 ) ;
#864 = ORIENTED_EDGE ( 'NONE', *, *, #2874, .T. ) ;
#865 = ORIENTED_EDGE ( 'NONE', *, *, #6456, .T. ) ;
#866 = VECTOR ( 'NONE', #4380, 1000.000000000000000 ) ;
#867 = FILL_AREA_STYLE_COLOUR ( '', #8489 ) ;
#868 = VERTEX_POINT ( 'NONE', #4915 ) ;
#869 = EDGE_CURVE ( 'NONE', #4806, #2703, #2327, .T. ) ;
#870 = DIRECTION ( 'NONE',  ( -0.000000000000000000, -0.000000000000000000, -1.000000000000000000 ) ) ;
#871 = LINE ( 'NONE', #6807, #317 ) ;
#872 = DIRECTION ( 'NONE',  ( 0.000000000000000000, 0.000000000000000000, 1.000000000000000000 ) ) ;
#873 = ORIENTED_EDGE ( 'NONE', *, *, #2830, .F. ) ;
#874 = DIRECTION ( 'NONE',  ( -0.000000000000000000, 0.000000000000000000, 1.000000000000000000 ) ) ;
#875 = ADVANCED_FACE ( 'NONE', ( #10024 ), #1431, .T. ) ;
#876 = LINE ( 'NONE', #4269, #9982 ) ;
#877 = ORIENTED_EDGE ( 'NONE', *, *, #304, .F. ) ;
#878 = VECTOR ( 'NONE', #8008, 1000.000000000000000 ) ;
#879 = UNCERTAINTY_MEASURE_WITH_UNIT (LENGTH_MEASURE( 1.000000000000000082E-05 ), #7380, 'distance_accuracy_value', 'NONE');
#880 = CARTESIAN_POINT ( 'NONE',  ( -0.1218411998642919963, 0.000000000000000000, 0.5200000000000000178 ) ) ;
#881 = DIRECTION ( 'NONE',  ( 0.000000000000000000, 0.000000000000000000, 1.000000000000000000 ) ) ;
#882 = SURFACE_STYLE_USAGE ( .BOTH. , #6024 ) ;
#883 = ORIENTED_EDGE ( 'NONE', *, *, #2326, .F. ) ;
#884 = AXIS2_PLACEMENT_3D ( 'NONE', #6560, #7457, #1531 ) ;
#885 = LINE ( 'NONE', #1771, #5015 ) ;
#886 = ADVANCED_FACE ( 'NONE', ( #8193 ), #3982, .F. ) ;
#887 = CARTESIAN_POINT ( 'NONE',  ( -0.1499999999999989952, 0.6400000000000000133, 0.5300000000000001377 ) ) ;
#888 = AXIS2_PLACEMENT_3D ( 'NONE', #10320, #1901, #2014 ) ;
#889 = CARTESIAN_POINT ( 'NONE',  ( -0.4650000000000000244, 0.5999999999999999778, 0.01000000000000000021 ) ) ;
#890 = EDGE_CURVE ( 'NONE', #6706, #3856, #4758, .T. ) ;
#891 = DIRECTION ( 'NONE',  ( 0.000000000000000000, -0.000000000000000000, 1.000000000000000000 ) ) ;
#892 = SHAPE_REPRESENTATION ( 'Pins_Bottom_6', ( #2231 ), #2388 ) ;
#893 = ORIENTED_EDGE ( 'NONE', *, *, #7916, .T. ) ;
#894 = DIRECTION ( 'NONE',  ( 0.000000000000000000, -0.000000000000000000, 1.000000000000000000 ) ) ;
#895 = ORIENTED_EDGE ( 'NONE', *, *, #3385, .T. ) ;
#896 = CARTESIAN_POINT ( 'NONE',  ( -0.2999999999999999889, -1.489999999999999991, 0.5300000000000001377 ) ) ;
#897 = CARTESIAN_POINT ( 'NONE',  ( 0.2999999999999999889, 1.500000000000000000, 0.7900000000000000355 ) ) ;
#898 = VECTOR ( 'NONE', #1394, 1000.000000000000000 ) ;
#899 = ORIENTED_EDGE ( 'NONE', *, *, #6495, .F. ) ;
#900 = VERTEX_POINT ( 'NONE', #3924 ) ;
#901 = CARTESIAN_POINT ( 'NONE',  ( -0.1499999999999999944, -1.489999999999999991, 0.01000000000000000021 ) ) ;
#902 = PRODUCT_DEFINITION_SHAPE ( 'NONE', 'NONE',  #10970 ) ;
#903 = FACE_OUTER_BOUND ( 'NONE', #7589, .T. ) ;
#904 = LINE ( 'NONE', #4297, #929 ) ;
#905 = CARTESIAN_POINT ( 'NONE',  ( -0.1499999999999999944, -0.9000000000000001332, 0.01000000000000000021 ) ) ;
#906 = DIRECTION ( 'NONE',  ( 0.000000000000000000, -0.000000000000000000, 1.000000000000000000 ) ) ;
#907 = VECTOR ( 'NONE', #10328, 1000.000000000000000 ) ;
#908 = EDGE_CURVE ( 'NONE', #8070, #2546, #6524, .T. ) ;
#909 = EDGE_CURVE ( 'NONE', #769, #2259, #10695, .T. ) ;
#910 = EDGE_CURVE ( 'NONE', #9699, #8413, #9910, .T. ) ;
#911 = VECTOR ( 'NONE', #1052, 1000.000000000000000 ) ;
#912 = DIRECTION ( 'NONE',  ( 0.000000000000000000, -0.000000000000000000, 1.000000000000000000 ) ) ;
#913 = ADVANCED_FACE ( 'NONE', ( #4968 ), #7634, .F. ) ;
#914 = VERTEX_POINT ( 'NONE', #4148 ) ;
#915 = STYLED_ITEM ( 'NONE', ( #776 ), #8490 ) ;
#916 = DIRECTION ( 'NONE',  ( 0.000000000000000000, -1.000000000000000000, 0.000000000000000000 ) ) ;
#917 = EDGE_CURVE ( 'NONE', #5278, #10278, #3472, .T. ) ;
#918 = AXIS2_PLACEMENT_3D ( 'NONE', #938, #9524, #4476 ) ;
#919 = ORIENTED_EDGE ( 'NONE', *, *, #8637, .T. ) ;
#920 = PRESENTATION_STYLE_ASSIGNMENT (( #6686 ) ) ;
#921 = EDGE_LOOP ( 'NONE', ( #5127, #4754, #10636, #725 ) ) ;
#922 = ORIENTED_EDGE ( 'NONE', *, *, #217, .T. ) ;
#923 = MECHANICAL_DESIGN_GEOMETRIC_PRESENTATION_REPRESENTATION (  '', ( #7117 ), #3736 ) ;
#924 = VECTOR ( 'NONE', #4272, 1000.000000000000000 ) ;
#925 = FILL_AREA_STYLE ('',( #867 ) ) ;
#926 = VECTOR ( 'NONE', #8334, 1000.000000000000000 ) ;
#927 = LINE ( 'NONE', #2590, #6393 ) ;
#928 = ORIENTED_EDGE ( 'NONE', *, *, #5208, .F. ) ;
#929 = VECTOR ( 'NONE', #6675, 1000.000000000000000 ) ;
#930 = CARTESIAN_POINT ( 'NONE',  ( 0.1499999999999990230, -1.489999999999999991, 0.5300000000000001377 ) ) ;
#931 = CARTESIAN_POINT ( 'NONE',  ( 0.1499999999999990230, 1.098486643203810065, 0.5300000000000001377 ) ) ;
#932 = SURFACE_SIDE_STYLE ('',( #8520 ) ) ;
#933 = VERTEX_POINT ( 'NONE', #2640 ) ;
#934 = CARTESIAN_POINT ( 'NONE',  ( -0.5999999999999999778, -1.600000000000000089, 0.01000000000000000021 ) ) ;
#935 = FACE_OUTER_BOUND ( 'NONE', #1219, .T. ) ;
#936 = STYLED_ITEM ( 'NONE', ( #232 ), #7189 ) ;
#937 = ORIENTED_EDGE ( 'NONE', *, *, #7582, .T. ) ;
#938 = CARTESIAN_POINT ( 'NONE',  ( -0.2952229299363050563, -0.6400000000000000133, 0.5300000000000001377 ) ) ;
#939 = VECTOR ( 'NONE', #4722, 1000.000000000000000 ) ;
#940 = CARTESIAN_POINT ( 'NONE',  ( -0.3197770700636939911, 0.6400000000000000133, 0.01000000000000000021 ) ) ;
#941 = EDGE_LOOP ( 'NONE', ( #4549, #2318, #5363, #1681 ) ) ;
#942 = CARTESIAN_POINT ( 'NONE',  ( 0.1499999999999999667, 1.600000000000000089, 0.7900000000000000355 ) ) ;
#943 = VECTOR ( 'NONE', #10217, 1000.000000000000000 ) ;
#944 = FACE_OUTER_BOUND ( 'NONE', #9032, .T. ) ;
#945 = CARTESIAN_POINT ( 'NONE',  ( 0.2399563975748850164, -1.600000000000000089, 0.01000000000000000021 ) ) ;
#946 = CARTESIAN_POINT ( 'NONE',  ( 0.2952229299363060000, -0.6400000000000000133, 0.01000000000000000021 ) ) ;
#947 = PRODUCT_DEFINITION_CONTEXT ( 'detailed design', #8108, 'design' ) ;
#948 = VECTOR ( 'NONE', #225, 1000.000000000000000 ) ;
#949 = FACE_OUTER_BOUND ( 'NONE', #921, .T. ) ;
#950 = ORIENTED_EDGE ( 'NONE', *, *, #9319, .F. ) ;
#951 = PLANE ( 'NONE',  #9494 ) ;
#952 = ORIENTED_EDGE ( 'NONE', *, *, #9925, .F. ) ;
#953 = EDGE_CURVE ( 'NONE', #4517, #5392, #6011, .T. ) ;
#954 = SURFACE_STYLE_USAGE ( .BOTH. , #10263 ) ;
#955 = VECTOR ( 'NONE', #7140, 1000.000000000000000 ) ;
#956 = DIRECTION ( 'NONE',  ( 1.000000000000000000, -0.000000000000000000, 0.000000000000000000 ) ) ;
#957 = EDGE_CURVE ( 'NONE', #8201, #1582, #9192, .T. ) ;
#958 = VERTEX_POINT ( 'NONE', #982 ) ;
#959 = ADVANCED_FACE ( 'NONE', ( #7533 ), #2592, .F. ) ;
#960 = VERTEX_POINT ( 'NONE', #10241 ) ;
#961 = DIRECTION ( 'NONE',  ( 0.000000000000000000, 1.000000000000000000, 0.000000000000000000 ) ) ;
#962 = CARTESIAN_POINT ( 'NONE',  ( -0.5350000000000000311, 1.600000000000000089, 0.000000000000000000 ) ) ;
#963 = DIRECTION ( 'NONE',  ( 0.000000000000000000, -1.000000000000000000, 0.000000000000000000 ) ) ;
#964 = UNCERTAINTY_MEASURE_WITH_UNIT (LENGTH_MEASURE( 1.000000000000000082E-05 ), #2751, 'distance_accuracy_value', 'NONE');
#965 = DIRECTION ( 'NONE',  ( 0.000000000000000000, -1.000000000000000000, 0.000000000000000000 ) ) ;
#966 = LINE ( 'NONE', #5272, #587 ) ;
#967 = LINE ( 'NONE', #184, #9751 ) ;
#968 = CARTESIAN_POINT ( 'NONE',  ( 0.1499999999999996336, -1.489999999999999991, 0.5200000000000000178 ) ) ;
#969 = ORIENTED_EDGE ( 'NONE', *, *, #761, .T. ) ;
#970 = DIRECTION ( 'NONE',  ( -0.000000000000000000, 0.000000000000000000, 1.000000000000000000 ) ) ;
#971 = DIRECTION ( 'NONE',  ( 0.000000000000000000, 0.000000000000000000, 1.000000000000000000 ) ) ;
#972 = VECTOR ( 'NONE', #2238, 1000.000000000000000 ) ;
#973 = ORIENTED_EDGE ( 'NONE', *, *, #1457, .T. ) ;
#974 = CARTESIAN_POINT ( 'NONE',  ( 0.1499999999999999944, -1.100000000000000089, 0.005000000000000000104 ) ) ;
#975 = ORIENTED_EDGE ( 'NONE', *, *, #552, .T. ) ;
#976 = ORIENTED_EDGE ( 'NONE', *, *, #8393, .F. ) ;
#977 = VECTOR ( 'NONE', #3779, 1000.000000000000000 ) ;
#978 = EDGE_CURVE ( 'NONE', #4096, #2086, #1600, .T. ) ;
#979 =( NAMED_UNIT ( * ) PLANE_ANGLE_UNIT ( ) SI_UNIT ( $, .RADIAN. ) );
#980 = ORIENTED_EDGE ( 'NONE', *, *, #10737, .F. ) ;
#981 = VECTOR ( 'NONE', #9119, 1000.000000000000000 ) ;
#982 = CARTESIAN_POINT ( 'NONE',  ( -0.4650000000000000244, 0.5999999999999999778, 0.5300000000000001377 ) ) ;
#983 = SURFACE_SIDE_STYLE ('',( #8575 ) ) ;
#984 = SURFACE_STYLE_USAGE ( .BOTH. , #932 ) ;
#985 = ORIENTED_EDGE ( 'NONE', *, *, #5372, .F. ) ;
#986 = PRESENTATION_STYLE_ASSIGNMENT (( #1873 ) ) ;
#987 = VECTOR ( 'NONE', #1324, 1000.000000000000000 ) ;
#988 = CARTESIAN_POINT ( 'NONE',  ( -0.5350000000000000311, 1.239999999999999991, 0.000000000000000000 ) ) ;
#989 = ORIENTED_EDGE ( 'NONE', *, *, #7352, .T. ) ;
#990 = COLOUR_RGB ( '',0.3921568627450980338, 0.5999999999999999778, 0.3921568627450980338 ) ;
#991 = UNCERTAINTY_MEASURE_WITH_UNIT (LENGTH_MEASURE( 1.000000000000000082E-05 ), #3502, 'distance_accuracy_value', 'NONE');
#992 = LINE ( 'NONE', #3369, #3731 ) ;
#993 = AXIS2_PLACEMENT_3D ( 'NONE', #9603, #2017, #8042 ) ;
#994 = EDGE_CURVE ( 'NONE', #6112, #9520, #7577, .T. ) ;
#995 = DIRECTION ( 'NONE',  ( 1.445602896647339903E-15, 1.000000000000000000, 0.000000000000000000 ) ) ;
#996 = PRODUCT_DEFINITION_SHAPE ( 'NONE', 'NONE',  #10972 ) ;
#997 = PLANE ( 'NONE',  #6522 ) ;
#998 = ORIENTED_EDGE ( 'NONE', *, *, #1592, .T. ) ;
#999 = LINE ( 'NONE', #3484, #1621 ) ;
#1000 = PLANE ( 'NONE',  #8184 ) ;
#1001 = DIRECTION ( 'NONE',  ( 1.000000000000000000, 0.000000000000000000, -0.000000000000000000 ) ) ;
#1002 = DIRECTION ( 'NONE',  ( 0.000000000000000000, -1.000000000000000000, 0.000000000000000000 ) ) ;
#1003 = PRESENTATION_LAYER_ASSIGNMENT (  '', '', ( #5240 ) ) ;
#1004 = DIRECTION ( 'NONE',  ( 0.000000000000000000, -0.000000000000000000, -1.000000000000000000 ) ) ;
#1005 = ORIENTED_EDGE ( 'NONE', *, *, #4957, .F. ) ;
#1006 = DIRECTION ( 'NONE',  ( 0.4788521306805550992, 0.8778955729143942399, 0.000000000000000000 ) ) ;
#1007 = ORIENTED_EDGE ( 'NONE', *, *, #4400, .T. ) ;
#1008 = DIRECTION ( 'NONE',  ( 0.000000000000000000, -0.000000000000000000, 1.000000000000000000 ) ) ;
#1009 = DIRECTION ( 'NONE',  ( -0.000000000000000000, -1.000000000000000000, -0.000000000000000000 ) ) ;
#1010 = VERTEX_POINT ( 'NONE', #10142 ) ;
#1011 = AXIS2_PLACEMENT_3D ( 'NONE', #9805, #10467, #500 ) ;
#1012 = ADVANCED_FACE ( 'NONE', ( #3360 ), #4370, .T. ) ;
#1013 = PRESENTATION_STYLE_ASSIGNMENT (( #10222 ) ) ;
#1014 = CARTESIAN_POINT ( 'NONE',  ( -0.5999999999999999778, 0.6400000000000001243, 0.5200000000000000178 ) ) ;
#1015 = CARTESIAN_POINT ( 'NONE',  ( -0.2400000000000000466, 1.599999999999999867, 0.5200000000000000178 ) ) ;
#1016 = CARTESIAN_POINT ( 'NONE',  ( 0.5999999999999999778, -1.600000000000000089, 0.000000000000000000 ) ) ;
#1017 = LINE ( 'NONE', #5897, #5171 ) ;
#1018 = LINE ( 'NONE', #9501, #4706 ) ;
#1019 = EDGE_CURVE ( 'NONE', #5152, #3245, #7743, .T. ) ;
#1020 = LINE ( 'NONE', #2895, #8368 ) ;
#1021 = VECTOR ( 'NONE', #1755, 1000.000000000000000 ) ;
#1022 = DIRECTION ( 'NONE',  ( 1.000000000000000000, 0.000000000000000000, -0.000000000000000000 ) ) ;
#1023 = DIRECTION ( 'NONE',  ( -1.000000000000000000, -1.807003620809169948E-16, 0.000000000000000000 ) ) ;
#1024 = EDGE_LOOP ( 'NONE', ( #4033, #8271, #7024, #9533 ) ) ;
#1025 = SURFACE_STYLE_FILL_AREA ( #6000 ) ;
#1026 = DIRECTION ( 'NONE',  ( -1.000000000000000000, 0.000000000000000000, -0.000000000000000000 ) ) ;
#1027 = EDGE_CURVE ( 'NONE', #3806, #5806, #6858, .T. ) ;
#1028 = EDGE_CURVE ( 'NONE', #8760, #10577, #152, .T. ) ;
#1029 = ORIENTED_EDGE ( 'NONE', *, *, #7615, .F. ) ;
#1030 = DIRECTION ( 'NONE',  ( 1.000000000000000000, 0.000000000000000000, 0.000000000000000000 ) ) ;
#1031 = LINE ( 'NONE', #4460, #1643 ) ;
#1032 = VERTEX_POINT ( 'NONE', #3308 ) ;
#1033 = ORIENTED_EDGE ( 'NONE', *, *, #286, .T. ) ;
#1034 = EDGE_CURVE ( 'NONE', #2602, #4612, #4314, .T. ) ;
#1035 = VECTOR ( 'NONE', #1182, 1000.000000000000000 ) ;
#1036 = VERTEX_POINT ( 'NONE', #7686 ) ;
#1037 = PLANE ( 'NONE',  #8656 ) ;
#1038 = LINE ( 'NONE', #1928, #2788 ) ;
#1039 = FILL_AREA_STYLE_COLOUR ( '', #8372 ) ;
#1040 = EDGE_CURVE ( 'NONE', #8292, #10936, #5188, .T. ) ;
#1041 = CARTESIAN_POINT ( 'NONE',  ( 0.5999999999999999778, 1.239999999999999991, 0.5300000000000001377 ) ) ;
#1042 = VECTOR ( 'NONE', #3610, 1000.000000000000000 ) ;
#1043 = VERTEX_POINT ( 'NONE', #2485 ) ;
#1044 = CARTESIAN_POINT ( 'NONE',  ( 0.000000000000000000, 0.4299999999999999933, 0.001000000000000000021 ) ) ;
#1045 = DIRECTION ( 'NONE',  ( 1.000000000000000000, 0.000000000000000000, -0.000000000000000000 ) ) ;
#1046 = EDGE_LOOP ( 'NONE', ( #791, #6010, #2798, #10230, #6516, #5029 ) ) ;
#1047 = CARTESIAN_POINT ( 'NONE',  ( -0.1499999999999999667, -0.6999999999999998446, 0.001000000000000000021 ) ) ;
#1048 = EDGE_CURVE ( 'NONE', #9111, #522, #6908, .T. ) ;
#1049 = ORIENTED_EDGE ( 'NONE', *, *, #7401, .F. ) ;
#1050 = EDGE_CURVE ( 'NONE', #715, #7096, #5079, .T. ) ;
#1051 = EDGE_CURVE ( 'NONE', #1429, #10108, #4264, .T. ) ;
#1052 = DIRECTION ( 'NONE',  ( 0.000000000000000000, -0.000000000000000000, -1.000000000000000000 ) ) ;
#1053 = CARTESIAN_POINT ( 'NONE',  ( 0.5999999999999999778, 0.7005555010695040385, 0.5300000000000001377 ) ) ;
#1054 = LINE ( 'NONE', #1272, #2081 ) ;
#1055 = LINE ( 'NONE', #6927, #10866 ) ;
#1056 = DIRECTION ( 'NONE',  ( -0.000000000000000000, -0.000000000000000000, -1.000000000000000000 ) ) ;
#1057 = ORIENTED_EDGE ( 'NONE', *, *, #5013, .T. ) ;
#1058 = LINE ( 'NONE', #7818, #9845 ) ;
#1059 = ORIENTED_EDGE ( 'NONE', *, *, #5473, .F. ) ;
#1060 =( LENGTH_UNIT ( ) NAMED_UNIT ( * ) SI_UNIT ( .MILLI., .METRE. ) );
#1061 = FACE_OUTER_BOUND ( 'NONE', #2018, .T. ) ;
#1062 = ORIENTED_EDGE ( 'NONE', *, *, #6148, .F. ) ;
#1063 = DIRECTION ( 'NONE',  ( 0.000000000000000000, -0.000000000000000000, 1.000000000000000000 ) ) ;
#1064 = DIRECTION ( 'NONE',  ( -0.000000000000000000, -1.000000000000000000, -0.000000000000000000 ) ) ;
#1065 = LINE ( 'NONE', #10423, #5622 ) ;
#1066 = PLANE ( 'NONE',  #6461 ) ;
#1067 = CARTESIAN_POINT ( 'NONE',  ( -0.1499999999999990230, 1.098486643203810065, 0.5200000000000000178 ) ) ;
#1068 = CARTESIAN_POINT ( 'NONE',  ( 0.000000000000000000, 0.000000000000000000, 0.005000000000000000104 ) ) ;
#1069 = EDGE_LOOP ( 'NONE', ( #3205, #4118 ) ) ;
#1070 = VECTOR ( 'NONE', #1559, 1000.000000000000000 ) ;
#1071 = CARTESIAN_POINT ( 'NONE',  ( -0.1499999999999990230, 1.489999999999999991, 0.5200000000000000178 ) ) ;
#1072 = DIRECTION ( 'NONE',  ( 0.000000000000000000, 1.000000000000000000, 0.000000000000000000 ) ) ;
#1073 = EDGE_CURVE ( 'NONE', #7899, #1748, #6177, .T. ) ;
#1074 = ORIENTED_EDGE ( 'NONE', *, *, #99, .F. ) ;
#1075 = CARTESIAN_POINT ( 'NONE',  ( 0.1300000000000000044, 0.4299999999999999933, 0.005000000000000000104 ) ) ;
#1076 = EDGE_CURVE ( 'NONE', #9437, #900, #1927, .T. ) ;
#1077 = CARTESIAN_POINT ( 'NONE',  ( -0.5999999999999999778, -1.600000000000000089, 0.8000000000000000444 ) ) ;
#1078 = VECTOR ( 'NONE', #3193, 1000.000000000000000 ) ;
#1079 = ORIENTED_EDGE ( 'NONE', *, *, #3793, .T. ) ;
#1080 = PRODUCT ( 'Pins_Bottom_8', 'Pins_Bottom_8', '', ( #4623 ) ) ;
#1081 = ORIENTED_EDGE ( 'NONE', *, *, #7682, .F. ) ;
#1082 = VERTEX_POINT ( 'NONE', #9518 ) ;
#1083 = MECHANICAL_DESIGN_GEOMETRIC_PRESENTATION_REPRESENTATION (  '', ( #75 ), #197 ) ;
#1084 = COLOUR_RGB ( '',1.000000000000000000, 1.000000000000000000, 1.000000000000000000 ) ;
#1085 = ADVANCED_FACE ( 'NONE', ( #1870 ), #7904, .F. ) ;
#1086 =( NAMED_UNIT ( * ) SI_UNIT ( $, .STERADIAN. ) SOLID_ANGLE_UNIT ( ) );
#1087 = EDGE_CURVE ( 'NONE', #3229, #10470, #8682, .T. ) ;
#1088 = EDGE_LOOP ( 'NONE', ( #7158, #1351, #10668, #2064 ) ) ;
#1089 = VECTOR ( 'NONE', #3034, 1000.000000000000000 ) ;
#1090 = DIRECTION ( 'NONE',  ( 1.000000000000000000, -2.581433744013109998E-16, -0.000000000000000000 ) ) ;
#1091 = CARTESIAN_POINT ( 'NONE',  ( -0.3999999999999999667, 1.600000000000000089, 0.01000000000000000021 ) ) ;
#1092 = EDGE_LOOP ( 'NONE', ( #696, #8826, #922, #4076 ) ) ;
#1093 = LINE ( 'NONE', #1044, #627 ) ;
#1094 = VERTEX_POINT ( 'NONE', #10449 ) ;
#1095 = ORIENTED_EDGE ( 'NONE', *, *, #7389, .T. ) ;
#1096 = UNCERTAINTY_MEASURE_WITH_UNIT (LENGTH_MEASURE( 1.000000000000000082E-05 ), #3855, 'distance_accuracy_value', 'NONE');
#1097 = FACE_OUTER_BOUND ( 'NONE', #7186, .T. ) ;
#1098 = VECTOR ( 'NONE', #7911, 1000.000000000000000 ) ;
#1099 = ADVANCED_FACE ( 'NONE', ( #8787 ), #1037, .T. ) ;
#1100 = EDGE_CURVE ( 'NONE', #5930, #5141, #7794, .T. ) ;
#1101 = DIRECTION ( 'NONE',  ( 0.000000000000000000, -1.000000000000000000, -0.000000000000000000 ) ) ;
#1102 = DIRECTION ( 'NONE',  ( -1.807744701332710101E-16, 1.000000000000000000, 0.000000000000000000 ) ) ;
#1103 = VERTEX_POINT ( 'NONE', #5460 ) ;
#1104 = LINE ( 'NONE', #4326, #2848 ) ;
#1105 = CARTESIAN_POINT ( 'NONE',  ( -0.5350000000000000311, -0.6400000000000000133, 0.005000000000000000104 ) ) ;
#1106 = AXIS2_PLACEMENT_3D ( 'NONE', #1826, #7591, #1886 ) ;
#1107 = DIRECTION ( 'NONE',  ( 1.000000000000000000, 8.260587980841929905E-16, -0.000000000000000000 ) ) ;
#1108 = CARTESIAN_POINT ( 'NONE',  ( 0.5999999999999999778, -0.6999999999999999556, 0.005000000000000000104 ) ) ;
#1109 = AXIS2_PLACEMENT_3D ( 'NONE', #855, #4947, #3180 ) ;
#1110 = EDGE_CURVE ( 'NONE', #767, #10722, #2749, .T. ) ;
#1111 = LINE ( 'NONE', #6985, #8402 ) ;
#1112 = APPLICATION_CONTEXT ( 'automotive_design' ) ;
#1113 = ORIENTED_EDGE ( 'NONE', *, *, #6356, .T. ) ;
#1114 = VECTOR ( 'NONE', #2781, 1000.000000000000000 ) ;
#1115 = DIRECTION ( 'NONE',  ( 0.000000000000000000, -1.000000000000000000, -0.000000000000000000 ) ) ;
#1117 = ORIENTED_EDGE ( 'NONE', *, *, #7435, .F. ) ;
#1116 = EDGE_CURVE ( 'NONE', #10470, #5917, #7135, .T. ) ;
#1118 = CARTESIAN_POINT ( 'NONE',  ( 0.000000000000000000, 0.6999999999999999556, 0.001000000000000000021 ) ) ;
#1119 = ADVANCED_FACE ( 'NONE', ( #7957 ), #7026, .F. ) ;
#1120 = DIRECTION ( 'NONE',  ( 0.000000000000000000, -0.000000000000000000, 1.000000000000000000 ) ) ;
#1121 = VECTOR ( 'NONE', #467, 1000.000000000000000 ) ;
#1122 = ORIENTED_EDGE ( 'NONE', *, *, #3178, .F. ) ;
#1123 = VECTOR ( 'NONE', #2220, 1000.000000000000000 ) ;
#1124 = EDGE_CURVE ( 'NONE', #8896, #6688, #3906, .T. ) ;
#1125 = DIRECTION ( 'NONE',  ( 0.000000000000000000, -1.000000000000000000, -0.000000000000000000 ) ) ;
#1126 = LINE ( 'NONE', #9655, #3239 ) ;
#1127 = DIRECTION ( 'NONE',  ( 0.000000000000000000, 0.000000000000000000, 1.000000000000000000 ) ) ;
#1128 = DIRECTION ( 'NONE',  ( -1.000000000000000000, 0.000000000000000000, 0.000000000000000000 ) ) ;
#1129 = CARTESIAN_POINT ( 'NONE',  ( 0.5350000000000000311, 0.7005555010695040385, 0.5300000000000001377 ) ) ;
#1130 = CARTESIAN_POINT ( 'NONE',  ( -0.3197770700636939911, 0.6400000000000000133, 0.01000000000000000021 ) ) ;
#1131 = ORIENTED_EDGE ( 'NONE', *, *, #7352, .F. ) ;
#1132 = DIRECTION ( 'NONE',  ( -1.000000000000000000, 0.000000000000000000, 0.000000000000000000 ) ) ;
#1133 = VECTOR ( 'NONE', #10306, 1000.000000000000000 ) ;
#1134 = CARTESIAN_POINT ( 'NONE',  ( -0.4000000000000000222, 1.600000000000000089, 0.01000000000000000021 ) ) ;
#1135 = EDGE_CURVE ( 'NONE', #276, #4197, #590, .T. ) ;
#1136 = CLOSED_SHELL ( 'NONE', ( #3778, #6787, #10638, #3387, #9351, #9918 ) ) ;
#1137 =( LENGTH_UNIT ( ) NAMED_UNIT ( * ) SI_UNIT ( .MILLI., .METRE. ) );
#1138 = ORIENTED_EDGE ( 'NONE', *, *, #3463, .F. ) ;
#1139 = CARTESIAN_POINT ( 'NONE',  ( -0.07499999999999916456, -1.098928449973850086, 0.5300000000000001377 ) ) ;
#1140 = CARTESIAN_POINT ( 'NONE',  ( -0.5999999999999999778, -1.600000000000000089, 0.8000000000000000444 ) ) ;
#1141 =( NAMED_UNIT ( * ) SI_UNIT ( $, .STERADIAN. ) SOLID_ANGLE_UNIT ( ) );
#1142 = PRODUCT_DEFINITION_FORMATION_WITH_SPECIFIED_SOURCE ( 'ANY', '', #8509, .NOT_KNOWN. ) ;
#1143 = DIRECTION ( 'NONE',  ( 0.000000000000000000, 0.000000000000000000, 1.000000000000000000 ) ) ;
#1144 = EDGE_LOOP ( 'NONE', ( #6593, #10560, #2005, #2734 ) ) ;
#1145 = ORIENTED_EDGE ( 'NONE', *, *, #9613, .T. ) ;
#1146 = VERTEX_POINT ( 'NONE', #530 ) ;
#1147 = FACE_OUTER_BOUND ( 'NONE', #10523, .T. ) ;
#1148 = VERTEX_POINT ( 'NONE', #8233 ) ;
#1149 = AXIS2_PLACEMENT_3D ( 'NONE', #6928, #1946, #2880 ) ;
#1150 = CARTESIAN_POINT ( 'NONE',  ( 0.07499999999999999722, 1.100000000000000089, 0.005000000000000000104 ) ) ;
#1151 = CARTESIAN_POINT ( 'NONE',  ( 0.4649999999999999689, 0.6000000000000000888, 0.01000000000000000021 ) ) ;
#1152 = EDGE_CURVE ( 'NONE', #6966, #3869, #3968, .T. ) ;
#1153 = LINE ( 'NONE', #4416, #9798 ) ;
#1154 = ORIENTED_EDGE ( 'NONE', *, *, #9245, .F. ) ;
#1155 = LINE ( 'NONE', #4529, #3622 ) ;
#1156 = ORIENTED_EDGE ( 'NONE', *, *, #4298, .F. ) ;
#1157 = ADVANCED_FACE ( 'NONE', ( #5519 ), #7356, .T. ) ;
#1158 =( GEOMETRIC_REPRESENTATION_CONTEXT ( 3 ) GLOBAL_UNCERTAINTY_ASSIGNED_CONTEXT ( ( #1738 ) ) GLOBAL_UNIT_ASSIGNED_CONTEXT ( ( #8906, #1417, #3971 ) ) REPRESENTATION_CONTEXT ( 'NONE', 'WORKASPACE' ) );
#1159 = LINE ( 'NONE', #4533, #1098 ) ;
#1160 = EDGE_CURVE ( 'NONE', #10456, #3817, #2203, .T. ) ;
#1161 = LINE ( 'NONE', #3685, #9768 ) ;
#1162 = CARTESIAN_POINT ( 'NONE',  ( -0.5999999999999999778, -1.600000000000000089, 0.01000000000000000021 ) ) ;
#1163 = VECTOR ( 'NONE', #3408, 1000.000000000000000 ) ;
#1164 = ORIENTED_EDGE ( 'NONE', *, *, #428, .T. ) ;
#1165 = STYLED_ITEM ( 'NONE', ( #7451 ), #5360 ) ;
#1166 = CARTESIAN_POINT ( 'NONE',  ( 0.5350000000000000311, -1.600000000000000089, 0.000000000000000000 ) ) ;
#1167 = DIRECTION ( 'NONE',  ( -0.000000000000000000, -0.000000000000000000, 1.000000000000000000 ) ) ;
#1168 = CARTESIAN_POINT ( 'NONE',  ( -0.1281588001357080175, 0.1718411998642920269, 0.5300000000000001377 ) ) ;
#1169 = VECTOR ( 'NONE', #5291, 1000.000000000000000 ) ;
#1170 = ORIENTED_EDGE ( 'NONE', *, *, #1515, .F. ) ;
#1171 = CARTESIAN_POINT ( 'NONE',  ( -0.2999999999999998224, 1.500000000000000000, 0.7900000000000000355 ) ) ;
#1172 = ORIENTED_EDGE ( 'NONE', *, *, #6363, .T. ) ;
#1173 = EDGE_LOOP ( 'NONE', ( #8423, #2420, #3415, #7237 ) ) ;
#1174 = VERTEX_POINT ( 'NONE', #3187 ) ;
#1175 = LINE ( 'NONE', #1387, #2184 ) ;
#1176 = DIRECTION ( 'NONE',  ( -0.000000000000000000, -0.000000000000000000, -1.000000000000000000 ) ) ;
#1177 = ADVANCED_FACE ( 'NONE', ( #10679 ), #6513, .F. ) ;
#1178 = ORIENTED_EDGE ( 'NONE', *, *, #10736, .F. ) ;
#1179 = VECTOR ( 'NONE', #6930, 1000.000000000000000 ) ;
#1180 = LINE ( 'NONE', #5160, #710 ) ;
#1181 = CARTESIAN_POINT ( 'NONE',  ( 0.1499999999999999944, -1.098928449973850086, 0.5300000000000001377 ) ) ;
#1182 = DIRECTION ( 'NONE',  ( -0.000000000000000000, 1.000000000000000000, 0.000000000000000000 ) ) ;
#1183 = DIRECTION ( 'NONE',  ( -0.000000000000000000, -0.000000000000000000, 1.000000000000000000 ) ) ;
#1184 = DIRECTION ( 'NONE',  ( -1.000000000000000000, 0.000000000000000000, -0.000000000000000000 ) ) ;
#1185 = PLANE ( 'NONE',  #993 ) ;
#1186 = ORIENTED_EDGE ( 'NONE', *, *, #6934, .F. ) ;
#1187 = DIRECTION ( 'NONE',  ( 0.8778955729143851361, -0.4788521306805719746, 0.000000000000000000 ) ) ;
#1188 = CARTESIAN_POINT ( 'NONE',  ( 0.5350000000000000311, -1.099999999999999867, 0.0009999999999999998040 ) ) ;
#1189 = CARTESIAN_POINT ( 'NONE',  ( 0.2100000000000000200, -0.1799999999999999933, 0.005000000000000000104 ) ) ;
#1190 = ORIENTED_EDGE ( 'NONE', *, *, #8620, .T. ) ;
#1191 = DIRECTION ( 'NONE',  ( -0.8574929257125449844, -0.5144957554275251255, 0.000000000000000000 ) ) ;
#1192 = DIRECTION ( 'NONE',  ( -1.000000000000000000, 0.000000000000000000, -0.000000000000000000 ) ) ;
#1193 = FILL_AREA_STYLE_COLOUR ( '', #6197 ) ;
#1194 = AXIS2_PLACEMENT_3D ( 'NONE', #7651, #166, #10211 ) ;
#1195 = PRODUCT_CONTEXT ( 'NONE', #9817, 'mechanical' ) ;
#1196 = LINE ( 'NONE', #6228, #9504 ) ;
#1197 = ORIENTED_EDGE ( 'NONE', *, *, #437, .F. ) ;
#1198 = EDGE_LOOP ( 'NONE', ( #1049, #6436, #7097, #10046 ) ) ;
#1199 = VERTEX_POINT ( 'NONE', #8960 ) ;
#1200 = DIRECTION ( 'NONE',  ( -0.000000000000000000, -0.000000000000000000, -1.000000000000000000 ) ) ;
#1201 = EDGE_LOOP ( 'NONE', ( #937, #2427, #8786, #8020 ) ) ;
#1202 = DIRECTION ( 'NONE',  ( 0.000000000000000000, 0.000000000000000000, 1.000000000000000000 ) ) ;
#1203 =( LENGTH_UNIT ( ) NAMED_UNIT ( * ) SI_UNIT ( .MILLI., .METRE. ) );
#1204 = EDGE_LOOP ( 'NONE', ( #2148, #4426, #7558, #7522 ) ) ;
#1205 = LINE ( 'NONE', #8578, #5395 ) ;
#1206 =( NAMED_UNIT ( * ) SI_UNIT ( $, .STERADIAN. ) SOLID_ANGLE_UNIT ( ) );
#1207 = ORIENTED_EDGE ( 'NONE', *, *, #8273, .T. ) ;
#1208 = UNCERTAINTY_MEASURE_WITH_UNIT (LENGTH_MEASURE( 1.000000000000000082E-05 ), #9901, 'distance_accuracy_value', 'NONE');
#1209 = CARTESIAN_POINT ( 'NONE',  ( -0.5999999999999999778, 1.500000000000000000, 0.7900000000000000355 ) ) ;
#1210 = VECTOR ( 'NONE', #9387, 1000.000000000000000 ) ;
#1211 = CARTESIAN_POINT ( 'NONE',  ( -0.5350000000000000311, -1.600000000000000089, 0.8000000000000000444 ) ) ;
#1212 = ORIENTED_EDGE ( 'NONE', *, *, #5035, .F. ) ;
#1213 = ADVANCED_FACE ( 'NONE', ( #8902 ), #7242, .F. ) ;
#1214 = FACE_OUTER_BOUND ( 'NONE', #8809, .T. ) ;
#1215 = LINE ( 'NONE', #386, #1999 ) ;
#1216 = CARTESIAN_POINT ( 'NONE',  ( 0.5350000000000000311, 1.239999999999999991, 0.01000000000000000021 ) ) ;
#1217 = CARTESIAN_POINT ( 'NONE',  ( -0.5350000000000000311, -0.6999999999999999556, 0.000000000000000000 ) ) ;
#1218 = ADVANCED_FACE ( 'NONE', ( #9952 ), #10622, .F. ) ;
#1219 = EDGE_LOOP ( 'NONE', ( #4112, #3435, #1989, #3390 ) ) ;
#1220 = CYLINDRICAL_SURFACE ( 'NONE', #3447, 0.1999999999999999833 ) ;
#1221 = EDGE_LOOP ( 'NONE', ( #9723, #2398, #9124, #8260 ) ) ;
#1222 = ORIENTED_EDGE ( 'NONE', *, *, #6905, .F. ) ;
#1223 = DIRECTION ( 'NONE',  ( -1.807003620809169948E-16, 1.000000000000000000, -0.000000000000000000 ) ) ;
#1224 = CARTESIAN_POINT ( 'NONE',  ( 0.07499999999999999722, 1.100000000000000089, 0.001000000000000000021 ) ) ;
#1225 = CARTESIAN_POINT ( 'NONE',  ( -0.3999999999999999667, 1.600000000000000089, 0.000000000000000000 ) ) ;
#1226 = ORIENTED_EDGE ( 'NONE', *, *, #573, .T. ) ;
#1227 = EDGE_CURVE ( 'NONE', #1872, #6282, #4691, .T. ) ;
#1228 = VECTOR ( 'NONE', #9181, 1000.000000000000000 ) ;
#1229 = DIRECTION ( 'NONE',  ( 0.000000000000000000, -0.000000000000000000, 1.000000000000000000 ) ) ;
#1230 = CARTESIAN_POINT ( 'NONE',  ( -0.4018411998642920091, 0.000000000000000000, 0.5200000000000000178 ) ) ;
#1231 = CARTESIAN_POINT ( 'NONE',  ( 0.1500000000000001055, -0.9000000000000001332, 0.01000000000000000021 ) ) ;
#1232 = CARTESIAN_POINT ( 'NONE',  ( 0.2400000000000000466, -1.600000000000000089, 0.7900000000000000355 ) ) ;
#1233 = CARTESIAN_POINT ( 'NONE',  ( -0.07499999999999999722, -1.600000000000000089, 0.005000000000000000104 ) ) ;
#1234 = CARTESIAN_POINT ( 'NONE',  ( 0.2999999999999999889, 1.300000000000000266, 0.000000000000000000 ) ) ;
#1235 = EDGE_LOOP ( 'NONE', ( #9457, #10824, #7793, #8876, #8105, #4448, #6741, #8998, #5348 ) ) ;
#1236 = SURFACE_STYLE_FILL_AREA ( #9826 ) ;
#1237 = STYLED_ITEM ( 'NONE', ( #4413 ), #2865 ) ;
#1238 = DIRECTION ( 'NONE',  ( -0.000000000000000000, -0.000000000000000000, -1.000000000000000000 ) ) ;
#1239 = ADVANCED_FACE ( 'NONE', ( #5735 ), #4904, .T. ) ;
#1240 = ORIENTED_EDGE ( 'NONE', *, *, #3542, .F. ) ;
#1241 = SURFACE_STYLE_USAGE ( .BOTH. , #3131 ) ;
#1242 = CARTESIAN_POINT ( 'NONE',  ( -0.5999999999999999778, -1.399999999999999911, 0.01000000000000000021 ) ) ;
#1243 = AXIS2_PLACEMENT_3D ( 'NONE', #10277, #1742, #3558 ) ;
#1244 = MECHANICAL_DESIGN_GEOMETRIC_PRESENTATION_REPRESENTATION (  '', ( #3893 ), #3357 ) ;
#1245 = CARTESIAN_POINT ( 'NONE',  ( -0.5350000000000000311, -0.6400000000000000133, 0.01000000000000000021 ) ) ;
#1246 = EDGE_CURVE ( 'NONE', #276, #9699, #1312, .T. ) ;
#1247 = EDGE_CURVE ( 'NONE', #8026, #10402, #8064, .T. ) ;
#1248 = ORIENTED_EDGE ( 'NONE', *, *, #2273, .T. ) ;
#1249 = VERTEX_POINT ( 'NONE', #1365 ) ;
#1250 = EDGE_CURVE ( 'NONE', #7142, #3334, #7299, .T. ) ;
#1251 = EDGE_CURVE ( 'NONE', #1667, #3512, #6457, .T. ) ;
#1252 = ORIENTED_EDGE ( 'NONE', *, *, #4913, .F. ) ;
#1253 = FACE_OUTER_BOUND ( 'NONE', #2967, .T. ) ;
#1254 = ORIENTED_EDGE ( 'NONE', *, *, #4577, .F. ) ;
#1255 = STYLED_ITEM ( 'NONE', ( #5664 ), #8077 ) ;
#1256 = FILL_AREA_STYLE_COLOUR ( '', #7238 ) ;
#1257 = CARTESIAN_POINT ( 'NONE',  ( -0.1499999999999999944, -1.499754031465950099, 0.000000000000000000 ) ) ;
#1258 = CARTESIAN_POINT ( 'NONE',  ( 0.1499999999999990230, 1.098486643203810065, 0.5200000000000000178 ) ) ;
#1259 = ORIENTED_EDGE ( 'NONE', *, *, #3822, .F. ) ;
#1260 = VECTOR ( 'NONE', #912, 1000.000000000000000 ) ;
#1261 =( NAMED_UNIT ( * ) PLANE_ANGLE_UNIT ( ) SI_UNIT ( $, .RADIAN. ) );
#1262 = DIRECTION ( 'NONE',  ( 0.000000000000000000, 1.000000000000000000, 0.000000000000000000 ) ) ;
#1263 = ORIENTED_EDGE ( 'NONE', *, *, #8983, .T. ) ;
#1264 = CARTESIAN_POINT ( 'NONE',  ( -0.5961306949927850374, 0.9000000000000001332, 0.000000000000000000 ) ) ;
#1265 = AXIS2_PLACEMENT_3D ( 'NONE', #7322, #1336, #10534 ) ;
#1266 = CARTESIAN_POINT ( 'NONE',  ( -0.1499999999999999944, -1.500000000000000000, 0.7900000000000000355 ) ) ;
#1267 = LINE ( 'NONE', #9854, #5653 ) ;
#1268 = ORIENTED_EDGE ( 'NONE', *, *, #1552, .F. ) ;
#1269 = VECTOR ( 'NONE', #3808, 1000.000000000000000 ) ;
#1270 = DIRECTION ( 'NONE',  ( -9.043418306825600092E-16, -1.000000000000000000, 0.000000000000000000 ) ) ;
#1271 =( NAMED_UNIT ( * ) SI_UNIT ( $, .STERADIAN. ) SOLID_ANGLE_UNIT ( ) );
#1272 = CARTESIAN_POINT ( 'NONE',  ( 0.2952229299363051118, -1.600000000000000089, 0.5200000000000000178 ) ) ;
#1273 = CARTESIAN_POINT ( 'NONE',  ( 0.000000000000000000, 1.100000000000000089, 0.001000000000000000021 ) ) ;
#1274 = VECTOR ( 'NONE', #3781, 1000.000000000000000 ) ;
#1275 = VERTEX_POINT ( 'NONE', #3350 ) ;
#1276 = DIRECTION ( 'NONE',  ( 1.000000000000000000, -1.355252715606880049E-16, 0.000000000000000000 ) ) ;
#1277 = ORIENTED_EDGE ( 'NONE', *, *, #1076, .F. ) ;
#1278 = VECTOR ( 'NONE', #1319, 1000.000000000000000 ) ;
#1279 = ORIENTED_EDGE ( 'NONE', *, *, #869, .T. ) ;
#1280 = LINE ( 'NONE', #10533, #3241 ) ;
#1281 = PLANE ( 'NONE',  #2511 ) ;
#1282 = DIRECTION ( 'NONE',  ( -0.000000000000000000, -0.000000000000000000, 1.000000000000000000 ) ) ;
#1283 = ORIENTED_EDGE ( 'NONE', *, *, #7920, .T. ) ;
#1284 = AXIS2_PLACEMENT_3D ( 'NONE', #6731, #1638, #9345 ) ;
#1285 = CARTESIAN_POINT ( 'NONE',  ( 0.3002762822146830546, -1.499754031465950099, 0.000000000000000000 ) ) ;
#1286 = LINE ( 'NONE', #5488, #939 ) ;
#1287 = COLOUR_RGB ( '',1.000000000000000000, 1.000000000000000000, 1.000000000000000000 ) ;
#1288 = CARTESIAN_POINT ( 'NONE',  ( -0.5999999999999999778, -1.239999999999999991, 0.01000000000000000021 ) ) ;
#1289 = DIRECTION ( 'NONE',  ( 0.000000000000000000, 1.000000000000000000, -0.000000000000000000 ) ) ;
#1290 = CARTESIAN_POINT ( 'NONE',  ( 0.5999999999999999778, 1.098486643203810065, 0.5300000000000001377 ) ) ;
#1291 = EDGE_CURVE ( 'NONE', #5752, #2543, #10899, .T. ) ;
#1292 = EDGE_LOOP ( 'NONE', ( #9728, #5715, #2612, #5912 ) ) ;
#1293 = FACE_OUTER_BOUND ( 'NONE', #4388, .T. ) ;
#1294 = VERTEX_POINT ( 'NONE', #4133 ) ;
#1295 = AXIS2_PLACEMENT_3D ( 'NONE', #4060, #2455, #1676 ) ;
#1296 = EDGE_CURVE ( 'NONE', #10722, #9018, #6635, .T. ) ;
#1297 = EDGE_CURVE ( 'NONE', #5020, #9604, #10127, .T. ) ;
#1298 = PRESENTATION_LAYER_ASSIGNMENT (  '', '', ( #1819 ) ) ;
#1299 = ORIENTED_EDGE ( 'NONE', *, *, #1051, .T. ) ;
#1300 = CARTESIAN_POINT ( 'NONE',  ( 0.5350000000000000311, -0.9000000000000001332, 0.01000000000000000021 ) ) ;
#1301 = PLANE ( 'NONE',  #3859 ) ;
#1302 = VECTOR ( 'NONE', #1492, 1000.000000000000000 ) ;
#1303 = PRESENTATION_STYLE_ASSIGNMENT (( #7178 ) ) ;
#1304 = PRODUCT_CONTEXT ( 'NONE', #1112, 'mechanical' ) ;
#1305 = DIRECTION ( 'NONE',  ( 0.000000000000000000, -0.000000000000000000, 1.000000000000000000 ) ) ;
#1306 = ORIENTED_EDGE ( 'NONE', *, *, #8244, .F. ) ;
#1307 = ORIENTED_EDGE ( 'NONE', *, *, #360, .F. ) ;
#1308 = STYLED_ITEM ( 'NONE', ( #8738 ), #143 ) ;
#1309 = ORIENTED_EDGE ( 'NONE', *, *, #6712, .F. ) ;
#1310 = CARTESIAN_POINT ( 'NONE',  ( 0.2999999999999999889, -1.500000000000000000, 0.7900000000000000355 ) ) ;
#1311 = ORIENTED_EDGE ( 'NONE', *, *, #7695, .T. ) ;
#1312 = LINE ( 'NONE', #10565, #42 ) ;
#1313 = LINE ( 'NONE', #8840, #6143 ) ;
#1314 = CARTESIAN_POINT ( 'NONE',  ( 0.5999999999999998668, 1.399999999999999911, 0.01000000000000000021 ) ) ;
#1315 = ORIENTED_EDGE ( 'NONE', *, *, #732, .T. ) ;
#1316 = DIRECTION ( 'NONE',  ( 0.000000000000000000, 1.000000000000000000, 0.000000000000000000 ) ) ;
#1317 = VERTEX_POINT ( 'NONE', #806 ) ;
#1318 = UNCERTAINTY_MEASURE_WITH_UNIT (LENGTH_MEASURE( 1.000000000000000082E-05 ), #634, 'distance_accuracy_value', 'NONE');
#1319 = DIRECTION ( 'NONE',  ( 0.000000000000000000, 0.000000000000000000, 1.000000000000000000 ) ) ;
#1320 = FACE_OUTER_BOUND ( 'NONE', #3730, .T. ) ;
#1321 = CARTESIAN_POINT ( 'NONE',  ( 0.3002762822146826105, -1.499754031465949655, 0.01000000000000000021 ) ) ;
#1322 = VERTEX_POINT ( 'NONE', #1744 ) ;
#1323 = DIRECTION ( 'NONE',  ( 1.000000000000000000, -5.421010862427520198E-16, 0.000000000000000000 ) ) ;
#1324 = DIRECTION ( 'NONE',  ( 0.000000000000000000, -0.000000000000000000, -1.000000000000000000 ) ) ;
#1325 = CARTESIAN_POINT ( 'NONE',  ( -0.5999999999999999778, 0.000000000000000000, 0.001000000000000000021 ) ) ;
#1326 = CARTESIAN_POINT ( 'NONE',  ( 0.6000000000000000888, -1.399999999999999911, 0.01000000000000000021 ) ) ;
#1327 = ORIENTED_EDGE ( 'NONE', *, *, #10723, .T. ) ;
#1328 = FACE_OUTER_BOUND ( 'NONE', #1961, .T. ) ;
#1329 = AXIS2_PLACEMENT_3D ( 'NONE', #10821, #3060, #8268 ) ;
#1330 = ORIENTED_EDGE ( 'NONE', *, *, #978, .T. ) ;
#1331 = ORIENTED_EDGE ( 'NONE', *, *, #2311, .T. ) ;
#1332 = EDGE_CURVE ( 'NONE', #7499, #10313, #1695, .T. ) ;
#1333 = CARTESIAN_POINT ( 'NONE',  ( -0.1499999999999990230, 0.6400000000000000133, 0.5300000000000001377 ) ) ;
#1334 = AXIS2_PLACEMENT_3D ( 'NONE', #3008, #9059, #7176 ) ;
#1335 = COLOUR_RGB ( '',1.000000000000000000, 1.000000000000000000, 1.000000000000000000 ) ;
#1336 = DIRECTION ( 'NONE',  ( 0.000000000000000000, 1.000000000000000000, 0.000000000000000000 ) ) ;
#1337 = CARTESIAN_POINT ( 'NONE',  ( 0.5999999999999999778, -0.6971625444288770401, 0.5300000000000001377 ) ) ;
#1338 = ORIENTED_EDGE ( 'NONE', *, *, #7768, .F. ) ;
#1339 = CIRCLE ( 'NONE', #4701, 0.1999999999999999833 ) ;
#1340 = DIRECTION ( 'NONE',  ( 2.710505431213760099E-16, 1.000000000000000000, 0.000000000000000000 ) ) ;
#1341 = DIRECTION ( 'NONE',  ( -2.436409376371920126E-16, -1.000000000000000000, 0.000000000000000000 ) ) ;
#1342 = CARTESIAN_POINT ( 'NONE',  ( -0.3999931019927850384, -1.600000000000000089, 0.01000000000000000021 ) ) ;
#1343 = CARTESIAN_POINT ( 'NONE',  ( -0.5999999999999999778, -1.239999999999999991, 0.5200000000000000178 ) ) ;
#1344 = CARTESIAN_POINT ( 'NONE',  ( 0.5999999999999998668, -1.239999999999999991, 0.5300000000000001377 ) ) ;
#1345 = EDGE_LOOP ( 'NONE', ( #8665, #7244, #1650, #10748 ) ) ;
#1346 = CARTESIAN_POINT ( 'NONE',  ( 0.1318411998642919913, 0.4318411998642919802, 0.5300000000000001377 ) ) ;
#1347 = EDGE_LOOP ( 'NONE', ( #877, #5987, #4699, #1854 ) ) ;
#1348 = CARTESIAN_POINT ( 'NONE',  ( -0.1499999999999999944, 1.499754031465950099, 0.01000000000000000021 ) ) ;
#1349 = LINE ( 'NONE', #6497, #2335 ) ;
#1350 = COLOUR_RGB ( '',0.8705882352941176627, 0.6313725490196078205, 0.1725490196078431349 ) ;
#1351 = ORIENTED_EDGE ( 'NONE', *, *, #7134, .T. ) ;
#1352 = LINE ( 'NONE', #10610, #1606 ) ;
#1353 = FACE_OUTER_BOUND ( 'NONE', #3176, .T. ) ;
#1354 = EDGE_CURVE ( 'NONE', #9863, #5981, #8452, .T. ) ;
#1355 = FACE_OUTER_BOUND ( 'NONE', #10447, .T. ) ;
#1356 = MECHANICAL_DESIGN_GEOMETRIC_PRESENTATION_REPRESENTATION (  '', ( #3636 ), #7557 ) ;
#1357 = SHAPE_DEFINITION_REPRESENTATION ( #7805, #251 ) ;
#1358 = DIRECTION ( 'NONE',  ( 0.4788521306805730293, -0.8778955729143845810, 0.000000000000000000 ) ) ;
#1359 = ORIENTED_EDGE ( 'NONE', *, *, #909, .F. ) ;
#1360 = CARTESIAN_POINT ( 'NONE',  ( 0.3000000000000000444, -1.500000000000000000, 0.8000000000000000444 ) ) ;
#1361 = PRODUCT_RELATED_PRODUCT_CATEGORY ( 'part', '', ( #7897 ) ) ;
#1362 = ORIENTED_EDGE ( 'NONE', *, *, #4298, .T. ) ;
#1363 = EDGE_CURVE ( 'NONE', #491, #8359, #5177, .T. ) ;
#1364 = VECTOR ( 'NONE', #1107, 1000.000000000000000 ) ;
#1365 = CARTESIAN_POINT ( 'NONE',  ( -0.2399999999999999911, 1.600000000000000089, 0.000000000000000000 ) ) ;
#1366 = DIRECTION ( 'NONE',  ( 0.000000000000000000, 0.000000000000000000, 1.000000000000000000 ) ) ;
#1367 = SURFACE_STYLE_USAGE ( .BOTH. , #10514 ) ;
#1368 = ORIENTED_EDGE ( 'NONE', *, *, #3510, .T. ) ;
#1369 = EDGE_CURVE ( 'NONE', #5608, #3213, #3462, .T. ) ;
#1370 = DIRECTION ( 'NONE',  ( 2.710505431213769960E-16, -1.000000000000000000, 0.000000000000000000 ) ) ;
#1371 = EDGE_LOOP ( 'NONE', ( #9050, #367, #4618, #9681, #7083, #6760, #9087, #1838 ) ) ;
#1372 = ORIENTED_EDGE ( 'NONE', *, *, #6180, .T. ) ;
#1373 = CARTESIAN_POINT ( 'NONE',  ( -0.07499999999999998335, 1.599999999999999867, 0.5200000000000000178 ) ) ;
#1374 = VECTOR ( 'NONE', #8734, 1000.000000000000000 ) ;
#1375 = CARTESIAN_POINT ( 'NONE',  ( -0.5349999999999999201, 0.7000000000000000666, 0.005000000000000000104 ) ) ;
#1376 = LINE ( 'NONE', #2869, #7076 ) ;
#1377 = EDGE_LOOP ( 'NONE', ( #4044, #8979, #8274, #7859 ) ) ;
#1378 = LINE ( 'NONE', #2160, #10290 ) ;
#1379 = DIRECTION ( 'NONE',  ( 0.000000000000000000, -0.000000000000000000, -1.000000000000000000 ) ) ;
#1380 = LINE ( 'NONE', #7375, #5546 ) ;
#1381 = ORIENTED_EDGE ( 'NONE', *, *, #6624, .T. ) ;
#1382 = DIRECTION ( 'NONE',  ( 1.000000000000000000, -0.000000000000000000, 0.000000000000000000 ) ) ;
#1383 = VERTEX_POINT ( 'NONE', #10009 ) ;
#1384 = ORIENTED_EDGE ( 'NONE', *, *, #2326, .T. ) ;
#1385 = EDGE_CURVE ( 'NONE', #9507, #1590, #8394, .T. ) ;
#1386 = EDGE_CURVE ( 'NONE', #4777, #2634, #34, .T. ) ;
#1387 = CARTESIAN_POINT ( 'NONE',  ( -0.1200000000000000094, -0.1799999999999999933, 0.005000000000000000104 ) ) ;
#1388 = EDGE_CURVE ( 'NONE', #4940, #1947, #9178, .T. ) ;
#1389 = CARTESIAN_POINT ( 'NONE',  ( -0.1499999999999999944, -1.499754031465950099, 0.01000000000000000021 ) ) ;
#1390 = CARTESIAN_POINT ( 'NONE',  ( 0.000000000000000000, -1.600000000000000089, 0.001000000000000000021 ) ) ;
#1391 = ORIENTED_EDGE ( 'NONE', *, *, #5985, .F. ) ;
#1392 = CARTESIAN_POINT ( 'NONE',  ( -0.1281588001357080175, 0.1718411998642919991, 0.5200000000000000178 ) ) ;
#1393 = CARTESIAN_POINT ( 'NONE',  ( 0.000000000000000000, 0.000000000000000000, 0.5300000000000001377 ) ) ;
#1394 = DIRECTION ( 'NONE',  ( 0.000000000000000000, 1.000000000000000000, -0.000000000000000000 ) ) ;
#1395 = CARTESIAN_POINT ( 'NONE',  ( 0.1499999999999999667, 1.489999999999999991, 0.01000000000000000021 ) ) ;
#1396 = FACE_OUTER_BOUND ( 'NONE', #8400, .T. ) ;
#1397 = DIRECTION ( 'NONE',  ( 0.000000000000000000, -0.000000000000000000, -1.000000000000000000 ) ) ;
#1398 = DIRECTION ( 'NONE',  ( 0.000000000000000000, -0.000000000000000000, -1.000000000000000000 ) ) ;
#1399 = VERTEX_POINT ( 'NONE', #1644 ) ;
#1400 = STYLED_ITEM ( 'NONE', ( #9152 ), #2407 ) ;
#1401 = VECTOR ( 'NONE', #49, 1000.000000000000000 ) ;
#1402 = DIRECTION ( 'NONE',  ( -0.000000000000000000, -1.000000000000000000, 0.000000000000000000 ) ) ;
#1403 = ORIENTED_EDGE ( 'NONE', *, *, #614, .T. ) ;
#1404 = VERTEX_POINT ( 'NONE', #1584 ) ;
#1405 = ORIENTED_EDGE ( 'NONE', *, *, #778, .F. ) ;
#1406 = FACE_OUTER_BOUND ( 'NONE', #3475, .T. ) ;
#1407 = PLANE ( 'NONE',  #856 ) ;
#1408 = DIRECTION ( 'NONE',  ( 8.260587980841929905E-16, 1.000000000000000000, 0.000000000000000000 ) ) ;
#1409 = SHAPE_DEFINITION_REPRESENTATION ( #10112, #2091 ) ;
#1410 = LINE ( 'NONE', #8169, #9778 ) ;
#1411 = EDGE_CURVE ( 'NONE', #144, #7901, #4952, .T. ) ;
#1412 =( GEOMETRIC_REPRESENTATION_CONTEXT ( 3 ) GLOBAL_UNCERTAINTY_ASSIGNED_CONTEXT ( ( #7861 ) ) GLOBAL_UNIT_ASSIGNED_CONTEXT ( ( #3623, #1922, #1086 ) ) REPRESENTATION_CONTEXT ( 'NONE', 'WORKASPACE' ) );
#1413 = VERTEX_POINT ( 'NONE', #2473 ) ;
#1414 = CIRCLE ( 'NONE', #8134, 0.1961375929999999990 ) ;
#1415 = CARTESIAN_POINT ( 'NONE',  ( 0.5999999999999999778, 0.6400000000000000133, 0.01000000000000000021 ) ) ;
#1416 = ORIENTED_EDGE ( 'NONE', *, *, #6161, .T. ) ;
#1417 =( NAMED_UNIT ( * ) PLANE_ANGLE_UNIT ( ) SI_UNIT ( $, .RADIAN. ) );
#1418 = EDGE_CURVE ( 'NONE', #4387, #10505, #10069, .T. ) ;
#1419 = CARTESIAN_POINT ( 'NONE',  ( 0.5999999999999999778, 1.600000000000000089, 0.01000000000000000021 ) ) ;
#1420 = SURFACE_STYLE_USAGE ( .BOTH. , #534 ) ;
#1421 = ORIENTED_EDGE ( 'NONE', *, *, #701, .F. ) ;
#1422 = ORIENTED_EDGE ( 'NONE', *, *, #7111, .F. ) ;
#1423 = EDGE_CURVE ( 'NONE', #2084, #7796, #4078, .T. ) ;
#1424 = VECTOR ( 'NONE', #7384, 1000.000000000000000 ) ;
#1425 = LINE ( 'NONE', #4141, #8690 ) ;
#1426 = EDGE_CURVE ( 'NONE', #4573, #4856, #9349, .T. ) ;
#1427 = CARTESIAN_POINT ( 'NONE',  ( 0.5350000000000000311, 1.239999999999999991, 0.5200000000000000178 ) ) ;
#1428 = ADVANCED_FACE ( 'NONE', ( #6001 ), #8504, .T. ) ;
#1429 = VERTEX_POINT ( 'NONE', #7676 ) ;
#1430 = DIRECTION ( 'NONE',  ( 0.4788521306805730293, 0.8778955729143845810, 0.000000000000000000 ) ) ;
#1431 = PLANE ( 'NONE',  #10016 ) ;
#1432 = LINE ( 'NONE', #8249, #10388 ) ;
#1433 = CARTESIAN_POINT ( 'NONE',  ( 0.5999999999999973133, 1.399999999999999911, 0.7900000000000000355 ) ) ;
#1434 = ORIENTED_EDGE ( 'NONE', *, *, #1051, .F. ) ;
#1435 = FILL_AREA_STYLE_COLOUR ( '', #1506 ) ;
#1436 = VERTEX_POINT ( 'NONE', #6849 ) ;
#1437 = ORIENTED_EDGE ( 'NONE', *, *, #4931, .F. ) ;
#1438 = COLOUR_RGB ( '',0.3921568627450980338, 0.5999999999999999778, 0.3921568627450980338 ) ;
#1439 = EDGE_CURVE ( 'NONE', #8048, #914, #9398, .T. ) ;
#1440 = SURFACE_STYLE_FILL_AREA ( #6532 ) ;
#1441 = VECTOR ( 'NONE', #1503, 1000.000000000000000 ) ;
#1442 = PLANE ( 'NONE',  #7289 ) ;
#1443 = DIRECTION ( 'NONE',  ( 0.000000000000000000, -1.000000000000000000, 0.000000000000000000 ) ) ;
#1444 = ORIENTED_EDGE ( 'NONE', *, *, #344, .T. ) ;
#1445 = FILL_AREA_STYLE ('',( #9550 ) ) ;
#1446 =( GEOMETRIC_REPRESENTATION_CONTEXT ( 3 ) GLOBAL_UNCERTAINTY_ASSIGNED_CONTEXT ( ( #4640 ) ) GLOBAL_UNIT_ASSIGNED_CONTEXT ( ( #3211, #4872, #10868 ) ) REPRESENTATION_CONTEXT ( 'NONE', 'WORKASPACE' ) );
#1447 = CARTESIAN_POINT ( 'NONE',  ( 0.2925934069883829869, 0.9000000000000001332, 0.000000000000000000 ) ) ;
#1448 = CARTESIAN_POINT ( 'NONE',  ( -0.5999999999999999778, -1.403900576581448956, 0.000000000000000000 ) ) ;
#1449 = DIRECTION ( 'NONE',  ( 0.000000000000000000, -1.000000000000000000, -0.000000000000000000 ) ) ;
#1450 = ADVANCED_FACE ( 'NONE', ( #3297 ), #6682, .T. ) ;
#1451 = DIRECTION ( 'NONE',  ( -0.4788521306805730293, -0.8778955729143845810, 0.000000000000000000 ) ) ;
#1452 = FACE_OUTER_BOUND ( 'NONE', #9855, .T. ) ;
#1453 = DIRECTION ( 'NONE',  ( -7.608436298143890073E-16, -1.000000000000000000, 0.000000000000000000 ) ) ;
#1454 = EDGE_LOOP ( 'NONE', ( #3460, #6992, #7754, #8953 ) ) ;
#1455 = VECTOR ( 'NONE', #8176, 1000.000000000000000 ) ;
#1456 = CARTESIAN_POINT ( 'NONE',  ( 0.5350000000000000311, -0.6400000000000000133, 0.01000000000000000021 ) ) ;
#1458 = EDGE_LOOP ( 'NONE', ( #5515, #8506, #7516, #2302 ) ) ;
#1457 = EDGE_CURVE ( 'NONE', #4434, #6112, #6895, .T. ) ;
#1459 = ADVANCED_FACE ( 'NONE', ( #8778 ), #9509, .T. ) ;
#1460 = CARTESIAN_POINT ( 'NONE',  ( -0.5350000000000000311, 0.9000000000000001332, 0.01000000000000000021 ) ) ;
#1461 = VECTOR ( 'NONE', #1882, 1000.000000000000000 ) ;
#1462 = SURFACE_STYLE_USAGE ( .BOTH. , #10608 ) ;
#1463 = EDGE_LOOP ( 'NONE', ( #2796, #5756, #4480, #271 ) ) ;
#1464 = EDGE_CURVE ( 'NONE', #2092, #2438, #5280, .T. ) ;
#1465 = PRESENTATION_LAYER_ASSIGNMENT (  '', '', ( #7486 ) ) ;
#1466 = ORIENTED_EDGE ( 'NONE', *, *, #1504, .T. ) ;
#1467 = LINE ( 'NONE', #4783, #6008 ) ;
#1468 = LINE ( 'NONE', #4846, #10724 ) ;
#1469 = VECTOR ( 'NONE', #10356, 1000.000000000000000 ) ;
#1470 = VECTOR ( 'NONE', #7292, 1000.000000000000000 ) ;
#1471 = LINE ( 'NONE', #5786, #3116 ) ;
#1472 = PRESENTATION_STYLE_ASSIGNMENT (( #9007 ) ) ;
#1473 = VECTOR ( 'NONE', #4555, 1000.000000000000000 ) ;
#1474 = ADVANCED_FACE ( 'NONE', ( #2840 ), #8672, .F. ) ;
#1475 = PLANE ( 'NONE',  #5483 ) ;
#1476 = AXIS2_PLACEMENT_3D ( 'NONE', #2508, #10103, #10825 ) ;
#1477 = ADVANCED_BREP_SHAPE_REPRESENTATION ( '', ( #9904, #2231 ), #2388 ) ;
#1478 = ORIENTED_EDGE ( 'NONE', *, *, #8244, .T. ) ;
#1479 = VECTOR ( 'NONE', #4484, 1000.000000000000000 ) ;
#1480 = DIRECTION ( 'NONE',  ( -1.807744701332710101E-16, 1.000000000000000000, 0.000000000000000000 ) ) ;
#1481 = ORIENTED_EDGE ( 'NONE', *, *, #9679, .F. ) ;
#1482 = CARTESIAN_POINT ( 'NONE',  ( 0.5999999999999999778, 0.6400000000000000133, 0.5300000000000001377 ) ) ;
#1483 = ORIENTED_EDGE ( 'NONE', *, *, #7781, .F. ) ;
#1484 = VERTEX_POINT ( 'NONE', #7843 ) ;
#1485 = CARTESIAN_POINT ( 'NONE',  ( -0.1499999999999999944, 1.499754031465950099, 0.01000000000000000021 ) ) ;
#1486 = FACE_OUTER_BOUND ( 'NONE', #10511, .T. ) ;
#1487 =( NAMED_UNIT ( * ) SI_UNIT ( $, .STERADIAN. ) SOLID_ANGLE_UNIT ( ) );
#1488 = FILL_AREA_STYLE ('',( #9743 ) ) ;
#1489 = EDGE_CURVE ( 'NONE', #3818, #21, #10500, .T. ) ;
#1490 = CARTESIAN_POINT ( 'NONE',  ( 0.5999999999999998668, 0.6999999999999999556, 0.001000000000000000021 ) ) ;
#1491 = LINE ( 'NONE', #8300, #1550 ) ;
#1492 = DIRECTION ( 'NONE',  ( 0.000000000000000000, -1.000000000000000000, -0.000000000000000000 ) ) ;
#1493 = EDGE_CURVE ( 'NONE', #5806, #4180, #10438, .T. ) ;
#1494 = ORIENTED_EDGE ( 'NONE', *, *, #2394, .T. ) ;
#1495 = DIRECTION ( 'NONE',  ( 0.000000000000000000, -0.000000000000000000, -1.000000000000000000 ) ) ;
#1496 = EDGE_CURVE ( 'NONE', #7989, #3160, #10385, .T. ) ;
#1497 = ORIENTED_EDGE ( 'NONE', *, *, #3799, .T. ) ;
#1498 = ORIENTED_EDGE ( 'NONE', *, *, #11, .T. ) ;
#1499 = DIRECTION ( 'NONE',  ( 0.000000000000000000, -0.000000000000000000, -1.000000000000000000 ) ) ;
#1500 = DIRECTION ( 'NONE',  ( 1.000000000000000000, 0.000000000000000000, 0.000000000000000000 ) ) ;
#1501 = SURFACE_STYLE_FILL_AREA ( #5036 ) ;
#1502 = ORIENTED_EDGE ( 'NONE', *, *, #3214, .F. ) ;
#1503 = DIRECTION ( 'NONE',  ( -1.000000000000000000, 0.000000000000000000, -0.000000000000000000 ) ) ;
#1504 = EDGE_CURVE ( 'NONE', #4097, #528, #1914, .T. ) ;
#1505 = LINE ( 'NONE', #7495, #5133 ) ;
#1506 = COLOUR_RGB ( '',1.000000000000000000, 1.000000000000000000, 1.000000000000000000 ) ;
#1507 = DIRECTION ( 'NONE',  ( 1.000000000000000000, 1.548860246407859885E-16, 0.000000000000000000 ) ) ;
#1508 = ADVANCED_FACE ( 'NONE', ( #6273 ), #142, .F. ) ;
#1509 =( LENGTH_UNIT ( ) NAMED_UNIT ( * ) SI_UNIT ( .MILLI., .METRE. ) );
#1510 = CARTESIAN_POINT ( 'NONE',  ( 0.2100000000000000200, -0.03000000000000000236, 0.005000000000000000104 ) ) ;
#1511 = DIRECTION ( 'NONE',  ( 4.365477497387350117E-16, 1.000000000000000000, 0.000000000000000000 ) ) ;
#1512 = ORIENTED_EDGE ( 'NONE', *, *, #319, .F. ) ;
#1513 = LINE ( 'NONE', #5660, #6655 ) ;
#1514 = ORIENTED_EDGE ( 'NONE', *, *, #9253, .T. ) ;
#1515 = EDGE_CURVE ( 'NONE', #1518, #231, #3613, .T. ) ;
#1516 = LINE ( 'NONE', #9937, #1815 ) ;
#1517 = AXIS2_PLACEMENT_3D ( 'NONE', #1712, #8414, #9365 ) ;
#1518 = VERTEX_POINT ( 'NONE', #10333 ) ;
#1519 = EDGE_LOOP ( 'NONE', ( #3298, #10010, #368, #8531 ) ) ;
#1520 = VECTOR ( 'NONE', #9874, 1000.000000000000227 ) ;
#1521 = VERTEX_POINT ( 'NONE', #2025 ) ;
#1522 = FACE_OUTER_BOUND ( 'NONE', #3625, .T. ) ;
#1523 = LINE ( 'NONE', #4898, #7760 ) ;
#1524 = VECTOR ( 'NONE', #9969, 1000.000000000000000 ) ;
#1525 = VECTOR ( 'NONE', #1616, 1000.000000000000000 ) ;
#1526 = FACE_OUTER_BOUND ( 'NONE', #941, .T. ) ;
#1527 = CONTEXT_DEPENDENT_SHAPE_REPRESENTATION ( #10893, #8421 ) ;
#1528 = PLANE ( 'NONE',  #10482 ) ;
#1529 = AXIS2_PLACEMENT_3D ( 'NONE', #2453, #724, #2505 ) ;
#1530 = EDGE_CURVE ( 'NONE', #10252, #5494, #7014, .T. ) ;
#1531 = DIRECTION ( 'NONE',  ( -3.252606517456509851E-16, -1.000000000000000000, 0.000000000000000000 ) ) ;
#1532 = ORIENTED_EDGE ( 'NONE', *, *, #3050, .F. ) ;
#1533 = CARTESIAN_POINT ( 'NONE',  ( -0.5350000000000000311, 1.100000000000000089, 0.005000000000000000104 ) ) ;
#1534 = ORIENTED_EDGE ( 'NONE', *, *, #8158, .T. ) ;
#1535 = CARTESIAN_POINT ( 'NONE',  ( 0.5999999999999999778, 0.000000000000000000, 0.001000000000000000021 ) ) ;
#1536 =( NAMED_UNIT ( * ) SI_UNIT ( $, .STERADIAN. ) SOLID_ANGLE_UNIT ( ) );
#1537 = ORIENTED_EDGE ( 'NONE', *, *, #10220, .F. ) ;
#1538 = ORIENTED_EDGE ( 'NONE', *, *, #2248, .T. ) ;
#1539 = LINE ( 'NONE', #4910, #3196 ) ;
#1540 = EDGE_CURVE ( 'NONE', #4975, #3202, #4568, .T. ) ;
#1541 = LINE ( 'NONE', #4086, #7783 ) ;
#1542 = AXIS2_PLACEMENT_3D ( 'NONE', #6872, #9376, #5309 ) ;
#1543 = DIRECTION ( 'NONE',  ( 0.000000000000000000, -0.000000000000000000, -1.000000000000000000 ) ) ;
#1544 = LINE ( 'NONE', #4149, #8796 ) ;
#1545 = CARTESIAN_POINT ( 'NONE',  ( 0.5999999999999999778, 0.04950000000000000233, 0.01000000000000000021 ) ) ;
#1546 = ORIENTED_EDGE ( 'NONE', *, *, #695, .F. ) ;
#1547 = DIRECTION ( 'NONE',  ( -0.000000000000000000, -0.000000000000000000, -1.000000000000000000 ) ) ;
#1548 = ORIENTED_EDGE ( 'NONE', *, *, #5070, .F. ) ;
#1549 = VERTEX_POINT ( 'NONE', #6958 ) ;
#1550 = VECTOR ( 'NONE', #602, 1000.000000000000000 ) ;
#1551 = DIRECTION ( 'NONE',  ( 0.9993908270190957621, 0.000000000000000000, -0.03489949670250089286 ) ) ;
#1552 = EDGE_CURVE ( 'NONE', #613, #9973, #2736, .T. ) ;
#1553 = LINE ( 'NONE', #3158, #1981 ) ;
#1554 = DIRECTION ( 'NONE',  ( 0.000000000000000000, -0.000000000000000000, 1.000000000000000000 ) ) ;
#1555 = ORIENTED_EDGE ( 'NONE', *, *, #5208, .T. ) ;
#1556 = LINE ( 'NONE', #7431, #3910 ) ;
#1557 = ADVANCED_FACE ( 'NONE', ( #6224 ), #5336, .F. ) ;
#1558 = DIRECTION ( 'NONE',  ( -1.000000000000000000, 0.000000000000000000, -0.000000000000000000 ) ) ;
#1559 = DIRECTION ( 'NONE',  ( -0.000000000000000000, -0.000000000000000000, -1.000000000000000000 ) ) ;
#1560 = LINE ( 'NONE', #1721, #585 ) ;
#1561 = LINE ( 'NONE', #7704, #9829 ) ;
#1562 = ORIENTED_EDGE ( 'NONE', *, *, #7017, .F. ) ;
#1563 = CARTESIAN_POINT ( 'NONE',  ( 0.5350000000000000311, 0.9000000000000001332, 0.01000000000000000021 ) ) ;
#1564 = VERTEX_POINT ( 'NONE', #4734 ) ;
#1565 = LINE ( 'NONE', #727, #8898 ) ;
#1566 = DIRECTION ( 'NONE',  ( 0.000000000000000000, -0.000000000000000000, 1.000000000000000000 ) ) ;
#1567 = VECTOR ( 'NONE', #6333, 1000.000000000000000 ) ;
#1568 = EDGE_CURVE ( 'NONE', #5236, #4291, #3132, .T. ) ;
#1569 = ORIENTED_EDGE ( 'NONE', *, *, #552, .F. ) ;
#1570 = ORIENTED_EDGE ( 'NONE', *, *, #10820, .F. ) ;
#1571 = CARTESIAN_POINT ( 'NONE',  ( 0.5999999999999999778, 1.600000000000000089, 0.000000000000000000 ) ) ;
#1572 = CARTESIAN_POINT ( 'NONE',  ( 0.1499999999999999944, -1.489999999999999991, 0.01000000000000000021 ) ) ;
#1573 = STYLED_ITEM ( 'NONE', ( #4275 ), #2577 ) ;
#1574 = DIRECTION ( 'NONE',  ( 1.000000000000000000, 0.000000000000000000, -0.000000000000000000 ) ) ;
#1575 = FACE_OUTER_BOUND ( 'NONE', #10552, .T. ) ;
#1576 = DIRECTION ( 'NONE',  ( -1.000000000000000000, 0.000000000000000000, -0.000000000000000000 ) ) ;
#1577 = FACE_OUTER_BOUND ( 'NONE', #6639, .T. ) ;
#1578 = EDGE_CURVE ( 'NONE', #262, #2460, #7347, .T. ) ;
#1579 = EDGE_CURVE ( 'NONE', #3136, #450, #7399, .T. ) ;
#1580 = EDGE_CURVE ( 'NONE', #2123, #2543, #7232, .T. ) ;
#1581 = FACE_OUTER_BOUND ( 'NONE', #8845, .T. ) ;
#1582 = VERTEX_POINT ( 'NONE', #6554 ) ;
#1583 = EDGE_CURVE ( 'NONE', #2703, #9677, #1468, .T. ) ;
#1584 = CARTESIAN_POINT ( 'NONE',  ( 0.2399563975748849887, -1.600000000000000089, 0.000000000000000000 ) ) ;
#1585 = VERTEX_POINT ( 'NONE', #2357 ) ;
#1586 = EDGE_CURVE ( 'NONE', #85, #7212, #4678, .T. ) ;
#1587 =( LENGTH_UNIT ( ) NAMED_UNIT ( * ) SI_UNIT ( .MILLI., .METRE. ) );
#1588 = DIRECTION ( 'NONE',  ( -0.000000000000000000, 0.000000000000000000, 1.000000000000000000 ) ) ;
#1589 = SURFACE_STYLE_USAGE ( .BOTH. , #5120 ) ;
#1590 = VERTEX_POINT ( 'NONE', #5615 ) ;
#1591 = VERTEX_POINT ( 'NONE', #632 ) ;
#1592 = EDGE_CURVE ( 'NONE', #290, #4851, #8947, .T. ) ;
#1593 = LINE ( 'NONE', #6629, #5676 ) ;
#1594 =( GEOMETRIC_REPRESENTATION_CONTEXT ( 3 ) GLOBAL_UNCERTAINTY_ASSIGNED_CONTEXT ( ( #4532 ) ) GLOBAL_UNIT_ASSIGNED_CONTEXT ( ( #1597, #5634, #1487 ) ) REPRESENTATION_CONTEXT ( 'NONE', 'WORKASPACE' ) );
#1595 = FILL_AREA_STYLE ('',( #9907 ) ) ;
#1596 = VECTOR ( 'NONE', #9281, 1000.000000000000000 ) ;
#1597 =( LENGTH_UNIT ( ) NAMED_UNIT ( * ) SI_UNIT ( .MILLI., .METRE. ) );
#1598 = DIRECTION ( 'NONE',  ( -0.000000000000000000, -1.000000000000000000, -0.000000000000000000 ) ) ;
#1599 = ORIENTED_EDGE ( 'NONE', *, *, #7724, .F. ) ;
#1600 = LINE ( 'NONE', #4206, #1042 ) ;
#1601 = LINE ( 'NONE', #6694, #2779 ) ;
#1602 = DIRECTION ( 'NONE',  ( -0.000000000000000000, -0.000000000000000000, 1.000000000000000000 ) ) ;
#1603 = ORIENTED_EDGE ( 'NONE', *, *, #5214, .T. ) ;
#1604 = VECTOR ( 'NONE', #586, 1000.000000000000000 ) ;
#1605 = CARTESIAN_POINT ( 'NONE',  ( 0.5999999999999999778, 1.239999999999999991, 0.000000000000000000 ) ) ;
#1606 = VECTOR ( 'NONE', #414, 1000.000000000000000 ) ;
#1607 = VERTEX_POINT ( 'NONE', #9005 ) ;
#1608 = ORIENTED_EDGE ( 'NONE', *, *, #7329, .T. ) ;
#1609 = PRODUCT_DEFINITION_SHAPE ( 'NONE', 'NONE',  #8060 ) ;
#1610 = DIRECTION ( 'NONE',  ( -1.000000000000000000, -1.897353801849639859E-15, 0.000000000000000000 ) ) ;
#1611 = VERTEX_POINT ( 'NONE', #8828 ) ;
#1612 = DIRECTION ( 'NONE',  ( 0.000000000000000000, -0.000000000000000000, 1.000000000000000000 ) ) ;
#1613 = FILL_AREA_STYLE_COLOUR ( '', #2638 ) ;
#1614 = PLANE ( 'NONE',  #3364 ) ;
#1615 = DIRECTION ( 'NONE',  ( -1.000000000000000000, -8.260587980841929905E-16, 0.000000000000000000 ) ) ;
#1616 = DIRECTION ( 'NONE',  ( 1.000000000000000000, 0.000000000000000000, -0.000000000000000000 ) ) ;
#1617 = CARTESIAN_POINT ( 'NONE',  ( 0.2400000000000000189, -1.600000000000000089, 0.7900000000000000355 ) ) ;
#1618 = ORIENTED_EDGE ( 'NONE', *, *, #7781, .T. ) ;
#1619 = CARTESIAN_POINT ( 'NONE',  ( -0.3197770700636929919, 0.5999999999999999778, 0.5300000000000001377 ) ) ;
#1620 = ORIENTED_EDGE ( 'NONE', *, *, #10493, .T. ) ;
#1621 = VECTOR ( 'NONE', #10408, 1000.000000000000000 ) ;
#1622 = PLANE ( 'NONE',  #4123 ) ;
#1623 = VECTOR ( 'NONE', #4658, 1000.000000000000000 ) ;
#1624 = ORIENTED_EDGE ( 'NONE', *, *, #2575, .T. ) ;
#1625 = VECTOR ( 'NONE', #8515, 1000.000000000000000 ) ;
#1626 = ORIENTED_EDGE ( 'NONE', *, *, #2914, .F. ) ;
#1627 = EDGE_CURVE ( 'NONE', #4669, #7073, #6504, .T. ) ;
#1628 = DIRECTION ( 'NONE',  ( 1.093313115111429997E-15, 1.000000000000000000, 0.000000000000000000 ) ) ;
#1629 = LINE ( 'NONE', #4999, #9609 ) ;
#1630 = CARTESIAN_POINT ( 'NONE',  ( -0.5999999999999999778, 0.7005555010695040385, 0.5200000000000000178 ) ) ;
#1631 = SURFACE_STYLE_USAGE ( .BOTH. , #6725 ) ;
#1632 = FACE_OUTER_BOUND ( 'NONE', #9379, .T. ) ;
#1633 = VECTOR ( 'NONE', #1820, 1000.000000000000000 ) ;
#1634 = EDGE_CURVE ( 'NONE', #2092, #8251, #524, .T. ) ;
#1635 = LINE ( 'NONE', #2359, #3819 ) ;
#1636 = ITEM_DEFINED_TRANSFORMATION ( 'NONE', 'NONE', #8745,  #2231 ) ;
#1637 = ADVANCED_FACE ( 'NONE', ( #1353 ), #8887, .T. ) ;
#1638 = DIRECTION ( 'NONE',  ( 1.000000000000000000, -1.649872471260939997E-15, 0.000000000000000000 ) ) ;
#1639 =( GEOMETRIC_REPRESENTATION_CONTEXT ( 3 ) GLOBAL_UNCERTAINTY_ASSIGNED_CONTEXT ( ( #10403 ) ) GLOBAL_UNIT_ASSIGNED_CONTEXT ( ( #5811, #4871, #9199 ) ) REPRESENTATION_CONTEXT ( 'NONE', 'WORKASPACE' ) );
#1640 = AXIS2_PLACEMENT_3D ( 'NONE', #3629, #7028, #6014 ) ;
#1641 = DIRECTION ( 'NONE',  ( -0.000000000000000000, -1.000000000000000000, 0.000000000000000000 ) ) ;
#1642 = VERTEX_POINT ( 'NONE', #579 ) ;
#1643 = VECTOR ( 'NONE', #4410, 1000.000000000000000 ) ;
#1644 = CARTESIAN_POINT ( 'NONE',  ( 0.3999999999999999667, 1.600000000000000089, 0.7900000000000000355 ) ) ;
#1645 = VECTOR ( 'NONE', #6372, 1000.000000000000000 ) ;
#1646 = EDGE_LOOP ( 'NONE', ( #1315, #8345, #1862, #2595 ) ) ;
#1647 = LINE ( 'NONE', #4198, #5996 ) ;
#1648 = FILL_AREA_STYLE ('',( #2633 ) ) ;
#1649 = VERTEX_POINT ( 'NONE', #9777 ) ;
#1650 = ORIENTED_EDGE ( 'NONE', *, *, #199, .T. ) ;
#1651 = VECTOR ( 'NONE', #2715, 1000.000000000000000 ) ;
#1652 = CARTESIAN_POINT ( 'NONE',  ( 0.3197770700636929919, 0.5999999999999999778, 0.5200000000000000178 ) ) ;
#1653 = VECTOR ( 'NONE', #9585, 1000.000000000000000 ) ;
#1654 = DIRECTION ( 'NONE',  ( 0.000000000000000000, 1.000000000000000000, 0.000000000000000000 ) ) ;
#1655 = ORIENTED_EDGE ( 'NONE', *, *, #7823, .T. ) ;
#1656 = CARTESIAN_POINT ( 'NONE',  ( -0.1281588001357080175, 0.1718411998642919991, 0.5300000000000001377 ) ) ;
#1657 = CYLINDRICAL_SURFACE ( 'NONE', #6678, 0.1999999999999999833 ) ;
#1658 = DIRECTION ( 'NONE',  ( 1.000000000000000000, 0.000000000000000000, -0.000000000000000000 ) ) ;
#1659 = ORIENTED_EDGE ( 'NONE', *, *, #8087, .T. ) ;
#1660 = LINE ( 'NONE', #4973, #8415 ) ;
#1661 = ORIENTED_EDGE ( 'NONE', *, *, #5500, .F. ) ;
#1662 = ORIENTED_EDGE ( 'NONE', *, *, #3391, .T. ) ;
#1663 = STYLED_ITEM ( 'NONE', ( #9467 ), #9904 ) ;
#1664 = VECTOR ( 'NONE', #10496, 1000.000000000000000 ) ;
#1665 = PLANE ( 'NONE',  #2851 ) ;
#1666 = CARTESIAN_POINT ( 'NONE',  ( 0.5999999999999999778, 0.04950000000000000233, 0.01000000000000000021 ) ) ;
#1667 = VERTEX_POINT ( 'NONE', #2953 ) ;
#1668 = CARTESIAN_POINT ( 'NONE',  ( 0.5350000000000000311, -1.239999999999999991, 0.5300000000000001377 ) ) ;
#1669 = PLANE ( 'NONE',  #8382 ) ;
#1670 = CARTESIAN_POINT ( 'NONE',  ( -0.5999999999999999778, 1.600000000000000089, 0.5300000000000001377 ) ) ;
#1671 = LINE ( 'NONE', #12, #8602 ) ;
#1672 = DIRECTION ( 'NONE',  ( 0.8568425004786157650, 0.5155782475760137817, 0.000000000000000000 ) ) ;
#1673 = ORIENTED_EDGE ( 'NONE', *, *, #4567, .F. ) ;
#1674 = DIRECTION ( 'NONE',  ( 0.000000000000000000, 1.000000000000000000, 0.000000000000000000 ) ) ;
#1675 = ORIENTED_EDGE ( 'NONE', *, *, #5674, .T. ) ;
#1676 = DIRECTION ( 'NONE',  ( -1.807003620809169948E-16, -1.000000000000000000, 0.000000000000000000 ) ) ;
#1677 = CARTESIAN_POINT ( 'NONE',  ( 0.5999999999999999778, 1.100000000000000089, 0.001000000000000000021 ) ) ;
#1678 = ORIENTED_EDGE ( 'NONE', *, *, #4374, .T. ) ;
#1679 = AXIS2_PLACEMENT_3D ( 'NONE', #4514, #1918, #1030 ) ;
#1680 = APPLICATION_CONTEXT ( 'automotive_design' ) ;
#1681 = ORIENTED_EDGE ( 'NONE', *, *, #5148, .T. ) ;
#1682 = LINE ( 'NONE', #5106, #8848 ) ;
#1683 = LINE ( 'NONE', #5782, #2701 ) ;
#1684 = DIRECTION ( 'NONE',  ( 0.000000000000000000, -1.000000000000000000, 0.000000000000000000 ) ) ;
#1685 = SURFACE_STYLE_USAGE ( .BOTH. , #9284 ) ;
#1686 = DIRECTION ( 'NONE',  ( 0.000000000000000000, 0.000000000000000000, -1.000000000000000000 ) ) ;
#1687 = AXIS2_PLACEMENT_3D ( 'NONE', #9330, #8483, #891 ) ;
#1688 = LINE ( 'NONE', #3238, #3942 ) ;
#1689 = VECTOR ( 'NONE', #5394, 1000.000000000000227 ) ;
#1690 = VECTOR ( 'NONE', #7832, 1000.000000000000000 ) ;
#1691 = DIRECTION ( 'NONE',  ( 0.000000000000000000, 1.000000000000000000, 0.000000000000000000 ) ) ;
#1692 = ORIENTED_EDGE ( 'NONE', *, *, #1840, .T. ) ;
#1693 = EDGE_CURVE ( 'NONE', #5659, #8760, #7288, .T. ) ;
#1694 = VECTOR ( 'NONE', #6131, 1000.000000000000000 ) ;
#1695 = LINE ( 'NONE', #4250, #6998 ) ;
#1696 = ORIENTED_EDGE ( 'NONE', *, *, #678, .F. ) ;
#1697 = VECTOR ( 'NONE', #6661, 1000.000000000000000 ) ;
#1698 = PRODUCT ( 'Pins_top_6', 'Pins_top_6', '', ( #1195 ) ) ;
#1699 = DIRECTION ( 'NONE',  ( 1.000000000000000000, 0.000000000000000000, 0.000000000000000000 ) ) ;
#1700 = VERTEX_POINT ( 'NONE', #3071 ) ;
#1701 = ORIENTED_EDGE ( 'NONE', *, *, #5979, .T. ) ;
#1702 = ADVANCED_FACE ( 'NONE', ( #9721 ), #1301, .F. ) ;
#1703 = DIRECTION ( 'NONE',  ( -0.000000000000000000, -1.000000000000000000, -0.000000000000000000 ) ) ;
#1704 = ADVANCED_FACE ( 'NONE', ( #5563 ), #1407, .F. ) ;
#1705 = COLOUR_RGB ( '',0.3921568627450980338, 0.5999999999999999778, 0.3921568627450980338 ) ;
#1706 = CARTESIAN_POINT ( 'NONE',  ( 0.5350000000000000311, 1.102908420521089949, 0.5200000000000000178 ) ) ;
#1707 = ORIENTED_EDGE ( 'NONE', *, *, #3931, .F. ) ;
#1708 = DIRECTION ( 'NONE',  ( -1.000000000000000000, 0.000000000000000000, -0.000000000000000000 ) ) ;
#1709 = SURFACE_STYLE_USAGE ( .BOTH. , #7687 ) ;
#1710 = CARTESIAN_POINT ( 'NONE',  ( -0.5350000000000000311, -0.6400000000000000133, 0.5300000000000001377 ) ) ;
#1711 = VERTEX_POINT ( 'NONE', #794 ) ;
#1712 = CARTESIAN_POINT ( 'NONE',  ( 0.000000000000000000, 0.000000000000000000, 0.001000000000000000021 ) ) ;
#1713 = ORIENTED_EDGE ( 'NONE', *, *, #2874, .F. ) ;
#1714 = VERTEX_POINT ( 'NONE', #5943 ) ;
#1715 = DIRECTION ( 'NONE',  ( -0.03489949670250088593, 0.000000000000000000, 0.9993908270190956511 ) ) ;
#1716 = SURFACE_SIDE_STYLE ('',( #6647 ) ) ;
#1717 = SURFACE_SIDE_STYLE ('',( #1501 ) ) ;
#1718 = ORIENTED_EDGE ( 'NONE', *, *, #7286, .F. ) ;
#1719 = FACE_OUTER_BOUND ( 'NONE', #10881, .T. ) ;
#1720 = DIRECTION ( 'NONE',  ( 0.000000000000000000, -0.000000000000000000, -1.000000000000000000 ) ) ;
#1721 = CARTESIAN_POINT ( 'NONE',  ( -0.1499999999999999944, 0.9000000000000001332, 0.7900000000000000355 ) ) ;
#1722 = EDGE_CURVE ( 'NONE', #2688, #10515, #4239, .T. ) ;
#1723 = DIRECTION ( 'NONE',  ( 1.000000000000000000, -1.042502088928370027E-16, 0.000000000000000000 ) ) ;
#1724 = CIRCLE ( 'NONE', #7735, 0.1999999999999999833 ) ;
#1725 = EDGE_CURVE ( 'NONE', #1761, #4655, #8459, .T. ) ;
#1726 = DIRECTION ( 'NONE',  ( 0.000000000000000000, -0.000000000000000000, -1.000000000000000000 ) ) ;
#1727 = ORIENTED_EDGE ( 'NONE', *, *, #1722, .T. ) ;
#1728 = SURFACE_STYLE_FILL_AREA ( #8702 ) ;
#1730 = ORIENTED_EDGE ( 'NONE', *, *, #7722, .F. ) ;
#1729 = EDGE_CURVE ( 'NONE', #10386, #5683, #2569, .T. ) ;
#1731 = ORIENTED_EDGE ( 'NONE', *, *, #1076, .T. ) ;
#1732 = ORIENTED_EDGE ( 'NONE', *, *, #1354, .F. ) ;
#1733 = CARTESIAN_POINT ( 'NONE',  ( -0.5999999999999999778, 1.239999999999999991, 0.01000000000000000021 ) ) ;
#1734 = LINE ( 'NONE', #8552, #3409 ) ;
#1735 = DIRECTION ( 'NONE',  ( 1.000000000000000000, 0.000000000000000000, 0.000000000000000000 ) ) ;
#1736 = DIRECTION ( 'NONE',  ( 0.000000000000000000, 1.000000000000000000, -0.000000000000000000 ) ) ;
#1737 = CARTESIAN_POINT ( 'NONE',  ( -0.1200000000000000094, 0.02000000000000000042, 0.005000000000000000104 ) ) ;
#1738 = UNCERTAINTY_MEASURE_WITH_UNIT (LENGTH_MEASURE( 1.000000000000000082E-05 ), #8906, 'distance_accuracy_value', 'NONE');
#1739 = CARTESIAN_POINT ( 'NONE',  ( -0.5999999999999999778, -1.600000000000000089, 0.5200000000000000178 ) ) ;
#1740 = VECTOR ( 'NONE', #5439, 1000.000000000000000 ) ;
#1741 = APPLICATION_CONTEXT ( 'automotive_design' ) ;
#1742 = DIRECTION ( 'NONE',  ( 0.000000000000000000, 1.000000000000000000, 0.000000000000000000 ) ) ;
#1743 = ORIENTED_EDGE ( 'NONE', *, *, #91, .T. ) ;
#1744 = CARTESIAN_POINT ( 'NONE',  ( 0.5999999999999996447, 0.6999999999999999556, 0.005000000000000000104 ) ) ;
#1745 = VERTEX_POINT ( 'NONE', #9221 ) ;
#1746 = LINE ( 'NONE', #7019, #2768 ) ;
#1747 = VERTEX_POINT ( 'NONE', #5000 ) ;
#1748 = VERTEX_POINT ( 'NONE', #7669 ) ;
#1749 = EDGE_CURVE ( 'NONE', #3202, #1383, #5109, .T. ) ;
#1750 = PLANE ( 'NONE',  #7612 ) ;
#1751 = VECTOR ( 'NONE', #811, 1000.000000000000000 ) ;
#1752 = CARTESIAN_POINT ( 'NONE',  ( 0.5999999999999999778, 0.6000000000000000888, 0.01000000000000000021 ) ) ;
#1753 = ORIENTED_EDGE ( 'NONE', *, *, #3389, .F. ) ;
#1754 = CARTESIAN_POINT ( 'NONE',  ( 0.5999999999999999778, 0.6400000000000000133, 0.000000000000000000 ) ) ;
#1755 = DIRECTION ( 'NONE',  ( 0.000000000000000000, 0.000000000000000000, 1.000000000000000000 ) ) ;
#1756 = EDGE_CURVE ( 'NONE', #9540, #10936, #5784, .T. ) ;
#1757 = DIRECTION ( 'NONE',  ( -1.000000000000000000, -0.000000000000000000, 0.000000000000000000 ) ) ;
#1758 = ORIENTED_EDGE ( 'NONE', *, *, #3542, .T. ) ;
#1759 = FACE_OUTER_BOUND ( 'NONE', #3630, .T. ) ;
#1760 = SURFACE_STYLE_FILL_AREA ( #5294 ) ;
#1761 = VERTEX_POINT ( 'NONE', #5895 ) ;
#1762 = EDGE_CURVE ( 'NONE', #10827, #4669, #24, .T. ) ;
#1763 = VECTOR ( 'NONE', #7310, 1000.000000000000000 ) ;
#1764 = UNCERTAINTY_MEASURE_WITH_UNIT (LENGTH_MEASURE( 1.000000000000000082E-05 ), #3794, 'distance_accuracy_value', 'NONE');
#1765 = DIRECTION ( 'NONE',  ( -0.9993908270190957621, 0.000000000000000000, -0.03489949670250089286 ) ) ;
#1766 = ADVANCED_FACE ( 'NONE', ( #903 ), #10114, .T. ) ;
#1767 = DIRECTION ( 'NONE',  ( -0.000000000000000000, 0.000000000000000000, -1.000000000000000000 ) ) ;
#1768 = ORIENTED_EDGE ( 'NONE', *, *, #5390, .T. ) ;
#1769 = CARTESIAN_POINT ( 'NONE',  ( 0.1499999999999999944, -1.499754031465950099, 0.01000000000000000021 ) ) ;
#1770 = VECTOR ( 'NONE', #2310, 1000.000000000000000 ) ;
#1771 = CARTESIAN_POINT ( 'NONE',  ( -0.4000000000000000222, -1.600000000000000089, 0.5300000000000001377 ) ) ;
#1772 = DIRECTION ( 'NONE',  ( -1.000000000000000000, -0.000000000000000000, -0.000000000000000000 ) ) ;
#1773 = AXIS2_PLACEMENT_3D ( 'NONE', #6610, #734, #8384 ) ;
#1774 = DIRECTION ( 'NONE',  ( 0.000000000000000000, 0.000000000000000000, 1.000000000000000000 ) ) ;
#1775 = DIRECTION ( 'NONE',  ( -0.000000000000000000, -1.000000000000000000, -0.000000000000000000 ) ) ;
#1776 = ORIENTED_EDGE ( 'NONE', *, *, #8743, .F. ) ;
#1777 =( NAMED_UNIT ( * ) PLANE_ANGLE_UNIT ( ) SI_UNIT ( $, .RADIAN. ) );
#1778 = ORIENTED_EDGE ( 'NONE', *, *, #9189, .F. ) ;
#1779 = CARTESIAN_POINT ( 'NONE',  ( 0.2999999999999999889, 1.500000000000000000, 0.7900000000000000355 ) ) ;
#1780 = DIRECTION ( 'NONE',  ( 0.000000000000000000, 0.000000000000000000, -1.000000000000000000 ) ) ;
#1781 = ORIENTED_EDGE ( 'NONE', *, *, #1426, .T. ) ;
#1782 = VECTOR ( 'NONE', #4399, 1000.000000000000000 ) ;
#1783 = ORIENTED_EDGE ( 'NONE', *, *, #2369, .T. ) ;
#1784 = DIRECTION ( 'NONE',  ( -0.000000000000000000, 0.000000000000000000, 1.000000000000000000 ) ) ;
#1785 = DIRECTION ( 'NONE',  ( 1.194055256041299883E-16, 1.000000000000000000, 0.000000000000000000 ) ) ;
#1786 = ADVANCED_FACE ( 'NONE', ( #3340 ), #7607, .T. ) ;
#1787 = LINE ( 'NONE', #1903, #9705 ) ;
#1788 = DIRECTION ( 'NONE',  ( 0.000000000000000000, 0.000000000000000000, -1.000000000000000000 ) ) ;
#1789 = EDGE_CURVE ( 'NONE', #5593, #2085, #850, .T. ) ;
#1790 = CARTESIAN_POINT ( 'NONE',  ( -0.1499999999999999944, 0.6400000000000000133, 0.01000000000000000021 ) ) ;
#1791 = CARTESIAN_POINT ( 'NONE',  ( 0.5350000000000000311, 0.6400000000000001243, 0.5200000000000000178 ) ) ;
#1792 = VECTOR ( 'NONE', #343, 1000.000000000000000 ) ;
#1793 = DIRECTION ( 'NONE',  ( -1.000000000000000000, 0.000000000000000000, -0.000000000000000000 ) ) ;
#1794 = VECTOR ( 'NONE', #278, 1000.000000000000000 ) ;
#1795 = FACE_OUTER_BOUND ( 'NONE', #5354, .T. ) ;
#1796 = ORIENTED_EDGE ( 'NONE', *, *, #5647, .T. ) ;
#1797 = VECTOR ( 'NONE', #1101, 1000.000000000000000 ) ;
#1798 = CARTESIAN_POINT ( 'NONE',  ( 0.1499999999999999944, -0.6971625444288770401, 0.5300000000000001377 ) ) ;
#1799 = AXIS2_PLACEMENT_3D ( 'NONE', #9572, #5416, #3683 ) ;
#1800 = ORIENTED_EDGE ( 'NONE', *, *, #7282, .F. ) ;
#1801 = ADVANCED_FACE ( 'NONE', ( #7561 ), #10224, .F. ) ;
#1802 =( LENGTH_UNIT ( ) NAMED_UNIT ( * ) SI_UNIT ( .MILLI., .METRE. ) );
#1803 = DIRECTION ( 'NONE',  ( -1.000000000000000000, -0.000000000000000000, 0.000000000000000000 ) ) ;
#1804 = ORIENTED_EDGE ( 'NONE', *, *, #10004, .F. ) ;
#1805 = ORIENTED_EDGE ( 'NONE', *, *, #4667, .F. ) ;
#1806 = AXIS2_PLACEMENT_3D ( 'NONE', #4852, #7193, #10738 ) ;
#1807 = SURFACE_STYLE_FILL_AREA ( #925 ) ;
#1808 = VECTOR ( 'NONE', #3503, 1000.000000000000000 ) ;
#1809 = EDGE_LOOP ( 'NONE', ( #171, #5370, #3726, #6900 ) ) ;
#1810 = DIRECTION ( 'NONE',  ( -1.000000000000000000, -3.336006684570709935E-15, 0.000000000000000000 ) ) ;
#1811 = DIRECTION ( 'NONE',  ( 0.000000000000000000, -0.000000000000000000, -1.000000000000000000 ) ) ;
#1812 = ORIENTED_EDGE ( 'NONE', *, *, #2129, .T. ) ;
#1813 = PLANE ( 'NONE',  #6106 ) ;
#1814 = ORIENTED_EDGE ( 'NONE', *, *, #2109, .T. ) ;
#1815 = VECTOR ( 'NONE', #3332, 1000.000000000000000 ) ;
#1816 = ORIENTED_EDGE ( 'NONE', *, *, #10475, .T. ) ;
#1817 =( REPRESENTATION_RELATIONSHIP ('NONE','NONE', #9248, #2091 ) REPRESENTATION_RELATIONSHIP_WITH_TRANSFORMATION ( #8389 )SHAPE_REPRESENTATION_RELATIONSHIP( ) );
#1818 = LINE ( 'NONE', #5088, #8350 ) ;
#1819 = STYLED_ITEM ( 'NONE', ( #7496 ), #9351 ) ;
#1820 = DIRECTION ( 'NONE',  ( 2.436409376371920126E-16, -1.000000000000000000, 0.000000000000000000 ) ) ;
#1821 = EDGE_CURVE ( 'NONE', #6847, #1745, #1523, .T. ) ;
#1822 = ORIENTED_EDGE ( 'NONE', *, *, #5979, .F. ) ;
#1823 = CARTESIAN_POINT ( 'NONE',  ( 0.1499999999999990230, 0.6400000000000000133, 0.5300000000000001377 ) ) ;
#1824 = VECTOR ( 'NONE', #8031, 1000.000000000000000 ) ;
#1825 = EDGE_CURVE ( 'NONE', #1275, #1607, #9170, .T. ) ;
#1826 = CARTESIAN_POINT ( 'NONE',  ( 0.5999999999999999778, 1.600000000000000089, 0.000000000000000000 ) ) ;
#1827 = LINE ( 'NONE', #8697, #3654 ) ;
#1828 = DIRECTION ( 'NONE',  ( 1.445602896647339903E-15, -1.000000000000000000, 0.000000000000000000 ) ) ;
#1829 = EDGE_CURVE ( 'NONE', #1317, #2512, #4943, .T. ) ;
#1830 = VECTOR ( 'NONE', #3752, 1000.000000000000000 ) ;
#1831 = LINE ( 'NONE', #10412, #2035 ) ;
#1832 = ORIENTED_EDGE ( 'NONE', *, *, #8138, .F. ) ;
#1833 = PRESENTATION_STYLE_ASSIGNMENT (( #3491 ) ) ;
#1834 = ORIENTED_EDGE ( 'NONE', *, *, #357, .F. ) ;
#1835 = DIRECTION ( 'NONE',  ( 1.000000000000000000, 0.000000000000000000, -0.000000000000000000 ) ) ;
#1836 = CIRCLE ( 'NONE', #10872, 0.1999999999999999833 ) ;
#1837 = CARTESIAN_POINT ( 'NONE',  ( 0.5350000000000000311, 1.239999999999999991, 0.8000000000000000444 ) ) ;
#1838 = ORIENTED_EDGE ( 'NONE', *, *, #8124, .F. ) ;
#1839 = PRODUCT_DEFINITION ( 'UNKNOWN', '', #2904, #2708 ) ;
#1840 = EDGE_CURVE ( 'NONE', #2085, #7060, #4121, .T. ) ;
#1841 = LINE ( 'NONE', #3450, #5484 ) ;
#1842 = FACE_OUTER_BOUND ( 'NONE', #4639, .T. ) ;
#1843 = DIRECTION ( 'NONE',  ( -0.000000000000000000, 1.000000000000000000, 0.000000000000000000 ) ) ;
#1844 = CARTESIAN_POINT ( 'NONE',  ( -0.07500000000000003886, 1.100000000000000089, 0.005000000000000000104 ) ) ;
#1845 = FACE_OUTER_BOUND ( 'NONE', #1144, .T. ) ;
#1846 = EDGE_CURVE ( 'NONE', #4782, #5236, #10831, .T. ) ;
#1847 = UNCERTAINTY_MEASURE_WITH_UNIT (LENGTH_MEASURE( 1.000000000000000082E-05 ), #5625, 'distance_accuracy_value', 'NONE');
#1848 = DIRECTION ( 'NONE',  ( 0.000000000000000000, -1.000000000000000000, 0.000000000000000000 ) ) ;
#1849 = PLANE ( 'NONE',  #6056 ) ;
#1850 = LINE ( 'NONE', #9505, #10459 ) ;
#1851 = AXIS2_PLACEMENT_3D ( 'NONE', #365, #3723, #3075 ) ;
#1852 = LINE ( 'NONE', #3348, #7456 ) ;
#1853 = EDGE_CURVE ( 'NONE', #2933, #4596, #9998, .T. ) ;
#1854 = ORIENTED_EDGE ( 'NONE', *, *, #9620, .F. ) ;
#1855 = CARTESIAN_POINT ( 'NONE',  ( 0.2400000000000000189, 1.600000000000000089, 0.7900000000000000355 ) ) ;
#1856 = CARTESIAN_POINT ( 'NONE',  ( 0.2400000000000000189, 1.600000000000000089, 0.5200000000000000178 ) ) ;
#1857 = AXIS2_PLACEMENT_3D ( 'NONE', #3100, #7211, #2111 ) ;
#1858 = ORIENTED_EDGE ( 'NONE', *, *, #9289, .F. ) ;
#1859 = EDGE_CURVE ( 'NONE', #1436, #8593, #5835, .T. ) ;
#1860 = CARTESIAN_POINT ( 'NONE',  ( -9.770630030008629709E-16, 2.168404344971010347E-16, 0.7900000000000000355 ) ) ;
#1861 = FACE_OUTER_BOUND ( 'NONE', #1377, .T. ) ;
#1862 = ORIENTED_EDGE ( 'NONE', *, *, #1385, .T. ) ;
#1863 = VERTEX_POINT ( 'NONE', #3605 ) ;
#1864 = PRESENTATION_LAYER_ASSIGNMENT (  '', '', ( #1165 ) ) ;
#1865 = EDGE_CURVE ( 'NONE', #8071, #10187, #243, .T. ) ;
#1866 = VECTOR ( 'NONE', #4211, 1000.000000000000000 ) ;
#1867 = SURFACE_STYLE_USAGE ( .BOTH. , #97 ) ;
#1868 = VERTEX_POINT ( 'NONE', #9543 ) ;
#1869 = AXIS2_PLACEMENT_3D ( 'NONE', #464, #4727, #10544 ) ;
#1870 = FACE_OUTER_BOUND ( 'NONE', #5757, .T. ) ;
#1871 = DIRECTION ( 'NONE',  ( 0.000000000000000000, 1.000000000000000000, 0.000000000000000000 ) ) ;
#1872 = VERTEX_POINT ( 'NONE', #5991 ) ;
#1873 = SURFACE_STYLE_USAGE ( .BOTH. , #9629 ) ;
#1874 = VECTOR ( 'NONE', #7313, 1000.000000000000000 ) ;
#1875 = DIRECTION ( 'NONE',  ( -1.000000000000000000, 1.042502088928370027E-16, 0.000000000000000000 ) ) ;
#1876 = ORIENTED_EDGE ( 'NONE', *, *, #8089, .T. ) ;
#1877 = MECHANICAL_DESIGN_GEOMETRIC_PRESENTATION_REPRESENTATION (  '', ( #5764 ), #805 ) ;
#1878 = UNCERTAINTY_MEASURE_WITH_UNIT (LENGTH_MEASURE( 1.000000000000000082E-05 ), #1060, 'distance_accuracy_value', 'NONE');
#1879 = EDGE_CURVE ( 'NONE', #394, #6514, #8710, .T. ) ;
#1880 =( LENGTH_UNIT ( ) NAMED_UNIT ( * ) SI_UNIT ( .MILLI., .METRE. ) );
#1881 = PRESENTATION_LAYER_ASSIGNMENT (  '', '', ( #8420 ) ) ;
#1882 = DIRECTION ( 'NONE',  ( -0.000000000000000000, -1.000000000000000000, 0.000000000000000000 ) ) ;
#1883 = PLANE ( 'NONE',  #6704 ) ;
#1884 = ORIENTED_EDGE ( 'NONE', *, *, #6840, .F. ) ;
#1885 = CARTESIAN_POINT ( 'NONE',  ( -0.5350000000000000311, -1.600000000000000089, 0.8000000000000000444 ) ) ;
#1886 = DIRECTION ( 'NONE',  ( 1.000000000000000000, 0.000000000000000000, 0.000000000000000000 ) ) ;
#1887 = CARTESIAN_POINT ( 'NONE',  ( -0.2952229299363060000, -0.5999999999999999778, 0.01000000000000000021 ) ) ;
#1888 = CARTESIAN_POINT ( 'NONE',  ( -0.07499999999999999722, -1.600000000000000089, 0.001000000000000000021 ) ) ;
#1889 = AXIS2_PLACEMENT_3D ( 'NONE', #3466, #7626, #2477 ) ;
#1890 = CARTESIAN_POINT ( 'NONE',  ( -0.5350000000000000311, 1.100000000000000089, 0.001000000000000000238 ) ) ;
#1891 = APPLICATION_CONTEXT ( 'automotive_design' ) ;
#1892 = ORIENTED_EDGE ( 'NONE', *, *, #9117, .F. ) ;
#1893 = CARTESIAN_POINT ( 'NONE',  ( 0.2952229299363060000, -1.600000000000000089, 0.01000000000000000021 ) ) ;
#1894 = ORIENTED_EDGE ( 'NONE', *, *, #10771, .T. ) ;
#1895 = EDGE_CURVE ( 'NONE', #5497, #2140, #2782, .T. ) ;
#1896 = LINE ( 'NONE', #7875, #1651 ) ;
#1897 = DIRECTION ( 'NONE',  ( 0.000000000000000000, -0.000000000000000000, -1.000000000000000000 ) ) ;
#1898 = EDGE_CURVE ( 'NONE', #535, #2426, #9443, .T. ) ;
#1899 = VERTEX_POINT ( 'NONE', #6155 ) ;
#1900 = VECTOR ( 'NONE', #4983, 1000.000000000000000 ) ;
#1901 = DIRECTION ( 'NONE',  ( 0.000000000000000000, 0.000000000000000000, -1.000000000000000000 ) ) ;
#1902 = CARTESIAN_POINT ( 'NONE',  ( -0.5350000000000000311, 0.9000000000000001332, 0.8000000000000000444 ) ) ;
#1903 = CARTESIAN_POINT ( 'NONE',  ( 0.5350000000000000311, 1.100000000000000089, 0.01000000000000000021 ) ) ;
#1904 = CARTESIAN_POINT ( 'NONE',  ( 0.07499999999999999722, 1.100000000000000089, 0.001000000000000000021 ) ) ;
#1905 = SURFACE_STYLE_USAGE ( .BOTH. , #6157 ) ;
#1906 = ORIENTED_EDGE ( 'NONE', *, *, #5011, .F. ) ;
#1907 = FACE_OUTER_BOUND ( 'NONE', #7573, .T. ) ;
#1908 = EDGE_CURVE ( 'NONE', #6365, #2525, #1957, .T. ) ;
#1909 = VECTOR ( 'NONE', #2854, 1000.000000000000000 ) ;
#1910 = LINE ( 'NONE', #3556, #5137 ) ;
#1911 = PLANE ( 'NONE',  #1243 ) ;
#1912 = ORIENTED_EDGE ( 'NONE', *, *, #7715, .F. ) ;
#1913 = SURFACE_SIDE_STYLE ('',( #1025 ) ) ;
#1914 = LINE ( 'NONE', #189, #6459 ) ;
#1915 = ORIENTED_EDGE ( 'NONE', *, *, #2971, .T. ) ;
#1916 = EDGE_CURVE ( 'NONE', #3359, #2611, #5266, .T. ) ;
#1917 = EDGE_CURVE ( 'NONE', #7499, #3143, #7104, .T. ) ;
#1918 = DIRECTION ( 'NONE',  ( 0.000000000000000000, 0.000000000000000000, 1.000000000000000000 ) ) ;
#1919 = FILL_AREA_STYLE_COLOUR ( '', #10380 ) ;
#1920 = ORIENTED_EDGE ( 'NONE', *, *, #1950, .T. ) ;
#1921 = ORIENTED_EDGE ( 'NONE', *, *, #3033, .F. ) ;
#1922 =( NAMED_UNIT ( * ) PLANE_ANGLE_UNIT ( ) SI_UNIT ( $, .RADIAN. ) );
#1923 = VECTOR ( 'NONE', #7771, 1000.000000000000000 ) ;
#1924 = ADVANCED_FACE ( 'NONE', ( #5323 ), #6100, .F. ) ;
#1925 = ORIENTED_EDGE ( 'NONE', *, *, #8763, .F. ) ;
#1926 = EDGE_CURVE ( 'NONE', #6391, #1146, #4343, .T. ) ;
#1927 = LINE ( 'NONE', #4525, #4757 ) ;
#1928 = CARTESIAN_POINT ( 'NONE',  ( -0.1499999999999999944, -0.5999999999999999778, 0.01000000000000000021 ) ) ;
#1929 = CARTESIAN_POINT ( 'NONE',  ( 0.07499999999999999722, -1.100000000000000089, 0.001000000000000000021 ) ) ;
#1930 = VECTOR ( 'NONE', #9578, 1000.000000000000000 ) ;
#1931 =( GEOMETRIC_REPRESENTATION_CONTEXT ( 3 ) GLOBAL_UNCERTAINTY_ASSIGNED_CONTEXT ( ( #3430 ) ) GLOBAL_UNIT_ASSIGNED_CONTEXT ( ( #2089, #7078, #1983 ) ) REPRESENTATION_CONTEXT ( 'NONE', 'WORKASPACE' ) );
#1932 = ORIENTED_EDGE ( 'NONE', *, *, #2731, .F. ) ;
#1933 = EDGE_CURVE ( 'NONE', #1549, #7345, #10068, .T. ) ;
#1934 = FACE_OUTER_BOUND ( 'NONE', #8217, .T. ) ;
#1935 = DIRECTION ( 'NONE',  ( -1.042502088928370027E-16, -1.000000000000000000, 0.000000000000000000 ) ) ;
#1936 = ORIENTED_EDGE ( 'NONE', *, *, #7616, .F. ) ;
#1937 = FACE_OUTER_BOUND ( 'NONE', #10326, .T. ) ;
#1938 = EDGE_CURVE ( 'NONE', #1582, #7073, #1787, .T. ) ;
#1939 = DIRECTION ( 'NONE',  ( 1.000000000000000000, 0.000000000000000000, 0.000000000000000000 ) ) ;
#1940 = FILL_AREA_STYLE ('',( #4479 ) ) ;
#1941 = EDGE_LOOP ( 'NONE', ( #426, #1758, #5179, #3414 ) ) ;
#1942 = LINE ( 'NONE', #9373, #911 ) ;
#1943 = FACE_OUTER_BOUND ( 'NONE', #4979, .T. ) ;
#1944 = LINE ( 'NONE', #2659, #7912 ) ;
#1945 = CARTESIAN_POINT ( 'NONE',  ( 0.3002762822146830546, -1.499754031465950099, 0.01000000000000000021 ) ) ;
#1946 = DIRECTION ( 'NONE',  ( 0.000000000000000000, 1.000000000000000000, 0.000000000000000000 ) ) ;
#1947 = VERTEX_POINT ( 'NONE', #130 ) ;
#1948 = DIRECTION ( 'NONE',  ( -0.000000000000000000, -0.000000000000000000, -1.000000000000000000 ) ) ;
#1949 = EDGE_LOOP ( 'NONE', ( #7190, #3302, #7015, #7835, #6301, #5918 ) ) ;
#1950 = EDGE_CURVE ( 'NONE', #3853, #7955, #1065, .T. ) ;
#1951 = FACE_OUTER_BOUND ( 'NONE', #674, .T. ) ;
#1952 = CARTESIAN_POINT ( 'NONE',  ( -0.5350000000000000311, -0.9000000000000001332, 0.000000000000000000 ) ) ;
#1953 = ORIENTED_EDGE ( 'NONE', *, *, #3668, .T. ) ;
#1954 = VECTOR ( 'NONE', #9219, 1000.000000000000000 ) ;
#1955 = CARTESIAN_POINT ( 'NONE',  ( -0.1499999999999991063, -1.098928449973850086, 0.5200000000000000178 ) ) ;
#1956 = CARTESIAN_POINT ( 'NONE',  ( -0.5350000000000000311, -1.600000000000000089, 0.5200000000000000178 ) ) ;
#1957 = LINE ( 'NONE', #349, #5097 ) ;
#1958 = LINE ( 'NONE', #5324, #7532 ) ;
#1959 = DIRECTION ( 'NONE',  ( -0.000000000000000000, -1.000000000000000000, -0.000000000000000000 ) ) ;
#1960 = CARTESIAN_POINT ( 'NONE',  ( 0.5350000000000000311, 1.239999999999999991, 0.7900000000000000355 ) ) ;
#1961 = EDGE_LOOP ( 'NONE', ( #9724, #746, #8316, #5988, #6262, #3307, #7519, #8439 ) ) ;
#1962 = VECTOR ( 'NONE', #961, 1000.000000000000000 ) ;
#1963 = CARTESIAN_POINT ( 'NONE',  ( 0.5999999999999997558, -1.098928449973850086, 0.5200000000000000178 ) ) ;
#1964 = DIRECTION ( 'NONE',  ( 0.000000000000000000, -0.000000000000000000, -1.000000000000000000 ) ) ;
#1965 = VECTOR ( 'NONE', #4942, 1000.000000000000000 ) ;
#1966 = EDGE_CURVE ( 'NONE', #7873, #6067, #4500, .T. ) ;
#1967 = PRESENTATION_STYLE_ASSIGNMENT (( #3664 ) ) ;
#1968 = EDGE_LOOP ( 'NONE', ( #8302, #3471, #998, #3465 ) ) ;
#1969 = DIRECTION ( 'NONE',  ( 0.5144957554275251255, -0.8574929257125449844, 0.000000000000000000 ) ) ;
#1970 = EDGE_CURVE ( 'NONE', #1413, #1429, #178, .T. ) ;
#1971 = DIRECTION ( 'NONE',  ( -1.000000000000000000, 0.000000000000000000, -0.000000000000000000 ) ) ;
#1972 = EDGE_CURVE ( 'NONE', #3815, #5556, #6886, .T. ) ;
#1973 = VECTOR ( 'NONE', #2563, 1000.000000000000000 ) ;
#1974 = DIRECTION ( 'NONE',  ( 0.000000000000000000, 0.000000000000000000, 1.000000000000000000 ) ) ;
#1975 = LINE ( 'NONE', #3565, #2002 ) ;
#1976 = ORIENTED_EDGE ( 'NONE', *, *, #9286, .T. ) ;
#1977 = VERTEX_POINT ( 'NONE', #7883 ) ;
#1978 = AXIS2_PLACEMENT_3D ( 'NONE', #2704, #3687, #7699 ) ;
#1979 = ORIENTED_EDGE ( 'NONE', *, *, #8333, .F. ) ;
#1980 = DIRECTION ( 'NONE',  ( 0.000000000000000000, 1.000000000000000000, -0.000000000000000000 ) ) ;
#1981 = VECTOR ( 'NONE', #5920, 1000.000000000000000 ) ;
#1982 = ORIENTED_EDGE ( 'NONE', *, *, #2144, .F. ) ;
#1983 =( NAMED_UNIT ( * ) SI_UNIT ( $, .STERADIAN. ) SOLID_ANGLE_UNIT ( ) );
#1984 = LINE ( 'NONE', #8788, #8630 ) ;
#1985 = PLANE ( 'NONE',  #3936 ) ;
#1986 = AXIS2_PLACEMENT_3D ( 'NONE', #643, #9068, #1480 ) ;
#1987 = VERTEX_POINT ( 'NONE', #4443 ) ;
#1988 = CARTESIAN_POINT ( 'NONE',  ( -0.4018411998642920091, 0.01815880013570820087, 0.5300000000000001377 ) ) ;
#1989 = ORIENTED_EDGE ( 'NONE', *, *, #5035, .T. ) ;
#1990 = VECTOR ( 'NONE', #7147, 1000.000000000000000 ) ;
#1991 = LINE ( 'NONE', #2920, #3220 ) ;
#1992 = VECTOR ( 'NONE', #8583, 1000.000000000000227 ) ;
#1993 = LINE ( 'NONE', #1211, #4456 ) ;
#1994 = CARTESIAN_POINT ( 'NONE',  ( 0.5999999999999999778, -0.6000000000000000888, 0.5200000000000000178 ) ) ;
#1995 = VECTOR ( 'NONE', #8012, 1000.000000000000000 ) ;
#1996 = ORIENTED_EDGE ( 'NONE', *, *, #1859, .F. ) ;
#1997 = DIRECTION ( 'NONE',  ( -9.293161478447170157E-16, 1.000000000000000000, 0.000000000000000000 ) ) ;
#1998 = FACE_OUTER_BOUND ( 'NONE', #4212, .T. ) ;
#1999 = VECTOR ( 'NONE', #6303, 1000.000000000000000 ) ;
#2000 = PLANE ( 'NONE',  #4731 ) ;
#2001 = LINE ( 'NONE', #7870, #948 ) ;
#2002 = VECTOR ( 'NONE', #6961, 1000.000000000000000 ) ;
#2003 = ORIENTED_EDGE ( 'NONE', *, *, #10586, .T. ) ;
#2004 =( NAMED_UNIT ( * ) PLANE_ANGLE_UNIT ( ) SI_UNIT ( $, .RADIAN. ) );
#2005 = ORIENTED_EDGE ( 'NONE', *, *, #676, .F. ) ;
#2006 = EDGE_LOOP ( 'NONE', ( #2245, #2110, #5462, #2003, #9153, #4908, #5031, #8017 ) ) ;
#2007 = MECHANICAL_DESIGN_GEOMETRIC_PRESENTATION_REPRESENTATION (  '', ( #10676 ), #2709 ) ;
#2008 = VERTEX_POINT ( 'NONE', #8608 ) ;
#2009 = DIRECTION ( 'NONE',  ( 0.000000000000000000, 0.03489949670250088593, 0.9993908270190956511 ) ) ;
#2010 = DIRECTION ( 'NONE',  ( 1.000000000000000000, 0.000000000000000000, 0.000000000000000000 ) ) ;
#2011 = AXIS2_PLACEMENT_3D ( 'NONE', #10664, #8939, #6496 ) ;
#2012 = VERTEX_POINT ( 'NONE', #7056 ) ;
#2013 = VECTOR ( 'NONE', #3324, 1000.000000000000000 ) ;
#2014 = DIRECTION ( 'NONE',  ( 1.000000000000000000, 0.000000000000000000, 0.000000000000000000 ) ) ;
#2015 = LINE ( 'NONE', #2069, #9082 ) ;
#2016 = CARTESIAN_POINT ( 'NONE',  ( -0.5999999999999999778, 0.000000000000000000, 0.01000000000000000021 ) ) ;
#2017 = DIRECTION ( 'NONE',  ( -1.000000000000000000, -1.039645595939859972E-15, 0.000000000000000000 ) ) ;
#2018 = EDGE_LOOP ( 'NONE', ( #2529, #1538, #369, #1338 ) ) ;
#2019 = FACE_OUTER_BOUND ( 'NONE', #47, .T. ) ;
#2020 = DIRECTION ( 'NONE',  ( 0.000000000000000000, -0.000000000000000000, 1.000000000000000000 ) ) ;
#2021 = CLOSED_SHELL ( 'NONE', ( #7394, #9089, #10550, #2250, #8862, #7657, #9368, #2407, #391, #8171, #6946, #9450, #1085, #1119, #2778, #4820, #8885, #8490, #7592, #3809, #3673, #8949, #8537, #10499, #9729, #8938, #4024, #8458, #3175, #6059, #6297, #1012, #6845, #5038, #1428, #6848, #611, #10261, #7484, #9291, #6654, #2936, #5899, #3845, #4166, #2632, #2042, #4880 ) ) ;
#2022 = PLANE ( 'NONE',  #4445 ) ;
#2023 = ORIENTED_EDGE ( 'NONE', *, *, #1296, .T. ) ;
#2024 = PRESENTATION_STYLE_ASSIGNMENT (( #254 ) ) ;
#2025 = CARTESIAN_POINT ( 'NONE',  ( -0.5999999999999999778, -1.243863872159709949, 0.01000000000000000021 ) ) ;
#2026 = VERTEX_POINT ( 'NONE', #9682 ) ;
#2027 = SURFACE_STYLE_FILL_AREA ( #7737 ) ;
#2028 = VERTEX_POINT ( 'NONE', #6208 ) ;
#2029 = ORIENTED_EDGE ( 'NONE', *, *, #5033, .F. ) ;
#2030 = EDGE_CURVE ( 'NONE', #6736, #6376, #10270, .T. ) ;
#2031 = ORIENTED_EDGE ( 'NONE', *, *, #8975, .F. ) ;
#2032 = EDGE_CURVE ( 'NONE', #8627, #5853, #6044, .T. ) ;
#2033 = CARTESIAN_POINT ( 'NONE',  ( 0.5818411998642911698, 0.5818411998642919469, -1.084202172485504434E-16 ) ) ;
#2034 = ORIENTED_EDGE ( 'NONE', *, *, #4690, .F. ) ;
#2035 = VECTOR ( 'NONE', #1004, 1000.000000000000000 ) ;
#2036 = CARTESIAN_POINT ( 'NONE',  ( -0.3999931020004680038, 1.600000000000000089, 0.01000000000000000021 ) ) ;
#2037 = PLANE ( 'NONE',  #6401 ) ;
#2038 = ORIENTED_EDGE ( 'NONE', *, *, #9780, .T. ) ;
#2039 = CARTESIAN_POINT ( 'NONE',  ( 0.5999999999999974243, 1.239999999999999991, 0.5200000000000000178 ) ) ;
#2040 = DIRECTION ( 'NONE',  ( 0.000000000000000000, -0.000000000000000000, -1.000000000000000000 ) ) ;
#2041 = EDGE_LOOP ( 'NONE', ( #10086, #1707, #3296, #1537 ) ) ;
#2042 = ADVANCED_FACE ( 'NONE', ( #7335 ), #10657, .F. ) ;
#2043 = LINE ( 'NONE', #5358, #5880 ) ;
#2044 = EDGE_CURVE ( 'NONE', #9711, #8352, #460, .T. ) ;
#2045 = DIRECTION ( 'NONE',  ( 0.000000000000000000, -0.000000000000000000, -1.000000000000000000 ) ) ;
#2046 = CARTESIAN_POINT ( 'NONE',  ( -0.1499999999999999667, -1.600000000000000089, 0.5300000000000001377 ) ) ;
#2047 = AXIS2_PLACEMENT_3D ( 'NONE', #8722, #9553, #5448 ) ;
#2048 = ORIENTED_EDGE ( 'NONE', *, *, #3463, .T. ) ;
#2049 =( GEOMETRIC_REPRESENTATION_CONTEXT ( 3 ) GLOBAL_UNCERTAINTY_ASSIGNED_CONTEXT ( ( #10203 ) ) GLOBAL_UNIT_ASSIGNED_CONTEXT ( ( #531, #8387, #9342 ) ) REPRESENTATION_CONTEXT ( 'NONE', 'WORKASPACE' ) );
#2050 = DIRECTION ( 'NONE',  ( -0.000000000000000000, 1.000000000000000000, 0.000000000000000000 ) ) ;
#2051 = FACE_OUTER_BOUND ( 'NONE', #465, .T. ) ;
#2052 =( GEOMETRIC_REPRESENTATION_CONTEXT ( 3 ) GLOBAL_UNCERTAINTY_ASSIGNED_CONTEXT ( ( #2862 ) ) GLOBAL_UNIT_ASSIGNED_CONTEXT ( ( #2106, #3750, #1271 ) ) REPRESENTATION_CONTEXT ( 'NONE', 'WORKASPACE' ) );
#2053 = DIRECTION ( 'NONE',  ( 0.8778955729143851361, 0.4788521306805719746, 0.000000000000000000 ) ) ;
#2054 =( GEOMETRIC_REPRESENTATION_CONTEXT ( 3 ) GLOBAL_UNCERTAINTY_ASSIGNED_CONTEXT ( ( #9586 ) ) GLOBAL_UNIT_ASSIGNED_CONTEXT ( ( #8397, #10960, #2475 ) ) REPRESENTATION_CONTEXT ( 'NONE', 'WORKASPACE' ) );
#2055 = PLANE ( 'NONE',  #8723 ) ;
#2056 = ORIENTED_EDGE ( 'NONE', *, *, #7715, .T. ) ;
#2057 = DIRECTION ( 'NONE',  ( -0.000000000000000000, -1.000000000000000000, -0.000000000000000000 ) ) ;
#2058 = VERTEX_POINT ( 'NONE', #2890 ) ;
#2059 = ORIENTED_EDGE ( 'NONE', *, *, #2950, .T. ) ;
#2060 = VECTOR ( 'NONE', #3277, 1000.000000000000000 ) ;
#2061 = LINE ( 'NONE', #4657, #4659 ) ;
#2062 = PRESENTATION_STYLE_ASSIGNMENT (( #8032 ) ) ;
#2063 = DIRECTION ( 'NONE',  ( 0.000000000000000000, 0.000000000000000000, 1.000000000000000000 ) ) ;
#2064 = ORIENTED_EDGE ( 'NONE', *, *, #5843, .F. ) ;
#2065 =( GEOMETRIC_REPRESENTATION_CONTEXT ( 3 ) GLOBAL_UNCERTAINTY_ASSIGNED_CONTEXT ( ( #9632 ) ) GLOBAL_UNIT_ASSIGNED_CONTEXT ( ( #5259, #5932, #9332 ) ) REPRESENTATION_CONTEXT ( 'NONE', 'WORKASPACE' ) );
#2066 = EDGE_CURVE ( 'NONE', #10201, #1436, #8211, .T. ) ;
#2067 = EDGE_CURVE ( 'NONE', #5809, #4213, #3058, .T. ) ;
#2068 = DIRECTION ( 'NONE',  ( -0.000000000000000000, -0.000000000000000000, -1.000000000000000000 ) ) ;
#2069 = CARTESIAN_POINT ( 'NONE',  ( 0.5961306949927850374, 1.600000000000000089, 0.01000000000000000021 ) ) ;
#2070 = EDGE_CURVE ( 'NONE', #7873, #7901, #3827, .T. ) ;
#2071 = DIRECTION ( 'NONE',  ( 0.000000000000000000, 0.000000000000000000, -1.000000000000000000 ) ) ;
#2072 = DIRECTION ( 'NONE',  ( -0.000000000000000000, 0.000000000000000000, -1.000000000000000000 ) ) ;
#2073 = DIRECTION ( 'NONE',  ( -1.000000000000000000, 9.680376540049149550E-17, -0.000000000000000000 ) ) ;
#2074 = LINE ( 'NONE', #5441, #289 ) ;
#2076 = VERTEX_POINT ( 'NONE', #6489 ) ;
#2075 = EDGE_CURVE ( 'NONE', #4197, #10470, #7273, .T. ) ;
#2077 = CARTESIAN_POINT ( 'NONE',  ( -0.1499999999999999944, 1.489999999999999991, 0.01000000000000000021 ) ) ;
#2078 = ORIENTED_EDGE ( 'NONE', *, *, #5850, .F. ) ;
#2079 = PLANE ( 'NONE',  #5665 ) ;
#2080 = CARTESIAN_POINT ( 'NONE',  ( -0.5999999999999999778, 0.7500000000000000000, 0.5200000000000000178 ) ) ;
#2081 = VECTOR ( 'NONE', #5471, 1000.000000000000000 ) ;
#2082 = APPLICATION_PROTOCOL_DEFINITION ( 'draft international standard', 'automotive_design', 1998, #3784 ) ;
#2083 = FILL_AREA_STYLE ('',( #5673 ) ) ;
#2084 = VERTEX_POINT ( 'NONE', #9047 ) ;
#2085 = VERTEX_POINT ( 'NONE', #8818 ) ;
#2086 = VERTEX_POINT ( 'NONE', #9760 ) ;
#2087 = CARTESIAN_POINT ( 'NONE',  ( 0.000000000000000000, 0.000000000000000000, 0.005000000000000000104 ) ) ;
#2088 = ORIENTED_EDGE ( 'NONE', *, *, #5174, .F. ) ;
#2089 =( LENGTH_UNIT ( ) NAMED_UNIT ( * ) SI_UNIT ( .MILLI., .METRE. ) );
#2090 = CARTESIAN_POINT ( 'NONE',  ( -0.4650000000000000244, 0.6400000000000000133, 0.5300000000000001377 ) ) ;
#2091 = SHAPE_REPRESENTATION ( 'Pins_Bottom_9', ( #2231 ), #3969 ) ;
#2092 = VERTEX_POINT ( 'NONE', #5656 ) ;
#2093 = SHAPE_REPRESENTATION_RELATIONSHIP ( 'NONE' , 'NONE' ,  #7404, #9275 ) ;
#2094 = CARTESIAN_POINT ( 'NONE',  ( -0.1499999999999999944, 1.100000000000000089, 0.01000000000000000021 ) ) ;
#2095 = ORIENTED_EDGE ( 'NONE', *, *, #4477, .F. ) ;
#2096 = UNCERTAINTY_MEASURE_WITH_UNIT (LENGTH_MEASURE( 1.000000000000000082E-05 ), #5231, 'distance_accuracy_value', 'NONE');
#2097 = CARTESIAN_POINT ( 'NONE',  ( 0.5999999999999999778, -1.489999999999999991, 0.5300000000000001377 ) ) ;
#2098 = VECTOR ( 'NONE', #10056, 1000.000000000000000 ) ;
#2099 = DIRECTION ( 'NONE',  ( 0.000000000000000000, -0.000000000000000000, -1.000000000000000000 ) ) ;
#2100 = APPLICATION_CONTEXT ( 'automotive_design' ) ;
#2101 = FACE_OUTER_BOUND ( 'NONE', #7677, .T. ) ;
#2102 = ORIENTED_EDGE ( 'NONE', *, *, #3403, .F. ) ;
#2103 = DIRECTION ( 'NONE',  ( 0.000000000000000000, 1.000000000000000000, 0.000000000000000000 ) ) ;
#2104 = EDGE_CURVE ( 'NONE', #5831, #2860, #2177, .T. ) ;
#2105 =( GEOMETRIC_REPRESENTATION_CONTEXT ( 3 ) GLOBAL_UNCERTAINTY_ASSIGNED_CONTEXT ( ( #2211 ) ) GLOBAL_UNIT_ASSIGNED_CONTEXT ( ( #6079, #9474, #3482 ) ) REPRESENTATION_CONTEXT ( 'NONE', 'WORKASPACE' ) );
#2106 =( LENGTH_UNIT ( ) NAMED_UNIT ( * ) SI_UNIT ( .MILLI., .METRE. ) );
#2107 = DIRECTION ( 'NONE',  ( 0.000000000000000000, 0.000000000000000000, -1.000000000000000000 ) ) ;
#2108 = LINE ( 'NONE', #6414, #9449 ) ;
#2109 = EDGE_CURVE ( 'NONE', #2559, #1714, #8931, .T. ) ;
#2110 = ORIENTED_EDGE ( 'NONE', *, *, #9093, .F. ) ;
#2111 = DIRECTION ( 'NONE',  ( 1.000000000000000000, 0.000000000000000000, -0.000000000000000000 ) ) ;
#2112 = EDGE_CURVE ( 'NONE', #528, #7910, #4005, .T. ) ;
#2113 = ORIENTED_EDGE ( 'NONE', *, *, #7615, .T. ) ;
#2114 = ORIENTED_EDGE ( 'NONE', *, *, #9296, .T. ) ;
#2115 = DIRECTION ( 'NONE',  ( 0.000000000000000000, 0.000000000000000000, -1.000000000000000000 ) ) ;
#2116 =( LENGTH_UNIT ( ) NAMED_UNIT ( * ) SI_UNIT ( .MILLI., .METRE. ) );
#2117 = ORIENTED_EDGE ( 'NONE', *, *, #6151, .F. ) ;
#2118 = PLANE ( 'NONE',  #7093 ) ;
#2119 = CARTESIAN_POINT ( 'NONE',  ( -0.3002762822146830546, 1.499754031465950099, 0.000000000000000000 ) ) ;
#2120 = CARTESIAN_POINT ( 'NONE',  ( 0.1499999999999999667, -0.6999999999999998446, 0.001000000000000000021 ) ) ;
#2121 = CARTESIAN_POINT ( 'NONE',  ( -0.07499999999999999722, 1.600000000000000089, 0.005000000000000000104 ) ) ;
#2122 = FACE_OUTER_BOUND ( 'NONE', #7903, .T. ) ;
#2123 = VERTEX_POINT ( 'NONE', #1231 ) ;
#2124 = CARTESIAN_POINT ( 'NONE',  ( -0.1281588001357080175, 0.4318411998642919802, 0.5200000000000000178 ) ) ;
#2125 = ORIENTED_EDGE ( 'NONE', *, *, #8675, .T. ) ;
#2126 = PRESENTATION_LAYER_ASSIGNMENT (  '', '', ( #5475 ) ) ;
#2127 = LINE ( 'NONE', #9001, #4616 ) ;
#2128 = ORIENTED_EDGE ( 'NONE', *, *, #9956, .F. ) ;
#2129 = EDGE_CURVE ( 'NONE', #8935, #9176, #4723, .T. ) ;
#2130 = EDGE_LOOP ( 'NONE', ( #10083, #5973, #8565, #7210 ) ) ;
#2131 = LINE ( 'NONE', #5503, #4951 ) ;
#2132 =( NAMED_UNIT ( * ) SI_UNIT ( $, .STERADIAN. ) SOLID_ANGLE_UNIT ( ) );
#2133 = PRESENTATION_LAYER_ASSIGNMENT (  '', '', ( #8498 ) ) ;
#2134 = STYLED_ITEM ( 'NONE', ( #2024 ), #4024 ) ;
#2135 = CARTESIAN_POINT ( 'NONE',  ( 0.5999999999999996447, 0.04999999999999995420, 0.8000000000000000444 ) ) ;
#2136 = APPLICATION_PROTOCOL_DEFINITION ( 'draft international standard', 'automotive_design', 1998, #10596 ) ;
#2137 = CARTESIAN_POINT ( 'NONE',  ( 0.1499999999999999667, -0.9000000000000001332, 0.7900000000000000355 ) ) ;
#2138 = EDGE_LOOP ( 'NONE', ( #976, #10647, #4713, #8207 ) ) ;
#2139 = ORIENTED_EDGE ( 'NONE', *, *, #994, .F. ) ;
#2140 = VERTEX_POINT ( 'NONE', #10486 ) ;
#2141 = PLANE ( 'NONE',  #3693 ) ;
#2142 = ORIENTED_EDGE ( 'NONE', *, *, #8671, .F. ) ;
#2143 =( GEOMETRIC_REPRESENTATION_CONTEXT ( 3 ) GLOBAL_UNCERTAINTY_ASSIGNED_CONTEXT ( ( #2757 ) ) GLOBAL_UNIT_ASSIGNED_CONTEXT ( ( #3172, #8103, #5610 ) ) REPRESENTATION_CONTEXT ( 'NONE', 'WORKASPACE' ) );
#2144 = EDGE_CURVE ( 'NONE', #9090, #2244, #8096, .T. ) ;
#2145 = CARTESIAN_POINT ( 'NONE',  ( 0.1499999999999999667, 0.6999999999999999556, 0.001000000000000000021 ) ) ;
#2146 = CARTESIAN_POINT ( 'NONE',  ( 0.1499999999999999944, -1.500000000000000000, 0.7900000000000000355 ) ) ;
#2147 = SURFACE_SIDE_STYLE ('',( #2855 ) ) ;
#2148 = ORIENTED_EDGE ( 'NONE', *, *, #671, .F. ) ;
#2149 = COLOUR_RGB ( '',1.000000000000000000, 1.000000000000000000, 1.000000000000000000 ) ;
#2150 = SHAPE_REPRESENTATION_RELATIONSHIP ( 'NONE' , 'NONE' ,  #4302, #6751 ) ;
#2151 = CARTESIAN_POINT ( 'NONE',  ( 0.1499999999999989952, -1.600000000000000089, 0.5300000000000001377 ) ) ;
#2152 = SURFACE_STYLE_FILL_AREA ( #5579 ) ;
#2153 = ORIENTED_EDGE ( 'NONE', *, *, #5306, .T. ) ;
#2154 = DIRECTION ( 'NONE',  ( -0.000000000000000000, -1.000000000000000000, -0.000000000000000000 ) ) ;
#2155 = COLOUR_RGB ( '',0.3921568627450980338, 0.5999999999999999778, 0.3921568627450980338 ) ;
#2156 = FACE_OUTER_BOUND ( 'NONE', #3516, .T. ) ;
#2157 = LINE ( 'NONE', #3746, #527 ) ;
#2158 = ORIENTED_EDGE ( 'NONE', *, *, #1019, .F. ) ;
#2159 = AXIS2_PLACEMENT_3D ( 'NONE', #819, #2379, #702 ) ;
#2160 = CARTESIAN_POINT ( 'NONE',  ( -0.2952229299363050563, -0.6400000000000000133, 0.5300000000000001377 ) ) ;
#2161 = LINE ( 'NONE', #7810, #2927 ) ;
#2162 = FACE_OUTER_BOUND ( 'NONE', #8725, .T. ) ;
#2163 = CARTESIAN_POINT ( 'NONE',  ( -0.5350000000000000311, 1.243863872159709949, 0.01000000000000000021 ) ) ;
#2164 = VECTOR ( 'NONE', #9739, 1000.000000000000000 ) ;
#2165 = VERTEX_POINT ( 'NONE', #9657 ) ;
#2166 = CARTESIAN_POINT ( 'NONE',  ( -0.07499999999999940048, -1.100000000000000311, 0.005000000000000000104 ) ) ;
#2167 = ORIENTED_EDGE ( 'NONE', *, *, #5473, .T. ) ;
#2168 = MECHANICAL_DESIGN_GEOMETRIC_PRESENTATION_REPRESENTATION (  '', ( #6040 ), #1639 ) ;
#2169 = ORIENTED_EDGE ( 'NONE', *, *, #6284, .T. ) ;
#2170 = CARTESIAN_POINT ( 'NONE',  ( -0.5999999999999999778, -0.6971625444288769291, 0.5300000000000001377 ) ) ;
#2171 = FILL_AREA_STYLE_COLOUR ( '', #3729 ) ;
#2172 = LINE ( 'NONE', #508, #9315 ) ;
#2173 = EDGE_LOOP ( 'NONE', ( #10067, #2823, #4358, #5797, #1483, #1727 ) ) ;
#2174 = EDGE_CURVE ( 'NONE', #10154, #1863, #3117, .T. ) ;
#2175 = DIRECTION ( 'NONE',  ( 1.000000000000000000, -2.710505431213760099E-16, 0.000000000000000000 ) ) ;
#2176 = LINE ( 'NONE', #3115, #5710 ) ;
#2177 = LINE ( 'NONE', #5550, #7233 ) ;
#2178 = DIRECTION ( 'NONE',  ( -1.000000000000000000, -0.000000000000000000, 0.000000000000000000 ) ) ;
#2179 = FACE_OUTER_BOUND ( 'NONE', #10663, .T. ) ;
#2180 = ORIENTED_EDGE ( 'NONE', *, *, #7283, .T. ) ;
#2181 = PLANE ( 'NONE',  #5233 ) ;
#2182 = EDGE_LOOP ( 'NONE', ( #2114, #7692, #8842, #6777, #9546, #8982 ) ) ;
#2183 = FACE_OUTER_BOUND ( 'NONE', #10334, .T. ) ;
#2184 = VECTOR ( 'NONE', #3697, 1000.000000000000000 ) ;
#2185 = PRODUCT_DEFINITION ( 'UNKNOWN', '', #3263, #6030 ) ;
#2186 = PLANE ( 'NONE',  #3905 ) ;
#2187 = VERTEX_POINT ( 'NONE', #5603 ) ;
#2188 = VECTOR ( 'NONE', #10928, 1000.000000000000000 ) ;
#2189 = EDGE_CURVE ( 'NONE', #2438, #8651, #562, .T. ) ;
#2190 = ORIENTED_EDGE ( 'NONE', *, *, #436, .T. ) ;
#2191 = ADVANCED_FACE ( 'NONE', ( #1396 ), #4772, .T. ) ;
#2192 = PRESENTATION_STYLE_ASSIGNMENT (( #1241 ) ) ;
#2193 = DIRECTION ( 'NONE',  ( 1.000000000000000000, 0.000000000000000000, -0.000000000000000000 ) ) ;
#2194 = VECTOR ( 'NONE', #5914, 1000.000000000000000 ) ;
#2195 = VECTOR ( 'NONE', #5094, 1000.000000000000000 ) ;
#2196 = SURFACE_STYLE_FILL_AREA ( #2083 ) ;
#2197 = ORIENTED_EDGE ( 'NONE', *, *, #1789, .F. ) ;
#2198 = ADVANCED_FACE ( 'NONE', ( #9873 ), #2292, .F. ) ;
#2199 = SURFACE_STYLE_FILL_AREA ( #4630 ) ;
#2200 = ORIENTED_EDGE ( 'NONE', *, *, #5468, .T. ) ;
#2201 = ADVANCED_FACE ( 'NONE', ( #9708 ), #4665, .F. ) ;
#2202 = EDGE_CURVE ( 'NONE', #7142, #8061, #6713, .T. ) ;
#2203 = LINE ( 'NONE', #1415, #7996 ) ;
#2204 = DIRECTION ( 'NONE',  ( 0.5155782475760137817, 0.8568425004786157650, 0.000000000000000000 ) ) ;
#2205 = ORIENTED_EDGE ( 'NONE', *, *, #1332, .T. ) ;
#2206 = ADVANCED_FACE ( 'NONE', ( #7436 ), #9158, .F. ) ;
#2207 = ADVANCED_FACE ( 'NONE', ( #4167 ), #3165, .F. ) ;
#2208 = CARTESIAN_POINT ( 'NONE',  ( 0.000000000000000000, 1.100000000000000089, 0.001000000000000000021 ) ) ;
#2209 = ORIENTED_EDGE ( 'NONE', *, *, #10040, .F. ) ;
#2210 = ORIENTED_EDGE ( 'NONE', *, *, #5305, .F. ) ;
#2211 = UNCERTAINTY_MEASURE_WITH_UNIT (LENGTH_MEASURE( 1.000000000000000082E-05 ), #6079, 'distance_accuracy_value', 'NONE');
#2212 = LINE ( 'NONE', #8849, #2683 ) ;
#2213 = LINE ( 'NONE', #10575, #5517 ) ;
#2214 = PRODUCT_DEFINITION_FORMATION_WITH_SPECIFIED_SOURCE ( 'ANY', '', #6120, .NOT_KNOWN. ) ;
#2215 = LINE ( 'NONE', #7914, #9727 ) ;
#2216 = ORIENTED_EDGE ( 'NONE', *, *, #5717, .T. ) ;
#2217 = DIRECTION ( 'NONE',  ( 5.421010862427520198E-16, 1.000000000000000000, 0.000000000000000000 ) ) ;
#2218 = LINE ( 'NONE', #3256, #9134 ) ;
#2219 = CARTESIAN_POINT ( 'NONE',  ( -0.1500000000000000500, -0.5999999999999999778, 0.5200000000000000178 ) ) ;
#2220 = DIRECTION ( 'NONE',  ( 1.000000000000000000, -0.000000000000000000, 0.000000000000000000 ) ) ;
#2221 = ORIENTED_EDGE ( 'NONE', *, *, #5211, .T. ) ;
#2222 = VECTOR ( 'NONE', #3489, 1000.000000000000000 ) ;
#2223 = ORIENTED_EDGE ( 'NONE', *, *, #6703, .T. ) ;
#2224 = ORIENTED_EDGE ( 'NONE', *, *, #360, .T. ) ;
#2225 = LINE ( 'NONE', #5596, #4633 ) ;
#2226 = VECTOR ( 'NONE', #9294, 1000.000000000000000 ) ;
#2227 = CARTESIAN_POINT ( 'NONE',  ( 0.1499999999999999944, -0.6999999999999997335, 0.005000000000000000104 ) ) ;
#2228 = CARTESIAN_POINT ( 'NONE',  ( 0.5999999999999999778, -1.399999999999999911, 0.5200000000000000178 ) ) ;
#2229 = ORIENTED_EDGE ( 'NONE', *, *, #5249, .T. ) ;
#2230 = FACE_OUTER_BOUND ( 'NONE', #3980, .T. ) ;
#2231 = AXIS2_PLACEMENT_3D ( 'NONE', #5627, #3739, #4581 ) ;
#2232 = CIRCLE ( 'NONE', #4000, 0.1961375929999999990 ) ;
#2233 = CARTESIAN_POINT ( 'NONE',  ( -0.5999999999999999778, -1.600000000000000089, 0.5200000000000000178 ) ) ;
#2234 = LINE ( 'NONE', #5602, #6057 ) ;
#2235 = VECTOR ( 'NONE', #10662, 1000.000000000000000 ) ;
#2236 = DIRECTION ( 'NONE',  ( 1.000000000000000000, 0.000000000000000000, -0.000000000000000000 ) ) ;
#2237 = PLANE ( 'NONE',  #101 ) ;
#2238 = DIRECTION ( 'NONE',  ( -0.000000000000000000, -0.000000000000000000, -1.000000000000000000 ) ) ;
#2239 = ORIENTED_EDGE ( 'NONE', *, *, #5842, .F. ) ;
#2240 = FACE_OUTER_BOUND ( 'NONE', #3651, .T. ) ;
#2241 = VERTEX_POINT ( 'NONE', #9102 ) ;
#2242 = EDGE_CURVE ( 'NONE', #7539, #4602, #1671, .T. ) ;
#2243 = PRESENTATION_STYLE_ASSIGNMENT (( #4613 ) ) ;
#2244 = VERTEX_POINT ( 'NONE', #4929 ) ;
#2245 = ORIENTED_EDGE ( 'NONE', *, *, #1895, .F. ) ;
#2246 = ADVANCED_FACE ( 'NONE', ( #5044 ), #10930, .T. ) ;
#2247 = DIRECTION ( 'NONE',  ( -1.000000000000000000, 0.000000000000000000, -0.000000000000000000 ) ) ;
#2248 = EDGE_CURVE ( 'NONE', #10437, #5593, #837, .T. ) ;
#2249 = DIRECTION ( 'NONE',  ( 1.000000000000000000, 0.000000000000000000, 0.000000000000000000 ) ) ;
#2250 = ADVANCED_FACE ( 'NONE', ( #5243 ), #8373, .F. ) ;
#2251 = SURFACE_STYLE_FILL_AREA ( #5564 ) ;
#2252 = SHAPE_DEFINITION_REPRESENTATION ( #193, #9248 ) ;
#2253 = EDGE_CURVE ( 'NONE', #8567, #3070, #2752, .T. ) ;
#2254 = DIRECTION ( 'NONE',  ( 0.000000000000000000, -1.000000000000000000, -0.000000000000000000 ) ) ;
#2255 = LINE ( 'NONE', #5844, #3182 ) ;
#2256 = ORIENTED_EDGE ( 'NONE', *, *, #2273, .F. ) ;
#2257 = EDGE_CURVE ( 'NONE', #3467, #5085, #9519, .T. ) ;
#2258 =( NAMED_UNIT ( * ) PLANE_ANGLE_UNIT ( ) SI_UNIT ( $, .RADIAN. ) );
#2259 = VERTEX_POINT ( 'NONE', #207 ) ;
#2260 = CARTESIAN_POINT ( 'NONE',  ( -0.5999999999999999778, 0.6999999999999999556, 0.001000000000000000021 ) ) ;
#2261 = LINE ( 'NONE', #9021, #2589 ) ;
#2262 = ORIENTED_EDGE ( 'NONE', *, *, #10820, .T. ) ;
#2263 = EDGE_LOOP ( 'NONE', ( #3508, #10345, #5532, #7162 ) ) ;
#2264 = ADVANCED_BREP_SHAPE_REPRESENTATION ( '', ( #6283, #2231 ), #2054 ) ;
#2265 = FACE_OUTER_BOUND ( 'NONE', #9057, .T. ) ;
#2266 = EDGE_CURVE ( 'NONE', #4228, #4408, #7100, .T. ) ;
#2267 = VECTOR ( 'NONE', #4579, 1000.000000000000000 ) ;
#2268 = FACE_OUTER_BOUND ( 'NONE', #9297, .T. ) ;
#2269 = LINE ( 'NONE', #8746, #8310 ) ;
#2270 = ORIENTED_EDGE ( 'NONE', *, *, #10398, .T. ) ;
#2271 = EDGE_CURVE ( 'NONE', #7910, #4573, #2232, .T. ) ;
#2272 = LINE ( 'NONE', #7372, #36 ) ;
#2273 = EDGE_CURVE ( 'NONE', #9677, #1667, #4660, .T. ) ;
#2274 = DIRECTION ( 'NONE',  ( 1.000000000000000000, 0.000000000000000000, -0.000000000000000000 ) ) ;
#2275 = PLANE ( 'NONE',  #5436 ) ;
#2276 = EDGE_CURVE ( 'NONE', #5494, #6847, #454, .T. ) ;
#2277 = CARTESIAN_POINT ( 'NONE',  ( -0.5999999999999999778, -0.6971625444288769291, 0.5200000000000000178 ) ) ;
#2278 = ORIENTED_EDGE ( 'NONE', *, *, #6271, .F. ) ;
#2279 = PRESENTATION_STYLE_ASSIGNMENT (( #657 ) ) ;
#2280 = EDGE_LOOP ( 'NONE', ( #680, #9764, #9405, #10698 ) ) ;
#2281 = ORIENTED_EDGE ( 'NONE', *, *, #2174, .F. ) ;
#2282 = VECTOR ( 'NONE', #6724, 1000.000000000000000 ) ;
#2283 = EDGE_CURVE ( 'NONE', #2634, #10686, #6261, .T. ) ;
#2284 = PRESENTATION_STYLE_ASSIGNMENT (( #829 ) ) ;
#2285 = CARTESIAN_POINT ( 'NONE',  ( 0.3599999999999999867, -0.03000000000000000236, 0.005000000000000000104 ) ) ;
#2286 = DIRECTION ( 'NONE',  ( 1.000000000000000000, -0.000000000000000000, 0.000000000000000000 ) ) ;
#2287 = VERTEX_POINT ( 'NONE', #6368 ) ;
#2288 = CARTESIAN_POINT ( 'NONE',  ( -0.5961306949927850374, -1.243863872159709949, 0.01000000000000000021 ) ) ;
#2289 = DIRECTION ( 'NONE',  ( 5.421010862427520198E-16, 1.000000000000000000, 0.000000000000000000 ) ) ;
#2290 = CARTESIAN_POINT ( 'NONE',  ( 0.07499999999999999722, 1.100000000000000089, 0.001000000000000000021 ) ) ;
#2291 = CARTESIAN_POINT ( 'NONE',  ( 0.5999999999999999778, -1.239999999999999991, 0.01000000000000000021 ) ) ;
#2292 = PLANE ( 'NONE',  #2930 ) ;
#2293 = CARTESIAN_POINT ( 'NONE',  ( -0.5961306949927850374, -0.9000000000000001332, 0.01000000000000000021 ) ) ;
#2294 = ADVANCED_FACE ( 'NONE', ( #2938 ), #6483, .F. ) ;
#2295 = DIRECTION ( 'NONE',  ( -1.000000000000000000, 0.000000000000000000, 0.000000000000000000 ) ) ;
#2296 = EDGE_LOOP ( 'NONE', ( #7847, #1678, #10700, #4516 ) ) ;
#2297 = VECTOR ( 'NONE', #1102, 1000.000000000000000 ) ;
#2298 = DIRECTION ( 'NONE',  ( -1.000000000000000000, 0.000000000000000000, -0.000000000000000000 ) ) ;
#2299 = ORIENTED_EDGE ( 'NONE', *, *, #1250, .T. ) ;
#2300 = CARTESIAN_POINT ( 'NONE',  ( -0.2952229299363050563, -1.600000000000000089, 0.5200000000000000178 ) ) ;
#2301 = FACE_OUTER_BOUND ( 'NONE', #8810, .T. ) ;
#2302 = ORIENTED_EDGE ( 'NONE', *, *, #4407, .F. ) ;
#2303 = VECTOR ( 'NONE', #4954, 1000.000000000000000 ) ;
#2304 = ORIENTED_EDGE ( 'NONE', *, *, #3322, .F. ) ;
#2305 = DIRECTION ( 'NONE',  ( -0.000000000000000000, -0.000000000000000000, -1.000000000000000000 ) ) ;
#2306 = SURFACE_SIDE_STYLE ('',( #2251 ) ) ;
#2307 = AXIS2_PLACEMENT_3D ( 'NONE', #2850, #8059, #9726 ) ;
#2308 = DIRECTION ( 'NONE',  ( 0.000000000000000000, 1.000000000000000000, 0.000000000000000000 ) ) ;
#2309 = EDGE_CURVE ( 'NONE', #8359, #6381, #9039, .T. ) ;
#2310 = DIRECTION ( 'NONE',  ( -0.000000000000000000, -0.000000000000000000, -1.000000000000000000 ) ) ;
#2311 = EDGE_CURVE ( 'NONE', #10519, #1413, #2172, .T. ) ;
#2312 = VECTOR ( 'NONE', #4901, 1000.000000000000000 ) ;
#2313 = ORIENTED_EDGE ( 'NONE', *, *, #9296, .F. ) ;
#2314 = AXIS2_PLACEMENT_3D ( 'NONE', #2791, #10279, #8721 ) ;
#2315 = EDGE_CURVE ( 'NONE', #9367, #6179, #5544, .T. ) ;
#2316 = CARTESIAN_POINT ( 'NONE',  ( -0.5999999999999999778, -0.6999999999999999556, 0.001000000000000000021 ) ) ;
#2317 = APPLICATION_CONTEXT ( 'automotive_design' ) ;
#2318 = ORIENTED_EDGE ( 'NONE', *, *, #1028, .F. ) ;
#2319 = DIRECTION ( 'NONE',  ( -1.000000000000000000, -0.000000000000000000, 0.000000000000000000 ) ) ;
#2320 = ORIENTED_EDGE ( 'NONE', *, *, #8671, .T. ) ;
#2321 = ORIENTED_EDGE ( 'NONE', *, *, #816, .T. ) ;
#2322 = VECTOR ( 'NONE', #8816, 1000.000000000000000 ) ;
#2323 = CARTESIAN_POINT ( 'NONE',  ( 0.1499999999999999667, -1.099999999999999867, 0.0009999999999999998040 ) ) ;
#2324 =( NAMED_UNIT ( * ) SI_UNIT ( $, .STERADIAN. ) SOLID_ANGLE_UNIT ( ) );
#2325 = EDGE_CURVE ( 'NONE', #7252, #723, #3877, .T. ) ;
#2326 = EDGE_CURVE ( 'NONE', #2026, #9565, #7268, .T. ) ;
#2327 = LINE ( 'NONE', #8078, #4353 ) ;
#2328 = DIRECTION ( 'NONE',  ( 0.000000000000000000, 0.000000000000000000, 1.000000000000000000 ) ) ;
#2329 = EDGE_CURVE ( 'NONE', #2426, #767, #10704, .T. ) ;
#2330 = CARTESIAN_POINT ( 'NONE',  ( -0.1499999999999999944, 0.6999999999999999556, 0.01000000000000000021 ) ) ;
#2331 = ORIENTED_EDGE ( 'NONE', *, *, #10370, .T. ) ;
#2332 = CARTESIAN_POINT ( 'NONE',  ( 0.1499999999999999667, 0.9000000000000001332, 0.01000000000000000021 ) ) ;
#2333 = EDGE_LOOP ( 'NONE', ( #516, #3248, #10871, #8756 ) ) ;
#2334 = ORIENTED_EDGE ( 'NONE', *, *, #9154, .T. ) ;
#2335 = VECTOR ( 'NONE', #521, 1000.000000000000114 ) ;
#2336 =( LENGTH_UNIT ( ) NAMED_UNIT ( * ) SI_UNIT ( .MILLI., .METRE. ) );
#2337 = VECTOR ( 'NONE', #10229, 1000.000000000000000 ) ;
#2338 = DIRECTION ( 'NONE',  ( 0.000000000000000000, -0.000000000000000000, -1.000000000000000000 ) ) ;
#2339 = EDGE_LOOP ( 'NONE', ( #4032, #7448, #7685, #7538 ) ) ;
#2340 = VECTOR ( 'NONE', #8812, 1000.000000000000000 ) ;
#2341 = CARTESIAN_POINT ( 'NONE',  ( 0.2399563975748850164, -1.600000000000000089, 0.01000000000000000021 ) ) ;
#2342 = DIRECTION ( 'NONE',  ( -1.000000000000000000, 0.000000000000000000, -0.000000000000000000 ) ) ;
#2343 = VECTOR ( 'NONE', #4716, 1000.000000000000000 ) ;
#2344 = LINE ( 'NONE', #5713, #10540 ) ;
#2345 = FACE_OUTER_BOUND ( 'NONE', #6550, .T. ) ;
#2346 = ORIENTED_EDGE ( 'NONE', *, *, #4744, .F. ) ;
#2347 = DIRECTION ( 'NONE',  ( -0.000000000000000000, -0.000000000000000000, 1.000000000000000000 ) ) ;
#2348 = ORIENTED_EDGE ( 'NONE', *, *, #5417, .F. ) ;
#2349 = CARTESIAN_POINT ( 'NONE',  ( -0.3197770700636939911, 1.600000000000000089, 0.000000000000000000 ) ) ;
#2350 = CARTESIAN_POINT ( 'NONE',  ( -0.5350000000000000311, 1.239999999999999991, 0.7900000000000000355 ) ) ;
#2351 = ORIENTED_EDGE ( 'NONE', *, *, #10594, .T. ) ;
#2352 = VECTOR ( 'NONE', #636, 1000.000000000000000 ) ;
#2353 = ORIENTED_EDGE ( 'NONE', *, *, #1291, .T. ) ;
#2354 = AXIS2_PLACEMENT_3D ( 'NONE', #10272, #963, #10949 ) ;
#2355 = ORIENTED_EDGE ( 'NONE', *, *, #10777, .T. ) ;
#2356 = DIRECTION ( 'NONE',  ( -1.000000000000000000, 1.093313115111429997E-15, 0.000000000000000000 ) ) ;
#2357 = CARTESIAN_POINT ( 'NONE',  ( 0.3925934069883830202, 0.7500000000000000000, 0.01000000000000000021 ) ) ;
#2358 =( GEOMETRIC_REPRESENTATION_CONTEXT ( 3 ) GLOBAL_UNCERTAINTY_ASSIGNED_CONTEXT ( ( #6295 ) ) GLOBAL_UNIT_ASSIGNED_CONTEXT ( ( #3773, #6329, #9715 ) ) REPRESENTATION_CONTEXT ( 'NONE', 'WORKASPACE' ) );
#2359 = CARTESIAN_POINT ( 'NONE',  ( -0.4650000000000000244, 0.6400000000000000133, 0.01000000000000000021 ) ) ;
#2360 = EDGE_CURVE ( 'NONE', #8777, #9975, #10652, .T. ) ;
#2361 = CARTESIAN_POINT ( 'NONE',  ( 0.2952229299363050563, -0.5999999999999999778, 0.5300000000000001377 ) ) ;
#2362 = VECTOR ( 'NONE', #8993, 1000.000000000000000 ) ;
#2363 = LINE ( 'NONE', #9232, #2312 ) ;
#2364 = VECTOR ( 'NONE', #10476, 1000.000000000000000 ) ;
#2365 = ORIENTED_EDGE ( 'NONE', *, *, #482, .T. ) ;
#2366 = VECTOR ( 'NONE', #8130, 1000.000000000000000 ) ;
#2367 = DIRECTION ( 'NONE',  ( 1.000000000000000000, 0.000000000000000000, -0.000000000000000000 ) ) ;
#2368 = EDGE_LOOP ( 'NONE', ( #6364, #57, #1190, #7523, #4063, #4728 ) ) ;
#2369 = EDGE_CURVE ( 'NONE', #4325, #6145, #8813, .T. ) ;
#2370 = DIRECTION ( 'NONE',  ( -1.000000000000000000, 0.000000000000000000, -0.000000000000000000 ) ) ;
#2371 = SURFACE_STYLE_FILL_AREA ( #7412 ) ;
#2372 = ORIENTED_EDGE ( 'NONE', *, *, #3094, .F. ) ;
#2373 = VERTEX_POINT ( 'NONE', #1225 ) ;
#2374 = MECHANICAL_DESIGN_GEOMETRIC_PRESENTATION_REPRESENTATION (  '', ( #1308 ), #6611 ) ;
#2375 = LINE ( 'NONE', #8295, #3715 ) ;
#2376 = ADVANCED_FACE ( 'NONE', ( #4600 ), #7980, .F. ) ;
#2377 = DIRECTION ( 'NONE',  ( 1.000000000000000000, 0.000000000000000000, 0.000000000000000000 ) ) ;
#2378 = CARTESIAN_POINT ( 'NONE',  ( 0.1300000000000000044, 0.4299999999999999933, 0.005000000000000000104 ) ) ;
#2379 = DIRECTION ( 'NONE',  ( 3.336006684570709935E-15, -1.000000000000000000, 0.000000000000000000 ) ) ;
#2380 = LINE ( 'NONE', #3866, #1524 ) ;
#2381 = LINE ( 'NONE', #10801, #8984 ) ;
#2382 = DIRECTION ( 'NONE',  ( 0.000000000000000000, 1.000000000000000000, 0.000000000000000000 ) ) ;
#2383 = ORIENTED_EDGE ( 'NONE', *, *, #1489, .T. ) ;
#2384 = CARTESIAN_POINT ( 'NONE',  ( -0.3999999999999999667, 1.600000000000000089, 0.7900000000000000355 ) ) ;
#2385 = ORIENTED_EDGE ( 'NONE', *, *, #6280, .T. ) ;
#2386 = ORIENTED_EDGE ( 'NONE', *, *, #9399, .F. ) ;
#2387 = ADVANCED_FACE ( 'NONE', ( #5597 ), #3108, .F. ) ;
#2388 =( GEOMETRIC_REPRESENTATION_CONTEXT ( 3 ) GLOBAL_UNCERTAINTY_ASSIGNED_CONTEXT ( ( #4282 ) ) GLOBAL_UNIT_ASSIGNED_CONTEXT ( ( #4135, #4080, #809 ) ) REPRESENTATION_CONTEXT ( 'NONE', 'WORKASPACE' ) );
#2389 = FILL_AREA_STYLE ('',( #10089 ) ) ;
#2390 = CARTESIAN_POINT ( 'NONE',  ( -0.07499999999999999722, 1.098486643203810065, 0.5200000000000000178 ) ) ;
#2391 = EDGE_LOOP ( 'NONE', ( #3646, #5082, #4316, #1422, #7077, #8308, #5369, #4510, #3661 ) ) ;
#2392 = LINE ( 'NONE', #5818, #6210 ) ;
#2393 = DIRECTION ( 'NONE',  ( -0.000000000000000000, 0.000000000000000000, -1.000000000000000000 ) ) ;
#2394 = EDGE_CURVE ( 'NONE', #6147, #10452, #9095, .T. ) ;
#2395 =( NAMED_UNIT ( * ) SI_UNIT ( $, .STERADIAN. ) SOLID_ANGLE_UNIT ( ) );
#2396 = CARTESIAN_POINT ( 'NONE',  ( 0.2952229299363060000, -0.6400000000000000133, 0.000000000000000000 ) ) ;
#2397 = EDGE_CURVE ( 'NONE', #2546, #8488, #4157, .T. ) ;
#2398 = ORIENTED_EDGE ( 'NONE', *, *, #6095, .F. ) ;
#2399 = MECHANICAL_DESIGN_GEOMETRIC_PRESENTATION_REPRESENTATION (  '', ( #453 ), #800 ) ;
#2400 = CARTESIAN_POINT ( 'NONE',  ( -0.4650000000000000244, 0.5999999999999999778, 0.01000000000000000021 ) ) ;
#2401 = ORIENTED_EDGE ( 'NONE', *, *, #2044, .F. ) ;
#2402 = CARTESIAN_POINT ( 'NONE',  ( -0.5350000000000000311, -1.239999999999999991, 0.5300000000000001377 ) ) ;
#2403 = CARTESIAN_POINT ( 'NONE',  ( -0.5350000000000000311, -1.098928449973850086, 0.5200000000000000178 ) ) ;
#2404 = VECTOR ( 'NONE', #1547, 1000.000000000000000 ) ;
#2405 = ORIENTED_EDGE ( 'NONE', *, *, #3793, .F. ) ;
#2406 = EDGE_CURVE ( 'NONE', #1146, #10208, #5090, .T. ) ;
#2407 = ADVANCED_FACE ( 'NONE', ( #10033 ), #2442, .F. ) ;
#2408 = AXIS2_PLACEMENT_3D ( 'NONE', #8212, #5657, #3768 ) ;
#2409 = ADVANCED_FACE ( 'NONE', ( #6759 ), #8307, .F. ) ;
#2410 = VERTEX_POINT ( 'NONE', #3159 ) ;
#2411 = CARTESIAN_POINT ( 'NONE',  ( -0.1500000000000001055, -0.5999999999999999778, 0.5300000000000001377 ) ) ;
#2412 = PLANE ( 'NONE',  #6410 ) ;
#2413 = ADVANCED_FACE ( 'NONE', ( #3265 ), #3212, .T. ) ;
#2414 = DIRECTION ( 'NONE',  ( 0.000000000000000000, -0.000000000000000000, -1.000000000000000000 ) ) ;
#2415 = CARTESIAN_POINT ( 'NONE',  ( 0.000000000000000000, -0.6999999999999999556, 0.001000000000000000021 ) ) ;
#2416 = AXIS2_PLACEMENT_3D ( 'NONE', #3035, #601, #4039 ) ;
#2417 = COLOUR_RGB ( '',0.3921568627450980338, 0.5999999999999999778, 0.3921568627450980338 ) ;
#2418 = DIRECTION ( 'NONE',  ( -1.000000000000000000, 0.000000000000000000, -0.000000000000000000 ) ) ;
#2419 = CARTESIAN_POINT ( 'NONE',  ( -0.3999931020004680038, -1.600000000000000089, 0.01000000000000000021 ) ) ;
#2420 = ORIENTED_EDGE ( 'NONE', *, *, #5306, .F. ) ;
#2421 = MECHANICAL_DESIGN_GEOMETRIC_PRESENTATION_REPRESENTATION (  '', ( #8427 ), #2065 ) ;
#2422 = CARTESIAN_POINT ( 'NONE',  ( 0.5999999999999999778, -0.6400000000000000133, 0.5300000000000001377 ) ) ;
#2423 = ORIENTED_EDGE ( 'NONE', *, *, #2599, .T. ) ;
#2424 = LINE ( 'NONE', #7521, #9015 ) ;
#2425 = SURFACE_STYLE_FILL_AREA ( #1648 ) ;
#2426 = VERTEX_POINT ( 'NONE', #6591 ) ;
#2427 = ORIENTED_EDGE ( 'NONE', *, *, #1160, .T. ) ;
#2428 = LINE ( 'NONE', #3976, #2502 ) ;
#2429 = DIRECTION ( 'NONE',  ( -0.000000000000000000, -1.000000000000000000, -0.000000000000000000 ) ) ;
#2430 = FILL_AREA_STYLE ('',( #7575 ) ) ;
#2431 = VECTOR ( 'NONE', #3257, 1000.000000000000000 ) ;
#2432 = PLANE ( 'NONE',  #2159 ) ;
#2433 = CARTESIAN_POINT ( 'NONE',  ( -0.4650000000000000244, 1.600000000000000089, 0.000000000000000000 ) ) ;
#2434 = PLANE ( 'NONE',  #486 ) ;
#2435 = CARTESIAN_POINT ( 'NONE',  ( -0.5999999999999999778, 1.399999999999999911, 0.5300000000000001377 ) ) ;
#2436 = ORIENTED_EDGE ( 'NONE', *, *, #7916, .F. ) ;
#2437 = DIRECTION ( 'NONE',  ( 0.000000000000000000, -0.000000000000000000, -1.000000000000000000 ) ) ;
#2438 = VERTEX_POINT ( 'NONE', #2496 ) ;
#2439 = EDGE_LOOP ( 'NONE', ( #10186, #2879, #8822, #9834 ) ) ;
#2440 = AXIS2_PLACEMENT_3D ( 'NONE', #10623, #321, #7853 ) ;
#2441 = ADVANCED_FACE ( 'NONE', ( #4978 ), #9980, .T. ) ;
#2442 = PLANE ( 'NONE',  #5108 ) ;
#2443 = ORIENTED_EDGE ( 'NONE', *, *, #1840, .F. ) ;
#2444 = DIRECTION ( 'NONE',  ( -1.000000000000000000, 0.000000000000000000, -0.000000000000000000 ) ) ;
#2445 = EDGE_CURVE ( 'NONE', #1611, #2525, #5921, .T. ) ;
#2446 = DIRECTION ( 'NONE',  ( 0.4788521306805730293, -0.8778955729143845810, 0.000000000000000000 ) ) ;
#2447 = LINE ( 'NONE', #4829, #1070 ) ;
#2448 =( LENGTH_UNIT ( ) NAMED_UNIT ( * ) SI_UNIT ( .MILLI., .METRE. ) );
#2449 = EDGE_CURVE ( 'NONE', #335, #7852, #3, .T. ) ;
#2450 = FILL_AREA_STYLE ('',( #668 ) ) ;
#2451 = CARTESIAN_POINT ( 'NONE',  ( 0.5999999999999999778, 1.489999999999999991, 0.01000000000000000021 ) ) ;
#2452 = EDGE_LOOP ( 'NONE', ( #5641, #10885, #5478, #2313 ) ) ;
#2453 = CARTESIAN_POINT ( 'NONE',  ( 0.5999999999999999778, -1.600000000000000089, 0.01000000000000000021 ) ) ;
#2454 = EDGE_LOOP ( 'NONE', ( #4064, #549, #9066, #9568, #2894, #7045, #95, #6343, #3754, #7236 ) ) ;
#2455 = DIRECTION ( 'NONE',  ( -1.000000000000000000, 1.807003620809169948E-16, 0.000000000000000000 ) ) ;
#2456 = LINE ( 'NONE', #844, #10654 ) ;
#2457 = VECTOR ( 'NONE', #1451, 1000.000000000000227 ) ;
#2458 = ORIENTED_EDGE ( 'NONE', *, *, #10126, .F. ) ;
#2459 = APPLICATION_CONTEXT ( 'automotive_design' ) ;
#2460 = VERTEX_POINT ( 'NONE', #3587 ) ;
#2461 = DIRECTION ( 'NONE',  ( 1.000000000000000000, 0.000000000000000000, 0.000000000000000000 ) ) ;
#2462 = CARTESIAN_POINT ( 'NONE',  ( 0.2499999999999999445, 1.300000000000000266, 0.01000000000000000021 ) ) ;
#2463 = AXIS2_PLACEMENT_3D ( 'NONE', #7489, #714, #10869 ) ;
#2464 = VECTOR ( 'NONE', #1090, 1000.000000000000000 ) ;
#2465 = DIRECTION ( 'NONE',  ( 0.000000000000000000, 0.000000000000000000, 1.000000000000000000 ) ) ;
#2466 = CARTESIAN_POINT ( 'NONE',  ( 0.000000000000000000, -0.1799999999999999933, 0.001000000000000000021 ) ) ;
#2467 = LINE ( 'NONE', #1737, #10667 ) ;
#2468 = PLANE ( 'NONE',  #3807 ) ;
#2469 = CONTEXT_DEPENDENT_SHAPE_REPRESENTATION ( #4438, #3549 ) ;
#2470 = DIRECTION ( 'NONE',  ( 0.000000000000000000, -0.000000000000000000, 1.000000000000000000 ) ) ;
#2471 = LINE ( 'NONE', #641, #1770 ) ;
#2472 = ORIENTED_EDGE ( 'NONE', *, *, #4617, .F. ) ;
#2473 = CARTESIAN_POINT ( 'NONE',  ( 0.1318411998642919913, 0.1718411998642919991, 0.5300000000000001377 ) ) ;
#2474 = ORIENTED_EDGE ( 'NONE', *, *, #3530, .T. ) ;
#2475 =( NAMED_UNIT ( * ) SI_UNIT ( $, .STERADIAN. ) SOLID_ANGLE_UNIT ( ) );
#2476 = CARTESIAN_POINT ( 'NONE',  ( 0.5999999999999999778, 1.403900576581448956, 0.01000000000000000021 ) ) ;
#2477 = DIRECTION ( 'NONE',  ( 0.000000000000000000, -0.000000000000000000, -1.000000000000000000 ) ) ;
#2478 = ORIENTED_EDGE ( 'NONE', *, *, #10876, .T. ) ;
#2479 = EDGE_LOOP ( 'NONE', ( #9794, #9653, #5866, #7632 ) ) ;
#2480 = PRESENTATION_LAYER_ASSIGNMENT (  '', '', ( #1237 ) ) ;
#2481 = AXIS2_PLACEMENT_3D ( 'NONE', #6221, #6166, #3509 ) ;
#2482 = CARTESIAN_POINT ( 'NONE',  ( 0.2952229299363060000, -0.5999999999999999778, 0.01000000000000000021 ) ) ;
#2483 = PRESENTATION_STYLE_ASSIGNMENT (( #9140 ) ) ;
#2484 = EDGE_LOOP ( 'NONE', ( #6080, #7466, #8653, #10295 ) ) ;
#2485 = CARTESIAN_POINT ( 'NONE',  ( 0.2999999999999999889, 1.489999999999999991, 0.01000000000000000021 ) ) ;
#2486 = DIRECTION ( 'NONE',  ( 1.000000000000000000, 0.000000000000000000, 0.000000000000000000 ) ) ;
#2487 = DIRECTION ( 'NONE',  ( -1.000000000000000000, 0.000000000000000000, 0.000000000000000000 ) ) ;
#2488 = ORIENTED_EDGE ( 'NONE', *, *, #910, .T. ) ;
#2489 = CARTESIAN_POINT ( 'NONE',  ( -0.5349999999999999201, 0.6400000000000000133, 0.01000000000000000021 ) ) ;
#2490 = ORIENTED_EDGE ( 'NONE', *, *, #8257, .F. ) ;
#2491 = ORIENTED_EDGE ( 'NONE', *, *, #3006, .T. ) ;
#2493 = DIRECTION ( 'NONE',  ( -1.000000000000000000, 0.000000000000000000, -0.000000000000000000 ) ) ;
#2492 = VECTOR ( 'NONE', #6918, 1000.000000000000000 ) ;
#2494 = PLANE ( 'NONE',  #10469 ) ;
#2495 = PRODUCT_DEFINITION_SHAPE ( 'NONE', 'NONE',  #355 ) ;
#2496 = CARTESIAN_POINT ( 'NONE',  ( -0.5999999999999999778, -1.239999999999999991, 0.01000000000000000021 ) ) ;
#2497 = ORIENTED_EDGE ( 'NONE', *, *, #2075, .F. ) ;
#2498 = CARTESIAN_POINT ( 'NONE',  ( -0.4000000000000000222, -0.1799999999999999933, 0.001000000000000000021 ) ) ;
#2499 = CARTESIAN_POINT ( 'NONE',  ( -0.2999999999999993228, 1.489999999999999325, 0.5300000000000001377 ) ) ;
#2500 = LINE ( 'NONE', #5821, #4785 ) ;
#2501 = FACE_OUTER_BOUND ( 'NONE', #8221, .T. ) ;
#2502 = VECTOR ( 'NONE', #3145, 1000.000000000000000 ) ;
#2503 = CARTESIAN_POINT ( 'NONE',  ( 0.000000000000000000, 0.000000000000000000, 0.005000000000000000104 ) ) ;
#2504 = ORIENTED_EDGE ( 'NONE', *, *, #10802, .T. ) ;
#2505 = DIRECTION ( 'NONE',  ( 1.000000000000000000, 0.000000000000000000, -0.000000000000000000 ) ) ;
#2506 = ORIENTED_EDGE ( 'NONE', *, *, #5286, .F. ) ;
#2507 = VECTOR ( 'NONE', #1612, 1000.000000000000000 ) ;
#2508 = CARTESIAN_POINT ( 'NONE',  ( 0.3925000000000000155, 0.7500000000000000000, 0.7900000000000000355 ) ) ;
#2509 = CARTESIAN_POINT ( 'NONE',  ( 0.1500000000000000777, -0.6999999999999999556, 0.000000000000000000 ) ) ;
#2510 = ADVANCED_FACE ( 'NONE', ( #2811 ), #1883, .F. ) ;
#2511 = AXIS2_PLACEMENT_3D ( 'NONE', #610, #6533, #8306 ) ;
#2512 = VERTEX_POINT ( 'NONE', #1994 ) ;
#2513 = ORIENTED_EDGE ( 'NONE', *, *, #2112, .T. ) ;
#2514 = PLANE ( 'NONE',  #5298 ) ;
#2515 = CARTESIAN_POINT ( 'NONE',  ( 0.3925000000000000155, 1.600000000000000089, 0.7900000000000000355 ) ) ;
#2516 = DIRECTION ( 'NONE',  ( 1.000000000000000000, 0.000000000000000000, 0.000000000000000000 ) ) ;
#2517 = DIRECTION ( 'NONE',  ( -0.000000000000000000, 0.000000000000000000, 1.000000000000000000 ) ) ;
#2518 = AXIS2_PLACEMENT_3D ( 'NONE', #9137, #757, #5800 ) ;
#2519 = EDGE_CURVE ( 'NONE', #9940, #8972, #9537, .T. ) ;
#2520 = DIRECTION ( 'NONE',  ( -0.000000000000000000, -0.000000000000000000, -1.000000000000000000 ) ) ;
#2521 = VECTOR ( 'NONE', #113, 1000.000000000000000 ) ;
#2522 = EDGE_CURVE ( 'NONE', #5809, #5808, #7697, .T. ) ;
#2523 = MECHANICAL_DESIGN_GEOMETRIC_PRESENTATION_REPRESENTATION (  '', ( #9249 ), #6768 ) ;
#2524 = PLANE ( 'NONE',  #7789 ) ;
#2525 = VERTEX_POINT ( 'NONE', #8529 ) ;
#2526 = VECTOR ( 'NONE', #5397, 1000.000000000000000 ) ;
#2527 = CARTESIAN_POINT ( 'NONE',  ( -0.4018411998642920091, -0.1818411998642920357, 0.5300000000000001377 ) ) ;
#2528 =( GEOMETRIC_REPRESENTATION_CONTEXT ( 3 ) GLOBAL_UNCERTAINTY_ASSIGNED_CONTEXT ( ( #2548 ) ) GLOBAL_UNIT_ASSIGNED_CONTEXT ( ( #2448, #10212, #3219 ) ) REPRESENTATION_CONTEXT ( 'NONE', 'WORKASPACE' ) );
#2529 = ORIENTED_EDGE ( 'NONE', *, *, #2866, .F. ) ;
#2530 = CARTESIAN_POINT ( 'NONE',  ( -0.1499999999999999667, 0.6999999999999999556, 0.000000000000000000 ) ) ;
#2531 = EDGE_LOOP ( 'NONE', ( #7340, #2984, #4661, #5284 ) ) ;
#2532 = ORIENTED_EDGE ( 'NONE', *, *, #7124, .F. ) ;
#2533 = VECTOR ( 'NONE', #5443, 1000.000000000000000 ) ;
#2534 = AXIS2_PLACEMENT_3D ( 'NONE', #2816, #1002, #4543 ) ;
#2535 = EDGE_CURVE ( 'NONE', #1700, #7852, #10352, .T. ) ;
#2536 = ADVANCED_FACE ( 'NONE', ( #5362 ), #997, .T. ) ;
#2537 =( NAMED_UNIT ( * ) PLANE_ANGLE_UNIT ( ) SI_UNIT ( $, .RADIAN. ) );
#2538 = ORIENTED_EDGE ( 'NONE', *, *, #7267, .T. ) ;
#2539 = EDGE_CURVE ( 'NONE', #6736, #5917, #6816, .T. ) ;
#2540 = DIRECTION ( 'NONE',  ( -1.000000000000000000, -1.445602896647379937E-15, 0.000000000000000000 ) ) ;
#2541 = DIRECTION ( 'NONE',  ( -1.000000000000000000, 0.000000000000000000, 0.000000000000000000 ) ) ;
#2542 = FACE_OUTER_BOUND ( 'NONE', #8726, .T. ) ;
#2543 = VERTEX_POINT ( 'NONE', #7035 ) ;
#2544 = PLANE ( 'NONE',  #9837 ) ;
#2545 = ORIENTED_EDGE ( 'NONE', *, *, #6187, .T. ) ;
#2546 = VERTEX_POINT ( 'NONE', #8585 ) ;
#2547 = CIRCLE ( 'NONE', #3963, 0.1999999999999999833 ) ;
#2548 = UNCERTAINTY_MEASURE_WITH_UNIT (LENGTH_MEASURE( 1.000000000000000082E-05 ), #2448, 'distance_accuracy_value', 'NONE');
#2549 = CLOSED_SHELL ( 'NONE', ( #8549, #5043, #4278, #4499, #5512, #2191 ) ) ;
#2550 = DIRECTION ( 'NONE',  ( 0.000000000000000000, -1.000000000000000000, 0.000000000000000000 ) ) ;
#2551 =( NAMED_UNIT ( * ) SI_UNIT ( $, .STERADIAN. ) SOLID_ANGLE_UNIT ( ) );
#2552 = ORIENTED_EDGE ( 'NONE', *, *, #8959, .T. ) ;
#2553 = DIRECTION ( 'NONE',  ( -0.5155782475760174455, 0.8568425004786136556, 0.000000000000000000 ) ) ;
#2554 = DIRECTION ( 'NONE',  ( 0.000000000000000000, -0.000000000000000000, -1.000000000000000000 ) ) ;
#2555 = CARTESIAN_POINT ( 'NONE',  ( 0.000000000000000000, 0.6999999999999999556, 0.001000000000000000021 ) ) ;
#2556 = PLANE ( 'NONE',  #9784 ) ;
#2557 =( NAMED_UNIT ( * ) PLANE_ANGLE_UNIT ( ) SI_UNIT ( $, .RADIAN. ) );
#2558 = CARTESIAN_POINT ( 'NONE',  ( -0.2399563975748849887, -1.600000000000000089, 0.000000000000000000 ) ) ;
#2559 = VERTEX_POINT ( 'NONE', #7753 ) ;
#2560 = CARTESIAN_POINT ( 'NONE',  ( -0.5999999999999999778, -1.239999999999999991, 0.5300000000000001377 ) ) ;
#2561 = VERTEX_POINT ( 'NONE', #161 ) ;
#2562 = DIRECTION ( 'NONE',  ( 0.000000000000000000, 0.000000000000000000, 1.000000000000000000 ) ) ;
#2563 = DIRECTION ( 'NONE',  ( -1.000000000000000000, -0.000000000000000000, 0.000000000000000000 ) ) ;
#2564 = ORIENTED_EDGE ( 'NONE', *, *, #4634, .F. ) ;
#2565 = VECTOR ( 'NONE', #8098, 1000.000000000000000 ) ;
#2566 = ORIENTED_EDGE ( 'NONE', *, *, #3480, .F. ) ;
#2567 = CARTESIAN_POINT ( 'NONE',  ( 0.2925934069883829869, 0.7500000000000000000, 0.000000000000000000 ) ) ;
#2568 = SURFACE_STYLE_USAGE ( .BOTH. , #10173 ) ;
#2569 = LINE ( 'NONE', #10174, #150 ) ;
#2570 = CARTESIAN_POINT ( 'NONE',  ( 0.3999931020004680038, 1.600000000000000089, 0.01000000000000000021 ) ) ;
#2571 = EDGE_CURVE ( 'NONE', #7381, #10625, #6920, .T. ) ;
#2572 = CARTESIAN_POINT ( 'NONE',  ( 0.2068411998642920024, -0.1818411998642920357, 0.5200000000000000178 ) ) ;
#2573 = VECTOR ( 'NONE', #8225, 1000.000000000000000 ) ;
#2574 = AXIS2_PLACEMENT_3D ( 'NONE', #2829, #6944, #1788 ) ;
#2575 = EDGE_CURVE ( 'NONE', #9789, #74, #3531, .T. ) ;
#2576 = DIRECTION ( 'NONE',  ( -1.000000000000000000, 0.000000000000000000, 0.000000000000000000 ) ) ;
#2577 = ADVANCED_FACE ( 'NONE', ( #116 ), #7806, .F. ) ;
#2578 = ORIENTED_EDGE ( 'NONE', *, *, #957, .T. ) ;
#2579 = VECTOR ( 'NONE', #4608, 1000.000000000000000 ) ;
#2580 = ADVANCED_FACE ( 'NONE', ( #7865 ), #2762, .T. ) ;
#2581 = CARTESIAN_POINT ( 'NONE',  ( 0.1499999999999999667, -1.099999999999999867, 0.005000000000000000104 ) ) ;
#2582 = EDGE_CURVE ( 'NONE', #5967, #4287, #3919, .T. ) ;
#2583 = VERTEX_POINT ( 'NONE', #8915 ) ;
#2584 = AXIS2_PLACEMENT_3D ( 'NONE', #9287, #6676, #3236 ) ;
#2585 = PRODUCT_DEFINITION_SHAPE ( 'NONE', 'NONE',  #10967 ) ;
#2586 = ORIENTED_EDGE ( 'NONE', *, *, #9374, .T. ) ;
#2587 = ORIENTED_EDGE ( 'NONE', *, *, #1693, .T. ) ;
#2588 = FACE_OUTER_BOUND ( 'NONE', #2130, .T. ) ;
#2589 = VECTOR ( 'NONE', #5629, 1000.000000000000000 ) ;
#2590 = CARTESIAN_POINT ( 'NONE',  ( 0.3197770700636939911, 0.6400000000000000133, 0.01000000000000000021 ) ) ;
#2591 = EDGE_LOOP ( 'NONE', ( #9902, #9127, #7877, #10413 ) ) ;
#2592 = PLANE ( 'NONE',  #6164 ) ;
#2593 = FILL_AREA_STYLE ('',( #10143 ) ) ;
#2594 = CARTESIAN_POINT ( 'NONE',  ( -0.1499999999999990230, 0.6400000000000000133, 0.5200000000000000178 ) ) ;
#2595 = ORIENTED_EDGE ( 'NONE', *, *, #10171, .T. ) ;
#2596 = DIRECTION ( 'NONE',  ( -0.000000000000000000, -1.000000000000000000, -0.000000000000000000 ) ) ;
#2597 = LINE ( 'NONE', #9416, #5374 ) ;
#2598 = ORIENTED_EDGE ( 'NONE', *, *, #3003, .F. ) ;
#2599 = EDGE_CURVE ( 'NONE', #1590, #9604, #3862, .T. ) ;
#2600 = LINE ( 'NONE', #8691, #1797 ) ;
#2601 = CARTESIAN_POINT ( 'NONE',  ( 0.5999999999999999778, 1.500000000000000000, 0.7900000000000000355 ) ) ;
#2602 = VERTEX_POINT ( 'NONE', #4587 ) ;
#2603 = EDGE_CURVE ( 'NONE', #7708, #1103, #2269, .T. ) ;
#2604 = CARTESIAN_POINT ( 'NONE',  ( -0.5999999999999999778, 1.102908420521089949, 0.5200000000000000178 ) ) ;
#2605 = EDGE_CURVE ( 'NONE', #3204, #9522, #1267, .T. ) ;
#2606 = CARTESIAN_POINT ( 'NONE',  ( -0.2400000000000000466, 1.599999999999999867, 0.5200000000000000178 ) ) ;
#2607 = FACE_OUTER_BOUND ( 'NONE', #6132, .T. ) ;
#2608 = UNCERTAINTY_MEASURE_WITH_UNIT (LENGTH_MEASURE( 1.000000000000000082E-05 ), #9129, 'distance_accuracy_value', 'NONE');
#2609 = VECTOR ( 'NONE', #2486, 1000.000000000000000 ) ;
#2610 = CARTESIAN_POINT ( 'NONE',  ( 0.2999999999999999889, -1.489999999999999991, 0.5300000000000001377 ) ) ;
#2611 = VERTEX_POINT ( 'NONE', #6469 ) ;
#2612 = ORIENTED_EDGE ( 'NONE', *, *, #8428, .T. ) ;
#2613 = CARTESIAN_POINT ( 'NONE',  ( -0.1499999999999999667, 1.489999999999999991, 0.01000000000000000021 ) ) ;
#2614 = CARTESIAN_POINT ( 'NONE',  ( -0.2400000000000000189, -1.600000000000000089, 0.7900000000000000355 ) ) ;
#2615 = ORIENTED_EDGE ( 'NONE', *, *, #9665, .F. ) ;
#2616 = EDGE_CURVE ( 'NONE', #9624, #8832, #9690, .T. ) ;
#2617 = VERTEX_POINT ( 'NONE', #1321 ) ;
#2618 = PLANE ( 'NONE',  #7620 ) ;
#2619 =( LENGTH_UNIT ( ) NAMED_UNIT ( * ) SI_UNIT ( .MILLI., .METRE. ) );
#2620 = DIRECTION ( 'NONE',  ( -1.000000000000000000, 0.000000000000000000, 0.000000000000000000 ) ) ;
#2621 = CARTESIAN_POINT ( 'NONE',  ( -0.1499999999999989952, -1.600000000000000089, 0.5200000000000000178 ) ) ;
#2622 = CARTESIAN_POINT ( 'NONE',  ( 0.000000000000000000, -0.1818411998642920357, 0.5200000000000000178 ) ) ;
#2623 = DIRECTION ( 'NONE',  ( 1.000000000000000000, -0.000000000000000000, 0.000000000000000000 ) ) ;
#2624 = FILL_AREA_STYLE ('',( #7775 ) ) ;
#2625 = VECTOR ( 'NONE', #4556, 1000.000000000000000 ) ;
#2626 = LINE ( 'NONE', #9135, #3018 ) ;
#2627 = CARTESIAN_POINT ( 'NONE',  ( 0.07499999999999999722, 1.100000000000000089, 0.005000000000000000104 ) ) ;
#2628 = EDGE_LOOP ( 'NONE', ( #9792, #7848, #5891, #5175 ) ) ;
#2629 = CARTESIAN_POINT ( 'NONE',  ( -0.1499999999999999667, -1.100000000000000533, 0.001000000000000000021 ) ) ;
#2630 = VERTEX_POINT ( 'NONE', #2922 ) ;
#2631 = DIRECTION ( 'NONE',  ( 1.000000000000000000, 0.000000000000000000, 0.000000000000000000 ) ) ;
#2632 = ADVANCED_FACE ( 'NONE', ( #2101 ), #6300, .F. ) ;
#2633 = FILL_AREA_STYLE_COLOUR ( '', #2759 ) ;
#2634 = VERTEX_POINT ( 'NONE', #2974 ) ;
#2635 = ORIENTED_EDGE ( 'NONE', *, *, #2066, .T. ) ;
#2636 = EDGE_CURVE ( 'NONE', #1714, #6190, #4536, .T. ) ;
#2637 = EDGE_CURVE ( 'NONE', #1761, #3680, #2157, .T. ) ;
#2638 = COLOUR_RGB ( '',0.3921568627450980338, 0.5999999999999999778, 0.3921568627450980338 ) ;
#2639 = VERTEX_POINT ( 'NONE', #10462 ) ;
#2640 = CARTESIAN_POINT ( 'NONE',  ( 0.1499999999999989952, 1.489999999999999991, 0.5300000000000001377 ) ) ;
#2641 = LINE ( 'NONE', #8683, #5793 ) ;
#2642 = DIRECTION ( 'NONE',  ( -1.355252715606880049E-16, -1.000000000000000000, -0.000000000000000000 ) ) ;
#2643 = VERTEX_POINT ( 'NONE', #9801 ) ;
#2644 = LINE ( 'NONE', #7857, #5223 ) ;
#2645 = DIRECTION ( 'NONE',  ( 1.000000000000000000, -0.000000000000000000, 0.000000000000000000 ) ) ;
#2646 = ORIENTED_EDGE ( 'NONE', *, *, #3775, .T. ) ;
#2647 = AXIS2_PLACEMENT_3D ( 'NONE', #7629, #9515, #9406 ) ;
#2648 = EDGE_CURVE ( 'NONE', #3967, #4461, #2215, .T. ) ;
#2649 = UNCERTAINTY_MEASURE_WITH_UNIT (LENGTH_MEASURE( 1.000000000000000082E-05 ), #9403, 'distance_accuracy_value', 'NONE');
#2650 = FACE_OUTER_BOUND ( 'NONE', #258, .T. ) ;
#2651 = EDGE_CURVE ( 'NONE', #6847, #7576, #1376, .T. ) ;
#2652 =( NAMED_UNIT ( * ) PLANE_ANGLE_UNIT ( ) SI_UNIT ( $, .RADIAN. ) );
#2653 = DIRECTION ( 'NONE',  ( 1.807744701332710101E-16, -1.000000000000000000, 0.000000000000000000 ) ) ;
#2654 = EDGE_LOOP ( 'NONE', ( #7784, #10244, #147, #6404 ) ) ;
#2655 = LINE ( 'NONE', #9423, #1794 ) ;
#2656 = EDGE_CURVE ( 'NONE', #4287, #3381, #6249, .T. ) ;
#2657 = MECHANICAL_DESIGN_GEOMETRIC_PRESENTATION_REPRESENTATION (  '', ( #8498 ), #8846 ) ;
#2658 = DIRECTION ( 'NONE',  ( -0.000000000000000000, -0.000000000000000000, 1.000000000000000000 ) ) ;
#2659 = CARTESIAN_POINT ( 'NONE',  ( -0.5999999999999999778, 0.000000000000000000, 0.001000000000000000021 ) ) ;
#2660 = CARTESIAN_POINT ( 'NONE',  ( -0.5999999999999999778, -0.6999999999999997335, 0.005000000000000000104 ) ) ;
#2661 = LINE ( 'NONE', #784, #10529 ) ;
#2662 = ORIENTED_EDGE ( 'NONE', *, *, #4214, .F. ) ;
#2663 = VERTEX_POINT ( 'NONE', #8798 ) ;
#2664 = EDGE_CURVE ( 'NONE', #4837, #2663, #7968, .T. ) ;
#2665 = DIRECTION ( 'NONE',  ( 0.000000000000000000, -0.000000000000000000, 1.000000000000000000 ) ) ;
#2666 = MANIFOLD_SOLID_BREP ( 'Pins_top', #3432 ) ;
#2667 = VERTEX_POINT ( 'NONE', #6575 ) ;
#2668 = VECTOR ( 'NONE', #6719, 1000.000000000000000 ) ;
#2669 = EDGE_CURVE ( 'NONE', #8747, #9233, #8349, .T. ) ;
#2670 = CARTESIAN_POINT ( 'NONE',  ( -0.5350000000000000311, 0.9000000000000001332, 0.01000000000000000021 ) ) ;
#2671 = CARTESIAN_POINT ( 'NONE',  ( 0.2399999999999999911, -1.600000000000000089, 0.000000000000000000 ) ) ;
#2672 = CARTESIAN_POINT ( 'NONE',  ( -0.5999999999999999778, -1.239999999999999991, 0.8000000000000000444 ) ) ;
#2673 = DIRECTION ( 'NONE',  ( -1.000000000000000000, -0.000000000000000000, 0.000000000000000000 ) ) ;
#2674 = CARTESIAN_POINT ( 'NONE',  ( -0.1218411998642919963, -0.1818411998642920357, 0.5300000000000001377 ) ) ;
#2675 = VECTOR ( 'NONE', #6038, 1000.000000000000000 ) ;
#2676 = DIRECTION ( 'NONE',  ( -0.000000000000000000, 0.000000000000000000, 1.000000000000000000 ) ) ;
#2677 = AXIS2_PLACEMENT_3D ( 'NONE', #7529, #8351, #10139 ) ;
#2678 = LINE ( 'NONE', #5903, #5862 ) ;
#2679 = VERTEX_POINT ( 'NONE', #4037 ) ;
#2680 = PLANE ( 'NONE',  #2314 ) ;
#2681 = DIRECTION ( 'NONE',  ( -0.000000000000000000, 0.000000000000000000, 1.000000000000000000 ) ) ;
#2682 = ADVANCED_FACE ( 'NONE', ( #6690 ), #4860, .T. ) ;
#2683 = VECTOR ( 'NONE', #4702, 1000.000000000000000 ) ;
#2684 = VERTEX_POINT ( 'NONE', #9026 ) ;
#2685 =( NAMED_UNIT ( * ) SI_UNIT ( $, .STERADIAN. ) SOLID_ANGLE_UNIT ( ) );
#2686 = CARTESIAN_POINT ( 'NONE',  ( 0.07499999999999999722, 1.100000000000000089, 0.001000000000000000021 ) ) ;
#2687 = VERTEX_POINT ( 'NONE', #10077 ) ;
#2688 = VERTEX_POINT ( 'NONE', #7528 ) ;
#2689 = FILL_AREA_STYLE_COLOUR ( '', #6002 ) ;
#2690 =( GEOMETRIC_REPRESENTATION_CONTEXT ( 3 ) GLOBAL_UNCERTAINTY_ASSIGNED_CONTEXT ( ( #9418 ) ) GLOBAL_UNIT_ASSIGNED_CONTEXT ( ( #10430, #5388, #6842 ) ) REPRESENTATION_CONTEXT ( 'NONE', 'WORKASPACE' ) );
#2691 = ORIENTED_EDGE ( 'NONE', *, *, #1592, .F. ) ;
#2692 = PRESENTATION_LAYER_ASSIGNMENT (  '', '', ( #7830 ) ) ;
#2693 = EDGE_CURVE ( 'NONE', #4147, #2012, #9188, .T. ) ;
#2694 = DIRECTION ( 'NONE',  ( -1.000000000000000000, -0.000000000000000000, -0.000000000000000000 ) ) ;
#2695 = ORIENTED_EDGE ( 'NONE', *, *, #8805, .F. ) ;
#2696 = CARTESIAN_POINT ( 'NONE',  ( 0.2925934069883829869, 0.7500000000000000000, 0.01000000000000000021 ) ) ;
#2697 = EDGE_CURVE ( 'NONE', #7628, #7530, #9081, .T. ) ;
#2698 = CARTESIAN_POINT ( 'NONE',  ( 0.5350000000000000311, 1.102908420521089949, 0.5300000000000001377 ) ) ;
#2699 = ORIENTED_EDGE ( 'NONE', *, *, #1369, .F. ) ;
#2700 = CARTESIAN_POINT ( 'NONE',  ( -0.3000000000000000444, 1.489999999999999991, 0.5300000000000001377 ) ) ;
#2701 = VECTOR ( 'NONE', #8385, 1000.000000000000000 ) ;
#2702 = LINE ( 'NONE', #9473, #1461 ) ;
#2703 = VERTEX_POINT ( 'NONE', #700 ) ;
#2704 = CARTESIAN_POINT ( 'NONE',  ( 0.1499999999999990230, 0.6400000000000000133, 0.5300000000000001377 ) ) ;
#2705 = CARTESIAN_POINT ( 'NONE',  ( 0.2399999999999999911, 1.600000000000000089, 0.5300000000000001377 ) ) ;
#2706 = CARTESIAN_POINT ( 'NONE',  ( 0.3999999999999999667, -1.600000000000000089, 0.01000000000000000021 ) ) ;
#2707 = CARTESIAN_POINT ( 'NONE',  ( 0.3197770700636929919, 0.6400000000000000133, 0.5300000000000001377 ) ) ;
#2708 = PRODUCT_DEFINITION_CONTEXT ( 'detailed design', #3945, 'design' ) ;
#2709 =( GEOMETRIC_REPRESENTATION_CONTEXT ( 3 ) GLOBAL_UNCERTAINTY_ASSIGNED_CONTEXT ( ( #7610 ) ) GLOBAL_UNIT_ASSIGNED_CONTEXT ( ( #10, #8536, #4052 ) ) REPRESENTATION_CONTEXT ( 'NONE', 'WORKASPACE' ) );
#2710 = EDGE_CURVE ( 'NONE', #7874, #1518, #8188, .T. ) ;
#2711 = FACE_OUTER_BOUND ( 'NONE', #6003, .T. ) ;
#2712 = ORIENTED_EDGE ( 'NONE', *, *, #9780, .F. ) ;
#2713 = LINE ( 'NONE', #9534, #6116 ) ;
#2714 = ORIENTED_EDGE ( 'NONE', *, *, #6118, .F. ) ;
#2715 = DIRECTION ( 'NONE',  ( -0.000000000000000000, -1.000000000000000000, -0.000000000000000000 ) ) ;
#2716 = LINE ( 'NONE', #6091, #380 ) ;
#2717 = ORIENTED_EDGE ( 'NONE', *, *, #739, .F. ) ;
#2718 = ADVANCED_FACE ( 'NONE', ( #8403 ), #650, .F. ) ;
#2719 = EDGE_CURVE ( 'NONE', #100, #7973, #3979, .T. ) ;
#2720 = CARTESIAN_POINT ( 'NONE',  ( -0.2952229299363060000, -0.5999999999999999778, 0.01000000000000000021 ) ) ;
#2721 = PLANE ( 'NONE',  #412 ) ;
#2722 = DIRECTION ( 'NONE',  ( -1.000000000000000000, 1.042502088928370027E-16, -0.000000000000000000 ) ) ;
#2723 = DIRECTION ( 'NONE',  ( -0.000000000000000000, 1.000000000000000000, 0.000000000000000000 ) ) ;
#2724 = LINE ( 'NONE', #8712, #3404 ) ;
#2725 = FACE_OUTER_BOUND ( 'NONE', #4049, .T. ) ;
#2726 = EDGE_LOOP ( 'NONE', ( #4010, #3709, #5477, #3355 ) ) ;
#2727 = CARTESIAN_POINT ( 'NONE',  ( -0.5350000000000000311, -0.6999999999999997335, 0.001000000000000000021 ) ) ;
#2728 = ADVANCED_FACE ( 'NONE', ( #10747 ), #9908, .T. ) ;
#2729 = DIRECTION ( 'NONE',  ( -0.000000000000000000, -1.000000000000000000, -0.000000000000000000 ) ) ;
#2730 =( GEOMETRIC_REPRESENTATION_CONTEXT ( 3 ) GLOBAL_UNCERTAINTY_ASSIGNED_CONTEXT ( ( #4165 ) ) GLOBAL_UNIT_ASSIGNED_CONTEXT ( ( #1802, #192, #2685 ) ) REPRESENTATION_CONTEXT ( 'NONE', 'WORKASPACE' ) );
#2731 = EDGE_CURVE ( 'NONE', #6088, #3967, #9966, .T. ) ;
#2732 = DIRECTION ( 'NONE',  ( -0.000000000000000000, -1.000000000000000000, 0.000000000000000000 ) ) ;
#2733 = EDGE_CURVE ( 'NONE', #9704, #2956, #1541, .T. ) ;
#2734 = ORIENTED_EDGE ( 'NONE', *, *, #1426, .F. ) ;
#2735 = FACE_OUTER_BOUND ( 'NONE', #4528, .T. ) ;
#2736 = LINE ( 'NONE', #2080, #9475 ) ;
#2737 = AXIS2_PLACEMENT_3D ( 'NONE', #6600, #8153, #9987 ) ;
#2738 = ORIENTED_EDGE ( 'NONE', *, *, #5093, .F. ) ;
#2739 = DIRECTION ( 'NONE',  ( 0.000000000000000000, 0.000000000000000000, 1.000000000000000000 ) ) ;
#2740 = CARTESIAN_POINT ( 'NONE',  ( 0.2925934069883829869, 0.9000000000000001332, 0.01000000000000000021 ) ) ;
#2741 = ORIENTED_EDGE ( 'NONE', *, *, #5286, .T. ) ;
#2742 = ORIENTED_EDGE ( 'NONE', *, *, #3080, .T. ) ;
#2743 = COLOUR_RGB ( '',1.000000000000000000, 1.000000000000000000, 1.000000000000000000 ) ;
#2744 = VECTOR ( 'NONE', #5490, 1000.000000000000000 ) ;
#2745 = VECTOR ( 'NONE', #5132, 1000.000000000000000 ) ;
#2746 = LINE ( 'NONE', #7023, #698 ) ;
#2747 = EDGE_LOOP ( 'NONE', ( #4845, #7029, #6494, #3063 ) ) ;
#2748 = VECTOR ( 'NONE', #2623, 1000.000000000000000 ) ;
#2749 = LINE ( 'NONE', #5406, #9063 ) ;
#2750 = CARTESIAN_POINT ( 'NONE',  ( 0.1499999999999989952, -1.489999999999999991, 0.5300000000000001377 ) ) ;
#2751 =( LENGTH_UNIT ( ) NAMED_UNIT ( * ) SI_UNIT ( .MILLI., .METRE. ) );
#2752 = LINE ( 'NONE', #4417, #1694 ) ;
#2753 = ORIENTED_EDGE ( 'NONE', *, *, #3454, .F. ) ;
#2754 = CARTESIAN_POINT ( 'NONE',  ( 0.5350000000000000311, -1.099999999999999645, 0.001000000000000000021 ) ) ;
#2755 = SURFACE_STYLE_USAGE ( .BOTH. , #4375 ) ;
#2756 = ORIENTED_EDGE ( 'NONE', *, *, #7617, .F. ) ;
#2757 = UNCERTAINTY_MEASURE_WITH_UNIT (LENGTH_MEASURE( 1.000000000000000082E-05 ), #3172, 'distance_accuracy_value', 'NONE');
#2758 = CARTESIAN_POINT ( 'NONE',  ( -0.1499999999999999944, -0.6971625444288770401, 0.5300000000000001377 ) ) ;
#2759 = COLOUR_RGB ( '',0.2000000000000000111, 0.2000000000000000111, 0.2000000000000000111 ) ;
#2760 = DIRECTION ( 'NONE',  ( -1.129377263005729923E-16, -1.000000000000000000, 0.000000000000000000 ) ) ;
#2761 = PRODUCT_DEFINITION_SHAPE ( 'NONE', 'NONE',  #10973 ) ;
#2762 = PLANE ( 'NONE',  #9383 ) ;
#2763 = ORIENTED_EDGE ( 'NONE', *, *, #7823, .F. ) ;
#2764 = DIRECTION ( 'NONE',  ( -0.000000000000000000, 1.000000000000000000, 0.000000000000000000 ) ) ;
#2765 = DIRECTION ( 'NONE',  ( 1.000000000000000000, 0.000000000000000000, -0.000000000000000000 ) ) ;
#2766 = DIRECTION ( 'NONE',  ( -0.000000000000000000, 1.000000000000000000, 0.000000000000000000 ) ) ;
#2767 = FACE_OUTER_BOUND ( 'NONE', #550, .T. ) ;
#2768 = VECTOR ( 'NONE', #4362, 1000.000000000000114 ) ;
#2769 = PLANE ( 'NONE',  #1149 ) ;
#2770 = ORIENTED_EDGE ( 'NONE', *, *, #3449, .F. ) ;
#2771 = LINE ( 'NONE', #3142, #7016 ) ;
#2772 = ORIENTED_EDGE ( 'NONE', *, *, #7944, .T. ) ;
#2773 = ADVANCED_FACE ( 'NONE', ( #10854 ), #10020, .T. ) ;
#2774 = FACE_OUTER_BOUND ( 'NONE', #3567, .T. ) ;
#2775 = CARTESIAN_POINT ( 'NONE',  ( -0.5350000000000000311, 1.243863872159709949, 0.000000000000000000 ) ) ;
#2776 = EDGE_CURVE ( 'NONE', #1322, #3490, #7791, .T. ) ;
#2777 = ORIENTED_EDGE ( 'NONE', *, *, #2983, .F. ) ;
#2778 = ADVANCED_FACE ( 'NONE', ( #9303 ), #5239, .F. ) ;
#2779 = VECTOR ( 'NONE', #5749, 1000.000000000000000 ) ;
#2780 = LINE ( 'NONE', #129, #3185 ) ;
#2781 = DIRECTION ( 'NONE',  ( -1.000000000000000000, -0.000000000000000000, 0.000000000000000000 ) ) ;
#2782 = LINE ( 'NONE', #10322, #10238 ) ;
#2783 = CARTESIAN_POINT ( 'NONE',  ( 0.3197770700636939911, 0.6400000000000000133, 0.01000000000000000021 ) ) ;
#2784 = CARTESIAN_POINT ( 'NONE',  ( 0.1318411998642919913, 0.1718411998642919991, 0.5300000000000001377 ) ) ;
#2785 = CARTESIAN_POINT ( 'NONE',  ( -0.5999999999999999778, -1.399999999999999911, 0.5200000000000000178 ) ) ;
#2786 = ORIENTED_EDGE ( 'NONE', *, *, #3712, .T. ) ;
#2787 = PLANE ( 'NONE',  #3579 ) ;
#2788 = VECTOR ( 'NONE', #7635, 1000.000000000000000 ) ;
#2789 = CARTESIAN_POINT ( 'NONE',  ( 0.5350000000000000311, 1.239999999999999991, 0.01000000000000000021 ) ) ;
#2790 = ORIENTED_EDGE ( 'NONE', *, *, #3083, .T. ) ;
#2791 = CARTESIAN_POINT ( 'NONE',  ( 0.4650000000000000244, 0.6400000000000000133, 0.5300000000000001377 ) ) ;
#2792 = DIRECTION ( 'NONE',  ( -1.000000000000000000, 0.000000000000000000, 0.000000000000000000 ) ) ;
#2793 = ORIENTED_EDGE ( 'NONE', *, *, #3644, .T. ) ;
#2794 = CARTESIAN_POINT ( 'NONE',  ( 0.000000000000000000, 0.000000000000000000, 0.000000000000000000 ) ) ;
#2795 = SHAPE_REPRESENTATION ( 'Pins_Bottom_5', ( #2231 ), #439 ) ;
#2796 = ORIENTED_EDGE ( 'NONE', *, *, #4539, .F. ) ;
#2797 = ORIENTED_EDGE ( 'NONE', *, *, #6326, .T. ) ;
#2798 = ORIENTED_EDGE ( 'NONE', *, *, #4619, .F. ) ;
#2799 = FACE_OUTER_BOUND ( 'NONE', #4276, .T. ) ;
#2800 = EDGE_LOOP ( 'NONE', ( #52, #3824, #3748, #694, #6680, #9588 ) ) ;
#2801 = DIRECTION ( 'NONE',  ( -1.000000000000000000, -0.000000000000000000, -0.000000000000000000 ) ) ;
#2802 = CARTESIAN_POINT ( 'NONE',  ( 0.1499999999999999944, 1.500000000000000000, 0.7900000000000000355 ) ) ;
#2803 = LINE ( 'NONE', #154, #9431 ) ;
#2804 = COLOUR_RGB ( '',1.000000000000000000, 1.000000000000000000, 1.000000000000000000 ) ;
#2805 = ORIENTED_EDGE ( 'NONE', *, *, #688, .T. ) ;
#2806 = CARTESIAN_POINT ( 'NONE',  ( -0.2400000000000000189, 1.600000000000000089, 0.7900000000000000355 ) ) ;
#2807 = CARTESIAN_POINT ( 'NONE',  ( 0.5999999999999999778, 0.6000000000000000888, 0.5300000000000001377 ) ) ;
#2808 = VERTEX_POINT ( 'NONE', #8628 ) ;
#2809 = CARTESIAN_POINT ( 'NONE',  ( 0.5350000000000000311, -1.098928449973850086, 0.5200000000000000178 ) ) ;
#2810 = PLANE ( 'NONE',  #7121 ) ;
#2811 = FACE_OUTER_BOUND ( 'NONE', #1204, .T. ) ;
#2812 = ORIENTED_EDGE ( 'NONE', *, *, #1634, .F. ) ;
#2813 = FACE_OUTER_BOUND ( 'NONE', #7729, .T. ) ;
#2814 = CARTESIAN_POINT ( 'NONE',  ( -0.5350000000000000311, 1.243863872159709949, 0.01000000000000000021 ) ) ;
#2815 = DIRECTION ( 'NONE',  ( -0.000000000000000000, 0.000000000000000000, -1.000000000000000000 ) ) ;
#2816 = CARTESIAN_POINT ( 'NONE',  ( 0.5350000000000000311, -1.239999999999999991, 0.7900000000000000355 ) ) ;
#2817 = DIRECTION ( 'NONE',  ( 0.000000000000000000, 0.000000000000000000, 1.000000000000000000 ) ) ;
#2818 = ORIENTED_EDGE ( 'NONE', *, *, #8632, .T. ) ;
#2819 = ORIENTED_EDGE ( 'NONE', *, *, #778, .T. ) ;
#2820 = ORIENTED_EDGE ( 'NONE', *, *, #10177, .T. ) ;
#2821 =( NAMED_UNIT ( * ) SI_UNIT ( $, .STERADIAN. ) SOLID_ANGLE_UNIT ( ) );
#2822 = CARTESIAN_POINT ( 'NONE',  ( -0.5350000000000000311, -0.9000000000000001332, 0.01000000000000000021 ) ) ;
#2823 = ORIENTED_EDGE ( 'NONE', *, *, #8333, .T. ) ;
#2824 = COLOUR_RGB ( '',0.8705882352941176627, 0.6313725490196078205, 0.1725490196078431349 ) ;
#2825 = VECTOR ( 'NONE', #9495, 1000.000000000000000 ) ;
#2826 = LINE ( 'NONE', #2670, #2825 ) ;
#2827 = LINE ( 'NONE', #1014, #759 ) ;
#2828 = DIRECTION ( 'NONE',  ( 1.000000000000000000, 0.000000000000000000, -0.000000000000000000 ) ) ;
#2829 = CARTESIAN_POINT ( 'NONE',  ( -0.3197770700636929919, 0.5999999999999999778, 0.5300000000000001377 ) ) ;
#2830 = EDGE_CURVE ( 'NONE', #4437, #8972, #4261, .T. ) ;
#2831 = DIRECTION ( 'NONE',  ( 1.000000000000000000, 0.000000000000000000, -0.000000000000000000 ) ) ;
#2832 = DIRECTION ( 'NONE',  ( 4.521709153412800046E-16, -1.000000000000000000, 0.000000000000000000 ) ) ;
#2833 = ORIENTED_EDGE ( 'NONE', *, *, #284, .T. ) ;
#2834 = ADVANCED_FACE ( 'NONE', ( #2588 ), #5125, .T. ) ;
#2835 = CARTESIAN_POINT ( 'NONE',  ( 0.3925000000000000155, 0.9000000000000001332, 0.7900000000000000355 ) ) ;
#2836 = STYLED_ITEM ( 'NONE', ( #4735 ), #8949 ) ;
#2837 = CARTESIAN_POINT ( 'NONE',  ( 0.5961306949927850374, -1.600000000000000089, 0.01000000000000000021 ) ) ;
#2838 = ORIENTED_EDGE ( 'NONE', *, *, #2986, .T. ) ;
#2839 = DIRECTION ( 'NONE',  ( -1.000000000000000000, -0.000000000000000000, 0.000000000000000000 ) ) ;
#2840 = FACE_OUTER_BOUND ( 'NONE', #9741, .T. ) ;
#2841 = EDGE_CURVE ( 'NONE', #4851, #5421, #2746, .T. ) ;
#2842 = VECTOR ( 'NONE', #10549, 1000.000000000000000 ) ;
#2843 = EDGE_CURVE ( 'NONE', #2617, #5904, #6855, .T. ) ;
#2844 = PRODUCT_DEFINITION_SHAPE ( 'NONE', 'NONE',  #10369 ) ;
#2845 = DIRECTION ( 'NONE',  ( 0.000000000000000000, -1.000000000000000000, -0.000000000000000000 ) ) ;
#2846 = EDGE_LOOP ( 'NONE', ( #7081, #10813, #10164, #7948 ) ) ;
#2847 = ORIENTED_EDGE ( 'NONE', *, *, #10882, .T. ) ;
#2848 = VECTOR ( 'NONE', #6081, 1000.000000000000000 ) ;
#2849 = ORIENTED_EDGE ( 'NONE', *, *, #5033, .T. ) ;
#2850 = CARTESIAN_POINT ( 'NONE',  ( -0.5999999999999999778, 1.399999999999999911, 0.5200000000000000178 ) ) ;
#2851 = AXIS2_PLACEMENT_3D ( 'NONE', #10922, #10153, #8258 ) ;
#2852 = ORIENTED_EDGE ( 'NONE', *, *, #7777, .T. ) ;
#2853 = DIRECTION ( 'NONE',  ( 0.000000000000000000, 1.000000000000000000, 0.000000000000000000 ) ) ;
#2854 = DIRECTION ( 'NONE',  ( -0.000000000000000000, -0.000000000000000000, -1.000000000000000000 ) ) ;
#2855 = SURFACE_STYLE_FILL_AREA ( #7300 ) ;
#2856 = SHAPE_REPRESENTATION ( 'Pins_top_9', ( #2231 ), #2054 ) ;
#2857 = ORIENTED_EDGE ( 'NONE', *, *, #2866, .T. ) ;
#2858 = CARTESIAN_POINT ( 'NONE',  ( -0.4018411998642920091, -0.1818411998642920357, 0.5200000000000000178 ) ) ;
#2859 = DIRECTION ( 'NONE',  ( 1.000000000000000000, 1.084202172485504434E-15, 0.000000000000000000 ) ) ;
#2860 = VERTEX_POINT ( 'NONE', #6126 ) ;
#2861 = VECTOR ( 'NONE', #8475, 1000.000000000000000 ) ;
#2862 = UNCERTAINTY_MEASURE_WITH_UNIT (LENGTH_MEASURE( 1.000000000000000082E-05 ), #2106, 'distance_accuracy_value', 'NONE');
#2863 = CARTESIAN_POINT ( 'NONE',  ( -0.5350000000000000311, -1.243863872159709949, 0.000000000000000000 ) ) ;
#2864 = VECTOR ( 'NONE', #6351, 1000.000000000000000 ) ;
#2865 = ADVANCED_FACE ( 'NONE', ( #7684 ), #1750, .T. ) ;
#2866 = EDGE_CURVE ( 'NONE', #10437, #1484, #8785, .T. ) ;
#2867 = CARTESIAN_POINT ( 'NONE',  ( -0.5999999999999999778, 1.098486643203810065, 0.5200000000000000178 ) ) ;
#2868 = APPLICATION_CONTEXT ( 'automotive_design' ) ;
#2869 = CARTESIAN_POINT ( 'NONE',  ( 0.5350000000000000311, -1.098928449973850086, 0.5200000000000000178 ) ) ;
#2870 = VECTOR ( 'NONE', #3908, 1000.000000000000000 ) ;
#2871 = ORIENTED_EDGE ( 'NONE', *, *, #10493, .F. ) ;
#2872 = EDGE_CURVE ( 'NONE', #8747, #8896, #2959, .T. ) ;
#2873 = CARTESIAN_POINT ( 'NONE',  ( 0.1499999999999989952, 0.6400000000000001243, 0.5200000000000000178 ) ) ;
#2874 = EDGE_CURVE ( 'NONE', #2165, #4226, #8114, .T. ) ;
#2875 = LINE ( 'NONE', #6252, #10147 ) ;
#2876 = VECTOR ( 'NONE', #10579, 1000.000000000000000 ) ;
#2877 = LINE ( 'NONE', #1216, #4203 ) ;
#2878 = PLANE ( 'NONE',  #4132 ) ;
#2879 = ORIENTED_EDGE ( 'NONE', *, *, #9370, .T. ) ;
#2880 = DIRECTION ( 'NONE',  ( 0.000000000000000000, -0.000000000000000000, 1.000000000000000000 ) ) ;
#2881 = ORIENTED_EDGE ( 'NONE', *, *, #3707, .F. ) ;
#2882 = ORIENTED_EDGE ( 'NONE', *, *, #2406, .F. ) ;
#2883 = VECTOR ( 'NONE', #4442, 1000.000000000000000 ) ;
#2884 = DIRECTION ( 'NONE',  ( 1.000000000000000000, 0.000000000000000000, 0.000000000000000000 ) ) ;
#2885 = PLANE ( 'NONE',  #1265 ) ;
#2886 = DIRECTION ( 'NONE',  ( 1.000000000000000000, 0.000000000000000000, 0.000000000000000000 ) ) ;
#2887 = ORIENTED_EDGE ( 'NONE', *, *, #1439, .F. ) ;
#2888 = AXIS2_PLACEMENT_3D ( 'NONE', #8591, #6195, #7041 ) ;
#2889 = CARTESIAN_POINT ( 'NONE',  ( 0.3999931019927850384, -1.600000000000000089, 0.000000000000000000 ) ) ;
#2890 = CARTESIAN_POINT ( 'NONE',  ( -0.1500000000000000777, -0.9000000000000001332, 0.000000000000000000 ) ) ;
#2891 = DIRECTION ( 'NONE',  ( 2.581433744013109998E-16, 1.000000000000000000, 0.000000000000000000 ) ) ;
#2892 = SURFACE_STYLE_FILL_AREA ( #2944 ) ;
#2893 = DIRECTION ( 'NONE',  ( 0.000000000000000000, 1.000000000000000000, 0.000000000000000000 ) ) ;
#2894 = ORIENTED_EDGE ( 'NONE', *, *, #6934, .T. ) ;
#2895 = CARTESIAN_POINT ( 'NONE',  ( -0.1499999999999999944, 0.6400000000000000133, 0.000000000000000000 ) ) ;
#2896 = DIRECTION ( 'NONE',  ( 0.000000000000000000, -0.000000000000000000, -1.000000000000000000 ) ) ;
#2897 = CLOSED_SHELL ( 'NONE', ( #1702, #1637, #3246, #10460, #4601, #9488, #3506, #9930, #4065, #3820, #4547 ) ) ;
#2898 = EDGE_LOOP ( 'NONE', ( #7089, #5194, #6062, #6075 ) ) ;
#2899 =( LENGTH_UNIT ( ) NAMED_UNIT ( * ) SI_UNIT ( .MILLI., .METRE. ) );
#2900 = FACE_OUTER_BOUND ( 'NONE', #2006, .T. ) ;
#2901 = DIRECTION ( 'NONE',  ( 0.000000000000000000, 0.000000000000000000, -1.000000000000000000 ) ) ;
#2902 = DIRECTION ( 'NONE',  ( -5.421010862427520198E-16, 1.000000000000000000, 0.000000000000000000 ) ) ;
#2903 = PRODUCT_CONTEXT ( 'NONE', #2868, 'mechanical' ) ;
#2904 = PRODUCT_DEFINITION_FORMATION_WITH_SPECIFIED_SOURCE ( 'ANY', '', #9496, .NOT_KNOWN. ) ;
#2905 = DIRECTION ( 'NONE',  ( 0.000000000000000000, -1.000000000000000000, 0.000000000000000000 ) ) ;
#2906 = ORIENTED_EDGE ( 'NONE', *, *, #7755, .T. ) ;
#2907 = ORIENTED_EDGE ( 'NONE', *, *, #9687, .T. ) ;
#2908 = ADVANCED_FACE ( 'NONE', ( #1147 ), #10618, .T. ) ;
#2909 = ORIENTED_EDGE ( 'NONE', *, *, #6541, .F. ) ;
#2910 = CARTESIAN_POINT ( 'NONE',  ( -0.1199999999999999956, -0.1799999999999999933, 0.001000000000000000021 ) ) ;
#2911 = ADVANCED_FACE ( 'NONE', ( #7130 ), #2141, .F. ) ;
#2912 = ORIENTED_EDGE ( 'NONE', *, *, #815, .T. ) ;
#2913 = VECTOR ( 'NONE', #7223, 1000.000000000000000 ) ;
#2914 = EDGE_CURVE ( 'NONE', #7955, #4655, #526, .T. ) ;
#2915 = DIRECTION ( 'NONE',  ( 0.000000000000000000, -0.000000000000000000, 1.000000000000000000 ) ) ;
#2916 = CARTESIAN_POINT ( 'NONE',  ( -0.5349999999999999201, -1.100000000000000089, 0.005000000000000000104 ) ) ;
#2917 = EDGE_LOOP ( 'NONE', ( #4305, #1884, #8416, #525 ) ) ;
#2918 = FILL_AREA_STYLE ('',( #9683 ) ) ;
#2919 = ORIENTED_EDGE ( 'NONE', *, *, #910, .F. ) ;
#2920 = CARTESIAN_POINT ( 'NONE',  ( 0.3197770700636939911, 1.600000000000000089, 0.01000000000000000021 ) ) ;
#2921 = DIRECTION ( 'NONE',  ( -0.000000000000000000, -1.000000000000000000, -0.000000000000000000 ) ) ;
#2922 = CARTESIAN_POINT ( 'NONE',  ( 0.5350000000000000311, -0.6999999999999999556, 0.005000000000000000104 ) ) ;
#2923 = VERTEX_POINT ( 'NONE', #3903 ) ;
#2924 = COLOUR_RGB ( '',0.3921568627450980338, 0.5999999999999999778, 0.3921568627450980338 ) ;
#2925 = DIRECTION ( 'NONE',  ( 1.000000000000000000, 0.000000000000000000, 0.000000000000000000 ) ) ;
#2926 = DIRECTION ( 'NONE',  ( -1.000000000000000000, 2.581433744013109998E-16, 0.000000000000000000 ) ) ;
#2927 = VECTOR ( 'NONE', #9529, 1000.000000000000000 ) ;
#2928 = CARTESIAN_POINT ( 'NONE',  ( 0.1499999999999999667, -0.9000000000000001332, 0.8000000000000000444 ) ) ;
#2929 = DIRECTION ( 'NONE',  ( -0.000000000000000000, -0.000000000000000000, 1.000000000000000000 ) ) ;
#2930 = AXIS2_PLACEMENT_3D ( 'NONE', #3767, #6322, #7166 ) ;
#2931 = ORIENTED_EDGE ( 'NONE', *, *, #5335, .F. ) ;
#2932 = ORIENTED_EDGE ( 'NONE', *, *, #280, .T. ) ;
#2933 = VERTEX_POINT ( 'NONE', #7953 ) ;
#2934 = AXIS2_PLACEMENT_3D ( 'NONE', #1234, #8877, #5048 ) ;
#2935 = CARTESIAN_POINT ( 'NONE',  ( -0.5350000000000000311, 1.239999999999999991, 0.01000000000000000021 ) ) ;
#2936 = ADVANCED_FACE ( 'NONE', ( #5345 ), #5516, .F. ) ;
#2937 = SURFACE_STYLE_FILL_AREA ( #10478 ) ;
#2938 = FACE_OUTER_BOUND ( 'NONE', #4791, .T. ) ;
#2939 = ORIENTED_EDGE ( 'NONE', *, *, #8192, .T. ) ;
#2940 = CARTESIAN_POINT ( 'NONE',  ( 0.1300000000000000044, 0.4299999999999999933, 0.001000000000000000021 ) ) ;
#2941 = CARTESIAN_POINT ( 'NONE',  ( 0.5350000000000000311, -0.9000000000000001332, 0.7900000000000000355 ) ) ;
#2942 = CARTESIAN_POINT ( 'NONE',  ( -0.5999999999999999778, 0.9000000000000000222, 0.8000000000000000444 ) ) ;
#2943 = DIRECTION ( 'NONE',  ( 1.000000000000000000, -0.000000000000000000, 0.000000000000000000 ) ) ;
#2944 = FILL_AREA_STYLE ('',( #4557 ) ) ;
#2945 = PLANE ( 'NONE',  #10732 ) ;
#2946 = ORIENTED_EDGE ( 'NONE', *, *, #4692, .F. ) ;
#2947 = CARTESIAN_POINT ( 'NONE',  ( 0.5999999999999999778, 0.000000000000000000, 0.001000000000000000021 ) ) ;
#2948 = CARTESIAN_POINT ( 'NONE',  ( 0.1499999999999999667, -0.6971625444288770401, 0.5300000000000001377 ) ) ;
#2949 = VECTOR ( 'NONE', #1772, 1000.000000000000000 ) ;
#2950 = EDGE_CURVE ( 'NONE', #9924, #8004, #6234, .T. ) ;
#2951 = ORIENTED_EDGE ( 'NONE', *, *, #9712, .F. ) ;
#2952 = DIRECTION ( 'NONE',  ( 0.000000000000000000, 0.000000000000000000, -1.000000000000000000 ) ) ;
#2953 = CARTESIAN_POINT ( 'NONE',  ( 0.5999999999999974243, 1.239999999999999991, 0.7900000000000000355 ) ) ;
#2954 = CARTESIAN_POINT ( 'NONE',  ( -0.5999999999999999778, -1.100000000000000089, 0.001000000000000000021 ) ) ;
#2955 = SHAPE_DEFINITION_REPRESENTATION ( #2844, #892 ) ;
#2956 = VERTEX_POINT ( 'NONE', #10395 ) ;
#2957 = VERTEX_POINT ( 'NONE', #1310 ) ;
#2958 = ORIENTED_EDGE ( 'NONE', *, *, #8464, .F. ) ;
#2959 = LINE ( 'NONE', #7902, #10432 ) ;
#2960 = ORIENTED_EDGE ( 'NONE', *, *, #2129, .F. ) ;
#2961 = CARTESIAN_POINT ( 'NONE',  ( -0.4000000000000000222, -1.600000000000000089, 0.5300000000000001377 ) ) ;
#2962 = FACE_OUTER_BOUND ( 'NONE', #7975, .T. ) ;
#2963 = ADVANCED_FACE ( 'NONE', ( #2799, #6173 ), #3789, .F. ) ;
#2964 =( NAMED_UNIT ( * ) PLANE_ANGLE_UNIT ( ) SI_UNIT ( $, .RADIAN. ) );
#2965 = VERTEX_POINT ( 'NONE', #4686 ) ;
#2966 = CARTESIAN_POINT ( 'NONE',  ( 0.5999999999999998668, 1.399999999999999911, 0.01000000000000000021 ) ) ;
#2967 = EDGE_LOOP ( 'NONE', ( #6464, #2278, #4997, #10681 ) ) ;
#2968 = EDGE_CURVE ( 'NONE', #8383, #3815, #7187, .T. ) ;
#2969 = UNCERTAINTY_MEASURE_WITH_UNIT (LENGTH_MEASURE( 1.000000000000000082E-05 ), #9309, 'distance_accuracy_value', 'NONE');
#2970 = LINE ( 'NONE', #3027, #9771 ) ;
#2971 = EDGE_CURVE ( 'NONE', #6471, #450, #3728, .T. ) ;
#2972 = VECTOR ( 'NONE', #7000, 1000.000000000000000 ) ;
#2973 = CARTESIAN_POINT ( 'NONE',  ( 0.2999999999999998224, -1.500000000000000000, 0.7900000000000000355 ) ) ;
#2974 = CARTESIAN_POINT ( 'NONE',  ( -0.1499999999999999667, -1.100000000000000311, 0.005000000000000000104 ) ) ;
#2975 = VERTEX_POINT ( 'NONE', #2910 ) ;
#2976 = FACE_OUTER_BOUND ( 'NONE', #1198, .T. ) ;
#2977 = STYLED_ITEM ( 'NONE', ( #8971 ), #2580 ) ;
#2978 = VECTOR ( 'NONE', #5863, 1000.000000000000000 ) ;
#2979 = LINE ( 'NONE', #7091, #580 ) ;
#2980 = CARTESIAN_POINT ( 'NONE',  ( 0.1499999999999999944, -1.100000000000000089, 0.001000000000000000021 ) ) ;
#2981 = VERTEX_POINT ( 'NONE', #5457 ) ;
#2982 = PLANE ( 'NONE',  #9481 ) ;
#2983 = EDGE_CURVE ( 'NONE', #7637, #8757, #3848, .T. ) ;
#2984 = ORIENTED_EDGE ( 'NONE', *, *, #8675, .F. ) ;
#2985 = ORIENTED_EDGE ( 'NONE', *, *, #4374, .F. ) ;
#2986 = EDGE_CURVE ( 'NONE', #10849, #4940, #3675, .T. ) ;
#2987 = CARTESIAN_POINT ( 'NONE',  ( -0.5350000000000000311, 1.100000000000000089, 0.000000000000000000 ) ) ;
#2988 = CARTESIAN_POINT ( 'NONE',  ( -0.5350000000000000311, 1.239999999999999991, 0.5300000000000001377 ) ) ;
#2989 = ADVANCED_FACE ( 'NONE', ( #1253 ), #6394, .T. ) ;
#2990 = DIRECTION ( 'NONE',  ( 1.000000000000000000, -8.260587980841929905E-16, -0.000000000000000000 ) ) ;
#2991 = EDGE_LOOP ( 'NONE', ( #1796, #1603, #8324, #10753 ) ) ;
#2992 = CARTESIAN_POINT ( 'NONE',  ( -0.5350000000000000311, -0.6400000000000000133, 0.01000000000000000021 ) ) ;
#2993 = CARTESIAN_POINT ( 'NONE',  ( -0.2399999999999999911, -1.600000000000000089, 0.01000000000000000021 ) ) ;
#2994 = DIRECTION ( 'NONE',  ( -0.000000000000000000, 1.000000000000000000, 0.000000000000000000 ) ) ;
#2995 = FACE_OUTER_BOUND ( 'NONE', #4548, .T. ) ;
#2996 = DIRECTION ( 'NONE',  ( 1.000000000000000000, 0.000000000000000000, 0.000000000000000000 ) ) ;
#2997 = ORIENTED_EDGE ( 'NONE', *, *, #344, .F. ) ;
#2998 = ADVANCED_FACE ( 'NONE', ( #9064 ), #1475, .T. ) ;
#2999 = DIRECTION ( 'NONE',  ( -1.000000000000000000, 0.000000000000000000, -0.000000000000000000 ) ) ;
#3000 = ORIENTED_EDGE ( 'NONE', *, *, #3584, .F. ) ;
#3001 = DIRECTION ( 'NONE',  ( -1.807003620809169948E-16, -1.000000000000000000, 0.000000000000000000 ) ) ;
#3002 = MECHANICAL_DESIGN_GEOMETRIC_PRESENTATION_REPRESENTATION (  '', ( #5475 ), #6 ) ;
#3003 = EDGE_CURVE ( 'NONE', #8136, #3920, #2363, .T. ) ;
#3004 = EDGE_CURVE ( 'NONE', #1747, #5643, #802, .T. ) ;
#3005 = VERTEX_POINT ( 'NONE', #8283 ) ;
#3006 = EDGE_CURVE ( 'NONE', #9338, #10201, #690, .T. ) ;
#3007 = DIRECTION ( 'NONE',  ( 0.000000000000000000, 0.000000000000000000, 1.000000000000000000 ) ) ;
#3008 = CARTESIAN_POINT ( 'NONE',  ( 0.3568411998642920246, -0.03184119986429190252, 0.5300000000000001377 ) ) ;
#3009 = AXIS2_PLACEMENT_3D ( 'NONE', #6791, #5065, #8616 ) ;
#3010 = VECTOR ( 'NONE', #9541, 1000.000000000000000 ) ;
#3011 = APPLICATION_PROTOCOL_DEFINITION ( 'draft international standard', 'automotive_design', 1998, #3230 ) ;
#3012 = CARTESIAN_POINT ( 'NONE',  ( 0.3925934069883830202, 0.7500000000000000000, 0.000000000000000000 ) ) ;
#3013 = ORIENTED_EDGE ( 'NONE', *, *, #7389, .F. ) ;
#3014 = ORIENTED_EDGE ( 'NONE', *, *, #10501, .T. ) ;
#3015 = EDGE_LOOP ( 'NONE', ( #10785, #5482, #10678, #2939 ) ) ;
#3016 = DIRECTION ( 'NONE',  ( 0.000000000000000000, -0.000000000000000000, 1.000000000000000000 ) ) ;
#3017 = VERTEX_POINT ( 'NONE', #3295 ) ;
#3018 = VECTOR ( 'NONE', #4801, 1000.000000000000000 ) ;
#3019 = DIRECTION ( 'NONE',  ( 1.194055256041299883E-16, 1.000000000000000000, 0.000000000000000000 ) ) ;
#3020 = PLANE ( 'NONE',  #7042 ) ;
#3021 = ORIENTED_EDGE ( 'NONE', *, *, #638, .F. ) ;
#3022 = VECTOR ( 'NONE', #557, 1000.000000000000000 ) ;
#3023 = CARTESIAN_POINT ( 'NONE',  ( -0.5999999999999999778, 0.5999999999999999778, 0.5200000000000000178 ) ) ;
#3024 = LINE ( 'NONE', #4698, #5595 ) ;
#3025 = EDGE_LOOP ( 'NONE', ( #785, #7174, #10262, #8377 ) ) ;
#3026 = ORIENTED_EDGE ( 'NONE', *, *, #269, .F. ) ;
#3027 = CARTESIAN_POINT ( 'NONE',  ( 0.5999999999999999778, -1.600000000000000089, 0.000000000000000000 ) ) ;
#3028 = PRESENTATION_LAYER_ASSIGNMENT (  '', '', ( #915 ) ) ;
#3029 = LINE ( 'NONE', #2973, #4104 ) ;
#3030 = DIRECTION ( 'NONE',  ( -1.000000000000000000, -0.000000000000000000, 0.000000000000000000 ) ) ;
#3031 = ORIENTED_EDGE ( 'NONE', *, *, #4495, .F. ) ;
#3032 = VECTOR ( 'NONE', #8800, 1000.000000000000000 ) ;
#3033 = EDGE_CURVE ( 'NONE', #3261, #5963, #6679, .T. ) ;
#3034 = DIRECTION ( 'NONE',  ( -0.000000000000000000, -1.000000000000000000, 0.000000000000000000 ) ) ;
#3035 = CARTESIAN_POINT ( 'NONE',  ( 0.5999999999999999778, -1.399999999999999911, 0.5200000000000000178 ) ) ;
#3036 = FILL_AREA_STYLE ('',( #3689 ) ) ;
#3037 = CARTESIAN_POINT ( 'NONE',  ( 0.5999999999999999778, -1.399999999999999911, 0.5200000000000000178 ) ) ;
#3038 = EDGE_CURVE ( 'NONE', #7212, #3467, #10896, .T. ) ;
#3039 = VECTOR ( 'NONE', #2099, 1000.000000000000000 ) ;
#3040 = ORIENTED_EDGE ( 'NONE', *, *, #9078, .F. ) ;
#3041 = FILL_AREA_STYLE ('',( #1435 ) ) ;
#3042 = ORIENTED_EDGE ( 'NONE', *, *, #4544, .T. ) ;
#3043 = STYLED_ITEM ( 'NONE', ( #4271 ), #7403 ) ;
#3044 = ORIENTED_EDGE ( 'NONE', *, *, #7344, .F. ) ;
#3045 = LINE ( 'NONE', #9811, #2364 ) ;
#3046 = VECTOR ( 'NONE', #9223, 1000.000000000000000 ) ;
#3047 = CARTESIAN_POINT ( 'NONE',  ( -0.5999999999999999778, 0.6400000000000001243, 0.5200000000000000178 ) ) ;
#3048 = CARTESIAN_POINT ( 'NONE',  ( -0.5999999999999999778, 0.6400000000000000133, 0.01000000000000000021 ) ) ;
#3049 = ORIENTED_EDGE ( 'NONE', *, *, #10152, .T. ) ;
#3050 = EDGE_CURVE ( 'NONE', #7940, #8120, #10784, .T. ) ;
#3051 = VECTOR ( 'NONE', #2765, 1000.000000000000000 ) ;
#3052 = DIRECTION ( 'NONE',  ( -0.000000000000000000, -0.000000000000000000, -1.000000000000000000 ) ) ;
#3053 = VECTOR ( 'NONE', #1143, 1000.000000000000000 ) ;
#3054 = EDGE_CURVE ( 'NONE', #1591, #5556, #3081, .T. ) ;
#3055 = CARTESIAN_POINT ( 'NONE',  ( 0.5999999999999999778, -0.6999999999999999556, 0.005000000000000000104 ) ) ;
#3056 = DIRECTION ( 'NONE',  ( 0.000000000000000000, 0.000000000000000000, 1.000000000000000000 ) ) ;
#3057 = AXIS2_PLACEMENT_3D ( 'NONE', #9386, #1785, #9220 ) ;
#3058 = LINE ( 'NONE', #7221, #6334 ) ;
#3059 = DIRECTION ( 'NONE',  ( 0.000000000000000000, -0.000000000000000000, -1.000000000000000000 ) ) ;
#3060 = DIRECTION ( 'NONE',  ( 1.000000000000000000, 0.000000000000000000, 0.000000000000000000 ) ) ;
#3061 = EDGE_LOOP ( 'NONE', ( #7742, #7101, #2346, #6721, #1481, #7306, #593, #8546, #1673, #10701, #3311, #7698, #3952, #6168, #8131, #6255 ) ) ;
#3062 = PLANE ( 'NONE',  #470 ) ;
#3063 = ORIENTED_EDGE ( 'NONE', *, *, #7649, .F. ) ;
#3064 = DIRECTION ( 'NONE',  ( -1.807744701332710101E-16, -1.000000000000000000, -0.000000000000000000 ) ) ;
#3065 = VECTOR ( 'NONE', #8219, 1000.000000000000000 ) ;
#3066 = ORIENTED_EDGE ( 'NONE', *, *, #7323, .F. ) ;
#3067 = MECHANICAL_DESIGN_GEOMETRIC_PRESENTATION_REPRESENTATION (  '', ( #9790 ), #3072 ) ;
#3068 = ADVANCED_FACE ( 'NONE', ( #1581 ), #10733, .T. ) ;
#3069 = EDGE_CURVE ( 'NONE', #5917, #6451, #8337, .T. ) ;
#3070 = VERTEX_POINT ( 'NONE', #10066 ) ;
#3071 = CARTESIAN_POINT ( 'NONE',  ( 0.1500000000000000500, 0.9000000000000001332, 0.000000000000000000 ) ) ;
#3072 =( GEOMETRIC_REPRESENTATION_CONTEXT ( 3 ) GLOBAL_UNCERTAINTY_ASSIGNED_CONTEXT ( ( #964 ) ) GLOBAL_UNIT_ASSIGNED_CONTEXT ( ( #2751, #8735, #9412 ) ) REPRESENTATION_CONTEXT ( 'NONE', 'WORKASPACE' ) );
#3073 = DIRECTION ( 'NONE',  ( 1.000000000000000000, 5.421010862427520198E-16, 0.000000000000000000 ) ) ;
#3074 = EDGE_CURVE ( 'NONE', #5270, #8916, #2471, .T. ) ;
#3075 = DIRECTION ( 'NONE',  ( 1.000000000000000000, 0.000000000000000000, 0.000000000000000000 ) ) ;
#3076 = VECTOR ( 'NONE', #10708, 1000.000000000000000 ) ;
#3077 = LINE ( 'NONE', #9840, #7661 ) ;
#3078 = ORIENTED_EDGE ( 'NONE', *, *, #6223, .T. ) ;
#3079 = EDGE_CURVE ( 'NONE', #10050, #290, #2255, .T. ) ;
#3080 = EDGE_CURVE ( 'NONE', #6687, #7874, #3966, .T. ) ;
#3081 = LINE ( 'NONE', #5010, #1604 ) ;
#3082 = ORIENTED_EDGE ( 'NONE', *, *, #8085, .T. ) ;
#3083 = EDGE_CURVE ( 'NONE', #85, #1249, #6110, .T. ) ;
#3084 = CARTESIAN_POINT ( 'NONE',  ( 0.2400000000000000466, -1.600000000000000089, 0.5200000000000000178 ) ) ;
#3085 = CARTESIAN_POINT ( 'NONE',  ( -0.5999999999999999778, 0.7500000000000001110, 0.8000000000000000444 ) ) ;
#3086 = ORIENTED_EDGE ( 'NONE', *, *, #7860, .F. ) ;
#3087 = DIRECTION ( 'NONE',  ( 1.000000000000000000, 0.000000000000000000, -0.000000000000000000 ) ) ;
#3088 = VERTEX_POINT ( 'NONE', #5998 ) ;
#3089 = ORIENTED_EDGE ( 'NONE', *, *, #5214, .F. ) ;
#3090 = CARTESIAN_POINT ( 'NONE',  ( -0.4000000000000000222, 0.000000000000000000, 0.001000000000000000021 ) ) ;
#3091 = LINE ( 'NONE', #381, #1990 ) ;
#3092 = LINE ( 'NONE', #51, #2194 ) ;
#3093 = VERTEX_POINT ( 'NONE', #5950 ) ;
#3094 = EDGE_CURVE ( 'NONE', #4433, #10437, #9347, .T. ) ;
#3095 = CARTESIAN_POINT ( 'NONE',  ( 0.5350000000000000311, -0.6400000000000000133, 0.01000000000000000021 ) ) ;
#3096 = DIRECTION ( 'NONE',  ( -1.897353801849639859E-15, 1.000000000000000000, -0.000000000000000000 ) ) ;
#3097 = CARTESIAN_POINT ( 'NONE',  ( -0.2399999999999999911, -1.600000000000000089, 0.5200000000000000178 ) ) ;
#3098 = PLANE ( 'NONE',  #8913 ) ;
#3099 = ORIENTED_EDGE ( 'NONE', *, *, #6899, .F. ) ;
#3100 = CARTESIAN_POINT ( 'NONE',  ( -0.5999999999999999778, 1.600000000000000089, 0.000000000000000000 ) ) ;
#3101 = VECTOR ( 'NONE', #6714, 1000.000000000000000 ) ;
#3102 = EDGE_LOOP ( 'NONE', ( #4170, #6443, #1497, #7927 ) ) ;
#3103 = ORIENTED_EDGE ( 'NONE', *, *, #1100, .T. ) ;
#3104 = DIRECTION ( 'NONE',  ( -1.000000000000000000, 0.000000000000000000, -0.000000000000000000 ) ) ;
#3105 = VECTOR ( 'NONE', #1026, 1000.000000000000000 ) ;
#3106 = VECTOR ( 'NONE', #9048, 1000.000000000000000 ) ;
#3107 = LINE ( 'NONE', #2285, #7814 ) ;
#3108 = PLANE ( 'NONE',  #2463 ) ;
#3109 = ORIENTED_EDGE ( 'NONE', *, *, #4145, .T. ) ;
#3110 = CARTESIAN_POINT ( 'NONE',  ( 0.07499999999999998335, 1.600000000000000089, 0.5300000000000001377 ) ) ;
#3111 = VECTOR ( 'NONE', #6181, 1000.000000000000000 ) ;
#3112 = VECTOR ( 'NONE', #9754, 1000.000000000000000 ) ;
#3113 = LINE ( 'NONE', #6486, #4488 ) ;
#3114 = LINE ( 'NONE', #4554, #8144 ) ;
#3115 = CARTESIAN_POINT ( 'NONE',  ( 0.1499999999999999944, -0.5999999999999999778, 0.5300000000000001377 ) ) ;
#3116 = VECTOR ( 'NONE', #4124, 1000.000000000000000 ) ;
#3117 = LINE ( 'NONE', #9819, #9136 ) ;
#3118 = CARTESIAN_POINT ( 'NONE',  ( -0.5350000000000000311, 1.239999999999999991, 0.5300000000000001377 ) ) ;
#3119 = CARTESIAN_POINT ( 'NONE',  ( 0.5350000000000000311, 0.6400000000000000133, 0.01000000000000000021 ) ) ;
#3120 = EDGE_CURVE ( 'NONE', #10311, #9520, #9290, .T. ) ;
#3121 = ORIENTED_EDGE ( 'NONE', *, *, #5960, .F. ) ;
#3122 = LINE ( 'NONE', #1619, #10551 ) ;
#3123 = ORIENTED_EDGE ( 'NONE', *, *, #7316, .F. ) ;
#3124 = LINE ( 'NONE', #8823, #9614 ) ;
#3125 = EDGE_CURVE ( 'NONE', #5232, #6147, #86, .T. ) ;
#3126 = DIRECTION ( 'NONE',  ( 1.000000000000000000, -0.000000000000000000, 0.000000000000000000 ) ) ;
#3127 = ORIENTED_EDGE ( 'NONE', *, *, #1247, .T. ) ;
#3128 = EDGE_CURVE ( 'NONE', #5831, #3204, #4248, .T. ) ;
#3129 = MECHANICAL_DESIGN_GEOMETRIC_PRESENTATION_REPRESENTATION (  '', ( #8073 ), #7202 ) ;
#3130 = ORIENTED_EDGE ( 'NONE', *, *, #2575, .F. ) ;
#3131 = SURFACE_SIDE_STYLE ('',( #10727 ) ) ;
#3132 = LINE ( 'NONE', #4784, #7531 ) ;
#3133 = DIRECTION ( 'NONE',  ( 0.03487826274237452312, -0.03487826274237306595, -0.9987827659587182882 ) ) ;
#3134 = LINE ( 'NONE', #6509, #6586 ) ;
#3135 = ADVANCED_FACE ( 'NONE', ( #4193 ), #5275, .T. ) ;
#3136 = VERTEX_POINT ( 'NONE', #3507 ) ;
#3137 = VECTOR ( 'NONE', #7477, 1000.000000000000000 ) ;
#3138 = DIRECTION ( 'NONE',  ( 1.000000000000000000, 0.000000000000000000, 0.000000000000000000 ) ) ;
#3139 = ORIENTED_EDGE ( 'NONE', *, *, #8137, .T. ) ;
#3140 = CARTESIAN_POINT ( 'NONE',  ( 0.000000000000000000, 0.000000000000000000, 0.000000000000000000 ) ) ;
#3141 = CARTESIAN_POINT ( 'NONE',  ( 0.2100000000000000200, -0.03000000000000000236, 0.005000000000000000104 ) ) ;
#3142 = CARTESIAN_POINT ( 'NONE',  ( 0.000000000000000000, 0.1700000000000000122, 0.001000000000000000021 ) ) ;
#3143 = VERTEX_POINT ( 'NONE', #6732 ) ;
#3144 = ORIENTED_EDGE ( 'NONE', *, *, #3879, .F. ) ;
#3145 = DIRECTION ( 'NONE',  ( -5.421010862427520198E-16, -1.000000000000000000, -0.000000000000000000 ) ) ;
#3146 = DIRECTION ( 'NONE',  ( -1.000000000000000000, -0.000000000000000000, -0.000000000000000000 ) ) ;
#3147 = DIRECTION ( 'NONE',  ( -0.000000000000000000, -1.000000000000000000, 0.000000000000000000 ) ) ;
#3148 = EDGE_LOOP ( 'NONE', ( #128, #3423, #5105, #10030 ) ) ;
#3149 = FACE_OUTER_BOUND ( 'NONE', #9991, .T. ) ;
#3150 = CARTESIAN_POINT ( 'NONE',  ( 0.5999999999999999778, -1.100000000000000089, 0.005000000000000000104 ) ) ;
#3151 = DIRECTION ( 'NONE',  ( -0.000000000000000000, -1.000000000000000000, -0.000000000000000000 ) ) ;
#3152 = DIRECTION ( 'NONE',  ( -0.000000000000000000, -1.000000000000000000, 0.000000000000000000 ) ) ;
#3153 = ORIENTED_EDGE ( 'NONE', *, *, #8471, .F. ) ;
#3154 =( NAMED_UNIT ( * ) SI_UNIT ( $, .STERADIAN. ) SOLID_ANGLE_UNIT ( ) );
#3155 = ORIENTED_EDGE ( 'NONE', *, *, #6520, .T. ) ;
#3156 = ORIENTED_EDGE ( 'NONE', *, *, #2202, .T. ) ;
#3157 = VECTOR ( 'NONE', #2994, 1000.000000000000000 ) ;
#3158 = CARTESIAN_POINT ( 'NONE',  ( 0.1499999999999989952, 1.600000000000000089, 0.5300000000000001377 ) ) ;
#3159 = CARTESIAN_POINT ( 'NONE',  ( -0.1499999999999999944, -1.500000000000000222, 0.7900000000000000355 ) ) ;
#3160 = VERTEX_POINT ( 'NONE', #7778 ) ;
#3161 = CARTESIAN_POINT ( 'NONE',  ( 0.2400000000000000189, -1.600000000000000089, 0.5300000000000001377 ) ) ;
#3162 = SURFACE_STYLE_FILL_AREA ( #9098 ) ;
#3163 = DIRECTION ( 'NONE',  ( 0.000000000000000000, -0.000000000000000000, -1.000000000000000000 ) ) ;
#3164 = CARTESIAN_POINT ( 'NONE',  ( 0.5999999999999999778, 0.7495000000000000551, 0.01000000000000000021 ) ) ;
#3165 = PLANE ( 'NONE',  #7890 ) ;
#3166 = CARTESIAN_POINT ( 'NONE',  ( 0.3002762822146826105, 1.499754031465949877, 0.01000000000000000021 ) ) ;
#3167 = DIRECTION ( 'NONE',  ( -0.000000000000000000, -0.000000000000000000, 1.000000000000000000 ) ) ;
#3168 = EDGE_LOOP ( 'NONE', ( #7149, #6369, #399, #7110, #9878, #4266, #9240, #624, #5442 ) ) ;
#3169 = FACE_OUTER_BOUND ( 'NONE', #2439, .T. ) ;
#3170 = ORIENTED_EDGE ( 'NONE', *, *, #6359, .F. ) ;
#3171 = DIRECTION ( 'NONE',  ( -0.000000000000000000, -0.000000000000000000, -1.000000000000000000 ) ) ;
#3172 =( LENGTH_UNIT ( ) NAMED_UNIT ( * ) SI_UNIT ( .MILLI., .METRE. ) );
#3173 = ORIENTED_EDGE ( 'NONE', *, *, #4996, .T. ) ;
#3174 = CIRCLE ( 'NONE', #5645, 0.1999999999999999833 ) ;
#3175 = ADVANCED_FACE ( 'NONE', ( #7674 ), #1911, .T. ) ;
#3176 = EDGE_LOOP ( 'NONE', ( #35, #5446, #1057, #6913 ) ) ;
#3177 = CARTESIAN_POINT ( 'NONE',  ( -0.5350000000000000311, 0.9000000000000001332, 0.7900000000000000355 ) ) ;
#3178 = EDGE_CURVE ( 'NONE', #3818, #8814, #186, .T. ) ;
#3179 = PRESENTATION_LAYER_ASSIGNMENT (  '', '', ( #7432 ) ) ;
#3180 = DIRECTION ( 'NONE',  ( 1.000000000000000000, 0.000000000000000000, 0.000000000000000000 ) ) ;
#3181 = DIRECTION ( 'NONE',  ( 1.000000000000000000, 9.035018104045859601E-17, 0.000000000000000000 ) ) ;
#3182 = VECTOR ( 'NONE', #4022, 1000.000000000000000 ) ;
#3183 = ADVANCED_FACE ( 'NONE', ( #1795 ), #2524, .F. ) ;
#3184 = ORIENTED_EDGE ( 'NONE', *, *, #2636, .F. ) ;
#3185 = VECTOR ( 'NONE', #240, 1000.000000000000000 ) ;
#3186 = ADVANCED_FACE ( 'NONE', ( #10123 ), #7567, .T. ) ;
#3187 = CARTESIAN_POINT ( 'NONE',  ( -0.1500000000000000222, -1.099999999999999867, 0.000000000000000000 ) ) ;
#3188 = VERTEX_POINT ( 'NONE', #4352 ) ;
#3189 = LINE ( 'NONE', #3141, #3771 ) ;
#3190 = FACE_OUTER_BOUND ( 'NONE', #5156, .T. ) ;
#3191 = EDGE_LOOP ( 'NONE', ( #8396, #7936, #1226, #10963 ) ) ;
#3192 = ORIENTED_EDGE ( 'NONE', *, *, #2843, .T. ) ;
#3193 = DIRECTION ( 'NONE',  ( 0.000000000000000000, 1.000000000000000000, 0.000000000000000000 ) ) ;
#3194 = DIRECTION ( 'NONE',  ( 2.436409376371920126E-16, 1.000000000000000000, -0.000000000000000000 ) ) ;
#3195 = DIRECTION ( 'NONE',  ( -1.000000000000000000, 0.000000000000000000, -0.000000000000000000 ) ) ;
#3196 = VECTOR ( 'NONE', #9394, 1000.000000000000000 ) ;
#3197 = EDGE_CURVE ( 'NONE', #5845, #535, #1852, .T. ) ;
#3198 = CARTESIAN_POINT ( 'NONE',  ( 0.07499999999999999722, 1.098486643203810065, 0.5300000000000001377 ) ) ;
#3199 = DIRECTION ( 'NONE',  ( -0.000000000000000000, 0.000000000000000000, -1.000000000000000000 ) ) ;
#3200 = DIRECTION ( 'NONE',  ( 0.000000000000000000, 1.000000000000000000, 0.000000000000000000 ) ) ;
#3201 = CARTESIAN_POINT ( 'NONE',  ( 0.1499999999999999667, 1.500000000000000222, 0.8000000000000000444 ) ) ;
#3202 = VERTEX_POINT ( 'NONE', #7618 ) ;
#3203 = PLANE ( 'NONE',  #10898 ) ;
#3204 = VERTEX_POINT ( 'NONE', #5227 ) ;
#3205 = ORIENTED_EDGE ( 'NONE', *, *, #9822, .T. ) ;
#3206 = VECTOR ( 'NONE', #5317, 1000.000000000000000 ) ;
#3207 = EDGE_CURVE ( 'NONE', #9367, #3093, #2678, .T. ) ;
#3208 = EDGE_CURVE ( 'NONE', #1863, #4325, #31, .T. ) ;
#3209 = LINE ( 'NONE', #8204, #10137 ) ;
#3210 = EDGE_CURVE ( 'NONE', #1700, #10609, #8501, .T. ) ;
#3211 =( LENGTH_UNIT ( ) NAMED_UNIT ( * ) SI_UNIT ( .MILLI., .METRE. ) );
#3212 = PLANE ( 'NONE',  #6340 ) ;
#3213 = VERTEX_POINT ( 'NONE', #6892 ) ;
#3214 = EDGE_CURVE ( 'NONE', #6179, #3372, #6053, .T. ) ;
#3215 = LINE ( 'NONE', #6594, #30 ) ;
#3216 = STYLED_ITEM ( 'NONE', ( #7417 ), #8862 ) ;
#3217 = DIRECTION ( 'NONE',  ( -0.5155782475760137817, -0.8568425004786157650, -0.000000000000000000 ) ) ;
#3218 = LINE ( 'NONE', #6597, #10931 ) ;
#3219 =( NAMED_UNIT ( * ) SI_UNIT ( $, .STERADIAN. ) SOLID_ANGLE_UNIT ( ) );
#3220 = VECTOR ( 'NONE', #7086, 1000.000000000000000 ) ;
#3221 =( NAMED_UNIT ( * ) PLANE_ANGLE_UNIT ( ) SI_UNIT ( $, .RADIAN. ) );
#3222 = DIRECTION ( 'NONE',  ( 0.000000000000000000, 0.000000000000000000, -1.000000000000000000 ) ) ;
#3223 = ORIENTED_EDGE ( 'NONE', *, *, #6442, .F. ) ;
#3224 = CARTESIAN_POINT ( 'NONE',  ( 0.1499999999999990230, 1.098486643203810065, 0.5300000000000001377 ) ) ;
#3225 = ORIENTED_EDGE ( 'NONE', *, *, #199, .F. ) ;
#3226 = PLANE ( 'NONE',  #1295 ) ;
#3227 = DIRECTION ( 'NONE',  ( 8.131516293641290158E-16, 1.000000000000000000, 0.000000000000000000 ) ) ;
#3228 = COLOUR_RGB ( '',1.000000000000000000, 1.000000000000000000, 1.000000000000000000 ) ;
#3229 = VERTEX_POINT ( 'NONE', #2627 ) ;
#3230 = APPLICATION_CONTEXT ( 'automotive_design' ) ;
#3231 = STYLED_ITEM ( 'NONE', ( #6458 ), #9999 ) ;
#3232 = ORIENTED_EDGE ( 'NONE', *, *, #9456, .T. ) ;
#3233 = DIRECTION ( 'NONE',  ( -0.000000000000000000, -0.000000000000000000, 1.000000000000000000 ) ) ;
#3234 = CARTESIAN_POINT ( 'NONE',  ( -0.5999999999999999778, -0.6400000000000000133, 0.01000000000000000021 ) ) ;
#3235 = LINE ( 'NONE', #10890, #9516 ) ;
#3236 = DIRECTION ( 'NONE',  ( 1.000000000000000000, -1.807003620809169948E-16, 0.000000000000000000 ) ) ;
#3237 = ITEM_DEFINED_TRANSFORMATION ( 'NONE', 'NONE', #1679,  #2231 ) ;
#3238 = CARTESIAN_POINT ( 'NONE',  ( 0.1499999999999999944, -0.9000000000000001332, 0.7900000000000000355 ) ) ;
#3239 = VECTOR ( 'NONE', #9542, 1000.000000000000000 ) ;
#3240 = CARTESIAN_POINT ( 'NONE',  ( 0.5999999999999999778, 0.05000000000000000278, 0.7900000000000000355 ) ) ;
#3241 = VECTOR ( 'NONE', #6312, 1000.000000000000000 ) ;
#3242 = ORIENTED_EDGE ( 'NONE', *, *, #3094, .T. ) ;
#3243 = VECTOR ( 'NONE', #9641, 1000.000000000000000 ) ;
#3244 = DIRECTION ( 'NONE',  ( 0.000000000000000000, -0.000000000000000000, -1.000000000000000000 ) ) ;
#3245 = VERTEX_POINT ( 'NONE', #968 ) ;
#3246 = ADVANCED_FACE ( 'NONE', ( #2230 ), #3611, .F. ) ;
#3247 = DIRECTION ( 'NONE',  ( -0.000000000000000000, 0.000000000000000000, -1.000000000000000000 ) ) ;
#3248 = ORIENTED_EDGE ( 'NONE', *, *, #9321, .T. ) ;
#3249 = ORIENTED_EDGE ( 'NONE', *, *, #7487, .F. ) ;
#3250 = DIRECTION ( 'NONE',  ( -1.000000000000000000, 0.000000000000000000, -0.000000000000000000 ) ) ;
#3251 = EDGE_CURVE ( 'NONE', #7799, #8101, #8143, .T. ) ;
#3252 = CARTESIAN_POINT ( 'NONE',  ( 0.1499999999999999944, -1.489999999999999991, 0.01000000000000000021 ) ) ;
#3253 = EDGE_CURVE ( 'NONE', #1521, #7628, #3997, .T. ) ;
#3254 = SURFACE_SIDE_STYLE ('',( #6804 ) ) ;
#3255 = CARTESIAN_POINT ( 'NONE',  ( -0.1300000000000000044, 0.1700000000000000122, 0.005000000000000000104 ) ) ;
#3256 = CARTESIAN_POINT ( 'NONE',  ( -0.3197770700636939911, 0.6400000000000000133, 0.01000000000000000021 ) ) ;
#3257 = DIRECTION ( 'NONE',  ( 1.000000000000000000, 9.035018104045869462E-17, 0.000000000000000000 ) ) ;
#3258 = PLANE ( 'NONE',  #4662 ) ;
#3259 = ORIENTED_EDGE ( 'NONE', *, *, #7860, .T. ) ;
#3260 = CARTESIAN_POINT ( 'NONE',  ( -0.1200000000000000094, 0.000000000000000000, 0.001000000000000000021 ) ) ;
#3261 = VERTEX_POINT ( 'NONE', #1392 ) ;
#3262 = EDGE_LOOP ( 'NONE', ( #1498, #9273, #7997, #8202 ) ) ;
#3263 = PRODUCT_DEFINITION_FORMATION_WITH_SPECIFIED_SOURCE ( 'ANY', '', #4274, .NOT_KNOWN. ) ;
#3264 = CARTESIAN_POINT ( 'NONE',  ( -0.1499999999999999667, -0.6999999999999999556, 0.005000000000000000104 ) ) ;
#3265 = FACE_OUTER_BOUND ( 'NONE', #1292, .T. ) ;
#3266 = VERTEX_POINT ( 'NONE', #3110 ) ;
#3267 = LINE ( 'NONE', #2604, #1441 ) ;
#3268 = SURFACE_SIDE_STYLE ('',( #3162 ) ) ;
#3269 = DIRECTION ( 'NONE',  ( 1.000000000000000000, 0.000000000000000000, -0.000000000000000000 ) ) ;
#3270 = AXIS2_PLACEMENT_3D ( 'NONE', #4007, #1511, #6542 ) ;
#3271 = DIRECTION ( 'NONE',  ( -8.260587980841929905E-16, 1.000000000000000000, 0.000000000000000000 ) ) ;
#3272 = PRODUCT_DEFINITION_CONTEXT ( 'detailed design', #6622, 'design' ) ;
#3273 = DIRECTION ( 'NONE',  ( 1.000000000000000000, 0.000000000000000000, 0.000000000000000000 ) ) ;
#3274 = DIRECTION ( 'NONE',  ( -1.000000000000000000, 0.000000000000000000, 0.000000000000000000 ) ) ;
#3275 = ORIENTED_EDGE ( 'NONE', *, *, #8568, .T. ) ;
#3276 = VECTOR ( 'NONE', #6114, 1000.000000000000000 ) ;
#3277 = DIRECTION ( 'NONE',  ( -0.000000000000000000, -0.000000000000000000, -1.000000000000000000 ) ) ;
#3278 = AXIS2_PLACEMENT_3D ( 'NONE', #5384, #7057, #1128 ) ;
#3279 = ORIENTED_EDGE ( 'NONE', *, *, #9547, .T. ) ;
#3280 = CARTESIAN_POINT ( 'NONE',  ( 0.5999999999999999778, -1.600000000000000089, 0.5300000000000001377 ) ) ;
#3281 = CARTESIAN_POINT ( 'NONE',  ( 0.5999999999999996447, 0.04999999999999993339, 0.7900000000000000355 ) ) ;
#3282 = AXIS2_PLACEMENT_3D ( 'NONE', #6417, #9808, #8980 ) ;
#3283 = ORIENTED_EDGE ( 'NONE', *, *, #6942, .F. ) ;
#3284 = VECTOR ( 'NONE', #1948, 1000.000000000000000 ) ;
#3285 = ORIENTED_EDGE ( 'NONE', *, *, #8866, .T. ) ;
#3286 = CARTESIAN_POINT ( 'NONE',  ( 0.2952229299363050563, -0.5999999999999999778, 0.5300000000000001377 ) ) ;
#3287 = DIRECTION ( 'NONE',  ( -1.000000000000000000, 0.000000000000000000, -0.000000000000000000 ) ) ;
#3288 = CARTESIAN_POINT ( 'NONE',  ( 0.5350000000000000311, -1.600000000000000089, 0.5200000000000000178 ) ) ;
#3289 = CARTESIAN_POINT ( 'NONE',  ( -0.5999999999999999778, -1.239999999999999991, 0.5200000000000000178 ) ) ;
#3290 = CARTESIAN_POINT ( 'NONE',  ( 0.5350000000000000311, 0.9000000000000002442, 0.7900000000000000355 ) ) ;
#3291 = SURFACE_STYLE_FILL_AREA ( #685 ) ;
#3292 = FACE_OUTER_BOUND ( 'NONE', #9718, .T. ) ;
#3293 = AXIS2_PLACEMENT_3D ( 'NONE', #8510, #7465, #10904 ) ;
#3294 = EDGE_CURVE ( 'NONE', #933, #6966, #358, .T. ) ;
#3295 = CARTESIAN_POINT ( 'NONE',  ( 0.1499999999999999944, 0.6400000000000000133, 0.01000000000000000021 ) ) ;
#3296 = ORIENTED_EDGE ( 'NONE', *, *, #5755, .F. ) ;
#3297 = FACE_OUTER_BOUND ( 'NONE', #447, .T. ) ;
#3298 = ORIENTED_EDGE ( 'NONE', *, *, #6111, .F. ) ;
#3299 = LINE ( 'NONE', #5851, #7069 ) ;
#3300 = FILL_AREA_STYLE ('',( #6739 ) ) ;
#3301 = ORIENTED_EDGE ( 'NONE', *, *, #1579, .T. ) ;
#3302 = ORIENTED_EDGE ( 'NONE', *, *, #573, .F. ) ;
#3303 = DIRECTION ( 'NONE',  ( 0.000000000000000000, -0.000000000000000000, 1.000000000000000000 ) ) ;
#3304 = CARTESIAN_POINT ( 'NONE',  ( 0.1499999999999999944, 0.6400000000000000133, 0.01000000000000000021 ) ) ;
#3305 = VECTOR ( 'NONE', #6926, 1000.000000000000000 ) ;
#3306 = CARTESIAN_POINT ( 'NONE',  ( 0.000000000000000000, -0.1799999999999999933, 0.001000000000000000021 ) ) ;
#3307 = ORIENTED_EDGE ( 'NONE', *, *, #1048, .F. ) ;
#3308 = CARTESIAN_POINT ( 'NONE',  ( -0.5350000000000000311, -0.6400000000000000133, 0.5200000000000000178 ) ) ;
#3309 = CARTESIAN_POINT ( 'NONE',  ( -0.07499999999999999722, 1.600000000000000089, 0.5300000000000001377 ) ) ;
#3310 = DIRECTION ( 'NONE',  ( 1.000000000000000000, 9.035018104045869462E-17, 0.000000000000000000 ) ) ;
#3311 = ORIENTED_EDGE ( 'NONE', *, *, #5711, .F. ) ;
#3312 = DIRECTION ( 'NONE',  ( 6.776263578034399754E-16, -1.000000000000000000, 0.000000000000000000 ) ) ;
#3313 = ADVANCED_FACE ( 'NONE', ( #9610 ), #2022, .F. ) ;
#3314 = ORIENTED_EDGE ( 'NONE', *, *, #3456, .T. ) ;
#3315 = ORIENTED_EDGE ( 'NONE', *, *, #7733, .T. ) ;
#3316 = AXIS2_PLACEMENT_3D ( 'NONE', #6069, #2541, #9362 ) ;
#3317 = LINE ( 'NONE', #7429, #8525 ) ;
#3318 = DIRECTION ( 'NONE',  ( 0.5155782475760137817, -0.8568425004786157650, 0.000000000000000000 ) ) ;
#3319 = ORIENTED_EDGE ( 'NONE', *, *, #1829, .F. ) ;
#3320 = DIRECTION ( 'NONE',  ( -0.000000000000000000, -0.000000000000000000, -1.000000000000000000 ) ) ;
#3321 = CARTESIAN_POINT ( 'NONE',  ( 0.5999999999999999778, 0.7005555010695040385, 0.5200000000000000178 ) ) ;
#3322 = EDGE_CURVE ( 'NONE', #2639, #914, #8208, .T. ) ;
#3323 = CARTESIAN_POINT ( 'NONE',  ( 0.5961306949927850374, 1.600000000000000089, 0.01000000000000000021 ) ) ;
#3324 = DIRECTION ( 'NONE',  ( -1.192622389734049947E-15, -1.000000000000000000, -0.000000000000000000 ) ) ;
#3325 = EDGE_CURVE ( 'NONE', #139, #1032, #7116, .T. ) ;
#3326 = DIRECTION ( 'NONE',  ( -0.000000000000000000, -0.000000000000000000, 1.000000000000000000 ) ) ;
#3327 = CARTESIAN_POINT ( 'NONE',  ( 0.3197770700636929919, 0.5999999999999999778, 0.5300000000000001377 ) ) ;
#3328 = ORIENTED_EDGE ( 'NONE', *, *, #10946, .F. ) ;
#3329 = CARTESIAN_POINT ( 'NONE',  ( -0.3002762822146827770, -1.499754031465949655, 0.000000000000000000 ) ) ;
#3330 = ORIENTED_EDGE ( 'NONE', *, *, #4242, .F. ) ;
#3331 = EDGE_CURVE ( 'NONE', #228, #9884, #8776, .T. ) ;
#3332 = DIRECTION ( 'NONE',  ( 0.000000000000000000, 0.000000000000000000, -1.000000000000000000 ) ) ;
#3333 = SURFACE_SIDE_STYLE ('',( #9276 ) ) ;
#3334 = VERTEX_POINT ( 'NONE', #3161 ) ;
#3335 = ORIENTED_EDGE ( 'NONE', *, *, #8411, .T. ) ;
#3336 = FACE_OUTER_BOUND ( 'NONE', #5778, .T. ) ;
#3337 = PLANE ( 'NONE',  #8363 ) ;
#3338 = AXIS2_PLACEMENT_3D ( 'NONE', #5140, #6867, #219 ) ;
#3339 = VECTOR ( 'NONE', #6806, 1000.000000000000000 ) ;
#3340 = FACE_OUTER_BOUND ( 'NONE', #8028, .T. ) ;
#3341 = LINE ( 'NONE', #5994, #9318 ) ;
#3342 = CONTEXT_DEPENDENT_SHAPE_REPRESENTATION ( #8472, #5057 ) ;
#3343 = LINE ( 'NONE', #4245, #926 ) ;
#3344 = ADVANCED_FACE ( 'NONE', ( #7328 ), #6535, .T. ) ;
#3345 = EDGE_CURVE ( 'NONE', #2026, #960, #3941, .T. ) ;
#3346 = ADVANCED_FACE ( 'NONE', ( #6485 ), #5706, .F. ) ;
#3347 = ADVANCED_FACE ( 'NONE', ( #7892 ), #303, .T. ) ;
#3348 = CARTESIAN_POINT ( 'NONE',  ( -0.2400000000000000189, 1.600000000000000089, 0.5200000000000000178 ) ) ;
#3349 = ORIENTED_EDGE ( 'NONE', *, *, #8438, .F. ) ;
#3350 = CARTESIAN_POINT ( 'NONE',  ( 0.1499999999999999667, -1.499754031465950099, 0.000000000000000000 ) ) ;
#3351 = ORIENTED_EDGE ( 'NONE', *, *, #9919, .T. ) ;
#3352 = DIRECTION ( 'NONE',  ( 0.000000000000000000, 0.000000000000000000, -1.000000000000000000 ) ) ;
#3353 =( NAMED_UNIT ( * ) PLANE_ANGLE_UNIT ( ) SI_UNIT ( $, .RADIAN. ) );
#3354 = ORIENTED_EDGE ( 'NONE', *, *, #6359, .T. ) ;
#3355 = ORIENTED_EDGE ( 'NONE', *, *, #5900, .F. ) ;
#3356 = VECTOR ( 'NONE', #5745, 1000.000000000000000 ) ;
#3357 =( GEOMETRIC_REPRESENTATION_CONTEXT ( 3 ) GLOBAL_UNCERTAINTY_ASSIGNED_CONTEXT ( ( #7200 ) ) GLOBAL_UNIT_ASSIGNED_CONTEXT ( ( #6502, #9885, #4018 ) ) REPRESENTATION_CONTEXT ( 'NONE', 'WORKASPACE' ) );
#3358 = PLANE ( 'NONE',  #4452 ) ;
#3359 = VERTEX_POINT ( 'NONE', #7590 ) ;
#3360 = FACE_OUTER_BOUND ( 'NONE', #3448, .T. ) ;
#3361 = FACE_OUTER_BOUND ( 'NONE', #9271, .T. ) ;
#3362 = ORIENTED_EDGE ( 'NONE', *, *, #3669, .F. ) ;
#3363 = CARTESIAN_POINT ( 'NONE',  ( 0.3599999999999999867, -0.03000000000000000236, 0.001000000000000000021 ) ) ;
#3364 = AXIS2_PLACEMENT_3D ( 'NONE', #2341, #4882, #4002 ) ;
#3365 = ORIENTED_EDGE ( 'NONE', *, *, #5128, .T. ) ;
#3366 = VERTEX_POINT ( 'NONE', #4103 ) ;
#3367 = APPLICATION_CONTEXT ( 'automotive_design' ) ;
#3369 = CARTESIAN_POINT ( 'NONE',  ( 0.5999999999999999778, -1.098928449973850086, 0.5300000000000001377 ) ) ;
#3368 = PRESENTATION_LAYER_ASSIGNMENT (  '', '', ( #2836 ) ) ;
#3370 = CARTESIAN_POINT ( 'NONE',  ( -0.1499999999999999667, 1.100000000000000089, 0.005000000000000000104 ) ) ;
#3371 = DIRECTION ( 'NONE',  ( 1.897353801849639859E-15, -1.000000000000000000, 0.000000000000000000 ) ) ;
#3372 = VERTEX_POINT ( 'NONE', #5039 ) ;
#3373 =( NAMED_UNIT ( * ) PLANE_ANGLE_UNIT ( ) SI_UNIT ( $, .RADIAN. ) );
#3374 = EDGE_CURVE ( 'NONE', #3787, #10692, #1556, .T. ) ;
#3375 = CARTESIAN_POINT ( 'NONE',  ( 0.2399563975748850164, 1.600000000000000089, 0.01000000000000000021 ) ) ;
#3376 = DIRECTION ( 'NONE',  ( -0.000000000000000000, -0.000000000000000000, -1.000000000000000000 ) ) ;
#3377 = FACE_OUTER_BOUND ( 'NONE', #8714, .T. ) ;
#3378 = PRODUCT_DEFINITION_CONTEXT ( 'detailed design', #185, 'design' ) ;
#3379 = VECTOR ( 'NONE', #5225, 1000.000000000000000 ) ;
#3380 = CARTESIAN_POINT ( 'NONE',  ( 0.5349999999999999201, 0.6400000000000000133, 0.01000000000000000021 ) ) ;
#3381 = VERTEX_POINT ( 'NONE', #664 ) ;
#3382 = CARTESIAN_POINT ( 'NONE',  ( -0.2400000000000000189, 1.600000000000000089, 0.5300000000000001377 ) ) ;
#3383 = ORIENTED_EDGE ( 'NONE', *, *, #4843, .F. ) ;
#3384 = VECTOR ( 'NONE', #8695, 1000.000000000000000 ) ;
#3385 = EDGE_CURVE ( 'NONE', #5930, #1649, #9322, .T. ) ;
#3386 = LINE ( 'NONE', #6718, #10155 ) ;
#3387 = ADVANCED_FACE ( 'NONE', ( #6707 ), #5875, .F. ) ;
#3388 = DIRECTION ( 'NONE',  ( -0.000000000000000000, 0.000000000000000000, -1.000000000000000000 ) ) ;
#3389 = EDGE_CURVE ( 'NONE', #9589, #7252, #10814, .T. ) ;
#3390 = ORIENTED_EDGE ( 'NONE', *, *, #6043, .T. ) ;
#3391 = EDGE_CURVE ( 'NONE', #6190, #9711, #61, .T. ) ;
#3392 = VERTEX_POINT ( 'NONE', #2498 ) ;
#3393 = PLANE ( 'NONE',  #9556 ) ;
#3394 = PLANE ( 'NONE',  #3057 ) ;
#3395 = VECTOR ( 'NONE', #7409, 1000.000000000000000 ) ;
#3396 = DIRECTION ( 'NONE',  ( -1.000000000000000000, 0.000000000000000000, 0.000000000000000000 ) ) ;
#3397 = LINE ( 'NONE', #7670, #9656 ) ;
#3398 = CARTESIAN_POINT ( 'NONE',  ( -0.1281588001357080175, 0.4318411998642919802, 0.5300000000000001377 ) ) ;
#3399 = VECTOR ( 'NONE', #9525, 1000.000000000000000 ) ;
#3400 = PLANE ( 'NONE',  #10011 ) ;
#3401 = CARTESIAN_POINT ( 'NONE',  ( -0.5999999999999999778, 1.403900576581448956, 0.000000000000000000 ) ) ;
#3402 = AXIS2_PLACEMENT_3D ( 'NONE', #6020, #3526, #9472 ) ;
#3403 = EDGE_CURVE ( 'NONE', #5911, #3818, #3267, .T. ) ;
#3404 = VECTOR ( 'NONE', #2073, 1000.000000000000000 ) ;
#3405 = CARTESIAN_POINT ( 'NONE',  ( 0.07499999999999999722, -1.600000000000000089, 0.001000000000000000021 ) ) ;
#3406 = AXIS2_PLACEMENT_3D ( 'NONE', #7918, #4541, #223 ) ;
#3407 = ORIENTED_EDGE ( 'NONE', *, *, #5843, .T. ) ;
#3408 = DIRECTION ( 'NONE',  ( -1.000000000000000000, 0.000000000000000000, -0.000000000000000000 ) ) ;
#3409 = VECTOR ( 'NONE', #10054, 1000.000000000000000 ) ;
#3410 = EDGE_LOOP ( 'NONE', ( #10183, #106, #919, #5263 ) ) ;
#3411 = EDGE_CURVE ( 'NONE', #7799, #8542, #9097, .T. ) ;
#3412 = CARTESIAN_POINT ( 'NONE',  ( 0.5999999999999999778, 1.239999999999999991, 0.7900000000000000355 ) ) ;
#3413 = SURFACE_STYLE_FILL_AREA ( #3300 ) ;
#3414 = ORIENTED_EDGE ( 'NONE', *, *, #9453, .T. ) ;
#3415 = ORIENTED_EDGE ( 'NONE', *, *, #9831, .F. ) ;
#3416 = EDGE_CURVE ( 'NONE', #2512, #4940, #3215, .T. ) ;
#3417 = EDGE_CURVE ( 'NONE', #8120, #8922, #6650, .T. ) ;
#3418 = VECTOR ( 'NONE', #3064, 1000.000000000000000 ) ;
#3419 = CARTESIAN_POINT ( 'NONE',  ( 0.1499999999999999944, -0.6971625444288770401, 0.5300000000000001377 ) ) ;
#3420 = VECTOR ( 'NONE', #10526, 1000.000000000000000 ) ;
#3421 = EDGE_CURVE ( 'NONE', #7900, #860, #2392, .T. ) ;
#3422 = FACE_OUTER_BOUND ( 'NONE', #2846, .T. ) ;
#3423 = ORIENTED_EDGE ( 'NONE', *, *, #6271, .T. ) ;
#3424 = DIRECTION ( 'NONE',  ( -1.000000000000000000, -0.000000000000000000, 0.000000000000000000 ) ) ;
#3425 = CARTESIAN_POINT ( 'NONE',  ( 0.3925000000000000155, 0.7500000000000000000, 0.7900000000000000355 ) ) ;
#3426 = ORIENTED_EDGE ( 'NONE', *, *, #3879, .T. ) ;
#3427 = DIRECTION ( 'NONE',  ( 0.000000000000000000, 1.000000000000000000, 0.000000000000000000 ) ) ;
#3428 = VERTEX_POINT ( 'NONE', #9202 ) ;
#3429 = EDGE_LOOP ( 'NONE', ( #1327, #378, #5538, #2474 ) ) ;
#3430 = UNCERTAINTY_MEASURE_WITH_UNIT (LENGTH_MEASURE( 1.000000000000000082E-05 ), #2089, 'distance_accuracy_value', 'NONE');
#3431 = ADVANCED_FACE ( 'NONE', ( #5763 ), #4980, .F. ) ;
#3432 = CLOSED_SHELL ( 'NONE', ( #4273, #10107, #6667, #6616, #5408, #2911, #2510, #5812, #8740, #2294, #9112 ) ) ;
#3433 = PLANE ( 'NONE',  #9242 ) ;
#3434 = CARTESIAN_POINT ( 'NONE',  ( 0.2999999999999999889, 1.300000000000000266, 0.01000000000000000021 ) ) ;
#3435 = ORIENTED_EDGE ( 'NONE', *, *, #5075, .T. ) ;
#3436 = CARTESIAN_POINT ( 'NONE',  ( 0.5999999999999999778, -1.399999999999999911, 0.5300000000000001377 ) ) ;
#3437 = DIRECTION ( 'NONE',  ( 0.000000000000000000, -0.000000000000000000, -1.000000000000000000 ) ) ;
#3438 = CARTESIAN_POINT ( 'NONE',  ( -0.5999999999999999778, 1.239999999999999991, 0.01000000000000000021 ) ) ;
#3439 = CARTESIAN_POINT ( 'NONE',  ( 0.000000000000000000, -0.1818411998642920357, 0.5200000000000000178 ) ) ;
#3440 = APPLICATION_CONTEXT ( 'automotive_design' ) ;
#3441 = ORIENTED_EDGE ( 'NONE', *, *, #2360, .F. ) ;
#3442 = PRESENTATION_STYLE_ASSIGNMENT (( #5100 ) ) ;
#3443 = ORIENTED_EDGE ( 'NONE', *, *, #3480, .T. ) ;
#3444 = PLANE ( 'NONE',  #6957 ) ;
#3445 = CARTESIAN_POINT ( 'NONE',  ( -0.3197770700636939911, 0.6400000000000000133, 0.000000000000000000 ) ) ;
#3446 = ORIENTED_EDGE ( 'NONE', *, *, #3345, .F. ) ;
#3447 = AXIS2_PLACEMENT_3D ( 'NONE', #390, #1056, #3755 ) ;
#3448 = EDGE_LOOP ( 'NONE', ( #6378, #5467, #6853, #7923 ) ) ;
#3449 = EDGE_CURVE ( 'NONE', #6911, #7799, #5200, .T. ) ;
#3450 = CARTESIAN_POINT ( 'NONE',  ( -0.5999999999999999778, 1.600000000000000089, 0.000000000000000000 ) ) ;
#3451 = LINE ( 'NONE', #1572, #1965 ) ;
#3452 = CARTESIAN_POINT ( 'NONE',  ( -0.5350000000000000311, 1.600000000000000089, 0.5300000000000001377 ) ) ;
#3453 = FILL_AREA_STYLE_COLOUR ( '', #1335 ) ;
#3454 = EDGE_CURVE ( 'NONE', #8965, #5752, #9528, .T. ) ;
#3455 = DIRECTION ( 'NONE',  ( 0.000000000000000000, -0.000000000000000000, 1.000000000000000000 ) ) ;
#3456 = EDGE_CURVE ( 'NONE', #8905, #8922, #3533, .T. ) ;
#3457 = VECTOR ( 'NONE', #5001, 1000.000000000000000 ) ;
#3458 = DIRECTION ( 'NONE',  ( 0.4788521306805730293, 0.8778955729143845810, 0.000000000000000000 ) ) ;
#3459 = VECTOR ( 'NONE', #4091, 1000.000000000000000 ) ;
#3460 = ORIENTED_EDGE ( 'NONE', *, *, #5380, .F. ) ;
#3461 = VECTOR ( 'NONE', #8092, 1000.000000000000000 ) ;
#3462 = LINE ( 'NONE', #5905, #10005 ) ;
#3463 = EDGE_CURVE ( 'NONE', #7395, #7022, #4481, .T. ) ;
#3464 = ADVANCED_FACE ( 'NONE', ( #8588 ), #5307, .F. ) ;
#3465 = ORIENTED_EDGE ( 'NONE', *, *, #10908, .F. ) ;
#3466 = CARTESIAN_POINT ( 'NONE',  ( 0.2999999999999999889, -1.489999999999999991, 0.01000000000000000021 ) ) ;
#3467 = VERTEX_POINT ( 'NONE', #8532 ) ;
#3468 = VERTEX_POINT ( 'NONE', #5974 ) ;
#3469 = EDGE_CURVE ( 'NONE', #10919, #4806, #4427, .T. ) ;
#3470 = COLOUR_RGB ( '',0.8705882352941176627, 0.6313725490196078205, 0.1725490196078431349 ) ;
#3471 = ORIENTED_EDGE ( 'NONE', *, *, #10135, .T. ) ;
#3472 = LINE ( 'NONE', #8354, #466 ) ;
#3473 = PLANE ( 'NONE',  #2440 ) ;
#3474 = SURFACE_STYLE_USAGE ( .BOTH. , #7855 ) ;
#3475 = EDGE_LOOP ( 'NONE', ( #2334, #7705, #10804, #6172, #4799, #1172 ) ) ;
#3476 = LINE ( 'NONE', #2754, #3111 ) ;
#3477 = FILL_AREA_STYLE_COLOUR ( '', #599 ) ;
#3478 = ORIENTED_EDGE ( 'NONE', *, *, #7286, .T. ) ;
#3479 = SURFACE_SIDE_STYLE ('',( #6135 ) ) ;
#3480 = EDGE_CURVE ( 'NONE', #10519, #3261, #999, .T. ) ;
#3481 = DIRECTION ( 'NONE',  ( 1.000000000000000000, -1.129377263005729923E-16, 0.000000000000000000 ) ) ;
#3482 =( NAMED_UNIT ( * ) SI_UNIT ( $, .STERADIAN. ) SOLID_ANGLE_UNIT ( ) );
#3483 = ORIENTED_EDGE ( 'NONE', *, *, #3575, .F. ) ;
#3484 = CARTESIAN_POINT ( 'NONE',  ( 0.000000000000000000, 0.1718411998642919991, 0.5200000000000000178 ) ) ;
#3485 = DIRECTION ( 'NONE',  ( 1.000000000000000000, -0.000000000000000000, 0.000000000000000000 ) ) ;
#3486 = LINE ( 'NONE', #6028, #7397 ) ;
#3487 = DIRECTION ( 'NONE',  ( 0.000000000000000000, -0.000000000000000000, -1.000000000000000000 ) ) ;
#3488 = VECTOR ( 'NONE', #2815, 1000.000000000000000 ) ;
#3489 = DIRECTION ( 'NONE',  ( 1.000000000000000000, 0.000000000000000000, 0.000000000000000000 ) ) ;
#3490 = VERTEX_POINT ( 'NONE', #221 ) ;
#3491 = SURFACE_STYLE_USAGE ( .BOTH. , #10163 ) ;
#3492 = ORIENTED_EDGE ( 'NONE', *, *, #9356, .T. ) ;
#3493 = FACE_OUTER_BOUND ( 'NONE', #7598, .T. ) ;
#3494 = CARTESIAN_POINT ( 'NONE',  ( -0.1499999999999999667, -1.600000000000000089, 0.5300000000000001377 ) ) ;
#3495 = ORIENTED_EDGE ( 'NONE', *, *, #6310, .T. ) ;
#3496 = ADVANCED_FACE ( 'NONE', ( #2813 ), #6026, .F. ) ;
#3497 = CARTESIAN_POINT ( 'NONE',  ( -0.1499999999999999667, -1.499754031465950099, 0.01000000000000000021 ) ) ;
#3498 = DIRECTION ( 'NONE',  ( -1.000000000000000000, 6.776263578034399754E-16, 0.000000000000000000 ) ) ;
#3499 = DIRECTION ( 'NONE',  ( 0.000000000000000000, 0.000000000000000000, 1.000000000000000000 ) ) ;
#3500 = CARTESIAN_POINT ( 'NONE',  ( 0.000000000000000000, -1.100000000000000089, 0.001000000000000000021 ) ) ;
#3501 = FACE_OUTER_BOUND ( 'NONE', #3559, .T. ) ;
#3502 =( LENGTH_UNIT ( ) NAMED_UNIT ( * ) SI_UNIT ( .MILLI., .METRE. ) );
#3503 = DIRECTION ( 'NONE',  ( 0.000000000000000000, 0.000000000000000000, 1.000000000000000000 ) ) ;
#3504 = VECTOR ( 'NONE', #2722, 1000.000000000000000 ) ;
#3505 = PLANE ( 'NONE',  #3547 ) ;
#3506 = ADVANCED_FACE ( 'NONE', ( #4382 ), #5142, .T. ) ;
#3507 = CARTESIAN_POINT ( 'NONE',  ( 0.2925934069883829869, 0.7500000000000000000, 0.000000000000000000 ) ) ;
#3508 = ORIENTED_EDGE ( 'NONE', *, *, #4679, .T. ) ;
#3509 = DIRECTION ( 'NONE',  ( 0.000000000000000000, -0.000000000000000000, -1.000000000000000000 ) ) ;
#3510 = EDGE_CURVE ( 'NONE', #6015, #2187, #1104, .T. ) ;
#3511 = SURFACE_SIDE_STYLE ('',( #4357 ) ) ;
#3512 = VERTEX_POINT ( 'NONE', #7756 ) ;
#3513 = DIRECTION ( 'NONE',  ( 0.000000000000000000, 0.000000000000000000, 1.000000000000000000 ) ) ;
#3514 = PRESENTATION_STYLE_ASSIGNMENT (( #8781 ) ) ;
#3515 = ORIENTED_EDGE ( 'NONE', *, *, #7007, .T. ) ;
#3516 = EDGE_LOOP ( 'NONE', ( #7505, #1263, #6583, #8289 ) ) ;
#3517 = EDGE_CURVE ( 'NONE', #1745, #7899, #6923, .T. ) ;
#3518 = ORIENTED_EDGE ( 'NONE', *, *, #5689, .F. ) ;
#3519 = CARTESIAN_POINT ( 'NONE',  ( 0.3568411998642920246, -0.1818411998642920357, 0.5300000000000001377 ) ) ;
#3520 = CARTESIAN_POINT ( 'NONE',  ( -0.1300000000000000322, 0.1700000000000000122, 0.001000000000000000021 ) ) ;
#3521 = ORIENTED_EDGE ( 'NONE', *, *, #2257, .F. ) ;
#3522 = DIRECTION ( 'NONE',  ( 1.807744701332710101E-16, -1.000000000000000000, 0.000000000000000000 ) ) ;
#3523 =( NAMED_UNIT ( * ) SI_UNIT ( $, .STERADIAN. ) SOLID_ANGLE_UNIT ( ) );
#3524 = ORIENTED_EDGE ( 'NONE', *, *, #1580, .F. ) ;
#3525 = UNCERTAINTY_MEASURE_WITH_UNIT (LENGTH_MEASURE( 1.000000000000000082E-05 ), #1880, 'distance_accuracy_value', 'NONE');
#3526 = DIRECTION ( 'NONE',  ( 0.000000000000000000, 0.000000000000000000, -1.000000000000000000 ) ) ;
#3527 = EDGE_CURVE ( 'NONE', #9314, #9090, #9478, .T. ) ;
#3528 = EDGE_CURVE ( 'NONE', #2086, #9789, #8645, .T. ) ;
#3529 = CARTESIAN_POINT ( 'NONE',  ( 0.5350000000000000311, -0.9000000000000001332, 0.01000000000000000021 ) ) ;
#3530 = EDGE_CURVE ( 'NONE', #9924, #2975, #1942, .T. ) ;
#3531 = LINE ( 'NONE', #2601, #1930 ) ;
#3532 = ORIENTED_EDGE ( 'NONE', *, *, #9896, .T. ) ;
#3533 = LINE ( 'NONE', #4538, #198 ) ;
#3534 = VECTOR ( 'NONE', #9011, 1000.000000000000000 ) ;
#3535 = CARTESIAN_POINT ( 'NONE',  ( 0.5999999999999999778, -0.6000000000000000888, 0.000000000000000000 ) ) ;
#3536 = CARTESIAN_POINT ( 'NONE',  ( 0.5999999999999974243, 1.239999999999999991, 0.5300000000000001377 ) ) ;
#3537 = PLANE ( 'NONE',  #4312 ) ;
#3538 = EDGE_CURVE ( 'NONE', #1174, #32, #10253, .T. ) ;
#3539 = DIRECTION ( 'NONE',  ( 0.000000000000000000, 0.000000000000000000, -1.000000000000000000 ) ) ;
#3540 = ORIENTED_EDGE ( 'NONE', *, *, #8629, .T. ) ;
#3541 = LINE ( 'NONE', #7706, #3284 ) ;
#3543 = EDGE_LOOP ( 'NONE', ( #3597, #691, #1816, #6551 ) ) ;
#3542 = EDGE_CURVE ( 'NONE', #7293, #9176, #2655, .T. ) ;
#3544 = EDGE_CURVE ( 'NONE', #9936, #3672, #7809, .T. ) ;
#3545 = DIRECTION ( 'NONE',  ( 0.000000000000000000, -1.000000000000000000, 0.000000000000000000 ) ) ;
#3546 = ORIENTED_EDGE ( 'NONE', *, *, #4242, .T. ) ;
#3547 = AXIS2_PLACEMENT_3D ( 'NONE', #7727, #7776, #8717 ) ;
#3548 = LINE ( 'NONE', #294, #3010 ) ;
#3549 = PRODUCT_DEFINITION_SHAPE ( 'NONE', 'NONE',  #10971 ) ;
#3550 = DIRECTION ( 'NONE',  ( -1.000000000000000000, 0.000000000000000000, -0.000000000000000000 ) ) ;
#3551 = CARTESIAN_POINT ( 'NONE',  ( 0.5961306949927850374, -1.600000000000000089, 0.01000000000000000021 ) ) ;
#3553 = AXIS2_PLACEMENT_3D ( 'NONE', #10925, #4277, #8309 ) ;
#3552 = CARTESIAN_POINT ( 'NONE',  ( 0.5350000000000000311, 0.7005555010695040385, 0.5200000000000000178 ) ) ;
#3554 = VERTEX_POINT ( 'NONE', #9582 ) ;
#3555 = VECTOR ( 'NONE', #7876, 1000.000000000000000 ) ;
#3556 = CARTESIAN_POINT ( 'NONE',  ( -0.07499999999999999722, 0.000000000000000000, 0.001000000000000000021 ) ) ;
#3557 = VECTOR ( 'NONE', #8298, 1000.000000000000000 ) ;
#3558 = DIRECTION ( 'NONE',  ( 0.000000000000000000, -0.000000000000000000, 1.000000000000000000 ) ) ;
#3559 = EDGE_LOOP ( 'NONE', ( #1548, #9380, #8238, #6931 ) ) ;
#3560 = CARTESIAN_POINT ( 'NONE',  ( -0.1499999999999999667, 1.500000000000000000, 0.8000000000000000444 ) ) ;
#3561 = VECTOR ( 'NONE', #3194, 1000.000000000000000 ) ;
#3562 = VECTOR ( 'NONE', #4425, 1000.000000000000000 ) ;
#3563 = ORIENTED_EDGE ( 'NONE', *, *, #3873, .F. ) ;
#3564 = DIRECTION ( 'NONE',  ( 1.000000000000000000, 0.000000000000000000, 0.000000000000000000 ) ) ;
#3565 = CARTESIAN_POINT ( 'NONE',  ( -0.5999999999999999778, 0.7005555010695040385, 0.5200000000000000178 ) ) ;
#3566 = ORIENTED_EDGE ( 'NONE', *, *, #6503, .F. ) ;
#3567 = EDGE_LOOP ( 'NONE', ( #492, #2772, #6627, #1391 ) ) ;
#3568 = AXIS2_PLACEMENT_3D ( 'NONE', #7563, #8444, #6888 ) ;
#3569 = VECTOR ( 'NONE', #10894, 1000.000000000000000 ) ;
#3570 = ORIENTED_EDGE ( 'NONE', *, *, #7282, .T. ) ;
#3571 =( REPRESENTATION_RELATIONSHIP ('NONE','NONE', #9248, #7404 ) REPRESENTATION_RELATIONSHIP_WITH_TRANSFORMATION ( #635 )SHAPE_REPRESENTATION_RELATIONSHIP( ) );
#3572 = VECTOR ( 'NONE', #1449, 1000.000000000000000 ) ;
#3573 =( NAMED_UNIT ( * ) PLANE_ANGLE_UNIT ( ) SI_UNIT ( $, .RADIAN. ) );
#3574 = LINE ( 'NONE', #50, #4215 ) ;
#3575 = EDGE_CURVE ( 'NONE', #10201, #10050, #5364, .T. ) ;
#3576 = ORIENTED_EDGE ( 'NONE', *, *, #1411, .T. ) ;
#3577 = DIRECTION ( 'NONE',  ( 0.8574929257125449844, 0.5144957554275251255, 0.000000000000000000 ) ) ;
#3578 = DIRECTION ( 'NONE',  ( 0.000000000000000000, -0.000000000000000000, 1.000000000000000000 ) ) ;
#3579 = AXIS2_PLACEMENT_3D ( 'NONE', #9503, #1187, #5166 ) ;
#3580 = ORIENTED_EDGE ( 'NONE', *, *, #6225, .F. ) ;
#3581 = ADVANCED_FACE ( 'NONE', ( #4589 ), #7253, .T. ) ;
#3582 = ADVANCED_BREP_SHAPE_REPRESENTATION ( '', ( #9961, #2231 ), #2730 ) ;
#3583 = PLANE ( 'NONE',  #6576 ) ;
#3584 = EDGE_CURVE ( 'NONE', #868, #10313, #8076, .T. ) ;
#3585 = VECTOR ( 'NONE', #8356, 1000.000000000000000 ) ;
#3586 = CARTESIAN_POINT ( 'NONE',  ( 0.5999999999999998668, -1.239999999999999991, 0.8000000000000000444 ) ) ;
#3587 = CARTESIAN_POINT ( 'NONE',  ( 0.5999999999999999778, 1.403900576581448956, 0.000000000000000000 ) ) ;
#3588 = ORIENTED_EDGE ( 'NONE', *, *, #6672, .F. ) ;
#3589 = DIRECTION ( 'NONE',  ( 0.000000000000000000, 1.000000000000000000, 0.000000000000000000 ) ) ;
#3590 = LINE ( 'NONE', #10466, #2876 ) ;
#3591 = FACE_OUTER_BOUND ( 'NONE', #8058, .T. ) ;
#3592 = LINE ( 'NONE', #121, #7844 ) ;
#3593 = PRODUCT_DEFINITION_CONTEXT ( 'detailed design', #750, 'design' ) ;
#3594 = AXIS2_PLACEMENT_3D ( 'NONE', #8634, #6860, #7744 ) ;
#3595 = DIRECTION ( 'NONE',  ( -1.000000000000000000, -2.436409376371920126E-16, 0.000000000000000000 ) ) ;
#3596 = VECTOR ( 'NONE', #780, 1000.000000000000000 ) ;
#3597 = ORIENTED_EDGE ( 'NONE', *, *, #217, .F. ) ;
#3598 = FILL_AREA_STYLE_COLOUR ( '', #8958 ) ;
#3599 = ORIENTED_EDGE ( 'NONE', *, *, #7405, .T. ) ;
#3600 = CARTESIAN_POINT ( 'NONE',  ( 0.2400000000000000466, -1.600000000000000089, 0.5200000000000000178 ) ) ;
#3601 = CARTESIAN_POINT ( 'NONE',  ( 0.4650000000000000244, 0.5999999999999999778, 0.5200000000000000178 ) ) ;
#3602 = ORIENTED_EDGE ( 'NONE', *, *, #4816, .F. ) ;
#3603 = PLANE ( 'NONE',  #5124 ) ;
#3604 = LINE ( 'NONE', #6997, #10492 ) ;
#3605 = CARTESIAN_POINT ( 'NONE',  ( 0.07500000000000026090, -1.600000000000000089, 0.005000000000000000104 ) ) ;
#3606 = LINE ( 'NONE', #2783, #5576 ) ;
#3607 = DIRECTION ( 'NONE',  ( 0.000000000000000000, 0.000000000000000000, 1.000000000000000000 ) ) ;
#3608 = ORIENTED_EDGE ( 'NONE', *, *, #10876, .F. ) ;
#3609 = FACE_OUTER_BOUND ( 'NONE', #10200, .T. ) ;
#3610 = DIRECTION ( 'NONE',  ( -0.000000000000000000, -0.000000000000000000, -1.000000000000000000 ) ) ;
#3611 = CYLINDRICAL_SURFACE ( 'NONE', #6384, 0.1961375929999999990 ) ;
#3612 = VERTEX_POINT ( 'NONE', #5588 ) ;
#3613 = LINE ( 'NONE', #3666, #5217 ) ;
#3614 = AXIS2_PLACEMENT_3D ( 'NONE', #3327, #3274, #7498 ) ;
#3615 = ORIENTED_EDGE ( 'NONE', *, *, #10055, .T. ) ;
#3616 = LINE ( 'NONE', #7786, #828 ) ;
#3617 = ORIENTED_EDGE ( 'NONE', *, *, #8763, .T. ) ;
#3618 = ORIENTED_EDGE ( 'NONE', *, *, #1938, .F. ) ;
#3619 = VECTOR ( 'NONE', #5953, 1000.000000000000000 ) ;
#3620 = VECTOR ( 'NONE', #2723, 1000.000000000000000 ) ;
#3621 = ORIENTED_EDGE ( 'NONE', *, *, #9491, .F. ) ;
#3622 = VECTOR ( 'NONE', #3681, 1000.000000000000000 ) ;
#3623 =( LENGTH_UNIT ( ) NAMED_UNIT ( * ) SI_UNIT ( .MILLI., .METRE. ) );
#3624 = VECTOR ( 'NONE', #2063, 1000.000000000000000 ) ;
#3625 = EDGE_LOOP ( 'NONE', ( #1268, #191, #9841, #4685 ) ) ;
#3626 = VECTOR ( 'NONE', #9660, 1000.000000000000000 ) ;
#3627 = DIRECTION ( 'NONE',  ( -1.807003620809169948E-16, -1.000000000000000000, 0.000000000000000000 ) ) ;
#3628 = LINE ( 'NONE', #2146, #3840 ) ;
#3629 = CARTESIAN_POINT ( 'NONE',  ( 0.2999999999999999889, 1.300000000000000266, 0.01000000000000000021 ) ) ;
#3630 = EDGE_LOOP ( 'NONE', ( #3103, #4094, #4134, #4965 ) ) ;
#3631 = LINE ( 'NONE', #8791, #8948 ) ;
#3632 = DIRECTION ( 'NONE',  ( 0.000000000000000000, -0.000000000000000000, 1.000000000000000000 ) ) ;
#3633 = ORIENTED_EDGE ( 'NONE', *, *, #6503, .T. ) ;
#3634 = UNCERTAINTY_MEASURE_WITH_UNIT (LENGTH_MEASURE( 1.000000000000000082E-05 ), #1203, 'distance_accuracy_value', 'NONE');
#3635 = DIRECTION ( 'NONE',  ( -1.000000000000000000, 2.436409376371920126E-16, 0.000000000000000000 ) ) ;
#3636 = STYLED_ITEM ( 'NONE', ( #920 ), #6328 ) ;
#3637 =( NAMED_UNIT ( * ) SI_UNIT ( $, .STERADIAN. ) SOLID_ANGLE_UNIT ( ) );
#3638 = PRODUCT_DEFINITION_SHAPE ( 'NONE', 'NONE',  #4475 ) ;
#3639 = FILL_AREA_STYLE ('',( #274 ) ) ;
#3640 = ORIENTED_EDGE ( 'NONE', *, *, #10780, .T. ) ;
#3641 = DIRECTION ( 'NONE',  ( 0.000000000000000000, 1.000000000000000000, 0.000000000000000000 ) ) ;
#3642 = PLANE ( 'NONE',  #6499 ) ;
#3643 = CARTESIAN_POINT ( 'NONE',  ( 0.3999999999999999667, -1.600000000000000089, 0.01000000000000000021 ) ) ;
#3644 = EDGE_CURVE ( 'NONE', #3334, #4869, #9803, .T. ) ;
#3645 = LINE ( 'NONE', #5204, #5926 ) ;
#3646 = ORIENTED_EDGE ( 'NONE', *, *, #4679, .F. ) ;
#3647 = VERTEX_POINT ( 'NONE', #9692 ) ;
#3648 = ORIENTED_EDGE ( 'NONE', *, *, #772, .F. ) ;
#3649 = DIRECTION ( 'NONE',  ( 1.000000000000000000, 0.000000000000000000, -0.000000000000000000 ) ) ;
#3650 = LINE ( 'NONE', #7049, #9587 ) ;
#3651 = EDGE_LOOP ( 'NONE', ( #9934, #7787, #8619, #1832 ) ) ;
#3652 = PRODUCT_RELATED_PRODUCT_CATEGORY ( 'part', '', ( #1698 ) ) ;
#3653 = ADVANCED_FACE ( 'NONE', ( #6473 ), #3922, .T. ) ;
#3654 = VECTOR ( 'NONE', #9425, 1000.000000000000000 ) ;
#3655 = LINE ( 'NONE', #5215, #7270 ) ;
#3656 = CARTESIAN_POINT ( 'NONE',  ( -0.07499999999999999722, -1.600000000000000089, 0.001000000000000000021 ) ) ;
#3657 = CARTESIAN_POINT ( 'NONE',  ( 0.1318411998642919913, 0.1718411998642919991, 0.5300000000000001377 ) ) ;
#3658 = LINE ( 'NONE', #6887, #3993 ) ;
#3659 = DIRECTION ( 'NONE',  ( -0.000000000000000000, 0.000000000000000000, 1.000000000000000000 ) ) ;
#3660 = CARTESIAN_POINT ( 'NONE',  ( -0.2999999999999985456, 1.489999999999999103, 0.5200000000000000178 ) ) ;
#3661 = ORIENTED_EDGE ( 'NONE', *, *, #9246, .F. ) ;
#3662 = CARTESIAN_POINT ( 'NONE',  ( 0.5999999999999999778, 0.6999999999999999556, 0.005000000000000000104 ) ) ;
#3663 = FACE_OUTER_BOUND ( 'NONE', #10508, .T. ) ;
#3664 = SURFACE_STYLE_USAGE ( .BOTH. , #9869 ) ;
#3665 = ORIENTED_EDGE ( 'NONE', *, *, #7992, .F. ) ;
#3666 = CARTESIAN_POINT ( 'NONE',  ( 0.2400000000000000189, 1.600000000000000089, 0.5200000000000000178 ) ) ;
#3667 = VECTOR ( 'NONE', #6837, 1000.000000000000000 ) ;
#3668 = EDGE_CURVE ( 'NONE', #5981, #139, #1378, .T. ) ;
#3669 = EDGE_CURVE ( 'NONE', #4334, #769, #5533, .T. ) ;
#3670 = CARTESIAN_POINT ( 'NONE',  ( 0.5999999999999999778, 0.7495000000000000551, 0.01000000000000000021 ) ) ;
#3671 = ORIENTED_EDGE ( 'NONE', *, *, #2731, .T. ) ;
#3672 = VERTEX_POINT ( 'NONE', #2873 ) ;
#3673 = ADVANCED_FACE ( 'NONE', ( #8917 ), #9638, .T. ) ;
#3674 = ORIENTED_EDGE ( 'NONE', *, *, #7755, .F. ) ;
#3675 = LINE ( 'NONE', #2033, #5663 ) ;
#3676 = ORIENTED_EDGE ( 'NONE', *, *, #8062, .T. ) ;
#3677 = CARTESIAN_POINT ( 'NONE',  ( -0.2952229299363060000, -0.6400000000000000133, 0.01000000000000000021 ) ) ;
#3678 = CARTESIAN_POINT ( 'NONE',  ( 0.1499999999999989952, 0.6400000000000000133, 0.5300000000000001377 ) ) ;
#3679 = MECHANICAL_DESIGN_GEOMETRIC_PRESENTATION_REPRESENTATION (  '', ( #1573 ), #2105 ) ;
#3680 = VERTEX_POINT ( 'NONE', #5636 ) ;
#3681 = DIRECTION ( 'NONE',  ( 0.000000000000000000, 0.000000000000000000, -1.000000000000000000 ) ) ;
#3682 = ORIENTED_EDGE ( 'NONE', *, *, #5788, .T. ) ;
#3683 = DIRECTION ( 'NONE',  ( 0.000000000000000000, 0.000000000000000000, -1.000000000000000000 ) ) ;
#3684 = VECTOR ( 'NONE', #5071, 1000.000000000000000 ) ;
#3685 = CARTESIAN_POINT ( 'NONE',  ( 0.2924999999999999822, 0.9000000000000000222, 0.7900000000000000355 ) ) ;
#3686 = ORIENTED_EDGE ( 'NONE', *, *, #10239, .F. ) ;
#3687 = DIRECTION ( 'NONE',  ( -1.000000000000000000, 0.000000000000000000, 0.000000000000000000 ) ) ;
#3688 = LINE ( 'NONE', #332, #1469 ) ;
#3689 = FILL_AREA_STYLE_COLOUR ( '', #9511 ) ;
#3690 = DIRECTION ( 'NONE',  ( -1.000000000000000000, 0.000000000000000000, -0.000000000000000000 ) ) ;
#3691 = PRODUCT_DEFINITION_CONTEXT ( 'detailed design', #3367, 'design' ) ;
#3692 = ORIENTED_EDGE ( 'NONE', *, *, #9685, .T. ) ;
#3693 = AXIS2_PLACEMENT_3D ( 'NONE', #4575, #316, #3016 ) ;
#3694 = LINE ( 'NONE', #1171, #272 ) ;
#3695 = ORIENTED_EDGE ( 'NONE', *, *, #10188, .F. ) ;
#3696 = ORIENTED_EDGE ( 'NONE', *, *, #7802, .T. ) ;
#3697 = DIRECTION ( 'NONE',  ( -2.710505431213760099E-16, -1.000000000000000000, -0.000000000000000000 ) ) ;
#3698 = DIRECTION ( 'NONE',  ( -1.807003620809169948E-16, 1.000000000000000000, 0.000000000000000000 ) ) ;
#3699 = EDGE_CURVE ( 'NONE', #2630, #5954, #8974, .T. ) ;
#3700 = ORIENTED_EDGE ( 'NONE', *, *, #6563, .F. ) ;
#3701 = VECTOR ( 'NONE', #10677, 1000.000000000000000 ) ;
#3702 = AXIS2_PLACEMENT_3D ( 'NONE', #5381, #8764, #1063 ) ;
#3703 =( NAMED_UNIT ( * ) PLANE_ANGLE_UNIT ( ) SI_UNIT ( $, .RADIAN. ) );
#3704 = LINE ( 'NONE', #1230, #5178 ) ;
#3705 = CARTESIAN_POINT ( 'NONE',  ( -0.4000000000000000222, -1.600000000000000089, 0.5300000000000001377 ) ) ;
#3706 = DIRECTION ( 'NONE',  ( 1.000000000000000000, -1.042502088928370027E-16, 0.000000000000000000 ) ) ;
#3707 = EDGE_CURVE ( 'NONE', #1518, #4234, #385, .T. ) ;
#3708 = CARTESIAN_POINT ( 'NONE',  ( -0.5999999999999999778, -1.600000000000000089, 0.7900000000000000355 ) ) ;
#3709 = ORIENTED_EDGE ( 'NONE', *, *, #9189, .T. ) ;
#3710 = VECTOR ( 'NONE', #5925, 1000.000000000000000 ) ;
#3711 = FACE_OUTER_BOUND ( 'NONE', #4139, .T. ) ;
#3712 = EDGE_CURVE ( 'NONE', #2634, #7981, #9856, .T. ) ;
#3713 = DIRECTION ( 'NONE',  ( 0.000000000000000000, -1.000000000000000000, 0.000000000000000000 ) ) ;
#3714 = EDGE_CURVE ( 'NONE', #3245, #8061, #5469, .T. ) ;
#3715 = VECTOR ( 'NONE', #3250, 1000.000000000000000 ) ;
#3716 = DIRECTION ( 'NONE',  ( -0.000000000000000000, -0.000000000000000000, 1.000000000000000000 ) ) ;
#3717 = ORIENTED_EDGE ( 'NONE', *, *, #4673, .F. ) ;
#3718 = DIRECTION ( 'NONE',  ( -1.807003620809169948E-16, -1.000000000000000000, 0.000000000000000000 ) ) ;
#3719 = CARTESIAN_POINT ( 'NONE',  ( -0.5999999999999999778, 0.6999999999999999556, 0.005000000000000000104 ) ) ;
#3720 = DIRECTION ( 'NONE',  ( 0.000000000000000000, 0.000000000000000000, 1.000000000000000000 ) ) ;
#3721 = MECHANICAL_DESIGN_GEOMETRIC_PRESENTATION_REPRESENTATION (  '', ( #9060 ), #3900 ) ;
#3722 =( NAMED_UNIT ( * ) PLANE_ANGLE_UNIT ( ) SI_UNIT ( $, .RADIAN. ) );
#3723 = DIRECTION ( 'NONE',  ( 0.000000000000000000, 0.000000000000000000, 1.000000000000000000 ) ) ;
#3724 = LINE ( 'NONE', #9559, #7308 ) ;
#3725 = ORIENTED_EDGE ( 'NONE', *, *, #7052, .F. ) ;
#3726 = ORIENTED_EDGE ( 'NONE', *, *, #6201, .T. ) ;
#3727 = ORIENTED_EDGE ( 'NONE', *, *, #2522, .T. ) ;
#3728 = LINE ( 'NONE', #4521, #182 ) ;
#3729 = COLOUR_RGB ( '',0.3921568627450980338, 0.5999999999999999778, 0.3921568627450980338 ) ;
#3730 = EDGE_LOOP ( 'NONE', ( #1876, #7246, #2031, #3950 ) ) ;
#3731 = VECTOR ( 'NONE', #10248, 1000.000000000000000 ) ;
#3732 = ADVANCED_FACE ( 'NONE', ( #1214 ), #7151, .F. ) ;
#3733 = FILL_AREA_STYLE ('',( #373 ) ) ;
#3734 = CARTESIAN_POINT ( 'NONE',  ( -0.5999999999999999778, -1.600000000000000089, 0.5200000000000000178 ) ) ;
#3735 = DIRECTION ( 'NONE',  ( -1.000000000000000000, 1.199963341943609962E-15, 0.000000000000000000 ) ) ;
#3736 =( GEOMETRIC_REPRESENTATION_CONTEXT ( 3 ) GLOBAL_UNCERTAINTY_ASSIGNED_CONTEXT ( ( #1764 ) ) GLOBAL_UNIT_ASSIGNED_CONTEXT ( ( #3794, #3573, #5624 ) ) REPRESENTATION_CONTEXT ( 'NONE', 'WORKASPACE' ) );
#3737 = EDGE_LOOP ( 'NONE', ( #7199, #4258, #7656, #5792 ) ) ;
#3738 = EDGE_CURVE ( 'NONE', #10456, #3213, #8853, .T. ) ;
#3739 = DIRECTION ( 'NONE',  ( 0.000000000000000000, 0.000000000000000000, 1.000000000000000000 ) ) ;
#3740 = EDGE_CURVE ( 'NONE', #2981, #1148, #2272, .T. ) ;
#3741 = LINE ( 'NONE', #2094, #9455 ) ;
#3742 = EDGE_LOOP ( 'NONE', ( #6720, #751, #19, #7604 ) ) ;
#3743 = CARTESIAN_POINT ( 'NONE',  ( -0.5999999999999999778, 1.239999999999999991, 0.8000000000000000444 ) ) ;
#3744 = AXIS2_PLACEMENT_3D ( 'NONE', #9288, #8280, #10783 ) ;
#3745 = CARTESIAN_POINT ( 'NONE',  ( -0.1499999999999989952, 0.6400000000000001243, 0.5200000000000000178 ) ) ;
#3746 = CARTESIAN_POINT ( 'NONE',  ( -0.3999931020004680038, 1.600000000000000089, 0.01000000000000000021 ) ) ;
#3747 = COLOUR_RGB ( '',1.000000000000000000, 1.000000000000000000, 1.000000000000000000 ) ;
#3748 = ORIENTED_EDGE ( 'NONE', *, *, #8547, .F. ) ;
#3749 = CARTESIAN_POINT ( 'NONE',  ( 0.4000000000000000222, 1.600000000000000089, 0.5200000000000000178 ) ) ;
#3750 =( NAMED_UNIT ( * ) PLANE_ANGLE_UNIT ( ) SI_UNIT ( $, .RADIAN. ) );
#3751 = LINE ( 'NONE', #8855, #135 ) ;
#3752 = DIRECTION ( 'NONE',  ( 1.000000000000000000, -0.000000000000000000, 0.000000000000000000 ) ) ;
#3753 = CIRCLE ( 'NONE', #62, 0.1999999999999999833 ) ;
#3754 = ORIENTED_EDGE ( 'NONE', *, *, #9700, .T. ) ;
#3755 = DIRECTION ( 'NONE',  ( -1.000000000000000000, 0.000000000000000000, 0.000000000000000000 ) ) ;
#3756 = ORIENTED_EDGE ( 'NONE', *, *, #7487, .T. ) ;
#3757 = ORIENTED_EDGE ( 'NONE', *, *, #4598, .T. ) ;
#3758 = VECTOR ( 'NONE', #8210, 1000.000000000000000 ) ;
#3759 = EDGE_CURVE ( 'NONE', #6643, #2583, #10578, .T. ) ;
#3760 = CARTESIAN_POINT ( 'NONE',  ( 0.1499999999999999667, -1.600000000000000089, 0.000000000000000000 ) ) ;
#3761 = CARTESIAN_POINT ( 'NONE',  ( -0.3197770700636939911, 1.600000000000000089, 0.01000000000000000021 ) ) ;
#3762 = AXIS2_PLACEMENT_3D ( 'NONE', #3821, #8088, #9648 ) ;
#3763 = SURFACE_SIDE_STYLE ('',( #7161 ) ) ;
#3764 = ORIENTED_EDGE ( 'NONE', *, *, #4369, .F. ) ;
#3765 = VECTOR ( 'NONE', #4592, 1000.000000000000000 ) ;
#3766 = DIRECTION ( 'NONE',  ( -0.000000000000000000, 0.000000000000000000, 1.000000000000000000 ) ) ;
#3767 = CARTESIAN_POINT ( 'NONE',  ( -0.5350000000000000311, -1.239999999999999991, 0.7900000000000000355 ) ) ;
#3768 = DIRECTION ( 'NONE',  ( -1.000000000000000000, 0.000000000000000000, -0.000000000000000000 ) ) ;
#3769 = LINE ( 'NONE', #10488, #8177 ) ;
#3770 = CARTESIAN_POINT ( 'NONE',  ( 0.5350000000000000311, -0.6999999999999999556, 0.0009999999999999998040 ) ) ;
#3771 = VECTOR ( 'NONE', #9238, 1000.000000000000000 ) ;
#3772 = ORIENTED_EDGE ( 'NONE', *, *, #2032, .F. ) ;
#3773 =( LENGTH_UNIT ( ) NAMED_UNIT ( * ) SI_UNIT ( .MILLI., .METRE. ) );
#3774 = CARTESIAN_POINT ( 'NONE',  ( -0.5999999999999999778, -0.6000000000000000888, 0.000000000000000000 ) ) ;
#3775 = EDGE_CURVE ( 'NONE', #7159, #4434, #8021, .T. ) ;
#3776 = ORIENTED_EDGE ( 'NONE', *, *, #5281, .T. ) ;
#3777 = LINE ( 'NONE', #10553, #9915 ) ;
#3778 = ADVANCED_FACE ( 'NONE', ( #2976 ), #6355, .F. ) ;
#3779 = DIRECTION ( 'NONE',  ( 0.000000000000000000, 0.000000000000000000, -1.000000000000000000 ) ) ;
#3780 = EDGE_CURVE ( 'NONE', #4934, #9565, #10798, .T. ) ;
#3781 = DIRECTION ( 'NONE',  ( 0.000000000000000000, 1.000000000000000000, 0.000000000000000000 ) ) ;
#3782 = APPLICATION_PROTOCOL_DEFINITION ( 'draft international standard', 'automotive_design', 1998, #8890 ) ;
#3783 = PRODUCT_DEFINITION_FORMATION_WITH_SPECIFIED_SOURCE ( 'ANY', '', #4184, .NOT_KNOWN. ) ;
#3784 = APPLICATION_CONTEXT ( 'automotive_design' ) ;
#3785 = CARTESIAN_POINT ( 'NONE',  ( 0.5999999999999999778, 0.7495000000000000551, 0.01000000000000000021 ) ) ;
#3786 = ORIENTED_EDGE ( 'NONE', *, *, #8287, .T. ) ;
#3787 = VERTEX_POINT ( 'NONE', #762 ) ;
#3788 = ORIENTED_EDGE ( 'NONE', *, *, #4539, .T. ) ;
#3789 = PLANE ( 'NONE',  #7084 ) ;
#3790 = PRODUCT_RELATED_PRODUCT_CATEGORY ( 'part', '', ( #1080 ) ) ;
#3791 = ORIENTED_EDGE ( 'NONE', *, *, #6182, .F. ) ;
#3792 = AXIS2_PLACEMENT_3D ( 'NONE', #8858, #3816, #10699 ) ;
#3793 = EDGE_CURVE ( 'NONE', #2084, #1564, #10749, .T. ) ;
#3794 =( LENGTH_UNIT ( ) NAMED_UNIT ( * ) SI_UNIT ( .MILLI., .METRE. ) );
#3795 = FACE_OUTER_BOUND ( 'NONE', #10862, .T. ) ;
#3796 = SURFACE_SIDE_STYLE ('',( #430 ) ) ;
#3797 = AXIS2_PLACEMENT_3D ( 'NONE', #1077, #4457, #7894 ) ;
#3798 = EDGE_LOOP ( 'NONE', ( #607, #1381, #3383, #2153 ) ) ;
#3799 = EDGE_CURVE ( 'NONE', #5190, #6147, #5859, .T. ) ;
#3800 = LINE ( 'NONE', #7245, #5191 ) ;
#3801 = ORIENTED_EDGE ( 'NONE', *, *, #6495, .T. ) ;
#3802 = AXIS2_PLACEMENT_3D ( 'NONE', #7581, #5968, #5030 ) ;
#3803 = CARTESIAN_POINT ( 'NONE',  ( 0.5999999999999976463, 1.102908420521089949, 0.5200000000000000178 ) ) ;
#3804 = CARTESIAN_POINT ( 'NONE',  ( -0.07499999999999998335, -1.600000000000000089, 0.5200000000000000178 ) ) ;
#3805 = DIRECTION ( 'NONE',  ( -1.000000000000000000, 0.000000000000000000, -0.000000000000000000 ) ) ;
#3806 = VERTEX_POINT ( 'NONE', #10078 ) ;
#3807 = AXIS2_PLACEMENT_3D ( 'NONE', #7513, #8278, #2418 ) ;
#3808 = DIRECTION ( 'NONE',  ( 0.000000000000000000, 0.000000000000000000, 1.000000000000000000 ) ) ;
#3809 = ADVANCED_FACE ( 'NONE', ( #7419 ), #3358, .F. ) ;
#3810 = LINE ( 'NONE', #1053, #3051 ) ;
#3811 = VECTOR ( 'NONE', #3199, 1000.000000000000000 ) ;
#3812 = DIRECTION ( 'NONE',  ( 1.000000000000000000, 1.084202172485504434E-15, 0.000000000000000000 ) ) ;
#3813 = LINE ( 'NONE', #9859, #1123 ) ;
#3814 = STYLED_ITEM ( 'NONE', ( #6314 ), #2387 ) ;
#3815 = VERTEX_POINT ( 'NONE', #9305 ) ;
#3816 = DIRECTION ( 'NONE',  ( -1.000000000000000000, 0.000000000000000000, 0.000000000000000000 ) ) ;
#3817 = VERTEX_POINT ( 'NONE', #4038 ) ;
#3818 = VERTEX_POINT ( 'NONE', #1706 ) ;
#3819 = VECTOR ( 'NONE', #9224, 1000.000000000000000 ) ;
#3820 = ADVANCED_FACE ( 'NONE', ( #3149 ), #5024, .T. ) ;
#3821 = CARTESIAN_POINT ( 'NONE',  ( -0.5961306949927850374, 1.600000000000000089, 0.000000000000000000 ) ) ;
#3822 = EDGE_CURVE ( 'NONE', #9183, #5718, #5692, .T. ) ;
#3823 = CARTESIAN_POINT ( 'NONE',  ( -0.5999999999999999778, -1.100000000000000089, 0.005000000000000000104 ) ) ;
#3824 = ORIENTED_EDGE ( 'NONE', *, *, #1829, .T. ) ;
#3825 = DIRECTION ( 'NONE',  ( 0.5144957554275275680, -0.8574929257125436521, 0.000000000000000000 ) ) ;
#3826 = CARTESIAN_POINT ( 'NONE',  ( 0.5999999999999999778, 1.098486643203810065, 0.5300000000000001377 ) ) ;
#3827 = LINE ( 'NONE', #5489, #7929 ) ;
#3828 = CARTESIAN_POINT ( 'NONE',  ( -0.5999999999999999778, -1.403900576581448956, 0.01000000000000000021 ) ) ;
#3829 = CARTESIAN_POINT ( 'NONE',  ( 0.5999999999999999778, -0.6000000000000000888, 0.5300000000000001377 ) ) ;
#3830 = ORIENTED_EDGE ( 'NONE', *, *, #7520, .T. ) ;
#3831 = LINE ( 'NONE', #3887, #2235 ) ;
#3832 = VERTEX_POINT ( 'NONE', #8405 ) ;
#3833 = PLANE ( 'NONE',  #235 ) ;
#3834 = CARTESIAN_POINT ( 'NONE',  ( -0.5999999999999999778, 0.7005555010695040385, 0.5300000000000001377 ) ) ;
#3835 = EDGE_CURVE ( 'NONE', #1711, #4365, #9968, .T. ) ;
#3836 = STYLED_ITEM ( 'NONE', ( #7092 ), #4873 ) ;
#3837 = ORIENTED_EDGE ( 'NONE', *, *, #4949, .F. ) ;
#3838 = DIRECTION ( 'NONE',  ( -0.000000000000000000, 1.000000000000000000, 0.000000000000000000 ) ) ;
#3839 = ADVANCED_BREP_SHAPE_REPRESENTATION ( '', ( #2666, #2231 ), #4878 ) ;
#3840 = VECTOR ( 'NONE', #7136, 1000.000000000000000 ) ;
#3841 = APPLICATION_PROTOCOL_DEFINITION ( 'draft international standard', 'automotive_design', 1998, #9817 ) ;
#3842 = CARTESIAN_POINT ( 'NONE',  ( -0.5349999999999999201, 0.6999999999999999556, 0.01000000000000000021 ) ) ;
#3843 = ORIENTED_EDGE ( 'NONE', *, *, #3197, .F. ) ;
#3844 = ORIENTED_EDGE ( 'NONE', *, *, #7724, .T. ) ;
#3845 = ADVANCED_FACE ( 'NONE', ( #4964 ), #2432, .F. ) ;
#3846 = ORIENTED_EDGE ( 'NONE', *, *, #9625, .F. ) ;
#3847 = EDGE_CURVE ( 'NONE', #10577, #8435, #4088, .T. ) ;
#3848 = LINE ( 'NONE', #8835, #9213 ) ;
#3849 = ORIENTED_EDGE ( 'NONE', *, *, #4742, .T. ) ;
#3850 = CARTESIAN_POINT ( 'NONE',  ( 0.5999999999999999778, 0.6400000000000000133, 0.5300000000000001377 ) ) ;
#3851 = DIRECTION ( 'NONE',  ( 0.000000000000000000, 0.000000000000000000, -1.000000000000000000 ) ) ;
#3852 =( LENGTH_UNIT ( ) NAMED_UNIT ( * ) SI_UNIT ( .MILLI., .METRE. ) );
#3853 = VERTEX_POINT ( 'NONE', #6744 ) ;
#3854 = LINE ( 'NONE', #7360, #4671 ) ;
#3855 =( LENGTH_UNIT ( ) NAMED_UNIT ( * ) SI_UNIT ( .MILLI., .METRE. ) );
#3856 = VERTEX_POINT ( 'NONE', #3255 ) ;
#3857 = ORIENTED_EDGE ( 'NONE', *, *, #5349, .F. ) ;
#3858 = LINE ( 'NONE', #7248, #4458 ) ;
#3859 = AXIS2_PLACEMENT_3D ( 'NONE', #8049, #473, #2193 ) ;
#3860 = EDGE_CURVE ( 'NONE', #8542, #9464, #6634, .T. ) ;
#3861 = CARTESIAN_POINT ( 'NONE',  ( 0.3197770700636929919, 0.5999999999999999778, 0.5300000000000001377 ) ) ;
#3862 = LINE ( 'NONE', #7251, #1763 ) ;
#3863 = ORIENTED_EDGE ( 'NONE', *, *, #213, .F. ) ;
#3864 = DIRECTION ( 'NONE',  ( -1.000000000000000000, -2.710505431213750238E-16, 0.000000000000000000 ) ) ;
#3865 = VECTOR ( 'NONE', #8409, 1000.000000000000000 ) ;
#3866 = CARTESIAN_POINT ( 'NONE',  ( 0.2999999999999999889, 1.489999999999999991, 0.5300000000000001377 ) ) ;
#3867 = CARTESIAN_POINT ( 'NONE',  ( 0.07499999999999999722, 0.000000000000000000, 0.001000000000000000021 ) ) ;
#3868 = LINE ( 'NONE', #9806, #3585 ) ;
#3869 = VERTEX_POINT ( 'NONE', #5962 ) ;
#3870 = PLANE ( 'NONE',  #3282 ) ;
#3871 = ORIENTED_EDGE ( 'NONE', *, *, #2605, .F. ) ;
#3872 = VERTEX_POINT ( 'NONE', #6802 ) ;
#3873 = EDGE_CURVE ( 'NONE', #3017, #7536, #927, .T. ) ;
#3874 = EDGE_CURVE ( 'NONE', #5278, #5999, #10191, .T. ) ;
#3875 = DIRECTION ( 'NONE',  ( 1.000000000000000000, -0.000000000000000000, 0.000000000000000000 ) ) ;
#3876 = DIRECTION ( 'NONE',  ( 1.000000000000000000, 4.170008355713480109E-16, 0.000000000000000000 ) ) ;
#3877 = LINE ( 'NONE', #1337, #7712 ) ;
#3878 = ORIENTED_EDGE ( 'NONE', *, *, #5013, .F. ) ;
#3879 = EDGE_CURVE ( 'NONE', #7840, #371, #10274, .T. ) ;
#3880 = CARTESIAN_POINT ( 'NONE',  ( -0.1199999999999999956, 0.01999999999999999695, 0.005000000000000000104 ) ) ;
#3881 = CARTESIAN_POINT ( 'NONE',  ( -0.07499999999999944211, -1.098928449973850086, 0.5200000000000000178 ) ) ;
#3882 = ADVANCED_FACE ( 'NONE', ( #3422 ), #8670, .F. ) ;
#3883 = DIRECTION ( 'NONE',  ( 0.000000000000000000, -0.000000000000000000, -1.000000000000000000 ) ) ;
#3884 = CARTESIAN_POINT ( 'NONE',  ( -0.5999999999999999778, 0.6000000000000000888, 0.000000000000000000 ) ) ;
#3885 = FACE_OUTER_BOUND ( 'NONE', #2138, .T. ) ;
#3886 = VERTEX_POINT ( 'NONE', #3560 ) ;
#3887 = CARTESIAN_POINT ( 'NONE',  ( 0.1318411998642919913, 0.000000000000000000, 0.5200000000000000178 ) ) ;
#3889 = ORIENTED_EDGE ( 'NONE', *, *, #8959, .F. ) ;
#3888 = EDGE_CURVE ( 'NONE', #4028, #8965, #7120, .T. ) ;
#3890 = CARTESIAN_POINT ( 'NONE',  ( -0.5999999999999999778, -1.600000000000000089, 0.8000000000000000444 ) ) ;
#3891 = AXIS2_PLACEMENT_3D ( 'NONE', #7418, #10797, #3195 ) ;
#3892 = CARTESIAN_POINT ( 'NONE',  ( -0.5999999999999999778, 1.243863872159709949, 0.01000000000000000021 ) ) ;
#3893 = STYLED_ITEM ( 'NONE', ( #2192 ), #4089 ) ;
#3894 = EDGE_CURVE ( 'NONE', #7293, #4840, #188, .T. ) ;
#3895 = EDGE_LOOP ( 'NONE', ( #7893, #542, #1029, #5019 ) ) ;
#3896 = DIRECTION ( 'NONE',  ( 0.000000000000000000, 0.000000000000000000, -1.000000000000000000 ) ) ;
#3897 = DIRECTION ( 'NONE',  ( -0.000000000000000000, 1.000000000000000000, 0.000000000000000000 ) ) ;
#3898 = VECTOR ( 'NONE', #1229, 1000.000000000000000 ) ;
#3899 = APPLICATION_PROTOCOL_DEFINITION ( 'draft international standard', 'automotive_design', 1998, #3367 ) ;
#3900 =( GEOMETRIC_REPRESENTATION_CONTEXT ( 3 ) GLOBAL_UNCERTAINTY_ASSIGNED_CONTEXT ( ( #214 ) ) GLOBAL_UNIT_ASSIGNED_CONTEXT ( ( #5813, #2652, #3637 ) ) REPRESENTATION_CONTEXT ( 'NONE', 'WORKASPACE' ) );
#3901 = LINE ( 'NONE', #4021, #9607 ) ;
#3902 = VERTEX_POINT ( 'NONE', #6894 ) ;
#3903 = CARTESIAN_POINT ( 'NONE',  ( -0.3197770700636929919, 0.6400000000000001243, 0.5200000000000000178 ) ) ;
#3904 = ORIENTED_EDGE ( 'NONE', *, *, #1135, .F. ) ;
#3905 = AXIS2_PLACEMENT_3D ( 'NONE', #8044, #6440, #9769 ) ;
#3906 = LINE ( 'NONE', #2961, #9948 ) ;
#3907 = CARTESIAN_POINT ( 'NONE',  ( -0.1281588001357080175, 0.1718411998642919991, 0.5300000000000001377 ) ) ;
#3908 = DIRECTION ( 'NONE',  ( 0.000000000000000000, -0.000000000000000000, -1.000000000000000000 ) ) ;
#3909 = VERTEX_POINT ( 'NONE', #7067 ) ;
#3910 = VECTOR ( 'NONE', #2553, 1000.000000000000000 ) ;
#3911 =( NAMED_UNIT ( * ) SI_UNIT ( $, .STERADIAN. ) SOLID_ANGLE_UNIT ( ) );
#3912 = CARTESIAN_POINT ( 'NONE',  ( 0.5999999999999999778, -1.600000000000000089, 0.01000000000000000021 ) ) ;
#3913 = DIRECTION ( 'NONE',  ( 1.000000000000000000, 0.000000000000000000, 0.000000000000000000 ) ) ;
#3914 = ORIENTED_EDGE ( 'NONE', *, *, #1050, .T. ) ;
#3915 = ORIENTED_EDGE ( 'NONE', *, *, #9557, .T. ) ;
#3916 = FACE_BOUND ( 'NONE', #1069, .T. ) ;
#3917 = VECTOR ( 'NONE', #1176, 1000.000000000000000 ) ;
#3918 = CARTESIAN_POINT ( 'NONE',  ( 0.3197770700636939911, 0.5999999999999999778, 0.01000000000000000021 ) ) ;
#3919 = LINE ( 'NONE', #329, #5296 ) ;
#3920 = VERTEX_POINT ( 'NONE', #7013 ) ;
#3921 = STYLED_ITEM ( 'NONE', ( #2483 ), #3778 ) ;
#3922 = PLANE ( 'NONE',  #7294 ) ;
#3923 = ADVANCED_FACE ( 'NONE', ( #5230 ), #2680, .F. ) ;
#3924 = CARTESIAN_POINT ( 'NONE',  ( 0.2399999999999999911, 1.600000000000000089, 0.000000000000000000 ) ) ;
#3925 = LINE ( 'NONE', #5366, #7566 ) ;
#3926 = DIRECTION ( 'NONE',  ( 1.000000000000000000, 0.000000000000000000, 0.000000000000000000 ) ) ;
#3927 = AXIS2_PLACEMENT_3D ( 'NONE', #1245, #3073, #2902 ) ;
#3928 = ADVANCED_FACE ( 'NONE', ( #140 ), #9552, .T. ) ;
#3929 = ORIENTED_EDGE ( 'NONE', *, *, #2044, .T. ) ;
#3930 = PLANE ( 'NONE',  #3792 ) ;
#3931 = EDGE_CURVE ( 'NONE', #9233, #5967, #7780, .T. ) ;
#3932 = ORIENTED_EDGE ( 'NONE', *, *, #2315, .F. ) ;
#3933 = AXIS2_PLACEMENT_3D ( 'NONE', #7485, #6701, #2493 ) ;
#3934 = VERTEX_POINT ( 'NONE', #6956 ) ;
#3935 = CARTESIAN_POINT ( 'NONE',  ( 0.000000000000000000, 0.5999999999999999778, 0.5200000000000000178 ) ) ;
#3936 = AXIS2_PLACEMENT_3D ( 'NONE', #6910, #5242, #5353 ) ;
#3937 =( NAMED_UNIT ( * ) SI_UNIT ( $, .STERADIAN. ) SOLID_ANGLE_UNIT ( ) );
#3938 = CARTESIAN_POINT ( 'NONE',  ( -0.5999999999999999778, -1.239999999999999991, 0.5200000000000000178 ) ) ;
#3939 = VERTEX_POINT ( 'NONE', #6113 ) ;
#3940 = VECTOR ( 'NONE', #2554, 1000.000000000000000 ) ;
#3941 = LINE ( 'NONE', #1189, #10464 ) ;
#3942 = VECTOR ( 'NONE', #4073, 1000.000000000000000 ) ;
#3943 = PLANE ( 'NONE',  #10689 ) ;
#3944 = DIRECTION ( 'NONE',  ( 0.000000000000000000, 0.000000000000000000, -1.000000000000000000 ) ) ;
#3945 = APPLICATION_CONTEXT ( 'automotive_design' ) ;
#3946 = LINE ( 'NONE', #2119, #10151 ) ;
#3947 = CARTESIAN_POINT ( 'NONE',  ( 0.000000000000000000, 0.000000000000000000, 0.005000000000000000104 ) ) ;
#3948 = CARTESIAN_POINT ( 'NONE',  ( 0.5350000000000000311, -1.600000000000000089, 0.5200000000000000178 ) ) ;
#3949 = DIRECTION ( 'NONE',  ( 0.000000000000000000, -0.000000000000000000, -1.000000000000000000 ) ) ;
#3950 = ORIENTED_EDGE ( 'NONE', *, *, #222, .T. ) ;
#3951 = CARTESIAN_POINT ( 'NONE',  ( 0.5999999999999999778, -1.399999999999999911, 0.8000000000000000444 ) ) ;
#3952 = ORIENTED_EDGE ( 'NONE', *, *, #4865, .F. ) ;
#3953 = DIRECTION ( 'NONE',  ( 1.000000000000000000, -1.807003620809169948E-16, 0.000000000000000000 ) ) ;
#3954 =( GEOMETRIC_REPRESENTATION_CONTEXT ( 3 ) GLOBAL_UNCERTAINTY_ASSIGNED_CONTEXT ( ( #1878 ) ) GLOBAL_UNIT_ASSIGNED_CONTEXT ( ( #1060, #6828, #2821 ) ) REPRESENTATION_CONTEXT ( 'NONE', 'WORKASPACE' ) );
#3955 = CARTESIAN_POINT ( 'NONE',  ( -0.5999999999999999778, -0.6000000000000000888, 0.5200000000000000178 ) ) ;
#3956 = ORIENTED_EDGE ( 'NONE', *, *, #7951, .F. ) ;
#3957 = AXIS2_PLACEMENT_3D ( 'NONE', #6983, #5203, #4385 ) ;
#3958 = VERTEX_POINT ( 'NONE', #7841 ) ;
#3959 = FILL_AREA_STYLE_COLOUR ( '', #363 ) ;
#3960 = DIRECTION ( 'NONE',  ( 0.000000000000000000, -0.000000000000000000, 1.000000000000000000 ) ) ;
#3961 =( LENGTH_UNIT ( ) NAMED_UNIT ( * ) SI_UNIT ( .MILLI., .METRE. ) );
#3962 = SHAPE_DEFINITION_REPRESENTATION ( #8606, #10435 ) ;
#3963 = AXIS2_PLACEMENT_3D ( 'NONE', #5877, #5975, #9375 ) ;
#3964 = DIRECTION ( 'NONE',  ( -0.000000000000000000, -0.000000000000000000, -1.000000000000000000 ) ) ;
#3965 = CLOSED_SHELL ( 'NONE', ( #5855, #9746, #9328, #8430, #10587, #5733 ) ) ;
#3966 = LINE ( 'NONE', #5619, #3534 ) ;
#3967 = VERTEX_POINT ( 'NONE', #1075 ) ;
#3968 = LINE ( 'NONE', #9126, #396 ) ;
#3969 =( GEOMETRIC_REPRESENTATION_CONTEXT ( 3 ) GLOBAL_UNCERTAINTY_ASSIGNED_CONTEXT ( ( #5927 ) ) GLOBAL_UNIT_ASSIGNED_CONTEXT ( ( #9460, #92, #1141 ) ) REPRESENTATION_CONTEXT ( 'NONE', 'WORKASPACE' ) );
#3970 = ORIENTED_EDGE ( 'NONE', *, *, #357, .T. ) ;
#3971 =( NAMED_UNIT ( * ) SI_UNIT ( $, .STERADIAN. ) SOLID_ANGLE_UNIT ( ) );
#3972 = CARTESIAN_POINT ( 'NONE',  ( 0.2999999999999999889, 1.500000000000000222, 0.8000000000000000444 ) ) ;
#3973 = LINE ( 'NONE', #7361, #4534 ) ;
#3974 = ORIENTED_EDGE ( 'NONE', *, *, #1530, .T. ) ;
#3975 = EDGE_LOOP ( 'NONE', ( #3192, #2270, #5684, #5775 ) ) ;
#3976 = CARTESIAN_POINT ( 'NONE',  ( 0.5350000000000000311, -0.6400000000000000133, 0.01000000000000000021 ) ) ;
#3977 = PLANE ( 'NONE',  #8879 ) ;
#3978 = AXIS2_PLACEMENT_3D ( 'NONE', #4546, #3595, #7043 ) ;
#3979 = LINE ( 'NONE', #7368, #4259 ) ;
#3980 = EDGE_LOOP ( 'NONE', ( #8966, #4411, #3686, #9260 ) ) ;
#3981 = DIRECTION ( 'NONE',  ( 1.000000000000000000, -0.000000000000000000, 0.000000000000000000 ) ) ;
#3982 = PLANE ( 'NONE',  #8240 ) ;
#3983 = LINE ( 'NONE', #9252, #2431 ) ;
#3984 = CARTESIAN_POINT ( 'NONE',  ( -0.1499999999999989952, 1.600000000000000089, 0.5300000000000001377 ) ) ;
#3985 = ORIENTED_EDGE ( 'NONE', *, *, #6559, .T. ) ;
#3986 = ADVANCED_BREP_SHAPE_REPRESENTATION ( '', ( #9999, #2231 ), #439 ) ;
#3987 =( NAMED_UNIT ( * ) PLANE_ANGLE_UNIT ( ) SI_UNIT ( $, .RADIAN. ) );
#3988 = VECTOR ( 'NONE', #3522, 1000.000000000000000 ) ;
#3989 = ORIENTED_EDGE ( 'NONE', *, *, #8957, .T. ) ;
#3990 = ORIENTED_EDGE ( 'NONE', *, *, #1087, .T. ) ;
#3991 = CARTESIAN_POINT ( 'NONE',  ( 0.3499999999999999778, 1.300000000000000266, 0.01000000000000000021 ) ) ;
#3992 = VECTOR ( 'NONE', #5669, 1000.000000000000000 ) ;
#3993 = VECTOR ( 'NONE', #7001, 1000.000000000000000 ) ;
#3994 = ADVANCED_FACE ( 'NONE', ( #10332 ), #5334, .T. ) ;
#3995 =( NAMED_UNIT ( * ) PLANE_ANGLE_UNIT ( ) SI_UNIT ( $, .RADIAN. ) );
#3996 = ORIENTED_EDGE ( 'NONE', *, *, #3038, .T. ) ;
#3997 = LINE ( 'NONE', #2288, #3022 ) ;
#3998 =( GEOMETRIC_REPRESENTATION_CONTEXT ( 3 ) GLOBAL_UNCERTAINTY_ASSIGNED_CONTEXT ( ( #8699 ) ) GLOBAL_UNIT_ASSIGNED_CONTEXT ( ( #1587, #5069, #861 ) ) REPRESENTATION_CONTEXT ( 'NONE', 'WORKASPACE' ) );
#3999 = EDGE_CURVE ( 'NONE', #9331, #3958, #10497, .T. ) ;
#4000 = AXIS2_PLACEMENT_3D ( 'NONE', #8141, #1282, #2886 ) ;
#4001 = FACE_OUTER_BOUND ( 'NONE', #4130, .T. ) ;
#4002 = DIRECTION ( 'NONE',  ( -0.5155782475760137817, -0.8568425004786157650, 0.000000000000000000 ) ) ;
#4003 = DIRECTION ( 'NONE',  ( -0.000000000000000000, -1.000000000000000000, -0.000000000000000000 ) ) ;
#4004 = VECTOR ( 'NONE', #3607, 1000.000000000000000 ) ;
#4005 = LINE ( 'NONE', #1342, #7408 ) ;
#4006 = CARTESIAN_POINT ( 'NONE',  ( -0.4000000000000000222, -1.600000000000000089, 0.5200000000000000178 ) ) ;
#4007 = CARTESIAN_POINT ( 'NONE',  ( -0.5350000000000000311, 1.098486643203810065, 0.5300000000000001377 ) ) ;
#4008 = EDGE_LOOP ( 'NONE', ( #605, #10742, #10294, #10886 ) ) ;
#4009 = DIRECTION ( 'NONE',  ( 2.436409376371920126E-16, -1.000000000000000000, 0.000000000000000000 ) ) ;
#4010 = ORIENTED_EDGE ( 'NONE', *, *, #7768, .T. ) ;
#4011 = CARTESIAN_POINT ( 'NONE',  ( 0.5350000000000000311, -1.099999999999999645, 0.000000000000000000 ) ) ;
#4012 = ORIENTED_CLOSED_SHELL ( 'NONE', *, #10169, .F. );
#4013 = FILL_AREA_STYLE_COLOUR ( '', #6022 ) ;
#4014 = ORIENTED_EDGE ( 'NONE', *, *, #6174, .T. ) ;
#4015 = ADVANCED_FACE ( 'NONE', ( #2735 ), #9612, .T. ) ;
#4016 = MECHANICAL_DESIGN_GEOMETRIC_PRESENTATION_REPRESENTATION (  '', ( #10735 ), #9670 ) ;
#4017 = ORIENTED_EDGE ( 'NONE', *, *, #7355, .T. ) ;
#4018 =( NAMED_UNIT ( * ) SI_UNIT ( $, .STERADIAN. ) SOLID_ANGLE_UNIT ( ) );
#4019 =( NAMED_UNIT ( * ) PLANE_ANGLE_UNIT ( ) SI_UNIT ( $, .RADIAN. ) );
#4020 = APPLICATION_PROTOCOL_DEFINITION ( 'draft international standard', 'automotive_design', 1998, #1891 ) ;
#4021 = CARTESIAN_POINT ( 'NONE',  ( -0.5999999999999999778, 1.403900576585290105, 0.01000000000000000021 ) ) ;
#4022 = DIRECTION ( 'NONE',  ( 0.000000000000000000, 1.000000000000000000, 0.000000000000000000 ) ) ;
#4023 = ORIENTED_EDGE ( 'NONE', *, *, #7678, .F. ) ;
#4024 = ADVANCED_FACE ( 'NONE', ( #306 ), #9508, .F. ) ;
#4025 = AXIS2_PLACEMENT_3D ( 'NONE', #8750, #4711, #4648 ) ;
#4026 = EDGE_CURVE ( 'NONE', #7390, #6767, #1414, .T. ) ;
#4027 = CARTESIAN_POINT ( 'NONE',  ( -0.1499999999999990230, 0.7005555010695040385, 0.5300000000000001377 ) ) ;
#4028 = VERTEX_POINT ( 'NONE', #5668 ) ;
#4029 = EDGE_CURVE ( 'NONE', #10311, #2012, #1467, .T. ) ;
#4030 = LINE ( 'NONE', #6567, #10786 ) ;
#4031 = DIRECTION ( 'NONE',  ( -0.000000000000000000, 0.000000000000000000, -1.000000000000000000 ) ) ;
#4032 = ORIENTED_EDGE ( 'NONE', *, *, #6657, .T. ) ;
#4033 = ORIENTED_EDGE ( 'NONE', *, *, #1040, .F. ) ;
#4034 = ADVANCED_FACE ( 'NONE', ( #8945 ), #9004, .T. ) ;
#4035 = CARTESIAN_POINT ( 'NONE',  ( 0.5350000000000000311, 1.099999999999999867, 0.001000000000000000021 ) ) ;
#4036 = CARTESIAN_POINT ( 'NONE',  ( -0.1499999999999999667, -1.500000000000000000, 0.8000000000000000444 ) ) ;
#4037 = CARTESIAN_POINT ( 'NONE',  ( -0.2399563975748849887, 1.600000000000000089, 0.000000000000000000 ) ) ;
#4038 = CARTESIAN_POINT ( 'NONE',  ( 0.4649999999999999689, 0.6400000000000000133, 0.01000000000000000021 ) ) ;
#4039 = DIRECTION ( 'NONE',  ( -9.293161478447170157E-16, 1.000000000000000000, 0.000000000000000000 ) ) ;
#4040 = FACE_OUTER_BOUND ( 'NONE', #5644, .T. ) ;
#4041 = CARTESIAN_POINT ( 'NONE',  ( 0.2999999999999999889, 1.300000000000000266, 0.000000000000000000 ) ) ;
#4042 = ORIENTED_EDGE ( 'NONE', *, *, #3069, .T. ) ;
#4043 = LINE ( 'NONE', #8027, #8050 ) ;
#4044 = ORIENTED_EDGE ( 'NONE', *, *, #5558, .T. ) ;
#4045 = ORIENTED_EDGE ( 'NONE', *, *, #6174, .F. ) ;
#4046 = AXIS2_PLACEMENT_3D ( 'NONE', #6612, #8442, #6782 ) ;
#4047 = DIRECTION ( 'NONE',  ( -0.000000000000000000, 0.000000000000000000, 1.000000000000000000 ) ) ;
#4048 = SURFACE_STYLE_USAGE ( .BOTH. , #1717 ) ;
#4049 = EDGE_LOOP ( 'NONE', ( #10481, #4726, #477, #389 ) ) ;
#4050 = DIRECTION ( 'NONE',  ( 0.000000000000000000, 0.000000000000000000, -1.000000000000000000 ) ) ;
#4051 = CARTESIAN_POINT ( 'NONE',  ( -0.2399563975748850164, 1.600000000000000089, 0.01000000000000000021 ) ) ;
#4052 =( NAMED_UNIT ( * ) SI_UNIT ( $, .STERADIAN. ) SOLID_ANGLE_UNIT ( ) );
#4053 = PRODUCT_DEFINITION_CONTEXT ( 'detailed design', #8890, 'design' ) ;
#4054 = FILL_AREA_STYLE ('',( #8635 ) ) ;
#4055 = CARTESIAN_POINT ( 'NONE',  ( -0.1499999999999999667, -1.489999999999999991, 0.01000000000000000021 ) ) ;
#4056 = DIRECTION ( 'NONE',  ( 0.000000000000000000, -0.000000000000000000, 1.000000000000000000 ) ) ;
#4057 = ORIENTED_EDGE ( 'NONE', *, *, #7683, .T. ) ;
#4058 = FACE_OUTER_BOUND ( 'NONE', #536, .T. ) ;
#4059 = ORIENTED_EDGE ( 'NONE', *, *, #6883, .F. ) ;
#4060 = CARTESIAN_POINT ( 'NONE',  ( 0.5350000000000000311, 1.239999999999999991, 0.01000000000000000021 ) ) ;
#4061 = LINE ( 'NONE', #789, #721 ) ;
#4062 = VECTOR ( 'NONE', #5017, 1000.000000000000000 ) ;
#4063 = ORIENTED_EDGE ( 'NONE', *, *, #4948, .T. ) ;
#4064 = ORIENTED_EDGE ( 'NONE', *, *, #10586, .F. ) ;
#4065 = ADVANCED_FACE ( 'NONE', ( #7346 ), #578, .T. ) ;
#4066 = CARTESIAN_POINT ( 'NONE',  ( -0.3999999999999999667, 1.600000000000000089, 0.01000000000000000021 ) ) ;
#4067 = DIRECTION ( 'NONE',  ( -0.000000000000000000, 0.000000000000000000, -1.000000000000000000 ) ) ;
#4068 = EDGE_CURVE ( 'NONE', #7796, #7096, #6445, .T. ) ;
#4069 = DIRECTION ( 'NONE',  ( 0.000000000000000000, 0.000000000000000000, -1.000000000000000000 ) ) ;
#4070 = MECHANICAL_DESIGN_GEOMETRIC_PRESENTATION_REPRESENTATION (  '', ( #1237 ), #1412 ) ;
#4071 = PRODUCT_CONTEXT ( 'NONE', #2100, 'mechanical' ) ;
#4072 = ADVANCED_FACE ( 'NONE', ( #1406 ), #4677, .T. ) ;
#4073 = DIRECTION ( 'NONE',  ( 1.000000000000000000, 0.000000000000000000, 0.000000000000000000 ) ) ;
#4074 = SURFACE_SIDE_STYLE ('',( #2199 ) ) ;
#4075 = VECTOR ( 'NONE', #4128, 1000.000000000000000 ) ;
#4076 = ORIENTED_EDGE ( 'NONE', *, *, #8624, .F. ) ;
#4077 = AXIS2_PLACEMENT_3D ( 'NONE', #5279, #4511, #4566 ) ;
#4078 = LINE ( 'NONE', #2581, #3619 ) ;
#4079 = ORIENTED_EDGE ( 'NONE', *, *, #1756, .T. ) ;
#4080 =( NAMED_UNIT ( * ) PLANE_ANGLE_UNIT ( ) SI_UNIT ( $, .RADIAN. ) );
#4081 = LINE ( 'NONE', #10012, #4062 ) ;
#4082 = DIRECTION ( 'NONE',  ( -0.000000000000000000, 0.000000000000000000, -1.000000000000000000 ) ) ;
#4083 = ORIENTED_EDGE ( 'NONE', *, *, #1970, .T. ) ;
#4084 = VERTEX_POINT ( 'NONE', #5614 ) ;
#4085 = CARTESIAN_POINT ( 'NONE',  ( 0.1499999999999999944, 1.500000000000000000, 0.7900000000000000355 ) ) ;
#4086 = CARTESIAN_POINT ( 'NONE',  ( 0.5999999999999999778, -0.6400000000000000133, 0.5300000000000001377 ) ) ;
#4087 = AXIS2_PLACEMENT_3D ( 'NONE', #8346, #755, #9024 ) ;
#4088 = LINE ( 'NONE', #7475, #9762 ) ;
#4089 = ADVANCED_FACE ( 'NONE', ( #2900 ), #2079, .T. ) ;
#4090 = VECTOR ( 'NONE', #3052, 1000.000000000000000 ) ;
#4091 = DIRECTION ( 'NONE',  ( 0.000000000000000000, 0.000000000000000000, 1.000000000000000000 ) ) ;
#4092 = DIRECTION ( 'NONE',  ( -1.000000000000000000, -0.000000000000000000, 0.000000000000000000 ) ) ;
#4093 = LINE ( 'NONE', #2435, #417 ) ;
#4094 = ORIENTED_EDGE ( 'NONE', *, *, #8290, .T. ) ;
#4095 = LINE ( 'NONE', #6584, #5754 ) ;
#4096 = VERTEX_POINT ( 'NONE', #7998 ) ;
#4097 = VERTEX_POINT ( 'NONE', #5562 ) ;
#4098 = STYLED_ITEM ( 'NONE', ( #2062 ), #8404 ) ;
#4099 = PLANE ( 'NONE',  #3933 ) ;
#4100 = VECTOR ( 'NONE', #10910, 1000.000000000000000 ) ;
#4101 = DIRECTION ( 'NONE',  ( 0.000000000000000000, -0.000000000000000000, -1.000000000000000000 ) ) ;
#4102 = ORIENTED_EDGE ( 'NONE', *, *, #5172, .T. ) ;
#4103 = CARTESIAN_POINT ( 'NONE',  ( -0.07499999999999969191, -1.100000000000000089, 0.001000000000000000021 ) ) ;
#4104 = VECTOR ( 'NONE', #328, 1000.000000000000000 ) ;
#4105 = DIRECTION ( 'NONE',  ( 0.000000000000000000, 0.000000000000000000, 1.000000000000000000 ) ) ;
#4106 = CARTESIAN_POINT ( 'NONE',  ( 0.6000000000000000888, -1.399999999999999911, 0.000000000000000000 ) ) ;
#4107 = VECTOR ( 'NONE', #10017, 1000.000000000000000 ) ;
#4108 = EDGE_CURVE ( 'NONE', #8253, #3088, #1352, .T. ) ;
#4109 = DIRECTION ( 'NONE',  ( 0.000000000000000000, -0.000000000000000000, -1.000000000000000000 ) ) ;
#4110 = ORIENTED_EDGE ( 'NONE', *, *, #4405, .T. ) ;
#4111 = LINE ( 'NONE', #9162, #1697 ) ;
#4112 = ORIENTED_EDGE ( 'NONE', *, *, #9757, .T. ) ;
#4113 = CARTESIAN_POINT ( 'NONE',  ( 0.3599999999999999867, -0.1799999999999999933, 0.005000000000000000104 ) ) ;
#4114 = CARTESIAN_POINT ( 'NONE',  ( 0.1499999999999999667, -1.489999999999999991, 0.01000000000000000021 ) ) ;
#4115 = VECTOR ( 'NONE', #5452, 1000.000000000000000 ) ;
#4116 = EDGE_LOOP ( 'NONE', ( #4988, #6854, #1692, #1778 ) ) ;
#4117 = AXIS2_PLACEMENT_3D ( 'NONE', #2784, #8770, #3706 ) ;
#4118 = ORIENTED_EDGE ( 'NONE', *, *, #6013, .T. ) ;
#4119 = LINE ( 'NONE', #2411, #7613 ) ;
#4120 = LINE ( 'NONE', #7508, #5350 ) ;
#4121 = LINE ( 'NONE', #684, #9882 ) ;
#4122 = FILL_AREA_STYLE ('',( #737 ) ) ;
#4123 = AXIS2_PLACEMENT_3D ( 'NONE', #2402, #5777, #5051 ) ;
#4124 = DIRECTION ( 'NONE',  ( 1.000000000000000000, -0.000000000000000000, 0.000000000000000000 ) ) ;
#4125 = CONTEXT_DEPENDENT_SHAPE_REPRESENTATION ( #6051, #2585 ) ;
#4126 = CARTESIAN_POINT ( 'NONE',  ( 0.1300000000000000044, 0.1700000000000000122, 0.005000000000000000104 ) ) ;
#4127 = AXIS2_PLACEMENT_3D ( 'NONE', #3656, #6097, #241 ) ;
#4128 = DIRECTION ( 'NONE',  ( -1.000000000000000000, -0.000000000000000000, 0.000000000000000000 ) ) ;
#4129 =( GEOMETRIC_REPRESENTATION_CONTEXT ( 3 ) GLOBAL_UNCERTAINTY_ASSIGNED_CONTEXT ( ( #5195 ) ) GLOBAL_UNIT_ASSIGNED_CONTEXT ( ( #2336, #7428, #8256 ) ) REPRESENTATION_CONTEXT ( 'NONE', 'WORKASPACE' ) );
#4130 = EDGE_LOOP ( 'NONE', ( #7358, #2221, #4083, #1299 ) ) ;
#4131 = EDGE_CURVE ( 'NONE', #9241, #4687, #3777, .T. ) ;
#4132 = AXIS2_PLACEMENT_3D ( 'NONE', #6142, #1828, #6029 ) ;
#4133 = CARTESIAN_POINT ( 'NONE',  ( -0.5350000000000000311, -0.6400000000000000133, 0.000000000000000000 ) ) ;
#4134 = ORIENTED_EDGE ( 'NONE', *, *, #7616, .T. ) ;
#4135 =( LENGTH_UNIT ( ) NAMED_UNIT ( * ) SI_UNIT ( .MILLI., .METRE. ) );
#4136 = DIRECTION ( 'NONE',  ( 1.000000000000000000, 0.000000000000000000, -0.000000000000000000 ) ) ;
#4137 = DIRECTION ( 'NONE',  ( 1.000000000000000000, 0.000000000000000000, -0.000000000000000000 ) ) ;
#4138 = ORIENTED_EDGE ( 'NONE', *, *, #6905, .T. ) ;
#4139 = EDGE_LOOP ( 'NONE', ( #4875, #7318, #7647, #2401 ) ) ;
#4140 = COLOUR_RGB ( '',0.3921568627450980338, 0.5999999999999999778, 0.3921568627450980338 ) ;
#4141 = CARTESIAN_POINT ( 'NONE',  ( 0.000000000000000000, 0.02000000000000000042, 0.001000000000000000021 ) ) ;
#4142 = SURFACE_STYLE_FILL_AREA ( #1595 ) ;
#4143 = PRODUCT_RELATED_PRODUCT_CATEGORY ( 'part', '', ( #9577 ) ) ;
#4144 = SURFACE_STYLE_USAGE ( .BOTH. , #3254 ) ;
#4145 = EDGE_CURVE ( 'NONE', #2410, #3005, #2131, .T. ) ;
#4146 = DIRECTION ( 'NONE',  ( -0.000000000000000000, -0.000000000000000000, -1.000000000000000000 ) ) ;
#4147 = VERTEX_POINT ( 'NONE', #7231 ) ;
#4148 = CARTESIAN_POINT ( 'NONE',  ( 0.1499999999999999944, -0.6971625444288769291, 0.5200000000000000178 ) ) ;
#4149 = CARTESIAN_POINT ( 'NONE',  ( 0.1499999999999999667, -1.600000000000000089, 0.5200000000000000178 ) ) ;
#4150 = ADVANCED_FACE ( 'NONE', ( #682 ), #6780, .T. ) ;
#4151 = CARTESIAN_POINT ( 'NONE',  ( -0.4000000000000000222, -0.1799999999999999933, 0.001000000000000000021 ) ) ;
#4152 = ORIENTED_EDGE ( 'NONE', *, *, #9304, .F. ) ;
#4153 = CARTESIAN_POINT ( 'NONE',  ( -0.4018411998642920091, -0.1818411998642920080, 0.5300000000000001377 ) ) ;
#4154 = ORIENTED_EDGE ( 'NONE', *, *, #4966, .T. ) ;
#4155 = VERTEX_POINT ( 'NONE', #1733 ) ;
#4156 = DIRECTION ( 'NONE',  ( 1.000000000000000000, -0.000000000000000000, 0.000000000000000000 ) ) ;
#4157 = LINE ( 'NONE', #4874, #7064 ) ;
#4158 = ADVANCED_FACE ( 'NONE', ( #5893 ), #2514, .F. ) ;
#4159 = ORIENTED_EDGE ( 'NONE', *, *, #5430, .T. ) ;
#4160 = DIRECTION ( 'NONE',  ( 0.000000000000000000, 0.000000000000000000, -1.000000000000000000 ) ) ;
#4161 = DIRECTION ( 'NONE',  ( 0.000000000000000000, 0.000000000000000000, 1.000000000000000000 ) ) ;
#4162 = DIRECTION ( 'NONE',  ( 0.000000000000000000, 1.000000000000000000, -0.000000000000000000 ) ) ;
#4163 = VECTOR ( 'NONE', #4668, 1000.000000000000000 ) ;
#4164 = CARTESIAN_POINT ( 'NONE',  ( -0.07499999999999999722, -1.600000000000000089, 0.005000000000000000104 ) ) ;
#4165 = UNCERTAINTY_MEASURE_WITH_UNIT (LENGTH_MEASURE( 1.000000000000000082E-05 ), #1802, 'distance_accuracy_value', 'NONE');
#4166 = ADVANCED_FACE ( 'NONE', ( #7449 ), #10887, .F. ) ;
#4167 = FACE_OUTER_BOUND ( 'NONE', #1454, .T. ) ;
#4168 = EDGE_CURVE ( 'NONE', #6530, #3136, #7605, .T. ) ;
#4169 = CARTESIAN_POINT ( 'NONE',  ( -0.2399999999999999911, -1.600000000000000089, 0.000000000000000000 ) ) ;
#4170 = ORIENTED_EDGE ( 'NONE', *, *, #8325, .F. ) ;
#4171 = PRESENTATION_LAYER_ASSIGNMENT (  '', '', ( #453 ) ) ;
#4172 = LINE ( 'NONE', #786, #2060 ) ;
#4173 = CIRCLE ( 'NONE', #6826, 0.1999999999999999833 ) ;
#4175 = ORIENTED_EDGE ( 'NONE', *, *, #10920, .F. ) ;
#4174 = ADVANCED_FACE ( 'NONE', ( #1522 ), #4998, .F. ) ;
#4176 = ADVANCED_FACE ( 'NONE', ( #8440 ), #792, .F. ) ;
#4177 = PLANE ( 'NONE',  #7317 ) ;
#4178 = CARTESIAN_POINT ( 'NONE',  ( -0.5999999999999999778, 1.600000000000000089, 0.7900000000000000355 ) ) ;
#4179 =( GEOMETRIC_REPRESENTATION_CONTEXT ( 3 ) GLOBAL_UNCERTAINTY_ASSIGNED_CONTEXT ( ( #10176 ) ) GLOBAL_UNIT_ASSIGNED_CONTEXT ( ( #10682, #8179, #7139 ) ) REPRESENTATION_CONTEXT ( 'NONE', 'WORKASPACE' ) );
#4180 = VERTEX_POINT ( 'NONE', #4183 ) ;
#4181 = VECTOR ( 'NONE', #1402, 1000.000000000000000 ) ;
#4182 = ORIENTED_EDGE ( 'NONE', *, *, #4253, .T. ) ;
#4183 = CARTESIAN_POINT ( 'NONE',  ( 0.2399999999999999911, 1.600000000000000089, 0.7900000000000000355 ) ) ;
#4184 = PRODUCT ( 'Pins_Bottom_7', 'Pins_Bottom_7', '', ( #2903 ) ) ;
#4185 = DIRECTION ( 'NONE',  ( 0.000000000000000000, -0.000000000000000000, -1.000000000000000000 ) ) ;
#4186 = DIRECTION ( 'NONE',  ( 1.000000000000000000, -0.000000000000000000, 0.000000000000000000 ) ) ;
#4187 = DIRECTION ( 'NONE',  ( -1.000000000000000000, -0.000000000000000000, 0.000000000000000000 ) ) ;
#4188 = DIRECTION ( 'NONE',  ( 1.000000000000000000, 0.000000000000000000, 0.000000000000000000 ) ) ;
#4189 = DIRECTION ( 'NONE',  ( 0.000000000000000000, -1.000000000000000000, 0.000000000000000000 ) ) ;
#4190 = SHAPE_DEFINITION_REPRESENTATION ( #3638, #8461 ) ;
#4191 = DIRECTION ( 'NONE',  ( 1.000000000000000000, -0.000000000000000000, 0.000000000000000000 ) ) ;
#4192 = VECTOR ( 'NONE', #5955, 1000.000000000000000 ) ;
#4193 = FACE_OUTER_BOUND ( 'NONE', #6308, .T. ) ;
#4194 = ORIENTED_EDGE ( 'NONE', *, *, #6284, .F. ) ;
#4195 = AXIS2_PLACEMENT_3D ( 'NONE', #7071, #194, #8569 ) ;
#4196 = DIRECTION ( 'NONE',  ( -1.000000000000000000, 0.000000000000000000, 0.000000000000000000 ) ) ;
#4197 = VERTEX_POINT ( 'NONE', #5833 ) ;
#4198 = CARTESIAN_POINT ( 'NONE',  ( -0.5350000000000000311, -1.239999999999999991, 0.5300000000000001377 ) ) ;
#4199 = ORIENTED_EDGE ( 'NONE', *, *, #3669, .T. ) ;
#4200 = VERTEX_POINT ( 'NONE', #10830 ) ;
#4201 = ADVANCED_FACE ( 'NONE', ( #3336 ), #6722, .T. ) ;
#4202 = DIRECTION ( 'NONE',  ( 0.000000000000000000, 1.000000000000000000, 0.000000000000000000 ) ) ;
#4203 = VECTOR ( 'NONE', #4591, 1000.000000000000000 ) ;
#4204 = DIRECTION ( 'NONE',  ( 1.000000000000000000, 0.000000000000000000, -0.000000000000000000 ) ) ;
#4205 = ORIENTED_EDGE ( 'NONE', *, *, #8624, .T. ) ;
#4206 = CARTESIAN_POINT ( 'NONE',  ( 0.1499999999999999944, 0.9000000000000001332, 0.7900000000000000355 ) ) ;
#4207 = CARTESIAN_POINT ( 'NONE',  ( 0.5999999999999999778, 1.243863872159709949, 0.000000000000000000 ) ) ;
#4208 = CARTESIAN_POINT ( 'NONE',  ( 0.1499999999999999944, 0.9000000000000001332, 0.01000000000000000021 ) ) ;
#4209 = ORIENTED_EDGE ( 'NONE', *, *, #2872, .F. ) ;
#4210 = EDGE_CURVE ( 'NONE', #94, #3832, #1682, .T. ) ;
#4211 = DIRECTION ( 'NONE',  ( -0.000000000000000000, 1.000000000000000000, 0.000000000000000000 ) ) ;
#4212 = EDGE_LOOP ( 'NONE', ( #6039, #6878, #7654, #1279, #288, #1248, #6528, #631, #8178, #4057, #10615, #1033, #1996, #5101, #9292, #2365, #3974, #7666, #9336, #9535, #3139, #5357, #658, #7257, #5761, #8406 ) ) ;
#4213 = VERTEX_POINT ( 'NONE', #848 ) ;
#4214 = EDGE_CURVE ( 'NONE', #40, #4387, #4897, .T. ) ;
#4215 = VECTOR ( 'NONE', #6968, 1000.000000000000000 ) ;
#4216 = PRESENTATION_STYLE_ASSIGNMENT (( #9978 ) ) ;
#4217 = ADVANCED_FACE ( 'NONE', ( #22 ), #3393, .F. ) ;
#4218 = SURFACE_SIDE_STYLE ('',( #5704 ) ) ;
#4219 = ORIENTED_EDGE ( 'NONE', *, *, #8282, .F. ) ;
#4220 = DIRECTION ( 'NONE',  ( 0.000000000000000000, -0.000000000000000000, -1.000000000000000000 ) ) ;
#4221 = LINE ( 'NONE', #6762, #3940 ) ;
#4222 = PLANE ( 'NONE',  #9927 ) ;
#4223 = CARTESIAN_POINT ( 'NONE',  ( -0.5999999999999999778, -1.239999999999999991, 0.5200000000000000178 ) ) ;
#4224 = EDGE_CURVE ( 'NONE', #7989, #5678, #6670, .T. ) ;
#4225 = FACE_OUTER_BOUND ( 'NONE', #2263, .T. ) ;
#4226 = VERTEX_POINT ( 'NONE', #3177 ) ;
#4227 = DIRECTION ( 'NONE',  ( 0.5144957554275271239, 0.8574929257125438742, 0.000000000000000000 ) ) ;
#4228 = VERTEX_POINT ( 'NONE', #6553 ) ;
#4229 = DIRECTION ( 'NONE',  ( -1.000000000000000000, 0.000000000000000000, 0.000000000000000000 ) ) ;
#4230 = DIRECTION ( 'NONE',  ( -1.000000000000000000, 0.000000000000000000, -0.000000000000000000 ) ) ;
#4231 = EDGE_LOOP ( 'NONE', ( #9166, #9775, #3615, #6292 ) ) ;
#4232 = EDGE_CURVE ( 'NONE', #9517, #8857, #8276, .T. ) ;
#4233 = EDGE_CURVE ( 'NONE', #2373, #5085, #8326, .T. ) ;
#4234 = VERTEX_POINT ( 'NONE', #9997 ) ;
#4235 = DIRECTION ( 'NONE',  ( 0.000000000000000000, 0.000000000000000000, -1.000000000000000000 ) ) ;
#4236 = DIRECTION ( 'NONE',  ( -1.000000000000000000, 0.000000000000000000, -0.000000000000000000 ) ) ;
#4237 = VECTOR ( 'NONE', #831, 1000.000000000000000 ) ;
#4238 = EDGE_CURVE ( 'NONE', #1899, #4909, #4119, .T. ) ;
#4239 = LINE ( 'NONE', #1630, #2282 ) ;
#4240 = CARTESIAN_POINT ( 'NONE',  ( 0.2952229299363050563, -0.6400000000000000133, 0.5300000000000001377 ) ) ;
#4241 = DIRECTION ( 'NONE',  ( 1.000000000000000000, 0.000000000000000000, 0.000000000000000000 ) ) ;
#4242 = EDGE_CURVE ( 'NONE', #5141, #5207, #2826, .T. ) ;
#4243 = CARTESIAN_POINT ( 'NONE',  ( 0.07499999999999999722, 1.098486643203810065, 0.5200000000000000178 ) ) ;
#4244 = ITEM_DEFINED_TRANSFORMATION ( 'NONE', 'NONE', #8929,  #2231 ) ;
#4245 = CARTESIAN_POINT ( 'NONE',  ( 0.1318411998642919913, 0.4318411998642919802, 0.5300000000000001377 ) ) ;
#4246 = PRESENTATION_LAYER_ASSIGNMENT (  '', '', ( #8829 ) ) ;
#4247 = EDGE_CURVE ( 'NONE', #2373, #644, #10439, .T. ) ;
#4248 = LINE ( 'NONE', #138, #6007 ) ;
#4249 = EDGE_LOOP ( 'NONE', ( #3682, #5626, #7663, #9618 ) ) ;
#4250 = CARTESIAN_POINT ( 'NONE',  ( -0.5350000000000000311, -1.239999999999999991, 0.7900000000000000355 ) ) ;
#4251 = VECTOR ( 'NONE', #1200, 1000.000000000000000 ) ;
#4252 = ORIENTED_EDGE ( 'NONE', *, *, #1040, .T. ) ;
#4253 = EDGE_CURVE ( 'NONE', #5678, #7398, #5264, .T. ) ;
#4254 = SHAPE_REPRESENTATION_RELATIONSHIP ( 'NONE' , 'NONE' ,  #10435, #6350 ) ;
#4255 = CARTESIAN_POINT ( 'NONE',  ( -0.1499999999999990230, 1.098486643203810065, 0.5300000000000001377 ) ) ;
#4256 = DIRECTION ( 'NONE',  ( -1.000000000000000000, -0.000000000000000000, 0.000000000000000000 ) ) ;
#4257 = ORIENTED_EDGE ( 'NONE', *, *, #6118, .T. ) ;
#4258 = ORIENTED_EDGE ( 'NONE', *, *, #10440, .F. ) ;
#4259 = VECTOR ( 'NONE', #3147, 1000.000000000000000 ) ;
#4260 = PRESENTATION_LAYER_ASSIGNMENT (  '', '', ( #3893 ) ) ;
#4261 = LINE ( 'NONE', #8513, #8836 ) ;
#4262 = DIRECTION ( 'NONE',  ( 1.000000000000000000, 0.000000000000000000, -0.000000000000000000 ) ) ;
#4263 = ORIENTED_EDGE ( 'NONE', *, *, #8895, .T. ) ;
#4264 = LINE ( 'NONE', #1656, #3865 ) ;
#4265 = DIRECTION ( 'NONE',  ( -0.000000000000000000, -0.000000000000000000, -1.000000000000000000 ) ) ;
#4266 = ORIENTED_EDGE ( 'NONE', *, *, #5616, .F. ) ;
#4267 = DIRECTION ( 'NONE',  ( 0.000000000000000000, -0.000000000000000000, -1.000000000000000000 ) ) ;
#4268 =( GEOMETRIC_REPRESENTATION_CONTEXT ( 3 ) GLOBAL_UNCERTAINTY_ASSIGNED_CONTEXT ( ( #6076 ) ) GLOBAL_UNIT_ASSIGNED_CONTEXT ( ( #6096, #3703, #5601 ) ) REPRESENTATION_CONTEXT ( 'NONE', 'WORKASPACE' ) );
#4269 = CARTESIAN_POINT ( 'NONE',  ( -0.5999999999999999778, -0.6400000000000000133, 0.000000000000000000 ) ) ;
#4270 = ORIENTED_EDGE ( 'NONE', *, *, #482, .F. ) ;
#4271 = PRESENTATION_STYLE_ASSIGNMENT (( #10350 ) ) ;
#4272 = DIRECTION ( 'NONE',  ( -0.000000000000000000, -0.000000000000000000, -1.000000000000000000 ) ) ;
#4273 = ADVANCED_FACE ( 'NONE', ( #5320 ), #7716, .F. ) ;
#4274 = PRODUCT ( 'Pins_top_5', 'Pins_top_5', '', ( #6615 ) ) ;
#4275 = PRESENTATION_STYLE_ASSIGNMENT (( #882 ) ) ;
#4276 = EDGE_LOOP ( 'NONE', ( #807, #9645, #10073, #5435, #3478, #8799, #4700, #8669, #8731, #8005, #6949, #2699, #3249 ) ) ;
#4277 = DIRECTION ( 'NONE',  ( 0.000000000000000000, 1.000000000000000000, 0.000000000000000000 ) ) ;
#4278 = ADVANCED_FACE ( 'NONE', ( #6041 ), #8659, .T. ) ;
#4279 = LINE ( 'NONE', #4383, #7659 ) ;
#4280 = CARTESIAN_POINT ( 'NONE',  ( -0.5349999999999999201, 0.7000000000000000666, 0.001000000000000000238 ) ) ;
#4281 = ADVANCED_FACE ( 'NONE', ( #9385 ), #3603, .F. ) ;
#4282 = UNCERTAINTY_MEASURE_WITH_UNIT (LENGTH_MEASURE( 1.000000000000000082E-05 ), #4135, 'distance_accuracy_value', 'NONE');
#4283 = VECTOR ( 'NONE', #7660, 1000.000000000000000 ) ;
#4284 = LINE ( 'NONE', #1617, #10349 ) ;
#4285 = VERTEX_POINT ( 'NONE', #7667 ) ;
#4286 = CARTESIAN_POINT ( 'NONE',  ( -0.5350000000000000311, -0.6971625444288770401, 0.5200000000000000178 ) ) ;
#4287 = VERTEX_POINT ( 'NONE', #8551 ) ;
#4288 = VECTOR ( 'NONE', #5652, 1000.000000000000000 ) ;
#4289 =( NAMED_UNIT ( * ) PLANE_ANGLE_UNIT ( ) SI_UNIT ( $, .RADIAN. ) );
#4290 = VECTOR ( 'NONE', #956, 1000.000000000000000 ) ;
#4291 = VERTEX_POINT ( 'NONE', #2720 ) ;
#4292 = PRODUCT_DEFINITION ( 'UNKNOWN', '', #8395, #4485 ) ;
#4293 = EDGE_LOOP ( 'NONE', ( #6566, #6962, #3319, #1555, #3633, #5099, #4459, #824 ) ) ;
#4294 = DIRECTION ( 'NONE',  ( 1.000000000000000000, 7.608436298143890073E-16, 0.000000000000000000 ) ) ;
#4295 = DIRECTION ( 'NONE',  ( 0.000000000000000000, -0.000000000000000000, -1.000000000000000000 ) ) ;
#4296 = DIRECTION ( 'NONE',  ( 0.000000000000000000, 0.000000000000000000, 1.000000000000000000 ) ) ;
#4297 = CARTESIAN_POINT ( 'NONE',  ( 0.1300000000000000044, 0.000000000000000000, 0.001000000000000000021 ) ) ;
#4298 = EDGE_CURVE ( 'NONE', #6767, #3853, #1841, .T. ) ;
#4299 = COLOUR_RGB ( '',0.3921568627450980338, 0.5999999999999999778, 0.3921568627450980338 ) ;
#4300 = FACE_OUTER_BOUND ( 'NONE', #8034, .T. ) ;
#4301 = CARTESIAN_POINT ( 'NONE',  ( -0.5350000000000000311, 0.7005555010695040385, 0.5300000000000001377 ) ) ;
#4302 = SHAPE_REPRESENTATION ( 'Pins_top_8', ( #2231 ), #1158 ) ;
#4303 = PRESENTATION_LAYER_ASSIGNMENT (  '', '', ( #3231 ) ) ;
#4304 = CARTESIAN_POINT ( 'NONE',  ( 0.2924999999999999822, 0.9000000000000001332, 0.7900000000000000355 ) ) ;
#4305 = ORIENTED_EDGE ( 'NONE', *, *, #5271, .T. ) ;
#4306 = VECTOR ( 'NONE', #9946, 1000.000000000000000 ) ;
#4307 = DIRECTION ( 'NONE',  ( -1.000000000000000000, -0.000000000000000000, 0.000000000000000000 ) ) ;
#4308 = ORIENTED_EDGE ( 'NONE', *, *, #4224, .T. ) ;
#4309 = VERTEX_POINT ( 'NONE', #7879 ) ;
#4310 = ORIENTED_EDGE ( 'NONE', *, *, #2648, .F. ) ;
#4311 = VECTOR ( 'NONE', #7442, 1000.000000000000000 ) ;
#4312 = AXIS2_PLACEMENT_3D ( 'NONE', #1108, #10411, #9426 ) ;
#4313 = ORIENTED_EDGE ( 'NONE', *, *, #6455, .F. ) ;
#4314 = LINE ( 'NONE', #1754, #4402 ) ;
#4315 = DIRECTION ( 'NONE',  ( 0.000000000000000000, 0.000000000000000000, 1.000000000000000000 ) ) ;
#4316 = ORIENTED_EDGE ( 'NONE', *, *, #9355, .F. ) ;
#4317 = CARTESIAN_POINT ( 'NONE',  ( 0.2068411998642920024, -0.1818411998642920080, 0.5300000000000001377 ) ) ;
#4318 = EDGE_LOOP ( 'NONE', ( #6184, #3492, #10074, #3086 ) ) ;
#4319 = UNCERTAINTY_MEASURE_WITH_UNIT (LENGTH_MEASURE( 1.000000000000000082E-05 ), #8952, 'distance_accuracy_value', 'NONE');
#4320 = EDGE_CURVE ( 'NONE', #4213, #345, #7829, .T. ) ;
#4321 = PLANE ( 'NONE',  #8175 ) ;
#4322 = CLOSED_SHELL ( 'NONE', ( #7264, #875, #8907, #1099, #9964, #2682, #2536, #10799, #6967, #3186, #5978 ) ) ;
#4323 = DIRECTION ( 'NONE',  ( 0.000000000000000000, -0.000000000000000000, -1.000000000000000000 ) ) ;
#4324 = SURFACE_STYLE_FILL_AREA ( #1940 ) ;
#4325 = VERTEX_POINT ( 'NONE', #4497 ) ;
#4326 = CARTESIAN_POINT ( 'NONE',  ( 0.5961306949927850374, 0.9000000000000001332, 0.01000000000000000021 ) ) ;
#4327 = CARTESIAN_POINT ( 'NONE',  ( -0.5999999999999999778, 0.7500000000000001110, 0.7900000000000000355 ) ) ;
#4328 = LINE ( 'NONE', #10410, #3488 ) ;
#4329 = CARTESIAN_POINT ( 'NONE',  ( -0.2952229299363050563, -0.5999999999999999778, 0.5300000000000001377 ) ) ;
#4330 = CARTESIAN_POINT ( 'NONE',  ( 0.1499999999999999944, 1.100000000000000089, 0.005000000000000000104 ) ) ;
#4331 = AXIS2_PLACEMENT_3D ( 'NONE', #8002, #8951, #8053 ) ;
#4332 = ORIENTED_EDGE ( 'NONE', *, *, #3411, .F. ) ;
#4333 =( LENGTH_UNIT ( ) NAMED_UNIT ( * ) SI_UNIT ( .MILLI., .METRE. ) );
#4334 = VERTEX_POINT ( 'NONE', #10268 ) ;
#4335 = EDGE_CURVE ( 'NONE', #10402, #958, #2780, .T. ) ;
#4336 = LINE ( 'NONE', #7711, #4622 ) ;
#4337 = EDGE_CURVE ( 'NONE', #5718, #4234, #1180, .T. ) ;
#4338 = ORIENTED_EDGE ( 'NONE', *, *, #4957, .T. ) ;
#4339 = MECHANICAL_DESIGN_GEOMETRIC_PRESENTATION_REPRESENTATION (  '', ( #7693 ), #6274 ) ;
#4340 = EDGE_LOOP ( 'NONE', ( #9868, #9903, #299, #2034 ) ) ;
#4341 = CARTESIAN_POINT ( 'NONE',  ( 0.3197770700636939911, 0.5999999999999999778, 0.01000000000000000021 ) ) ;
#4342 = FACE_OUTER_BOUND ( 'NONE', #6005, .T. ) ;
#4343 = LINE ( 'NONE', #4393, #6874 ) ;
#4344 = CARTESIAN_POINT ( 'NONE',  ( 0.5350000000000000311, 0.6400000000000000133, 0.5300000000000001377 ) ) ;
#4345 = PLANE ( 'NONE',  #7301 ) ;
#4346 = CARTESIAN_POINT ( 'NONE',  ( 0.5999999999999999778, 1.243863872159709949, 0.01000000000000000021 ) ) ;
#4347 = STYLED_ITEM ( 'NONE', ( #986 ), #10932 ) ;
#4348 = PLANE ( 'NONE',  #10851 ) ;
#4349 = EDGE_CURVE ( 'NONE', #5963, #2561, #3548, .T. ) ;
#4350 = CARTESIAN_POINT ( 'NONE',  ( -0.5350000000000000311, -1.600000000000000089, 0.5200000000000000178 ) ) ;
#4351 = VECTOR ( 'NONE', #669, 1000.000000000000000 ) ;
#4352 = CARTESIAN_POINT ( 'NONE',  ( 0.3999999999999999667, 1.600000000000000089, 0.01000000000000000021 ) ) ;
#4353 = VECTOR ( 'NONE', #8299, 1000.000000000000000 ) ;
#4354 = VERTEX_POINT ( 'NONE', #1955 ) ;
#4355 = DIRECTION ( 'NONE',  ( 1.000000000000000000, 0.000000000000000000, -0.000000000000000000 ) ) ;
#4356 = VECTOR ( 'NONE', #5481, 1000.000000000000000 ) ;
#4357 = SURFACE_STYLE_FILL_AREA ( #361 ) ;
#4358 = ORIENTED_EDGE ( 'NONE', *, *, #9289, .T. ) ;
#4359 = EDGE_CURVE ( 'NONE', #3366, #10686, #3655, .T. ) ;
#4360 = VECTOR ( 'NONE', #8317, 1000.000000000000000 ) ;
#4361 = EDGE_CURVE ( 'NONE', #10378, #642, #5989, .T. ) ;
#4362 = DIRECTION ( 'NONE',  ( -0.5144957554275251255, 0.8574929257125449844, 0.000000000000000000 ) ) ;
#4363 = ORIENTED_EDGE ( 'NONE', *, *, #99, .T. ) ;
#4364 = ORIENTED_EDGE ( 'NONE', *, *, #5282, .F. ) ;
#4365 = VERTEX_POINT ( 'NONE', #3497 ) ;
#4366 = ADVANCED_FACE ( 'NONE', ( #7054 ), #2618, .T. ) ;
#4367 = ADVANCED_FACE ( 'NONE', ( #9706 ), #511, .T. ) ;
#4368 = VERTEX_POINT ( 'NONE', #8094 ) ;
#4369 = EDGE_CURVE ( 'NONE', #5806, #228, #348, .T. ) ;
#4370 = PLANE ( 'NONE',  #6705 ) ;
#4371 = DIRECTION ( 'NONE',  ( -1.000000000000000000, 0.000000000000000000, 0.000000000000000000 ) ) ;
#4372 =( NAMED_UNIT ( * ) SI_UNIT ( $, .STERADIAN. ) SOLID_ANGLE_UNIT ( ) );
#4373 = EDGE_LOOP ( 'NONE', ( #2545, #4270, #3970, #1569, #2793, #9860, #8485, #893, #504, #9514, #6882, #7181, #9750, #8676, #8135, #6257, #8269, #1502, #5055, #339, #6623, #4462, #10606, #4583, #6603, #3515, #8867, #489, #8477, #8239, #6360, #3786, #7739, #2355, #7138, #8437, #9350, #9384 ) ) ;
#4374 = EDGE_CURVE ( 'NONE', #4226, #9090, #3114, .T. ) ;
#4375 = SURFACE_SIDE_STYLE ('',( #1760 ) ) ;
#4376 = ORIENTED_EDGE ( 'NONE', *, *, #10841, .T. ) ;
#4377 = DIRECTION ( 'NONE',  ( -1.000000000000000000, -1.115864326998099833E-15, 0.000000000000000000 ) ) ;
#4378 = VECTOR ( 'NONE', #4542, 1000.000000000000000 ) ;
#4379 = LINE ( 'NONE', #3529, #2492 ) ;
#4380 = DIRECTION ( 'NONE',  ( -1.000000000000000000, -0.000000000000000000, -0.000000000000000000 ) ) ;
#4381 = ORIENTED_EDGE ( 'NONE', *, *, #2710, .T. ) ;
#4382 = FACE_OUTER_BOUND ( 'NONE', #6232, .T. ) ;
#4383 = CARTESIAN_POINT ( 'NONE',  ( -0.5999999999999999778, 0.7494999999999998330, 0.01000000000000000021 ) ) ;
#4384 = LINE ( 'NONE', #1887, #9688 ) ;
#4385 = DIRECTION ( 'NONE',  ( 0.4788521306805550992, -0.8778955729143942399, 0.000000000000000000 ) ) ;
#4386 = PRESENTATION_LAYER_ASSIGNMENT (  '', '', ( #5617 ) ) ;
#4387 = VERTEX_POINT ( 'NONE', #400 ) ;
#4388 = EDGE_LOOP ( 'NONE', ( #5119, #7817, #6929, #7580 ) ) ;
#4389 = CARTESIAN_POINT ( 'NONE',  ( 0.3568411998642920246, -0.03184119986429190252, 0.5200000000000000178 ) ) ;
#4390 = LINE ( 'NONE', #7766, #6388 ) ;
#4391 = ORIENTED_EDGE ( 'NONE', *, *, #4496, .F. ) ;
#4392 = CARTESIAN_POINT ( 'NONE',  ( 0.5999999999999998668, -0.6971625444288770401, 0.5200000000000000178 ) ) ;
#4393 = CARTESIAN_POINT ( 'NONE',  ( -0.07499999999999999722, 1.600000000000000089, 0.5200000000000000178 ) ) ;
#4394 = PLANE ( 'NONE',  #2574 ) ;
#4395 =( NAMED_UNIT ( * ) SI_UNIT ( $, .STERADIAN. ) SOLID_ANGLE_UNIT ( ) );
#4396 = DIRECTION ( 'NONE',  ( -0.000000000000000000, -1.000000000000000000, -0.000000000000000000 ) ) ;
#4397 = PRESENTATION_STYLE_ASSIGNMENT (( #183 ) ) ;
#4398 = AXIS2_PLACEMENT_3D ( 'NONE', #8386, #8495, #4295 ) ;
#4399 = DIRECTION ( 'NONE',  ( -0.000000000000000000, -1.000000000000000000, -0.000000000000000000 ) ) ;
#4400 = EDGE_CURVE ( 'NONE', #6122, #2086, #8992, .T. ) ;
#4401 = CARTESIAN_POINT ( 'NONE',  ( -0.3002762822146830546, -1.499754031465950099, 0.000000000000000000 ) ) ;
#4402 = VECTOR ( 'NONE', #1708, 1000.000000000000000 ) ;
#4403 = ORIENTED_EDGE ( 'NONE', *, *, #3714, .F. ) ;
#4404 = CARTESIAN_POINT ( 'NONE',  ( 0.5961306949927850374, -1.243863872159709949, 0.000000000000000000 ) ) ;
#4405 = EDGE_CURVE ( 'NONE', #371, #5304, #6487, .T. ) ;
#4406 = PRESENTATION_STYLE_ASSIGNMENT (( #10280 ) ) ;
#4407 = EDGE_CURVE ( 'NONE', #6282, #860, #4663, .T. ) ;
#4408 = VERTEX_POINT ( 'NONE', #9871 ) ;
#4409 = CARTESIAN_POINT ( 'NONE',  ( -9.770630030008629709E-16, 2.168404344971010347E-16, 0.7900000000000000355 ) ) ;
#4410 = DIRECTION ( 'NONE',  ( -0.000000000000000000, -0.000000000000000000, -1.000000000000000000 ) ) ;
#4411 = ORIENTED_EDGE ( 'NONE', *, *, #1933, .F. ) ;
#4412 = ORIENTED_EDGE ( 'NONE', *, *, #82, .T. ) ;
#4413 = PRESENTATION_STYLE_ASSIGNMENT (( #1867 ) ) ;
#4414 = ORIENTED_EDGE ( 'NONE', *, *, #639, .F. ) ;
#4415 =( NAMED_UNIT ( * ) PLANE_ANGLE_UNIT ( ) SI_UNIT ( $, .RADIAN. ) );
#4416 = CARTESIAN_POINT ( 'NONE',  ( 0.5999999999999999778, -0.6999999999999999556, 0.005000000000000000104 ) ) ;
#4417 = CARTESIAN_POINT ( 'NONE',  ( 0.000000000000000000, -0.5818411998642919469, 0.000000000000000000 ) ) ;
#4418 = ORIENTED_EDGE ( 'NONE', *, *, #539, .F. ) ;
#4419 = DIRECTION ( 'NONE',  ( -0.5144957554275251255, -0.8574929257125449844, 0.000000000000000000 ) ) ;
#4420 = PRESENTATION_STYLE_ASSIGNMENT (( #2755 ) ) ;
#4421 = ORIENTED_EDGE ( 'NONE', *, *, #3003, .T. ) ;
#4422 = VECTOR ( 'NONE', #261, 1000.000000000000000 ) ;
#4423 = UNCERTAINTY_MEASURE_WITH_UNIT (LENGTH_MEASURE( 1.000000000000000082E-05 ), #8140, 'distance_accuracy_value', 'NONE');
#4424 = AXIS2_PLACEMENT_3D ( 'NONE', #1855, #1191, #1969 ) ;
#4425 = DIRECTION ( 'NONE',  ( -0.000000000000000000, -0.000000000000000000, -1.000000000000000000 ) ) ;
#4426 = ORIENTED_EDGE ( 'NONE', *, *, #3835, .T. ) ;
#4427 = LINE ( 'NONE', #7917, #3384 ) ;
#4428 = CARTESIAN_POINT ( 'NONE',  ( 0.07499999999999998335, -1.600000000000000089, 0.5200000000000000178 ) ) ;
#4429 = DIRECTION ( 'NONE',  ( 9.035018104045859601E-17, -1.000000000000000000, 0.000000000000000000 ) ) ;
#4430 = VECTOR ( 'NONE', #9099, 1000.000000000000000 ) ;
#4431 = LINE ( 'NONE', #3643, #1653 ) ;
#4432 = LINE ( 'NONE', #8753, #6632 ) ;
#4433 = VERTEX_POINT ( 'NONE', #8035 ) ;
#4434 = VERTEX_POINT ( 'NONE', #560 ) ;
#4435 = LINE ( 'NONE', #7658, #10498 ) ;
#4436 = PLANE ( 'NONE',  #8339 ) ;
#4437 = VERTEX_POINT ( 'NONE', #9758 ) ;
#4438 =( REPRESENTATION_RELATIONSHIP ('NONE','NONE', #9248, #2856 ) REPRESENTATION_RELATIONSHIP_WITH_TRANSFORMATION ( #3237 )SHAPE_REPRESENTATION_RELATIONSHIP( ) );
#4439 = MECHANICAL_DESIGN_GEOMETRIC_PRESENTATION_REPRESENTATION (  '', ( #7801 ), #29 ) ;
#4440 = CARTESIAN_POINT ( 'NONE',  ( -0.1499999999999999944, 0.6400000000000000133, 0.000000000000000000 ) ) ;
#4441 = PRODUCT_DEFINITION_SHAPE ( 'NONE', 'NONE',  #2185 ) ;
#4442 = DIRECTION ( 'NONE',  ( 0.000000000000000000, 0.000000000000000000, 1.000000000000000000 ) ) ;
#4443 = CARTESIAN_POINT ( 'NONE',  ( 0.5350000000000000311, -1.239999999999999991, 0.5200000000000000178 ) ) ;
#4445 = AXIS2_PLACEMENT_3D ( 'NONE', #9815, #8989, #7063 ) ;
#4444 = CARTESIAN_POINT ( 'NONE',  ( -0.2399563975748850164, -1.600000000000000089, 0.01000000000000000021 ) ) ;
#4446 = CARTESIAN_POINT ( 'NONE',  ( 0.3599999999999999867, -0.02999999999999999889, 0.005000000000000000104 ) ) ;
#4447 = DIRECTION ( 'NONE',  ( 0.000000000000000000, 0.000000000000000000, 1.000000000000000000 ) ) ;
#4448 = ORIENTED_EDGE ( 'NONE', *, *, #6668, .F. ) ;
#4449 = CARTESIAN_POINT ( 'NONE',  ( 0.5999999999999999778, -1.239999999999999991, 0.01000000000000000021 ) ) ;
#4450 = VECTOR ( 'NONE', #4230, 1000.000000000000000 ) ;
#4451 = LINE ( 'NONE', #7838, #3379 ) ;
#4452 = AXIS2_PLACEMENT_3D ( 'NONE', #10022, #9190, #4204 ) ;
#4453 =( NAMED_UNIT ( * ) PLANE_ANGLE_UNIT ( ) SI_UNIT ( $, .RADIAN. ) );
#4454 = ORIENTED_EDGE ( 'NONE', *, *, #5459, .T. ) ;
#4455 = DIRECTION ( 'NONE',  ( 0.000000000000000000, -0.000000000000000000, -1.000000000000000000 ) ) ;
#4456 = VECTOR ( 'NONE', #2921, 1000.000000000000000 ) ;
#4457 = DIRECTION ( 'NONE',  ( 0.000000000000000000, 0.000000000000000000, -1.000000000000000000 ) ) ;
#4458 = VECTOR ( 'NONE', #10572, 1000.000000000000000 ) ;
#4459 = ORIENTED_EDGE ( 'NONE', *, *, #9613, .F. ) ;
#4460 = CARTESIAN_POINT ( 'NONE',  ( 0.2100000000000000200, -0.03000000000000000236, 0.001000000000000000021 ) ) ;
#4461 = VERTEX_POINT ( 'NONE', #2940 ) ;
#4462 = ORIENTED_EDGE ( 'NONE', *, *, #9697, .F. ) ;
#4463 = PRESENTATION_LAYER_ASSIGNMENT (  '', '', ( #5886 ) ) ;
#4464 = EDGE_CURVE ( 'NONE', #9018, #4433, #10483, .T. ) ;
#4465 = COLOUR_RGB ( '',1.000000000000000000, 1.000000000000000000, 1.000000000000000000 ) ;
#4466 = ORIENTED_EDGE ( 'NONE', *, *, #10370, .F. ) ;
#4467 = VECTOR ( 'NONE', #7547, 1000.000000000000000 ) ;
#4468 = CARTESIAN_POINT ( 'NONE',  ( -0.1499999999999999944, 0.9000000000000001332, 0.01000000000000000021 ) ) ;
#4469 = CARTESIAN_POINT ( 'NONE',  ( -0.5350000000000000311, 0.9000000000000001332, 0.01000000000000000021 ) ) ;
#4470 = ORIENTED_EDGE ( 'NONE', *, *, #2329, .F. ) ;
#4471 = DIRECTION ( 'NONE',  ( 0.000000000000000000, 1.000000000000000000, 0.000000000000000000 ) ) ;
#4472 = ORIENTED_EDGE ( 'NONE', *, *, #1950, .F. ) ;
#4473 = VECTOR ( 'NONE', #9536, 1000.000000000000000 ) ;
#4474 = VERTEX_POINT ( 'NONE', #5437 ) ;
#4475 = PRODUCT_DEFINITION ( 'UNKNOWN', '', #4681, #10361 ) ;
#4476 = DIRECTION ( 'NONE',  ( 1.000000000000000000, 9.043418306825590232E-16, 0.000000000000000000 ) ) ;
#4477 = EDGE_CURVE ( 'NONE', #8435, #68, #10595, .T. ) ;
#4478 = DIRECTION ( 'NONE',  ( 1.000000000000000000, 0.000000000000000000, -0.000000000000000000 ) ) ;
#4479 = FILL_AREA_STYLE_COLOUR ( '', #2804 ) ;
#4480 = ORIENTED_EDGE ( 'NONE', *, *, #760, .F. ) ;
#4481 = LINE ( 'NONE', #6870, #4627 ) ;
#4482 = PLANE ( 'NONE',  #6281 ) ;
#4483 = CARTESIAN_POINT ( 'NONE',  ( -0.3197770700636930474, 0.6400000000000000133, 0.5300000000000001377 ) ) ;
#4484 = DIRECTION ( 'NONE',  ( -0.000000000000000000, -0.000000000000000000, -1.000000000000000000 ) ) ;
#4485 = PRODUCT_DEFINITION_CONTEXT ( 'detailed design', #3230, 'design' ) ;
#4486 = VECTOR ( 'NONE', #206, 1000.000000000000000 ) ;
#4487 = FACE_OUTER_BOUND ( 'NONE', #6392, .T. ) ;
#4488 = VECTOR ( 'NONE', #2289, 1000.000000000000000 ) ;
#4489 = EDGE_LOOP ( 'NONE', ( #1178, #5084, #899, #9313 ) ) ;
#4490 = EDGE_LOOP ( 'NONE', ( #4199, #5651, #3788, #9725 ) ) ;
#4491 = VECTOR ( 'NONE', #6074, 1000.000000000000000 ) ;
#4492 = CARTESIAN_POINT ( 'NONE',  ( 0.4000000000000000222, 1.600000000000000089, 0.5200000000000000178 ) ) ;
#4493 = LINE ( 'NONE', #10218, #3555 ) ;
#4494 = ORIENTED_EDGE ( 'NONE', *, *, #3210, .T. ) ;
#4495 = EDGE_CURVE ( 'NONE', #1294, #4782, #457, .T. ) ;
#4496 = EDGE_CURVE ( 'NONE', #2287, #8201, #7163, .T. ) ;
#4497 = CARTESIAN_POINT ( 'NONE',  ( 0.07500000000000026090, -1.600000000000000089, 0.001000000000000000021 ) ) ;
#4498 = DIRECTION ( 'NONE',  ( 0.000000000000000000, -0.000000000000000000, 1.000000000000000000 ) ) ;
#4499 = ADVANCED_FACE ( 'NONE', ( #7271 ), #2118, .T. ) ;
#4500 = LINE ( 'NONE', #2016, #8285 ) ;
#4501 = DIRECTION ( 'NONE',  ( -1.000000000000000000, 0.000000000000000000, -0.000000000000000000 ) ) ;
#4502 = LINE ( 'NONE', #6324, #5522 ) ;
#4503 = CARTESIAN_POINT ( 'NONE',  ( 0.07499999999999999722, 1.600000000000000089, 0.001000000000000000021 ) ) ;
#4504 = EDGE_LOOP ( 'NONE', ( #9844, #433, #4890, #9161 ) ) ;
#4505 = DIRECTION ( 'NONE',  ( -9.680376540049149550E-17, -1.000000000000000000, 0.000000000000000000 ) ) ;
#4506 = CARTESIAN_POINT ( 'NONE',  ( -0.3999999999999999667, -1.600000000000000089, 0.7900000000000000355 ) ) ;
#4507 = EDGE_LOOP ( 'NONE', ( #9163, #6628, #10760, #8142 ) ) ;
#4508 = APPLICATION_CONTEXT ( 'automotive_design' ) ;
#4509 = DIRECTION ( 'NONE',  ( -1.000000000000000000, 0.000000000000000000, -0.000000000000000000 ) ) ;
#4510 = ORIENTED_EDGE ( 'NONE', *, *, #2843, .F. ) ;
#4511 = DIRECTION ( 'NONE',  ( 1.000000000000000000, 0.000000000000000000, 0.000000000000000000 ) ) ;
#4512 = DIRECTION ( 'NONE',  ( -0.000000000000000000, -0.000000000000000000, -1.000000000000000000 ) ) ;
#4513 = PRESENTATION_LAYER_ASSIGNMENT (  '', '', ( #7878 ) ) ;
#4514 = CARTESIAN_POINT ( 'NONE',  ( -9.770630030008629709E-16, 2.168404344971010347E-16, 0.7900000000000000355 ) ) ;
#4515 = LINE ( 'NONE', #7898, #581 ) ;
#4516 = ORIENTED_EDGE ( 'NONE', *, *, #9356, .F. ) ;
#4517 = VERTEX_POINT ( 'NONE', #8928 ) ;
#4518 = VECTOR ( 'NONE', #3897, 1000.000000000000000 ) ;
#4519 = VECTOR ( 'NONE', #8995, 1000.000000000000000 ) ;
#4520 = ORIENTED_EDGE ( 'NONE', *, *, #9456, .F. ) ;
#4521 = CARTESIAN_POINT ( 'NONE',  ( 0.2925934069883829869, 0.9000000000000001332, 0.01000000000000000021 ) ) ;
#4522 = VECTOR ( 'NONE', #8033, 1000.000000000000000 ) ;
#4523 = ORIENTED_EDGE ( 'NONE', *, *, #5417, .T. ) ;
#4524 = AXIS2_PLACEMENT_3D ( 'NONE', #797, #4189, #7564 ) ;
#4525 = CARTESIAN_POINT ( 'NONE',  ( 0.2999999999999999889, 1.489999999999999991, 0.000000000000000000 ) ) ;
#4526 = DIRECTION ( 'NONE',  ( -0.000000000000000000, 1.000000000000000000, 0.000000000000000000 ) ) ;
#4527 =( LENGTH_UNIT ( ) NAMED_UNIT ( * ) SI_UNIT ( .MILLI., .METRE. ) );
#4528 = EDGE_LOOP ( 'NONE', ( #10918, #4310, #2038, #7241 ) ) ;
#4529 = CARTESIAN_POINT ( 'NONE',  ( 0.3999999999999999667, 1.600000000000000089, 0.01000000000000000021 ) ) ;
#4530 = EDGE_CURVE ( 'NONE', #1607, #1404, #8870, .T. ) ;
#4531 = EDGE_LOOP ( 'NONE', ( #1776, #1007, #5150, #9590 ) ) ;
#4532 = UNCERTAINTY_MEASURE_WITH_UNIT (LENGTH_MEASURE( 1.000000000000000082E-05 ), #1597, 'distance_accuracy_value', 'NONE');
#4533 = CARTESIAN_POINT ( 'NONE',  ( -0.5961306949927850374, 1.243863872159709949, 0.000000000000000000 ) ) ;
#4534 = VECTOR ( 'NONE', #7304, 1000.000000000000000 ) ;
#4535 = LINE ( 'NONE', #9634, #569 ) ;
#4536 = LINE ( 'NONE', #6353, #4779 ) ;
#4537 = VERTEX_POINT ( 'NONE', #3880 ) ;
#4538 = CARTESIAN_POINT ( 'NONE',  ( -0.5999999999999999778, 0.04999999999999991257, 0.8000000000000000444 ) ) ;
#4539 = EDGE_CURVE ( 'NONE', #2259, #2630, #10655, .T. ) ;
#4540 = EDGE_CURVE ( 'NONE', #2187, #754, #2447, .T. ) ;
#4541 = DIRECTION ( 'NONE',  ( 1.000000000000000000, 0.000000000000000000, 0.000000000000000000 ) ) ;
#4542 = DIRECTION ( 'NONE',  ( 0.000000000000000000, -1.000000000000000000, -0.000000000000000000 ) ) ;
#4543 = DIRECTION ( 'NONE',  ( 0.000000000000000000, -0.000000000000000000, -1.000000000000000000 ) ) ;
#4544 = EDGE_CURVE ( 'NONE', #4226, #4794, #10157, .T. ) ;
#4545 = ORIENTED_EDGE ( 'NONE', *, *, #8200, .T. ) ;
#4546 = CARTESIAN_POINT ( 'NONE',  ( -0.1499999999999999944, -1.489999999999999991, 0.01000000000000000021 ) ) ;
#4547 = ADVANCED_FACE ( 'NONE', ( #10763 ), #4222, .T. ) ;
#4548 = EDGE_LOOP ( 'NONE', ( #9413, #3301, #5860, #7767, #4154, #3985, #4079, #3640, #3173, #5511, #9850, #4454, #4205 ) ) ;
#4549 = ORIENTED_EDGE ( 'NONE', *, *, #10870, .F. ) ;
#4550 = DIRECTION ( 'NONE',  ( -1.000000000000000000, 1.194055256041299883E-16, 0.000000000000000000 ) ) ;
#4551 = DIRECTION ( 'NONE',  ( -0.000000000000000000, 1.000000000000000000, 0.000000000000000000 ) ) ;
#4552 = ORIENTED_EDGE ( 'NONE', *, *, #10455, .T. ) ;
#4553 = MECHANICAL_DESIGN_GEOMETRIC_PRESENTATION_REPRESENTATION (  '', ( #3836 ), #6136 ) ;
#4554 = CARTESIAN_POINT ( 'NONE',  ( -0.5350000000000000311, 0.9000000000000001332, 0.7900000000000000355 ) ) ;
#4555 = DIRECTION ( 'NONE',  ( 3.252606517456509851E-16, 1.000000000000000000, -0.000000000000000000 ) ) ;
#4556 = DIRECTION ( 'NONE',  ( -0.000000000000000000, 0.000000000000000000, 1.000000000000000000 ) ) ;
#4557 = FILL_AREA_STYLE_COLOUR ( '', #3747 ) ;
#4558 = LINE ( 'NONE', #9824, #4885 ) ;
#4559 = ORIENTED_EDGE ( 'NONE', *, *, #3331, .F. ) ;
#4560 = FACE_OUTER_BOUND ( 'NONE', #10014, .T. ) ;
#4561 = PLANE ( 'NONE',  #4962 ) ;
#4562 = EDGE_CURVE ( 'NONE', #4096, #7539, #5708, .T. ) ;
#4563 = DIRECTION ( 'NONE',  ( -1.000000000000000000, -0.000000000000000000, -0.000000000000000000 ) ) ;
#4564 = EDGE_CURVE ( 'NONE', #2611, #4975, #2500, .T. ) ;
#4565 = ORIENTED_EDGE ( 'NONE', *, *, #9245, .T. ) ;
#4566 = DIRECTION ( 'NONE',  ( 0.000000000000000000, 0.000000000000000000, -1.000000000000000000 ) ) ;
#4567 = EDGE_CURVE ( 'NONE', #276, #10792, #6653, .T. ) ;
#4568 = LINE ( 'NONE', #7782, #1689 ) ;
#4569 = VECTOR ( 'NONE', #10373, 1000.000000000000000 ) ;
#4570 = SURFACE_STYLE_USAGE ( .BOTH. , #2306 ) ;
#4571 = DIRECTION ( 'NONE',  ( 1.000000000000000000, 0.000000000000000000, 0.000000000000000000 ) ) ;
#4572 = EDGE_LOOP ( 'NONE', ( #4761, #3275, #3279, #10337 ) ) ;
#4573 = VERTEX_POINT ( 'NONE', #1448 ) ;
#4574 = ORIENTED_EDGE ( 'NONE', *, *, #3874, .T. ) ;
#4575 = CARTESIAN_POINT ( 'NONE',  ( -0.3002762822146830546, -1.499754031465950099, 0.01000000000000000021 ) ) ;
#4576 = ORIENTED_EDGE ( 'NONE', *, *, #5281, .F. ) ;
#4577 = EDGE_CURVE ( 'NONE', #8884, #9018, #1505, .T. ) ;
#4578 = CARTESIAN_POINT ( 'NONE',  ( 0.1499999999999999944, 1.100000000000000089, 0.001000000000000000021 ) ) ;
#4579 = DIRECTION ( 'NONE',  ( 0.000000000000000000, -0.000000000000000000, 1.000000000000000000 ) ) ;
#4580 = ORIENTED_EDGE ( 'NONE', *, *, #7146, .F. ) ;
#4581 = DIRECTION ( 'NONE',  ( 1.000000000000000000, 0.000000000000000000, 0.000000000000000000 ) ) ;
#4582 = DIRECTION ( 'NONE',  ( 1.000000000000000000, 0.000000000000000000, -0.000000000000000000 ) ) ;
#4583 = ORIENTED_EDGE ( 'NONE', *, *, #7039, .T. ) ;
#4584 = DIRECTION ( 'NONE',  ( 1.000000000000000000, 0.000000000000000000, -0.000000000000000000 ) ) ;
#4585 = VECTOR ( 'NONE', #3217, 1000.000000000000000 ) ;
#4586 = CARTESIAN_POINT ( 'NONE',  ( -0.5350000000000000311, -1.098928449973850086, 0.5300000000000001377 ) ) ;
#4587 = CARTESIAN_POINT ( 'NONE',  ( 0.5349999999999999201, 0.6400000000000000133, 0.000000000000000000 ) ) ;
#4588 = ORIENTED_EDGE ( 'NONE', *, *, #3740, .T. ) ;
#4589 = FACE_OUTER_BOUND ( 'NONE', #1046, .T. ) ;
#4590 = DIRECTION ( 'NONE',  ( -1.000000000000000000, 0.000000000000000000, -0.000000000000000000 ) ) ;
#4591 = DIRECTION ( 'NONE',  ( -0.000000000000000000, -0.000000000000000000, -1.000000000000000000 ) ) ;
#4592 = DIRECTION ( 'NONE',  ( -0.000000000000000000, -0.000000000000000000, 1.000000000000000000 ) ) ;
#4593 = ORIENTED_EDGE ( 'NONE', *, *, #1578, .F. ) ;
#4594 = AXIS2_PLACEMENT_3D ( 'NONE', #9357, #7849, #149 ) ;
#4595 = CARTESIAN_POINT ( 'NONE',  ( 0.3925934069883830202, 1.600000000000000089, 0.01000000000000000021 ) ) ;
#4596 = VERTEX_POINT ( 'NONE', #6538 ) ;
#4597 = ORIENTED_EDGE ( 'NONE', *, *, #2109, .F. ) ;
#4598 = EDGE_CURVE ( 'NONE', #10788, #4474, #9928, .T. ) ;
#4599 = CARTESIAN_POINT ( 'NONE',  ( -0.1499999999999999667, -1.600000000000000089, 0.8000000000000000444 ) ) ;
#4600 = FACE_OUTER_BOUND ( 'NONE', #267, .T. ) ;
#4601 = ADVANCED_FACE ( 'NONE', ( #6763 ), #1614, .T. ) ;
#4602 = VERTEX_POINT ( 'NONE', #8209 ) ;
#4603 = VECTOR ( 'NONE', #2732, 1000.000000000000000 ) ;
#4604 = AXIS2_PLACEMENT_3D ( 'NONE', #10669, #6386, #2247 ) ;
#4605 = EDGE_CURVE ( 'NONE', #8292, #262, #18, .T. ) ;
#4606 = CARTESIAN_POINT ( 'NONE',  ( -0.5999999999999999778, 1.399999999999999911, 0.5200000000000000178 ) ) ;
#4607 = CARTESIAN_POINT ( 'NONE',  ( -0.5999999999999999778, -1.600000000000000089, 0.5200000000000000178 ) ) ;
#4608 = DIRECTION ( 'NONE',  ( 1.000000000000000000, -0.000000000000000000, 0.000000000000000000 ) ) ;
#4609 = CARTESIAN_POINT ( 'NONE',  ( 0.5999999999999999778, -1.399999999999999911, 0.5200000000000000178 ) ) ;
#4610 = DIRECTION ( 'NONE',  ( -1.000000000000000000, 0.000000000000000000, 0.000000000000000000 ) ) ;
#4611 = CARTESIAN_POINT ( 'NONE',  ( -0.4649999999999999689, 0.6400000000000001243, 0.5200000000000000178 ) ) ;
#4612 = VERTEX_POINT ( 'NONE', #10816 ) ;
#4613 = SURFACE_STYLE_USAGE ( .BOTH. , #7112 ) ;
#4614 = PRODUCT_DEFINITION ( 'UNKNOWN', '', #6449, #3691 ) ;
#4615 = DIRECTION ( 'NONE',  ( 1.000000000000000000, -0.000000000000000000, 0.000000000000000000 ) ) ;
#4616 = VECTOR ( 'NONE', #4615, 1000.000000000000000 ) ;
#4617 = EDGE_CURVE ( 'NONE', #2583, #7182, #781, .T. ) ;
#4618 = ORIENTED_EDGE ( 'NONE', *, *, #2283, .T. ) ;
#4619 = EDGE_CURVE ( 'NONE', #4975, #8747, #8264, .T. ) ;
#4620 = DIRECTION ( 'NONE',  ( 1.000000000000000000, 0.000000000000000000, -0.000000000000000000 ) ) ;
#4621 = CARTESIAN_POINT ( 'NONE',  ( 0.1500000000000001055, -0.9000000000000001332, 0.01000000000000000021 ) ) ;
#4622 = VECTOR ( 'NONE', #8600, 1000.000000000000000 ) ;
#4623 = PRODUCT_CONTEXT ( 'NONE', #1680, 'mechanical' ) ;
#4624 = CARTESIAN_POINT ( 'NONE',  ( 0.5999999999999999778, -0.6999999999999999556, 0.000000000000000000 ) ) ;
#4625 = ORIENTED_EDGE ( 'NONE', *, *, #7525, .T. ) ;
#4626 = ORIENTED_EDGE ( 'NONE', *, *, #7267, .F. ) ;
#4627 = VECTOR ( 'NONE', #2764, 1000.000000000000000 ) ;
#4628 = EDGE_CURVE ( 'NONE', #3680, #2679, #6710, .T. ) ;
#4629 = VERTEX_POINT ( 'NONE', #4106 ) ;
#4630 = FILL_AREA_STYLE ('',( #7075 ) ) ;
#4631 = VECTOR ( 'NONE', #8019, 1000.000000000000000 ) ;
#4632 = ORIENTED_EDGE ( 'NONE', *, *, #5687, .F. ) ;
#4633 = VECTOR ( 'NONE', #8139, 1000.000000000000000 ) ;
#4634 = EDGE_CURVE ( 'NONE', #8783, #7826, #718, .T. ) ;
#4635 = DIRECTION ( 'NONE',  ( -1.000000000000000000, -0.000000000000000000, 0.000000000000000000 ) ) ;
#4636 = FILL_AREA_STYLE ('',( #5409 ) ) ;
#4637 = ORIENTED_EDGE ( 'NONE', *, *, #5952, .T. ) ;
#4638 = DIRECTION ( 'NONE',  ( 0.000000000000000000, 0.000000000000000000, -1.000000000000000000 ) ) ;
#4639 = EDGE_LOOP ( 'NONE', ( #7681, #5012, #1781, #2169, #1207, #6779, #6460, #9476, #1494 ) ) ;
#4640 = UNCERTAINTY_MEASURE_WITH_UNIT (LENGTH_MEASURE( 1.000000000000000082E-05 ), #3211, 'distance_accuracy_value', 'NONE');
#4641 = CARTESIAN_POINT ( 'NONE',  ( 0.3925000000000000155, 0.7500000000000000000, 0.8000000000000000444 ) ) ;
#4642 = MECHANICAL_DESIGN_GEOMETRIC_PRESENTATION_REPRESENTATION (  '', ( #4993 ), #2690 ) ;
#4643 = CARTESIAN_POINT ( 'NONE',  ( -0.5350000000000000311, -1.100000000000000089, 0.000000000000000000 ) ) ;
#4644 = SURFACE_STYLE_USAGE ( .BOTH. , #10691 ) ;
#4645 = MECHANICAL_DESIGN_GEOMETRIC_PRESENTATION_REPRESENTATION (  '', ( #7486 ), #5340 ) ;
#4646 = VERTEX_POINT ( 'NONE', #5878 ) ;
#4647 = DIRECTION ( 'NONE',  ( 1.807003620809169948E-16, 1.000000000000000000, -0.000000000000000000 ) ) ;
#4648 = DIRECTION ( 'NONE',  ( 1.000000000000000000, -1.129377263005729923E-16, 0.000000000000000000 ) ) ;
#4649 = LINE ( 'NONE', #10697, #5724 ) ;
#4650 = AXIS2_PLACEMENT_3D ( 'NONE', #3935, #6421, #2009 ) ;
#4651 = ORIENTED_EDGE ( 'NONE', *, *, #2603, .T. ) ;
#4652 = CARTESIAN_POINT ( 'NONE',  ( -0.1499999999999999944, 0.000000000000000000, 0.005000000000000000104 ) ) ;
#4653 = EDGE_CURVE ( 'NONE', #3467, #1249, #3218, .T. ) ;
#4654 = ORIENTED_EDGE ( 'NONE', *, *, #4233, .F. ) ;
#4655 = VERTEX_POINT ( 'NONE', #9204 ) ;
#4656 = AXIS2_PLACEMENT_3D ( 'NONE', #1181, #6264, #4498 ) ;
#4657 = CARTESIAN_POINT ( 'NONE',  ( 0.5350000000000000311, 0.9000000000000001332, 0.000000000000000000 ) ) ;
#4658 = DIRECTION ( 'NONE',  ( 1.000000000000000000, -0.000000000000000000, 0.000000000000000000 ) ) ;
#4659 = VECTOR ( 'NONE', #10589, 1000.000000000000000 ) ;
#4660 = LINE ( 'NONE', #10479, #7366 ) ;
#4661 = ORIENTED_EDGE ( 'NONE', *, *, #10740, .F. ) ;
#4662 = AXIS2_PLACEMENT_3D ( 'NONE', #823, #2487, #872 ) ;
#4663 = LINE ( 'NONE', #7931, #10632 ) ;
#4664 = DIRECTION ( 'NONE',  ( -0.000000000000000000, -0.000000000000000000, -1.000000000000000000 ) ) ;
#4665 = CYLINDRICAL_SURFACE ( 'NONE', #10018, 0.05000000000000002359 ) ;
#4666 = CARTESIAN_POINT ( 'NONE',  ( -0.4000000000000000222, -0.1799999999999999933, 0.001000000000000000021 ) ) ;
#4667 = EDGE_CURVE ( 'NONE', #1036, #85, #5767, .T. ) ;
#4668 = DIRECTION ( 'NONE',  ( -1.000000000000000000, -0.000000000000000000, 0.000000000000000000 ) ) ;
#4669 = VERTEX_POINT ( 'NONE', #10874 ) ;
#4670 = CARTESIAN_POINT ( 'NONE',  ( 0.1499999999999999944, -1.499754031465950099, 0.01000000000000000021 ) ) ;
#4671 = VECTOR ( 'NONE', #592, 1000.000000000000000 ) ;
#4672 = ORIENTED_EDGE ( 'NONE', *, *, #6182, .T. ) ;
#4673 = EDGE_CURVE ( 'NONE', #767, #4433, #1724, .T. ) ;
#4674 = DIRECTION ( 'NONE',  ( 0.000000000000000000, 0.000000000000000000, -1.000000000000000000 ) ) ;
#4675 = CARTESIAN_POINT ( 'NONE',  ( -0.1500000000000002165, -0.5999999999999999778, 0.01000000000000000021 ) ) ;
#4676 = ORIENTED_EDGE ( 'NONE', *, *, #4936, .T. ) ;
#4677 = PLANE ( 'NONE',  #4604 ) ;
#4678 = LINE ( 'NONE', #10611, #2573 ) ;
#4679 = EDGE_CURVE ( 'NONE', #1549, #4368, #10255, .T. ) ;
#4680 = APPLICATION_PROTOCOL_DEFINITION ( 'draft international standard', 'automotive_design', 1998, #2868 ) ;
#4681 = PRODUCT_DEFINITION_FORMATION_WITH_SPECIFIED_SOURCE ( 'ANY', '', #10206, .NOT_KNOWN. ) ;
#4682 = LINE ( 'NONE', #3842, #9259 ) ;
#4683 = ORIENTED_EDGE ( 'NONE', *, *, #5680, .T. ) ;
#4684 = EDGE_LOOP ( 'NONE', ( #5429, #9360, #1921, #2566 ) ) ;
#4685 = ORIENTED_EDGE ( 'NONE', *, *, #293, .T. ) ;
#4686 = CARTESIAN_POINT ( 'NONE',  ( -0.3197770700636939911, 0.6000000000000000888, 0.000000000000000000 ) ) ;
#4687 = VERTEX_POINT ( 'NONE', #4483 ) ;
#4688 = VECTOR ( 'NONE', #1398, 1000.000000000000000 ) ;
#4689 = ADVANCED_FACE ( 'NONE', ( #281 ), #3642, .F. ) ;
#4690 = EDGE_CURVE ( 'NONE', #1148, #7226, #1827, .T. ) ;
#4691 = LINE ( 'NONE', #4027, #3395 ) ;
#4692 = EDGE_CURVE ( 'NONE', #4368, #1404, #9480, .T. ) ;
#4693 = PLANE ( 'NONE',  #5257 ) ;
#4694 = VECTOR ( 'NONE', #9235, 1000.000000000000000 ) ;
#4695 = EDGE_LOOP ( 'NONE', ( #3889, #813, #6315, #1252 ) ) ;
#4696 = MECHANICAL_DESIGN_GEOMETRIC_PRESENTATION_REPRESENTATION (  '', ( #1165 ), #2049 ) ;
#4697 = LINE ( 'NONE', #8068, #423 ) ;
#4698 = CARTESIAN_POINT ( 'NONE',  ( -0.3197770700636929919, 0.6400000000000000133, 0.5200000000000000178 ) ) ;
#4699 = ORIENTED_EDGE ( 'NONE', *, *, #3469, .F. ) ;
#4700 = ORIENTED_EDGE ( 'NONE', *, *, #7520, .F. ) ;
#4701 = AXIS2_PLACEMENT_3D ( 'NONE', #10146, #5916, #9145 ) ;
#4702 = DIRECTION ( 'NONE',  ( -0.000000000000000000, 0.000000000000000000, 1.000000000000000000 ) ) ;
#4703 = EDGE_CURVE ( 'NONE', #3832, #6798, #4328, .T. ) ;
#4704 = PLANE ( 'NONE',  #9065 ) ;
#4705 = ORIENTED_EDGE ( 'NONE', *, *, #6541, .T. ) ;
#4706 = VECTOR ( 'NONE', #4396, 1000.000000000000000 ) ;
#4707 = EDGE_CURVE ( 'NONE', #715, #6402, #64, .T. ) ;
#4708 = DIRECTION ( 'NONE',  ( 0.000000000000000000, 0.000000000000000000, -1.000000000000000000 ) ) ;
#4709 = ADVANCED_FACE ( 'NONE', ( #3591 ), #7869, .F. ) ;
#4710 = DIRECTION ( 'NONE',  ( 0.000000000000000000, -1.000000000000000000, 0.000000000000000000 ) ) ;
#4711 = DIRECTION ( 'NONE',  ( -1.129377263005729923E-16, -1.000000000000000000, 0.000000000000000000 ) ) ;
#4712 = CARTESIAN_POINT ( 'NONE',  ( 0.1499999999999999667, -0.6999999999999998446, 0.001000000000000000021 ) ) ;
#4713 = ORIENTED_EDGE ( 'NONE', *, *, #7025, .T. ) ;
#4714 = ORIENTED_EDGE ( 'NONE', *, *, #9286, .F. ) ;
#4715 = ORIENTED_EDGE ( 'NONE', *, *, #2032, .T. ) ;
#4716 = DIRECTION ( 'NONE',  ( 1.000000000000000000, 0.000000000000000000, -0.000000000000000000 ) ) ;
#4717 =( NAMED_UNIT ( * ) PLANE_ANGLE_UNIT ( ) SI_UNIT ( $, .RADIAN. ) );
#4718 = CARTESIAN_POINT ( 'NONE',  ( 0.5999999999999999778, 1.600000000000000089, 0.5300000000000001377 ) ) ;
#4719 = EDGE_LOOP ( 'NONE', ( #598, #1444, #6477, #4545 ) ) ;
#4720 = STYLED_ITEM ( 'NONE', ( #3514 ), #6437 ) ;
#4721 = DIRECTION ( 'NONE',  ( -0.5155782475760174455, -0.8568425004786136556, 0.000000000000000000 ) ) ;
#4722 = DIRECTION ( 'NONE',  ( 0.000000000000000000, -1.000000000000000000, -0.000000000000000000 ) ) ;
#4723 = LINE ( 'NONE', #6431, #2457 ) ;
#4724 = DIRECTION ( 'NONE',  ( -1.000000000000000000, 0.000000000000000000, -0.000000000000000000 ) ) ;
#4725 = CARTESIAN_POINT ( 'NONE',  ( 0.3197770700636929919, 0.6400000000000000133, 0.5300000000000001377 ) ) ;
#4726 = ORIENTED_EDGE ( 'NONE', *, *, #5616, .T. ) ;
#4727 = DIRECTION ( 'NONE',  ( 0.8778955729143942399, -0.4788521306805550992, 0.000000000000000000 ) ) ;
#4728 = ORIENTED_EDGE ( 'NONE', *, *, #84, .T. ) ;
#4729 = LINE ( 'NONE', #2947, #5898 ) ;
#4730 = PLANE ( 'NONE',  #7455 ) ;
#4731 = AXIS2_PLACEMENT_3D ( 'NONE', #7154, #10580, #9640 ) ;
#4732 = ORIENTED_EDGE ( 'NONE', *, *, #5390, .F. ) ;
#4733 = DIRECTION ( 'NONE',  ( -1.000000000000000000, 0.000000000000000000, -0.000000000000000000 ) ) ;
#4734 = CARTESIAN_POINT ( 'NONE',  ( 0.1499999999999999667, -1.489999999999999991, 0.000000000000000000 ) ) ;
#4735 = PRESENTATION_STYLE_ASSIGNMENT (( #4570 ) ) ;
#4736 = VECTOR ( 'NONE', #6674, 1000.000000000000000 ) ;
#4737 =( NAMED_UNIT ( * ) SI_UNIT ( $, .STERADIAN. ) SOLID_ANGLE_UNIT ( ) );
#4738 = CARTESIAN_POINT ( 'NONE',  ( 0.2399563975748850164, 1.600000000000000089, 0.000000000000000000 ) ) ;
#4739 = EDGE_LOOP ( 'NONE', ( #5241, #827, #3351, #1131 ) ) ;
#4740 = EDGE_CURVE ( 'NONE', #4291, #3647, #4384, .T. ) ;
#4741 = DIRECTION ( 'NONE',  ( 1.000000000000000000, 0.000000000000000000, -0.000000000000000000 ) ) ;
#4742 = EDGE_CURVE ( 'NONE', #7182, #5659, #5095, .T. ) ;
#4743 = ORIENTED_EDGE ( 'NONE', *, *, #7460, .F. ) ;
#4744 = EDGE_CURVE ( 'NONE', #6451, #5825, #8535, .T. ) ;
#4745 = FACE_OUTER_BOUND ( 'NONE', #6857, .T. ) ;
#4746 = SURFACE_STYLE_USAGE ( .BOTH. , #2147 ) ;
#4747 = EDGE_LOOP ( 'NONE', ( #2113, #10770, #2552, #1277 ) ) ;
#4748 = LINE ( 'NONE', #2966, #5728 ) ;
#4749 = ORIENTED_EDGE ( 'NONE', *, *, #3999, .F. ) ;
#4750 = VERTEX_POINT ( 'NONE', #887 ) ;
#4751 = DIRECTION ( 'NONE',  ( -0.000000000000000000, 0.000000000000000000, 1.000000000000000000 ) ) ;
#4752 = LINE ( 'NONE', #6408, #9595 ) ;
#4753 = DIRECTION ( 'NONE',  ( -1.000000000000000000, -0.000000000000000000, 0.000000000000000000 ) ) ;
#4754 = ORIENTED_EDGE ( 'NONE', *, *, #3374, .T. ) ;
#4755 = CARTESIAN_POINT ( 'NONE',  ( 0.5350000000000000311, -0.6999999999999999556, 0.001000000000000000021 ) ) ;
#4756 = PRESENTATION_LAYER_ASSIGNMENT (  '', '', ( #1400 ) ) ;
#4757 = VECTOR ( 'NONE', #5351, 1000.000000000000227 ) ;
#4758 = LINE ( 'NONE', #544, #10546 ) ;
#4759 =( NAMED_UNIT ( * ) SI_UNIT ( $, .STERADIAN. ) SOLID_ANGLE_UNIT ( ) );
#4760 = DIRECTION ( 'NONE',  ( -0.000000000000000000, -0.000000000000000000, -1.000000000000000000 ) ) ;
#4761 = ORIENTED_EDGE ( 'NONE', *, *, #2112, .F. ) ;
#4762 = SURFACE_SIDE_STYLE ('',( #9861 ) ) ;
#4763 = EDGE_LOOP ( 'NONE', ( #3518, #4749, #1059, #2777 ) ) ;
#4764 = VERTEX_POINT ( 'NONE', #7701 ) ;
#4765 = PLANE ( 'NONE',  #6605 ) ;
#4766 = FACE_OUTER_BOUND ( 'NONE', #2917, .T. ) ;
#4767 = VERTEX_POINT ( 'NONE', #4280 ) ;
#4768 = DIRECTION ( 'NONE',  ( 0.000000000000000000, -0.000000000000000000, 1.000000000000000000 ) ) ;
#4769 = FACE_OUTER_BOUND ( 'NONE', #1463, .T. ) ;
#4770 = DIRECTION ( 'NONE',  ( 1.000000000000000000, 0.000000000000000000, 0.000000000000000000 ) ) ;
#4771 = DIRECTION ( 'NONE',  ( -1.000000000000000000, -0.000000000000000000, 0.000000000000000000 ) ) ;
#4772 = PLANE ( 'NONE',  #10202 ) ;
#4773 = LINE ( 'NONE', #3884, #2744 ) ;
#4774 = DIRECTION ( 'NONE',  ( 0.000000000000000000, 1.000000000000000000, 0.000000000000000000 ) ) ;
#4775 = ORIENTED_EDGE ( 'NONE', *, *, #10802, .F. ) ;
#4776 = CARTESIAN_POINT ( 'NONE',  ( 0.5999999999999994227, 1.102908420521089949, 0.5200000000000000178 ) ) ;
#4777 = VERTEX_POINT ( 'NONE', #6083 ) ;
#4778 = DIRECTION ( 'NONE',  ( 0.000000000000000000, 1.000000000000000000, 0.000000000000000000 ) ) ;
#4779 = VECTOR ( 'NONE', #9740, 1000.000000000000000 ) ;
#4780 = VECTOR ( 'NONE', #970, 1000.000000000000000 ) ;
#4781 = ORIENTED_EDGE ( 'NONE', *, *, #548, .F. ) ;
#4782 = VERTEX_POINT ( 'NONE', #5202 ) ;
#4783 = CARTESIAN_POINT ( 'NONE',  ( 0.2952229299363060000, -1.600000000000000089, 0.000000000000000000 ) ) ;
#4784 = CARTESIAN_POINT ( 'NONE',  ( -0.2952229299363060000, -1.600000000000000089, 0.01000000000000000021 ) ) ;
#4785 = VECTOR ( 'NONE', #3163, 1000.000000000000000 ) ;
#4786 = CARTESIAN_POINT ( 'NONE',  ( -0.5999999999999999778, 0.04999999999999990563, 0.8000000000000000444 ) ) ;
#4787 = APPLICATION_PROTOCOL_DEFINITION ( 'draft international standard', 'automotive_design', 1998, #8108 ) ;
#4788 = VECTOR ( 'NONE', #4185, 1000.000000000000000 ) ;
#4789 = PLANE ( 'NONE',  #4827 ) ;
#4790 =( LENGTH_UNIT ( ) NAMED_UNIT ( * ) SI_UNIT ( .MILLI., .METRE. ) );
#4791 = EDGE_LOOP ( 'NONE', ( #5122, #9917, #7377, #4194 ) ) ;
#4792 = CARTESIAN_POINT ( 'NONE',  ( -0.5999999999999999778, 1.600000000000000089, 0.7900000000000000355 ) ) ;
#4793 = PRESENTATION_STYLE_ASSIGNMENT (( #4746 ) ) ;
#4794 = VERTEX_POINT ( 'NONE', #5145 ) ;
#4795 = PRESENTATION_LAYER_ASSIGNMENT (  '', '', ( #8517 ) ) ;
#4796 = EDGE_CURVE ( 'NONE', #6179, #6911, #3486, .T. ) ;
#4797 = DIRECTION ( 'NONE',  ( 0.000000000000000000, -1.000000000000000000, 0.000000000000000000 ) ) ;
#4798 = FILL_AREA_STYLE_COLOUR ( '', #1705 ) ;
#4799 = ORIENTED_EDGE ( 'NONE', *, *, #1388, .T. ) ;
#4800 = EDGE_LOOP ( 'NONE', ( #5854, #7490, #7887, #2102 ) ) ;
#4801 = DIRECTION ( 'NONE',  ( 1.000000000000000000, -0.000000000000000000, 0.000000000000000000 ) ) ;
#4802 = ADVANCED_FACE ( 'NONE', ( #6820 ), #224, .T. ) ;
#4803 = VECTOR ( 'NONE', #7099, 1000.000000000000000 ) ;
#4804 = LINE ( 'NONE', #9080, #10665 ) ;
#4805 = CARTESIAN_POINT ( 'NONE',  ( 0.2400000000000000189, 1.600000000000000089, 0.5200000000000000178 ) ) ;
#4806 = VERTEX_POINT ( 'NONE', #3536 ) ;
#4807 = VECTOR ( 'NONE', #498, 1000.000000000000000 ) ;
#4808 = DIRECTION ( 'NONE',  ( 0.000000000000000000, 0.000000000000000000, -1.000000000000000000 ) ) ;
#4809 = AXIS2_PLACEMENT_3D ( 'NONE', #4792, #10787, #2367 ) ;
#4810 = DIRECTION ( 'NONE',  ( 0.000000000000000000, 0.000000000000000000, 1.000000000000000000 ) ) ;
#4811 = CARTESIAN_POINT ( 'NONE',  ( 0.5999999999999999778, -1.399999999999999911, 0.5200000000000000178 ) ) ;
#4812 = LINE ( 'NONE', #1273, #66 ) ;
#4813 = CIRCLE ( 'NONE', #10480, 0.1961375929999999990 ) ;
#4814 = ORIENTED_EDGE ( 'NONE', *, *, #5301, .T. ) ;
#4815 = PLANE ( 'NONE',  #5213 ) ;
#4816 = EDGE_CURVE ( 'NONE', #6921, #4646, #6141, .T. ) ;
#4817 = ORIENTED_EDGE ( 'NONE', *, *, #9246, .T. ) ;
#4818 = PRESENTATION_LAYER_ASSIGNMENT (  '', '', ( #4985 ) ) ;
#4819 = EDGE_LOOP ( 'NONE', ( #5705, #5667, #2931, #125 ) ) ;
#4820 = ADVANCED_FACE ( 'NONE', ( #2607 ), #5976, .T. ) ;
#4821 = LINE ( 'NONE', #10810, #6226 ) ;
#4822 = VECTOR ( 'NONE', #1959, 1000.000000000000000 ) ;
#4823 = LINE ( 'NONE', #3761, #5870 ) ;
#4824 = DIRECTION ( 'NONE',  ( 0.000000000000000000, -0.000000000000000000, -1.000000000000000000 ) ) ;
#4825 = ORIENTED_EDGE ( 'NONE', *, *, #719, .T. ) ;
#4826 = CIRCLE ( 'NONE', #1106, 0.1999999999999999833 ) ;
#4827 = AXIS2_PLACEMENT_3D ( 'NONE', #6337, #2308, #1305 ) ;
#4828 = LINE ( 'NONE', #10815, #4585 ) ;
#4829 = CARTESIAN_POINT ( 'NONE',  ( 0.3925934069883830202, 0.9000000000000001332, 0.01000000000000000021 ) ) ;
#4830 = DIRECTION ( 'NONE',  ( 1.000000000000000000, 0.000000000000000000, -0.000000000000000000 ) ) ;
#4831 = VECTOR ( 'NONE', #6671, 1000.000000000000000 ) ;
#4832 = DIRECTION ( 'NONE',  ( 0.000000000000000000, -0.000000000000000000, 1.000000000000000000 ) ) ;
#4833 = PLANE ( 'NONE',  #7707 ) ;
#4834 = FACE_OUTER_BOUND ( 'NONE', #4531, .T. ) ;
#4835 = ORIENTED_EDGE ( 'NONE', *, *, #5498, .F. ) ;
#4836 = DIRECTION ( 'NONE',  ( 0.000000000000000000, 0.000000000000000000, -1.000000000000000000 ) ) ;
#4837 = VERTEX_POINT ( 'NONE', #10307 ) ;
#4838 = LINE ( 'NONE', #8319, #3065 ) ;
#4839 = CARTESIAN_POINT ( 'NONE',  ( 0.5999999999999999778, 0.6400000000000000133, 0.5300000000000001377 ) ) ;
#4840 = VERTEX_POINT ( 'NONE', #2706 ) ;
#4841 = AXIS2_PLACEMENT_3D ( 'NONE', #10875, #3271, #1615 ) ;
#4842 = EDGE_CURVE ( 'NONE', #9604, #2559, #1944, .T. ) ;
#4843 = EDGE_CURVE ( 'NONE', #7845, #1317, #1054, .T. ) ;
#4844 = EDGE_CURVE ( 'NONE', #7096, #4325, #5424, .T. ) ;
#4845 = ORIENTED_EDGE ( 'NONE', *, *, #7662, .F. ) ;
#4846 = CARTESIAN_POINT ( 'NONE',  ( 0.5999999999999973133, 1.399999999999999911, 0.5200000000000000178 ) ) ;
#4847 = LINE ( 'NONE', #7611, #5759 ) ;
#4848 = ITEM_DEFINED_TRANSFORMATION ( 'NONE', 'NONE', #5566,  #2231 ) ;
#4849 = PRESENTATION_LAYER_ASSIGNMENT (  '', '', ( #75 ) ) ;
#4850 = DIRECTION ( 'NONE',  ( -1.000000000000000000, 0.000000000000000000, 0.000000000000000000 ) ) ;
#4851 = VERTEX_POINT ( 'NONE', #2928 ) ;
#4852 = CARTESIAN_POINT ( 'NONE',  ( -0.1499999999999999944, 0.9000000000000001332, 0.7900000000000000355 ) ) ;
#4853 = ORIENTED_EDGE ( 'NONE', *, *, #7229, .T. ) ;
#4854 = LINE ( 'NONE', #7411, #347 ) ;
#4855 = ORIENTED_EDGE ( 'NONE', *, *, #4464, .T. ) ;
#4856 = VERTEX_POINT ( 'NONE', #7208 ) ;
#4857 = DIRECTION ( 'NONE',  ( -1.000000000000000000, 0.000000000000000000, 0.000000000000000000 ) ) ;
#4858 = FILL_AREA_STYLE ('',( #699 ) ) ;
#4859 = AXIS2_PLACEMENT_3D ( 'NONE', #5714, #2295, #7438 ) ;
#4860 = PLANE ( 'NONE',  #7954 ) ;
#4861 =( LENGTH_UNIT ( ) NAMED_UNIT ( * ) SI_UNIT ( .MILLI., .METRE. ) );
#4862 = LINE ( 'NONE', #6413, #5762 ) ;
#4863 = LINE ( 'NONE', #5804, #8448 ) ;
#4864 = CARTESIAN_POINT ( 'NONE',  ( -0.5999999999999999778, 1.100000000000000089, 0.005000000000000000104 ) ) ;
#4865 = EDGE_CURVE ( 'NONE', #3468, #7734, #9694, .T. ) ;
#4866 = ORIENTED_EDGE ( 'NONE', *, *, #4946, .T. ) ;
#4867 = FACE_OUTER_BOUND ( 'NONE', #10530, .T. ) ;
#4868 = VECTOR ( 'NONE', #7908, 1000.000000000000000 ) ;
#4869 = VERTEX_POINT ( 'NONE', #6192 ) ;
#4870 = ORIENTED_EDGE ( 'NONE', *, *, #485, .F. ) ;
#4871 =( NAMED_UNIT ( * ) PLANE_ANGLE_UNIT ( ) SI_UNIT ( $, .RADIAN. ) );
#4872 =( NAMED_UNIT ( * ) PLANE_ANGLE_UNIT ( ) SI_UNIT ( $, .RADIAN. ) );
#4873 = ADVANCED_FACE ( 'NONE', ( #2162 ), #333, .T. ) ;
#4874 = CARTESIAN_POINT ( 'NONE',  ( -0.1499999999999999667, 1.100000000000000089, 0.001000000000000000021 ) ) ;
#4875 = ORIENTED_EDGE ( 'NONE', *, *, #3391, .F. ) ;
#4876 = AXIS2_PLACEMENT_3D ( 'NONE', #5748, #7476, #2274 ) ;
#4877 = DIRECTION ( 'NONE',  ( 0.000000000000000000, 0.000000000000000000, 1.000000000000000000 ) ) ;
#4878 =( GEOMETRIC_REPRESENTATION_CONTEXT ( 3 ) GLOBAL_UNCERTAINTY_ASSIGNED_CONTEXT ( ( #81 ) ) GLOBAL_UNIT_ASSIGNED_CONTEXT ( ( #8066, #10626, #3911 ) ) REPRESENTATION_CONTEXT ( 'NONE', 'WORKASPACE' ) );
#4879 = VECTOR ( 'NONE', #5434, 1000.000000000000000 ) ;
#4880 = ADVANCED_FACE ( 'NONE', ( #8079 ), #2000, .F. ) ;
#4881 = PLANE ( 'NONE',  #9278 ) ;
#4882 = DIRECTION ( 'NONE',  ( -0.8568425004786157650, 0.5155782475760137817, 0.000000000000000000 ) ) ;
#4883 = CARTESIAN_POINT ( 'NONE',  ( -0.5999999999999999778, 0.7000000000000000666, 0.005000000000000000104 ) ) ;
#4884 = ADVANCED_FACE ( 'NONE', ( #445 ), #387, .T. ) ;
#4885 = VECTOR ( 'NONE', #2893, 1000.000000000000000 ) ;
#4886 = CARTESIAN_POINT ( 'NONE',  ( 0.1499999999999999667, -1.600000000000000089, 0.8000000000000000444 ) ) ;
#4887 = FACE_OUTER_BOUND ( 'NONE', #5072, .T. ) ;
#4888 = ORIENTED_EDGE ( 'NONE', *, *, #485, .T. ) ;
#4889 = LINE ( 'NONE', #8216, #6472 ) ;
#4890 = ORIENTED_EDGE ( 'NONE', *, *, #5341, .F. ) ;
#4891 = LINE ( 'NONE', #2349, #9266 ) ;
#4892 = LINE ( 'NONE', #6606, #5330 ) ;
#4893 = ORIENTED_EDGE ( 'NONE', *, *, #8743, .T. ) ;
#4894 = ORIENTED_EDGE ( 'NONE', *, *, #8667, .T. ) ;
#4895 =( GEOMETRIC_REPRESENTATION_CONTEXT ( 3 ) GLOBAL_UNCERTAINTY_ASSIGNED_CONTEXT ( ( #1208 ) ) GLOBAL_UNIT_ASSIGNED_CONTEXT ( ( #9901, #10570, #9074 ) ) REPRESENTATION_CONTEXT ( 'NONE', 'WORKASPACE' ) );
#4896 = ORIENTED_EDGE ( 'NONE', *, *, #3251, .F. ) ;
#4897 = LINE ( 'NONE', #9339, #1954 ) ;
#4898 = CARTESIAN_POINT ( 'NONE',  ( 0.5999999999999996447, -1.098928449973850086, 0.5200000000000000178 ) ) ;
#4899 = DIRECTION ( 'NONE',  ( 0.000000000000000000, 1.000000000000000000, 0.000000000000000000 ) ) ;
#4900 = ADVANCED_FACE ( 'NONE', ( #8977 ), #5535, .F. ) ;
#4901 = DIRECTION ( 'NONE',  ( 1.000000000000000000, 0.000000000000000000, -0.000000000000000000 ) ) ;
#4902 = ORIENTED_EDGE ( 'NONE', *, *, #3527, .T. ) ;
#4903 = VECTOR ( 'NONE', #8480, 1000.000000000000000 ) ;
#4904 = PLANE ( 'NONE',  #4809 ) ;
#4905 = ORIENTED_EDGE ( 'NONE', *, *, #9231, .T. ) ;
#4906 =( LENGTH_UNIT ( ) NAMED_UNIT ( * ) SI_UNIT ( .MILLI., .METRE. ) );
#4907 = PLANE ( 'NONE',  #7427 ) ;
#4908 = ORIENTED_EDGE ( 'NONE', *, *, #2075, .T. ) ;
#4909 = VERTEX_POINT ( 'NONE', #2219 ) ;
#4910 = CARTESIAN_POINT ( 'NONE',  ( 0.1499999999999999944, 0.6400000000000000133, 0.01000000000000000021 ) ) ;
#4911 =( LENGTH_UNIT ( ) NAMED_UNIT ( * ) SI_UNIT ( .MILLI., .METRE. ) );
#4912 = CARTESIAN_POINT ( 'NONE',  ( -0.07499999999999999722, -1.600000000000000089, 0.5200000000000000178 ) ) ;
#4913 = EDGE_CURVE ( 'NONE', #900, #5956, #3925, .T. ) ;
#4914 = DIRECTION ( 'NONE',  ( -0.000000000000000000, -0.000000000000000000, -1.000000000000000000 ) ) ;
#4915 = CARTESIAN_POINT ( 'NONE',  ( -0.5350000000000000311, -0.9000000000000001332, 0.7900000000000000355 ) ) ;
#4916 = CARTESIAN_POINT ( 'NONE',  ( 0.3924999999999999600, 0.9000000000000000222, 0.8000000000000000444 ) ) ;
#4917 = PLANE ( 'NONE',  #6066 ) ;
#4918 = VERTEX_POINT ( 'NONE', #9584 ) ;
#4919 = LINE ( 'NONE', #2489, #8761 ) ;
#4920 = ORIENTED_EDGE ( 'NONE', *, *, #8582, .F. ) ;
#4921 = ORIENTED_EDGE ( 'NONE', *, *, #5305, .T. ) ;
#4922 = VECTOR ( 'NONE', #8769, 1000.000000000000000 ) ;
#4923 = FACE_OUTER_BOUND ( 'NONE', #10557, .T. ) ;
#4924 = DIRECTION ( 'NONE',  ( 0.000000000000000000, -0.000000000000000000, 1.000000000000000000 ) ) ;
#4925 = ORIENTED_EDGE ( 'NONE', *, *, #7017, .T. ) ;
#4926 = FILL_AREA_STYLE ('',( #8424 ) ) ;
#4927 = CARTESIAN_POINT ( 'NONE',  ( 0.000000000000000000, -0.03184119986429190252, 0.5200000000000000178 ) ) ;
#4928 = FILL_AREA_STYLE_COLOUR ( '', #6778 ) ;
#4929 = CARTESIAN_POINT ( 'NONE',  ( -0.1499999999999999667, 0.9000000000000001332, 0.8000000000000000444 ) ) ;
#4930 = CARTESIAN_POINT ( 'NONE',  ( -0.4650000000000000244, 0.6400000000000000133, 0.5300000000000001377 ) ) ;
#4931 = EDGE_CURVE ( 'NONE', #3213, #4669, #2877, .T. ) ;
#4932 = ORIENTED_EDGE ( 'NONE', *, *, #2311, .F. ) ;
#4933 = PLANE ( 'NONE',  #6288 ) ;
#4934 = VERTEX_POINT ( 'NONE', #7971 ) ;
#4935 = CARTESIAN_POINT ( 'NONE',  ( -0.1499999999999999667, 1.600000000000000089, 0.000000000000000000 ) ) ;
#4936 = EDGE_CURVE ( 'NONE', #353, #10827, #3751, .T. ) ;
#4937 = FACE_OUTER_BOUND ( 'NONE', #6416, .T. ) ;
#4938 = EDGE_CURVE ( 'NONE', #8511, #4629, #10042, .T. ) ;
#4939 = ORIENTED_EDGE ( 'NONE', *, *, #8632, .F. ) ;
#4940 = VERTEX_POINT ( 'NONE', #10081 ) ;
#4941 = CARTESIAN_POINT ( 'NONE',  ( 0.07499999999999999722, 1.098486643203810065, 0.5300000000000001377 ) ) ;
#4942 = DIRECTION ( 'NONE',  ( 0.000000000000000000, 0.000000000000000000, 1.000000000000000000 ) ) ;
#4943 = LINE ( 'NONE', #8328, #10593 ) ;
#4944 = PLANE ( 'NONE',  #9477 ) ;
#4945 = ITEM_DEFINED_TRANSFORMATION ( 'NONE', 'NONE', #6986,  #2231 ) ;
#4946 = EDGE_CURVE ( 'NONE', #335, #3787, #1491, .T. ) ;
#4947 = DIRECTION ( 'NONE',  ( -0.000000000000000000, -0.000000000000000000, 1.000000000000000000 ) ) ;
#4948 = EDGE_CURVE ( 'NONE', #9624, #1294, #4863, .T. ) ;
#4949 = EDGE_CURVE ( 'NONE', #9876, #256, #1432, .T. ) ;
#4950 = ORIENTED_EDGE ( 'NONE', *, *, #5766, .F. ) ;
#4951 = VECTOR ( 'NONE', #3838, 1000.000000000000000 ) ;
#4952 = LINE ( 'NONE', #5014, #275 ) ;
#4953 = ORIENTED_EDGE ( 'NONE', *, *, #7283, .F. ) ;
#4954 = DIRECTION ( 'NONE',  ( 0.000000000000000000, -0.000000000000000000, -1.000000000000000000 ) ) ;
#4955 = PRESENTATION_STYLE_ASSIGNMENT (( #1589 ) ) ;
#4956 = VERTEX_POINT ( 'NONE', #4916 ) ;
#4957 = EDGE_CURVE ( 'NONE', #3266, #8013, #7534, .T. ) ;
#4958 = EDGE_LOOP ( 'NONE', ( #1925, #3830, #4159, #6970 ) ) ;
#4959 = UNCERTAINTY_MEASURE_WITH_UNIT (LENGTH_MEASURE( 1.000000000000000082E-05 ), #2619, 'distance_accuracy_value', 'NONE');
#4960 = CARTESIAN_POINT ( 'NONE',  ( -0.5999999999999999778, 0.7000000000000000666, 0.001000000000000000021 ) ) ;
#4961 = SURFACE_SIDE_STYLE ('',( #4142 ) ) ;
#4962 = AXIS2_PLACEMENT_3D ( 'NONE', #8615, #3713, #2896 ) ;
#4963 = EDGE_CURVE ( 'NONE', #4309, #6937, #4969, .T. ) ;
#4964 = FACE_OUTER_BOUND ( 'NONE', #10415, .T. ) ;
#4965 = ORIENTED_EDGE ( 'NONE', *, *, #3385, .F. ) ;
#4966 = EDGE_CURVE ( 'NONE', #7852, #647, #10859, .T. ) ;
#4967 = AXIS2_PLACEMENT_3D ( 'NONE', #1668, #5923, #9265 ) ;
#4968 = FACE_OUTER_BOUND ( 'NONE', #123, .T. ) ;
#4970 = EDGE_CURVE ( 'NONE', #7302, #3245, #1544, .T. ) ;
#4969 = LINE ( 'NONE', #4811, #5612 ) ;
#4971 = LINE ( 'NONE', #9254, #771 ) ;
#4972 = ORIENTED_EDGE ( 'NONE', *, *, #4068, .T. ) ;
#4973 = CARTESIAN_POINT ( 'NONE',  ( 0.5350000000000000311, -1.600000000000000089, 0.5300000000000001377 ) ) ;
#4974 = ORIENTED_EDGE ( 'NONE', *, *, #3345, .T. ) ;
#4975 = VERTEX_POINT ( 'NONE', #3097 ) ;
#4976 = VECTOR ( 'NONE', #8657, 1000.000000000000000 ) ;
#4977 = VECTOR ( 'NONE', #1598, 1000.000000000000000 ) ;
#4978 = FACE_OUTER_BOUND ( 'NONE', #9382, .T. ) ;
#4979 = EDGE_LOOP ( 'NONE', ( #3365, #5463, #8457, #9459 ) ) ;
#4980 = PLANE ( 'NONE',  #9753 ) ;
#4981 = AXIS2_PLACEMENT_3D ( 'NONE', #1266, #8074, #6689 ) ;
#4982 =( NAMED_UNIT ( * ) SI_UNIT ( $, .STERADIAN. ) SOLID_ANGLE_UNIT ( ) );
#4983 = DIRECTION ( 'NONE',  ( -0.000000000000000000, 0.000000000000000000, -1.000000000000000000 ) ) ;
#4984 = DIRECTION ( 'NONE',  ( 0.000000000000000000, -0.000000000000000000, -1.000000000000000000 ) ) ;
#4985 = STYLED_ITEM ( 'NONE', ( #2284 ), #7394 ) ;
#4986 = DIRECTION ( 'NONE',  ( 1.000000000000000000, 0.000000000000000000, 0.000000000000000000 ) ) ;
#4987 = PLANE ( 'NONE',  #7350 ) ;
#4988 = ORIENTED_EDGE ( 'NONE', *, *, #10838, .T. ) ;
#4989 = PLANE ( 'NONE',  #8775 ) ;
#4990 = EDGE_LOOP ( 'NONE', ( #7976, #6715, #6717, #7020 ) ) ;
#4991 = DIRECTION ( 'NONE',  ( 0.000000000000000000, 1.000000000000000000, 0.000000000000000000 ) ) ;
#4992 = DIRECTION ( 'NONE',  ( -0.000000000000000000, -1.000000000000000000, -0.000000000000000000 ) ) ;
#4993 = STYLED_ITEM ( 'NONE', ( #4397 ), #6787 ) ;
#4994 = ORIENTED_EDGE ( 'NONE', *, *, #6161, .F. ) ;
#4995 = AXIS2_PLACEMENT_3D ( 'NONE', #8930, #3056, #8037 ) ;
#4996 = EDGE_CURVE ( 'NONE', #2460, #3204, #6580, .T. ) ;
#4997 = ORIENTED_EDGE ( 'NONE', *, *, #9093, .T. ) ;
#4998 = PLANE ( 'NONE',  #9205 ) ;
#4999 = CARTESIAN_POINT ( 'NONE',  ( -0.5818411998642911698, 5.421010862427519705E-17, -1.084202172485504434E-16 ) ) ;
#5000 = CARTESIAN_POINT ( 'NONE',  ( 0.4650000000000000244, 0.6400000000000000133, 0.5300000000000001377 ) ) ;
#5001 = DIRECTION ( 'NONE',  ( 1.000000000000000000, 0.000000000000000000, -0.000000000000000000 ) ) ;
#5002 = CARTESIAN_POINT ( 'NONE',  ( 0.5349999999999998090, -1.239999999999999991, 0.01000000000000000021 ) ) ;
#5003 = ADVANCED_FACE ( 'NONE', ( #10913 ), #2434, .F. ) ;
#5004 = AXIS2_PLACEMENT_3D ( 'NONE', #6107, #6890, #1132 ) ;
#5005 = FACE_OUTER_BOUND ( 'NONE', #2531, .T. ) ;
#5006 = ITEM_DEFINED_TRANSFORMATION ( 'NONE', 'NONE', #4331,  #2231 ) ;
#5007 =( REPRESENTATION_RELATIONSHIP ('NONE','NONE', #9248, #8104 ) REPRESENTATION_RELATIONSHIP_WITH_TRANSFORMATION ( #1636 )SHAPE_REPRESENTATION_RELATIONSHIP( ) );
#5008 = PLANE ( 'NONE',  #8538 ) ;
#5009 = AXIS2_PLACEMENT_3D ( 'NONE', #4041, #1602, #10144 ) ;
#5010 = CARTESIAN_POINT ( 'NONE',  ( -0.4000000000000000222, -1.600000000000000089, 0.7900000000000000355 ) ) ;
#5011 = EDGE_CURVE ( 'NONE', #4782, #8651, #9084, .T. ) ;
#5012 = ORIENTED_EDGE ( 'NONE', *, *, #2271, .T. ) ;
#5013 = EDGE_CURVE ( 'NONE', #5915, #4028, #1601, .T. ) ;
#5014 = CARTESIAN_POINT ( 'NONE',  ( -0.5999999999999999778, 0.04950000000000000233, 0.000000000000000000 ) ) ;
#5015 = VECTOR ( 'NONE', #10254, 1000.000000000000000 ) ;
#5016 = ORIENTED_EDGE ( 'NONE', *, *, #4496, .T. ) ;
#5017 = DIRECTION ( 'NONE',  ( -0.000000000000000000, -1.000000000000000000, -0.000000000000000000 ) ) ;
#5018 =( LENGTH_UNIT ( ) NAMED_UNIT ( * ) SI_UNIT ( .MILLI., .METRE. ) );
#5019 = ORIENTED_EDGE ( 'NONE', *, *, #9337, .F. ) ;
#5020 = VERTEX_POINT ( 'NONE', #6475 ) ;
#5021 = PRESENTATION_STYLE_ASSIGNMENT (( #4144 ) ) ;
#5022 = EDGE_CURVE ( 'NONE', #3366, #4777, #9142, .T. ) ;
#5023 = EDGE_CURVE ( 'NONE', #10394, #1082, #9030, .T. ) ;
#5024 = PLANE ( 'NONE',  #731 ) ;
#5025 = ORIENTED_EDGE ( 'NONE', *, *, #4131, .T. ) ;
#5026 = CARTESIAN_POINT ( 'NONE',  ( 0.5350000000000000311, 1.243863872159709949, 0.01000000000000000021 ) ) ;
#5027 = CARTESIAN_POINT ( 'NONE',  ( 0.3002762822146830546, 1.499754031465950099, 0.000000000000000000 ) ) ;
#5028 = DIRECTION ( 'NONE',  ( 0.000000000000000000, -1.000000000000000000, -0.000000000000000000 ) ) ;
#5029 = ORIENTED_EDGE ( 'NONE', *, *, #5372, .T. ) ;
#5030 = DIRECTION ( 'NONE',  ( 1.000000000000000000, 0.000000000000000000, 0.000000000000000000 ) ) ;
#5031 = ORIENTED_EDGE ( 'NONE', *, *, #1087, .F. ) ;
#5032 = EDGE_LOOP ( 'NONE', ( #5938, #1512, #9197, #1359 ) ) ;
#5033 = EDGE_CURVE ( 'NONE', #7901, #1611, #3983, .T. ) ;
#5034 = CARTESIAN_POINT ( 'NONE',  ( -0.4649999999999999689, 0.6000000000000000888, 0.01000000000000000021 ) ) ;
#5035 = EDGE_CURVE ( 'NONE', #3856, #6088, #2381, .T. ) ;
#5036 = FILL_AREA_STYLE ('',( #10090 ) ) ;
#5037 = ORIENTED_EDGE ( 'NONE', *, *, #10870, .T. ) ;
#5038 = ADVANCED_FACE ( 'NONE', ( #10025 ), #1657, .F. ) ;
#5039 = CARTESIAN_POINT ( 'NONE',  ( -0.5999999999999999778, -1.399999999999999911, 0.5300000000000001377 ) ) ;
#5040 = CYLINDRICAL_SURFACE ( 'NONE', #54, 0.1961375929999999990 ) ;
#5041 = DIRECTION ( 'NONE',  ( -0.000000000000000000, -0.000000000000000000, -1.000000000000000000 ) ) ;
#5042 = VECTOR ( 'NONE', #839, 1000.000000000000000 ) ;
#5043 = ADVANCED_FACE ( 'NONE', ( #9858 ), #2275, .T. ) ;
#5044 = FACE_OUTER_BOUND ( 'NONE', #4318, .T. ) ;
#5045 = CARTESIAN_POINT ( 'NONE',  ( -0.5350000000000000311, -0.6971625444288770401, 0.5300000000000001377 ) ) ;
#5046 = ORIENTED_EDGE ( 'NONE', *, *, #9679, .T. ) ;
#5047 = VECTOR ( 'NONE', #6620, 1000.000000000000000 ) ;
#5048 = DIRECTION ( 'NONE',  ( 1.000000000000000000, 0.000000000000000000, 0.000000000000000000 ) ) ;
#5049 = VECTOR ( 'NONE', #1289, 1000.000000000000000 ) ;
#5050 = VERTEX_POINT ( 'NONE', #5695 ) ;
#5051 = DIRECTION ( 'NONE',  ( 0.000000000000000000, -0.000000000000000000, -1.000000000000000000 ) ) ;
#5052 = ORIENTED_EDGE ( 'NONE', *, *, #3214, .T. ) ;
#5053 = PRESENTATION_LAYER_ASSIGNMENT (  '', '', ( #10204 ) ) ;
#5054 = ADVANCED_FACE ( 'NONE', ( #4040 ), #7421, .F. ) ;
#5055 = ORIENTED_EDGE ( 'NONE', *, *, #4796, .T. ) ;
#5056 = DIRECTION ( 'NONE',  ( 1.000000000000000000, 0.000000000000000000, 0.000000000000000000 ) ) ;
#5057 = PRODUCT_DEFINITION_SHAPE ( 'NONE', 'NONE',  #10975 ) ;
#5058 = DIRECTION ( 'NONE',  ( -0.000000000000000000, -1.000000000000000000, -0.000000000000000000 ) ) ;
#5059 = DIRECTION ( 'NONE',  ( 0.000000000000000000, -1.000000000000000000, -0.000000000000000000 ) ) ;
#5060 =( LENGTH_UNIT ( ) NAMED_UNIT ( * ) SI_UNIT ( .MILLI., .METRE. ) );
#5061 = FACE_OUTER_BOUND ( 'NONE', #2173, .T. ) ;
#5062 = SHAPE_DEFINITION_REPRESENTATION ( #2495, #4302 ) ;
#5063 = LINE ( 'NONE', #2361, #4306 ) ;
#5064 = VECTOR ( 'NONE', #5151, 1000.000000000000000 ) ;
#5065 = DIRECTION ( 'NONE',  ( 0.000000000000000000, -1.000000000000000000, 0.000000000000000000 ) ) ;
#5066 = ORIENTED_EDGE ( 'NONE', *, *, #7582, .F. ) ;
#5067 = CARTESIAN_POINT ( 'NONE',  ( -0.5999999999999999778, 1.600000000000000089, 0.7900000000000000355 ) ) ;
#5068 = ORIENTED_EDGE ( 'NONE', *, *, #4335, .F. ) ;
#5069 =( NAMED_UNIT ( * ) PLANE_ANGLE_UNIT ( ) SI_UNIT ( $, .RADIAN. ) );
#5070 = EDGE_CURVE ( 'NONE', #6160, #6688, #6909, .T. ) ;
#5071 = DIRECTION ( 'NONE',  ( -8.131516293641290158E-16, -1.000000000000000000, -0.000000000000000000 ) ) ;
#5072 = EDGE_LOOP ( 'NONE', ( #6171, #10260, #6272, #4870 ) ) ;
#5073 = EDGE_LOOP ( 'NONE', ( #8223, #8254, #5523, #952 ) ) ;
#5074 = ADVANCED_FACE ( 'NONE', ( #9466 ), #205, .F. ) ;
#5075 = EDGE_CURVE ( 'NONE', #787, #3856, #9411, .T. ) ;
#5076 = VECTOR ( 'NONE', #2766, 1000.000000000000000 ) ;
#5077 = SURFACE_STYLE_FILL_AREA ( #1488 ) ;
#5078 = VERTEX_POINT ( 'NONE', #5965 ) ;
#5079 = LINE ( 'NONE', #5803, #10076 ) ;
#5080 = DIRECTION ( 'NONE',  ( 0.000000000000000000, 0.000000000000000000, 1.000000000000000000 ) ) ;
#5081 = CARTESIAN_POINT ( 'NONE',  ( 0.07499999999999998335, -1.098928449973850086, 0.5200000000000000178 ) ) ;
#5082 = ORIENTED_EDGE ( 'NONE', *, *, #1933, .T. ) ;
#5083 = DIRECTION ( 'NONE',  ( -1.000000000000000000, -6.776263578034399754E-16, 0.000000000000000000 ) ) ;
#5084 = ORIENTED_EDGE ( 'NONE', *, *, #10138, .F. ) ;
#5085 = VERTEX_POINT ( 'NONE', #1091 ) ;
#5086 = AXIS2_PLACEMENT_3D ( 'NONE', #153, #8463, #5080 ) ;
#5087 = UNCERTAINTY_MEASURE_WITH_UNIT (LENGTH_MEASURE( 1.000000000000000082E-05 ), #833, 'distance_accuracy_value', 'NONE');
#5088 = CARTESIAN_POINT ( 'NONE',  ( 0.5999999999999999778, 0.6000000000000000888, 0.000000000000000000 ) ) ;
#5089 = CARTESIAN_POINT ( 'NONE',  ( 0.5999999999999999778, -1.600000000000000089, 0.000000000000000000 ) ) ;
#5090 = LINE ( 'NONE', #2390, #4237 ) ;
#5091 = ORIENTED_EDGE ( 'NONE', *, *, #7011, .F. ) ;
#5092 = CARTESIAN_POINT ( 'NONE',  ( -0.1500000000000001055, 0.9000000000000001332, 0.01000000000000000021 ) ) ;
#5093 = EDGE_CURVE ( 'NONE', #6145, #3366, #2641, .T. ) ;
#5094 = DIRECTION ( 'NONE',  ( -1.000000000000000000, -0.000000000000000000, 0.000000000000000000 ) ) ;
#5095 = LINE ( 'NONE', #7758, #4903 ) ;
#5096 = SURFACE_SIDE_STYLE ('',( #10039 ) ) ;
#5097 = VECTOR ( 'NONE', #8553, 1000.000000000000000 ) ;
#5098 = FACE_OUTER_BOUND ( 'NONE', #8860, .T. ) ;
#5099 = ORIENTED_EDGE ( 'NONE', *, *, #441, .T. ) ;
#5100 = SURFACE_STYLE_USAGE ( .BOTH. , #7763 ) ;
#5101 = ORIENTED_EDGE ( 'NONE', *, *, #9113, .T. ) ;
#5102 = DIRECTION ( 'NONE',  ( -1.000000000000000000, -2.710505431213750238E-16, 0.000000000000000000 ) ) ;
#5103 = DIRECTION ( 'NONE',  ( 1.000000000000000000, -8.131516293641290158E-16, 0.000000000000000000 ) ) ;
#5104 = EDGE_LOOP ( 'NONE', ( #6698, #10755, #6306, #10442 ) ) ;
#5105 = ORIENTED_EDGE ( 'NONE', *, *, #908, .T. ) ;
#5106 = CARTESIAN_POINT ( 'NONE',  ( -0.1499999999999989952, 1.600000000000000089, 0.5300000000000001377 ) ) ;
#5107 = DIRECTION ( 'NONE',  ( 1.000000000000000000, 0.000000000000000000, -0.000000000000000000 ) ) ;
#5108 = AXIS2_PLACEMENT_3D ( 'NONE', #7542, #1610, #3371 ) ;
#5109 = LINE ( 'NONE', #7510, #8649 ) ;
#5110 = FACE_OUTER_BOUND ( 'NONE', #6753, .T. ) ;
#5111 = DIRECTION ( 'NONE',  ( 1.000000000000000000, 0.000000000000000000, -0.000000000000000000 ) ) ;
#5112 = CARTESIAN_POINT ( 'NONE',  ( -0.1218411998642919963, 0.01815880013570820087, 0.5300000000000001377 ) ) ;
#5113 = CARTESIAN_POINT ( 'NONE',  ( 0.5350000000000000311, 1.600000000000000089, 0.5300000000000001377 ) ) ;
#5114 = AXIS2_PLACEMENT_3D ( 'NONE', #4255, #1699, #862 ) ;
#5115 = DIRECTION ( 'NONE',  ( 0.4788521306805550992, 0.8778955729143942399, 0.000000000000000000 ) ) ;
#5116 = ORIENTED_EDGE ( 'NONE', *, *, #4634, .T. ) ;
#5117 = DIRECTION ( 'NONE',  ( -0.000000000000000000, -0.000000000000000000, -1.000000000000000000 ) ) ;
#5118 = AXIS2_PLACEMENT_3D ( 'NONE', #10562, #6285, #10509 ) ;
#5119 = ORIENTED_EDGE ( 'NONE', *, *, #4495, .T. ) ;
#5120 = SURFACE_SIDE_STYLE ('',( #3413 ) ) ;
#5121 = ORIENTED_EDGE ( 'NONE', *, *, #6899, .T. ) ;
#5122 = ORIENTED_EDGE ( 'NONE', *, *, #676, .T. ) ;
#5123 = VECTOR ( 'NONE', #6510, 1000.000000000000227 ) ;
#5124 = AXIS2_PLACEMENT_3D ( 'NONE', #4341, #8708, #9441 ) ;
#5125 = PLANE ( 'NONE',  #2647 ) ;
#5126 = CARTESIAN_POINT ( 'NONE',  ( -0.5999999999999999778, -1.600000000000000089, 0.7900000000000000355 ) ) ;
#5127 = ORIENTED_EDGE ( 'NONE', *, *, #5646, .F. ) ;
#5128 = EDGE_CURVE ( 'NONE', #8231, #9684, #871, .T. ) ;
#5129 = CARTESIAN_POINT ( 'NONE',  ( 0.5999999999999999778, 0.6999999999999999556, 0.000000000000000000 ) ) ;
#5130 = DIRECTION ( 'NONE',  ( -0.000000000000000000, -1.000000000000000000, -0.000000000000000000 ) ) ;
#5131 = ORIENTED_EDGE ( 'NONE', *, *, #479, .F. ) ;
#5132 = DIRECTION ( 'NONE',  ( -0.000000000000000000, -0.000000000000000000, -1.000000000000000000 ) ) ;
#5133 = VECTOR ( 'NONE', #4162, 1000.000000000000000 ) ;
#5134 = EDGE_CURVE ( 'NONE', #7398, #4291, #1038, .T. ) ;
#5135 = ORIENTED_EDGE ( 'NONE', *, *, #10475, .F. ) ;
#5136 = LINE ( 'NONE', #2700, #1992 ) ;
#5137 = VECTOR ( 'NONE', #6050, 1000.000000000000000 ) ;
#5138 = CARTESIAN_POINT ( 'NONE',  ( -0.2400000000000000189, -1.600000000000000089, 0.01000000000000000021 ) ) ;
#5139 = PRODUCT_DEFINITION_SHAPE ( 'NONE', 'NONE',  #10968 ) ;
#5140 = CARTESIAN_POINT ( 'NONE',  ( 0.000000000000000000, 0.000000000000000000, 0.5200000000000000178 ) ) ;
#5141 = VERTEX_POINT ( 'NONE', #4469 ) ;
#5142 = PLANE ( 'NONE',  #9408 ) ;
#5143 = CARTESIAN_POINT ( 'NONE',  ( -0.5999999999999999778, 1.239999999999999991, 0.01000000000000000021 ) ) ;
#5144 = EDGE_CURVE ( 'NONE', #32, #5020, #3574, .T. ) ;
#5145 = CARTESIAN_POINT ( 'NONE',  ( -0.1499999999999999667, 0.9000000000000001332, 0.7900000000000000355 ) ) ;
#5146 = FILL_AREA_STYLE ('',( #4928 ) ) ;
#5147 = VECTOR ( 'NONE', #4992, 1000.000000000000000 ) ;
#5148 = EDGE_CURVE ( 'NONE', #5659, #6643, #10343, .T. ) ;
#5149 = CARTESIAN_POINT ( 'NONE',  ( 0.5999999999999999778, 0.6999999999999999556, 0.000000000000000000 ) ) ;
#5150 = ORIENTED_EDGE ( 'NONE', *, *, #978, .F. ) ;
#5151 = DIRECTION ( 'NONE',  ( -0.000000000000000000, 1.000000000000000000, 0.000000000000000000 ) ) ;
#5152 = VERTEX_POINT ( 'NONE', #2750 ) ;
#5153 = CARTESIAN_POINT ( 'NONE',  ( -0.5350000000000000311, 1.239999999999999991, 0.01000000000000000021 ) ) ;
#5154 = DIRECTION ( 'NONE',  ( 0.000000000000000000, 1.000000000000000000, 0.000000000000000000 ) ) ;
#5155 = VECTOR ( 'NONE', #3146, 1000.000000000000000 ) ;
#5156 = EDGE_LOOP ( 'NONE', ( #2598, #7074, #10545, #9551 ) ) ;
#5157 = COLOUR_RGB ( '',0.3921568627450980338, 0.5999999999999999778, 0.3921568627450980338 ) ;
#5158 = ADVANCED_FACE ( 'NONE', ( #8519 ), #10291, .F. ) ;
#5159 = ORIENTED_EDGE ( 'NONE', *, *, #7828, .T. ) ;
#5160 = CARTESIAN_POINT ( 'NONE',  ( 0.07499999999999999722, 1.098486643203810065, 0.5200000000000000178 ) ) ;
#5161 = DIRECTION ( 'NONE',  ( -0.000000000000000000, -1.000000000000000000, -0.000000000000000000 ) ) ;
#5162 = VECTOR ( 'NONE', #9791, 1000.000000000000000 ) ;
#5163 = DIRECTION ( 'NONE',  ( -0.000000000000000000, -0.000000000000000000, -1.000000000000000000 ) ) ;
#5164 = CARTESIAN_POINT ( 'NONE',  ( 0.5999999999999999778, 0.7005555010695040385, 0.5300000000000001377 ) ) ;
#5165 = SURFACE_SIDE_STYLE ('',( #7723 ) ) ;
#5166 = DIRECTION ( 'NONE',  ( 0.4788521306805719746, 0.8778955729143851361, 0.000000000000000000 ) ) ;
#5167 = MECHANICAL_DESIGN_GEOMETRIC_PRESENTATION_REPRESENTATION (  '', ( #8360 ), #6235 ) ;
#5168 = ADVANCED_FACE ( 'NONE', ( #104 ), #3473, .F. ) ;
#5169 = ADVANCED_FACE ( 'NONE', ( #3795 ), #3020, .F. ) ;
#5170 = CARTESIAN_POINT ( 'NONE',  ( 0.5961306949927850374, -1.600000000000000089, 0.000000000000000000 ) ) ;
#5171 = VECTOR ( 'NONE', #10226, 1000.000000000000000 ) ;
#5172 = EDGE_CURVE ( 'NONE', #9789, #9884, #5461, .T. ) ;
#5173 = DIRECTION ( 'NONE',  ( 0.000000000000000000, -0.000000000000000000, 1.000000000000000000 ) ) ;
#5174 = EDGE_CURVE ( 'NONE', #2687, #8231, #1984, .T. ) ;
#5175 = ORIENTED_EDGE ( 'NONE', *, *, #3847, .T. ) ;
#5176 = VECTOR ( 'NONE', #843, 1000.000000000000000 ) ;
#5177 = LINE ( 'NONE', #2527, #5047 ) ;
#5178 = VECTOR ( 'NONE', #10269, 1000.000000000000000 ) ;
#5179 = ORIENTED_EDGE ( 'NONE', *, *, #7623, .T. ) ;
#5180 = CARTESIAN_POINT ( 'NONE',  ( -9.770630030008629709E-16, 2.168404344971010347E-16, 0.7900000000000000355 ) ) ;
#5181 = CARTESIAN_POINT ( 'NONE',  ( 0.1499999999999999667, 1.489999999999999991, 0.000000000000000000 ) ) ;
#5182 = EDGE_LOOP ( 'NONE', ( #6175, #3956, #8784, #7305, #1800, #9247, #2753, #6955, #3878 ) ) ;
#5183 = ORIENTED_EDGE ( 'NONE', *, *, #176, .F. ) ;
#5184 = VECTOR ( 'NONE', #4550, 1000.000000000000000 ) ;
#5185 = SURFACE_SIDE_STYLE ('',( #1807 ) ) ;
#5186 = AXIS2_PLACEMENT_3D ( 'NONE', #4208, #655, #9194 ) ;
#5187 = VERTEX_POINT ( 'NONE', #5520 ) ;
#5188 = LINE ( 'NONE', #6693, #5816 ) ;
#5189 = FILL_AREA_STYLE ('',( #6859 ) ) ;
#5190 = VERTEX_POINT ( 'NONE', #7958 ) ;
#5191 = VECTOR ( 'NONE', #3087, 1000.000000000000000 ) ;
#5192 = SURFACE_STYLE_FILL_AREA ( #6016 ) ;
#5193 = ORIENTED_EDGE ( 'NONE', *, *, #8434, .T. ) ;
#5194 = ORIENTED_EDGE ( 'NONE', *, *, #1296, .F. ) ;
#5195 = UNCERTAINTY_MEASURE_WITH_UNIT (LENGTH_MEASURE( 1.000000000000000082E-05 ), #2336, 'distance_accuracy_value', 'NONE');
#5196 = CARTESIAN_POINT ( 'NONE',  ( 0.5999999999999999778, 1.600000000000000089, 0.01000000000000000021 ) ) ;
#5197 = DIRECTION ( 'NONE',  ( -0.000000000000000000, -0.000000000000000000, 1.000000000000000000 ) ) ;
#5198 = DIRECTION ( 'NONE',  ( -0.000000000000000000, -0.000000000000000000, 1.000000000000000000 ) ) ;
#5199 = ORIENTED_EDGE ( 'NONE', *, *, #6217, .F. ) ;
#5200 = LINE ( 'NONE', #6140, #7463 ) ;
#5201 = LINE ( 'NONE', #3375, #5343 ) ;
#5202 = CARTESIAN_POINT ( 'NONE',  ( -0.5350000000000000311, -0.6400000000000000133, 0.01000000000000000021 ) ) ;
#5203 = DIRECTION ( 'NONE',  ( -0.8778955729143942399, -0.4788521306805550992, 0.000000000000000000 ) ) ;
#5204 = CARTESIAN_POINT ( 'NONE',  ( -0.5999999999999999778, 1.239999999999999991, 0.5200000000000000178 ) ) ;
#5205 = ORIENTED_EDGE ( 'NONE', *, *, #2242, .F. ) ;
#5206 = LINE ( 'NONE', #1893, #5064 ) ;
#5207 = VERTEX_POINT ( 'NONE', #8903 ) ;
#5208 = EDGE_CURVE ( 'NONE', #1317, #6267, #1313, .T. ) ;
#5209 = CARTESIAN_POINT ( 'NONE',  ( 0.4650000000000000244, 0.6400000000000001243, 0.5200000000000000178 ) ) ;
#5210 = CARTESIAN_POINT ( 'NONE',  ( -0.5999999999999999778, -1.399999999999999911, 0.000000000000000000 ) ) ;
#5211 = EDGE_CURVE ( 'NONE', #5922, #1413, #6239, .T. ) ;
#5212 = EDGE_LOOP ( 'NONE', ( #1138, #5631, #9571, #6824, #8115, #2960, #8083, #2405, #4939 ) ) ;
#5213 = AXIS2_PLACEMENT_3D ( 'NONE', #9088, #5476, #1495 ) ;
#5214 = EDGE_CURVE ( 'NONE', #394, #5421, #3628, .T. ) ;
#5215 = CARTESIAN_POINT ( 'NONE',  ( -0.07499999999999940048, -1.100000000000000089, 0.001000000000000000021 ) ) ;
#5216 = DIRECTION ( 'NONE',  ( -1.000000000000000000, 0.000000000000000000, -0.000000000000000000 ) ) ;
#5217 = VECTOR ( 'NONE', #9668, 1000.000000000000114 ) ;
#5218 = VECTOR ( 'NONE', #7511, 1000.000000000000000 ) ;
#5219 = CARTESIAN_POINT ( 'NONE',  ( -0.5999999999999999778, 1.098486643203810065, 0.5200000000000000178 ) ) ;
#5220 = CARTESIAN_POINT ( 'NONE',  ( -0.2952229299363060000, -1.600000000000000089, 0.000000000000000000 ) ) ;
#5221 = LINE ( 'NONE', #5326, #402 ) ;
#5222 = DIRECTION ( 'NONE',  ( 1.000000000000000000, -0.000000000000000000, 0.000000000000000000 ) ) ;
#5223 = VECTOR ( 'NONE', #7082, 1000.000000000000000 ) ;
#5224 = DIRECTION ( 'NONE',  ( -0.8778955729143846920, 0.4788521306805728073, 0.000000000000000000 ) ) ;
#5225 = DIRECTION ( 'NONE',  ( -0.000000000000000000, 0.000000000000000000, -1.000000000000000000 ) ) ;
#5226 = VECTOR ( 'NONE', #4187, 1000.000000000000000 ) ;
#5227 = CARTESIAN_POINT ( 'NONE',  ( 0.5999999999999999778, 1.243863872159709949, 0.000000000000000000 ) ) ;
#5228 = VECTOR ( 'NONE', #103, 1000.000000000000000 ) ;
#5229 = ORIENTED_EDGE ( 'NONE', *, *, #8137, .F. ) ;
#5230 = FACE_OUTER_BOUND ( 'NONE', #287, .T. ) ;
#5231 =( LENGTH_UNIT ( ) NAMED_UNIT ( * ) SI_UNIT ( .MILLI., .METRE. ) );
#5232 = VERTEX_POINT ( 'NONE', #1257 ) ;
#5233 = AXIS2_PLACEMENT_3D ( 'NONE', #3708, #5607, #2999 ) ;
#5234 = DIRECTION ( 'NONE',  ( 0.000000000000000000, 0.000000000000000000, 1.000000000000000000 ) ) ;
#5235 = DIRECTION ( 'NONE',  ( 1.000000000000000000, -2.581433744013109998E-16, -0.000000000000000000 ) ) ;
#5236 = VERTEX_POINT ( 'NONE', #3677 ) ;
#5237 = ORIENTED_EDGE ( 'NONE', *, *, #9580, .T. ) ;
#5238 = ADVANCED_FACE ( 'NONE', ( #2962 ), #4693, .T. ) ;
#5239 = PLANE ( 'NONE',  #4594 ) ;
#5240 = STYLED_ITEM ( 'NONE', ( #8909 ), #6283 ) ;
#5241 = ORIENTED_EDGE ( 'NONE', *, *, #6013, .F. ) ;
#5242 = DIRECTION ( 'NONE',  ( 0.000000000000000000, 1.000000000000000000, 0.000000000000000000 ) ) ;
#5243 = FACE_OUTER_BOUND ( 'NONE', #10145, .T. ) ;
#5244 = VERTEX_POINT ( 'NONE', #2916 ) ;
#5245 = DIRECTION ( 'NONE',  ( -0.000000000000000000, -0.000000000000000000, 1.000000000000000000 ) ) ;
#5246 = ORIENTED_EDGE ( 'NONE', *, *, #6470, .T. ) ;
#5247 = PLANE ( 'NONE',  #918 ) ;
#5248 = VECTOR ( 'NONE', #6525, 1000.000000000000000 ) ;
#5249 = EDGE_CURVE ( 'NONE', #2123, #1010, #9731, .T. ) ;
#5250 = LINE ( 'NONE', #9576, #2861 ) ;
#5251 = CARTESIAN_POINT ( 'NONE',  ( 0.1499999999999999944, 1.499754031465950099, 0.000000000000000000 ) ) ;
#5252 = ORIENTED_EDGE ( 'NONE', *, *, #102, .T. ) ;
#5253 = DIRECTION ( 'NONE',  ( 0.000000000000000000, 0.000000000000000000, 1.000000000000000000 ) ) ;
#5254 = FACE_OUTER_BOUND ( 'NONE', #1024, .T. ) ;
#5255 = DIRECTION ( 'NONE',  ( 1.000000000000000000, -0.000000000000000000, 0.000000000000000000 ) ) ;
#5256 = DIRECTION ( 'NONE',  ( 0.000000000000000000, -0.000000000000000000, -1.000000000000000000 ) ) ;
#5257 = AXIS2_PLACEMENT_3D ( 'NONE', #3734, #3851, #6399 ) ;
#5258 = ORIENTED_EDGE ( 'NONE', *, *, #6850, .F. ) ;
#5259 =( LENGTH_UNIT ( ) NAMED_UNIT ( * ) SI_UNIT ( .MILLI., .METRE. ) );
#5260 = ORIENTED_EDGE ( 'NONE', *, *, #10177, .F. ) ;
#5261 = PLANE ( 'NONE',  #10316 ) ;
#5262 = CARTESIAN_POINT ( 'NONE',  ( 0.3999931019927850384, 1.600000000000000089, 0.01000000000000000021 ) ) ;
#5263 = ORIENTED_EDGE ( 'NONE', *, *, #2664, .F. ) ;
#5264 = LINE ( 'NONE', #7769, #9392 ) ;
#5265 = LINE ( 'NONE', #1956, #229 ) ;
#5266 = LINE ( 'NONE', #3705, #1923 ) ;
#5267 = FACE_OUTER_BOUND ( 'NONE', #2479, .T. ) ;
#5268 = DIRECTION ( 'NONE',  ( 0.000000000000000000, 0.000000000000000000, 1.000000000000000000 ) ) ;
#5269 = LINE ( 'NONE', #2785, #4004 ) ;
#5270 = VERTEX_POINT ( 'NONE', #6290 ) ;
#5271 = EDGE_CURVE ( 'NONE', #5825, #10368, #5572, .T. ) ;
#5272 = CARTESIAN_POINT ( 'NONE',  ( -0.07499999999999999722, 1.600000000000000089, 0.001000000000000000021 ) ) ;
#5273 = VECTOR ( 'NONE', #1574, 1000.000000000000000 ) ;
#5274 = CARTESIAN_POINT ( 'NONE',  ( -0.5999999999999999778, 1.600000000000000089, 0.5200000000000000178 ) ) ;
#5275 = PLANE ( 'NONE',  #9736 ) ;
#5276 =( GEOMETRIC_REPRESENTATION_CONTEXT ( 3 ) GLOBAL_UNCERTAINTY_ASSIGNED_CONTEXT ( ( #7964 ) ) GLOBAL_UNIT_ASSIGNED_CONTEXT ( ( #2116, #3995, #5814 ) ) REPRESENTATION_CONTEXT ( 'NONE', 'WORKASPACE' ) );
#5277 = PRESENTATION_LAYER_ASSIGNMENT (  '', '', ( #8222 ) ) ;
#5278 = VERTEX_POINT ( 'NONE', #1151 ) ;
#5279 = CARTESIAN_POINT ( 'NONE',  ( 0.1300000000000000044, 0.1700000000000000122, 0.001000000000000000021 ) ) ;
#5280 = LINE ( 'NONE', #7068, #3276 ) ;
#5281 = EDGE_CURVE ( 'NONE', #4646, #2923, #8011, .T. ) ;
#5282 = EDGE_CURVE ( 'NONE', #10108, #5922, #7079, .T. ) ;
#5283 = ORIENTED_EDGE ( 'NONE', *, *, #1246, .T. ) ;
#5284 = ORIENTED_EDGE ( 'NONE', *, *, #4232, .T. ) ;
#5285 = ORIENTED_EDGE ( 'NONE', *, *, #8091, .F. ) ;
#5286 = EDGE_CURVE ( 'NONE', #9507, #2559, #7905, .T. ) ;
#5287 = ADVANCED_BREP_SHAPE_REPRESENTATION ( '', ( #6233, #2231 ), #3998 ) ;
#5288 = VERTEX_POINT ( 'NONE', #5407 ) ;
#5289 = CARTESIAN_POINT ( 'NONE',  ( 0.5999999999999999778, -0.6999999999999999556, 0.001000000000000000021 ) ) ;
#5290 = SURFACE_STYLE_USAGE ( .BOTH. , #983 ) ;
#5291 = DIRECTION ( 'NONE',  ( -1.000000000000000000, -0.000000000000000000, 0.000000000000000000 ) ) ;
#5292 = ORIENTED_EDGE ( 'NONE', *, *, #1586, .T. ) ;
#5293 = CARTESIAN_POINT ( 'NONE',  ( -0.1499999999999999944, -1.499754031465950099, 0.000000000000000000 ) ) ;
#5294 = FILL_AREA_STYLE ('',( #3477 ) ) ;
#5295 = ORIENTED_EDGE ( 'NONE', *, *, #4963, .F. ) ;
#5296 = VECTOR ( 'NONE', #3805, 1000.000000000000000 ) ;
#5297 = UNCERTAINTY_MEASURE_WITH_UNIT (LENGTH_MEASURE( 1.000000000000000082E-05 ), #2899, 'distance_accuracy_value', 'NONE');
#5298 = AXIS2_PLACEMENT_3D ( 'NONE', #10172, #10944, #4294 ) ;
#5299 = DIRECTION ( 'NONE',  ( 1.115864326998099833E-15, -1.000000000000000000, 0.000000000000000000 ) ) ;
#5300 = EDGE_CURVE ( 'NONE', #10034, #7395, #3235, .T. ) ;
#5301 = EDGE_CURVE ( 'NONE', #5304, #3143, #9171, .T. ) ;
#5302 = CARTESIAN_POINT ( 'NONE',  ( 0.000000000000000000, 0.000000000000000000, 0.001000000000000000021 ) ) ;
#5303 = DIRECTION ( 'NONE',  ( 0.000000000000000000, -0.000000000000000000, -1.000000000000000000 ) ) ;
#5304 = VERTEX_POINT ( 'NONE', #6613 ) ;
#5305 = EDGE_CURVE ( 'NONE', #9973, #7600, #851, .T. ) ;
#5306 = EDGE_CURVE ( 'NONE', #7845, #9704, #7562, .T. ) ;
#5307 = PLANE ( 'NONE',  #1978 ) ;
#5308 = CARTESIAN_POINT ( 'NONE',  ( -0.5350000000000000311, -0.6971625444288769291, 0.5300000000000001377 ) ) ;
#5309 = DIRECTION ( 'NONE',  ( -1.000000000000000000, -3.820976819332179938E-16, 0.000000000000000000 ) ) ;
#5310 = VECTOR ( 'NONE', #3376, 1000.000000000000000 ) ;
#5311 = FACE_OUTER_BOUND ( 'NONE', #7441, .T. ) ;
#5312 = VECTOR ( 'NONE', #438, 1000.000000000000000 ) ;
#5313 = EDGE_LOOP ( 'NONE', ( #4781, #9487, #3426, #5454 ) ) ;
#5314 = CARTESIAN_POINT ( 'NONE',  ( 0.07499999999999998335, -1.098928449973850086, 0.5300000000000001377 ) ) ;
#5315 = ORIENTED_EDGE ( 'NONE', *, *, #6201, .F. ) ;
#5316 = CARTESIAN_POINT ( 'NONE',  ( 0.000000000000000000, -0.03000000000000000236, 0.001000000000000000021 ) ) ;
#5317 = DIRECTION ( 'NONE',  ( 1.000000000000000000, 0.000000000000000000, -0.000000000000000000 ) ) ;
#5318 = ORIENTED_EDGE ( 'NONE', *, *, #3860, .T. ) ;
#5319 = AXIS2_PLACEMENT_3D ( 'NONE', #1134, #1072, #2020 ) ;
#5320 = FACE_OUTER_BOUND ( 'NONE', #3168, .T. ) ;
#5321 = PRODUCT_DEFINITION_SHAPE ( 'NONE', 'NONE',  #8880 ) ;
#5322 = CARTESIAN_POINT ( 'NONE',  ( -0.4649999999999999689, 0.6400000000000000133, 0.000000000000000000 ) ) ;
#5323 = FACE_OUTER_BOUND ( 'NONE', #4116, .T. ) ;
#5325 =( GEOMETRIC_REPRESENTATION_CONTEXT ( 3 ) GLOBAL_UNCERTAINTY_ASSIGNED_CONTEXT ( ( #5087 ) ) GLOBAL_UNIT_ASSIGNED_CONTEXT ( ( #833, #3373, #8478 ) ) REPRESENTATION_CONTEXT ( 'NONE', 'WORKASPACE' ) );
#5324 = CARTESIAN_POINT ( 'NONE',  ( 0.3925934069883830202, 0.9000000000000001332, 0.000000000000000000 ) ) ;
#5326 = CARTESIAN_POINT ( 'NONE',  ( 0.5999999999999999778, 0.7495000000000000551, 0.000000000000000000 ) ) ;
#5327 =( NAMED_UNIT ( * ) PLANE_ANGLE_UNIT ( ) SI_UNIT ( $, .RADIAN. ) );
#5328 = ORIENTED_EDGE ( 'NONE', *, *, #9827, .F. ) ;
#5329 = CARTESIAN_POINT ( 'NONE',  ( 0.2400000000000000189, -1.600000000000000089, 0.01000000000000000021 ) ) ;
#5330 = VECTOR ( 'NONE', #6548, 1000.000000000000000 ) ;
#5331 = DIRECTION ( 'NONE',  ( -1.000000000000000000, 0.000000000000000000, 0.000000000000000000 ) ) ;
#5332 = AXIS2_PLACEMENT_3D ( 'NONE', #3095, #1323, #2217 ) ;
#5333 = ORIENTED_EDGE ( 'NONE', *, *, #10426, .T. ) ;
#5334 = PLANE ( 'NONE',  #10807 ) ;
#5335 = EDGE_CURVE ( 'NONE', #9711, #5954, #8443, .T. ) ;
#5336 = PLANE ( 'NONE',  #1334 ) ;
#5337 = LINE ( 'NONE', #10336, #2526 ) ;
#5338 = EDGE_LOOP ( 'NONE', ( #10474, #3044, #4714, #5091, #1562, #1936, #2142, #10943, #1156 ) ) ;
#5339 = ORIENTED_EDGE ( 'NONE', *, *, #2841, .T. ) ;
#5340 =( GEOMETRIC_REPRESENTATION_CONTEXT ( 3 ) GLOBAL_UNCERTAINTY_ASSIGNED_CONTEXT ( ( #1847 ) ) GLOBAL_UNIT_ASSIGNED_CONTEXT ( ( #5625, #2964, #9017 ) ) REPRESENTATION_CONTEXT ( 'NONE', 'WORKASPACE' ) );
#5341 = EDGE_CURVE ( 'NONE', #3392, #2975, #5896, .T. ) ;
#5342 = ADVANCED_FACE ( 'NONE', ( #4745 ), #8117, .F. ) ;
#5343 = VECTOR ( 'NONE', #8589, 1000.000000000000000 ) ;
#5344 = ORIENTED_EDGE ( 'NONE', *, *, #1762, .F. ) ;
#5345 = FACE_OUTER_BOUND ( 'NONE', #2484, .T. ) ;
#5346 =( GEOMETRIC_REPRESENTATION_CONTEXT ( 3 ) GLOBAL_UNCERTAINTY_ASSIGNED_CONTEXT ( ( #2649 ) ) GLOBAL_UNIT_ASSIGNED_CONTEXT ( ( #9403, #7947, #10283 ) ) REPRESENTATION_CONTEXT ( 'NONE', 'WORKASPACE' ) );
#5347 = EDGE_CURVE ( 'NONE', #10505, #3468, #6838, .T. ) ;
#5348 = ORIENTED_EDGE ( 'NONE', *, *, #10426, .F. ) ;
#5349 = EDGE_CURVE ( 'NONE', #3160, #9209, #3397, .T. ) ;
#5350 = VECTOR ( 'NONE', #10888, 1000.000000000000000 ) ;
#5351 = DIRECTION ( 'NONE',  ( -0.4788521306805730293, 0.8778955729143845810, 0.000000000000000000 ) ) ;
#5352 = DIRECTION ( 'NONE',  ( 0.000000000000000000, 1.000000000000000000, 0.000000000000000000 ) ) ;
#5353 = DIRECTION ( 'NONE',  ( 0.000000000000000000, -0.000000000000000000, 1.000000000000000000 ) ) ;
#5354 = EDGE_LOOP ( 'NONE', ( #1659, #5193, #4893, #5379 ) ) ;
#5355 = PLANE ( 'NONE',  #7177 ) ;
#5356 = VECTOR ( 'NONE', #3649, 1000.000000000000000 ) ;
#5357 = ORIENTED_EDGE ( 'NONE', *, *, #8547, .T. ) ;
#5358 = CARTESIAN_POINT ( 'NONE',  ( 0.3925000000000000155, 0.7500000000000000000, 0.7900000000000000355 ) ) ;
#5359 = VECTOR ( 'NONE', #2929, 1000.000000000000000 ) ;
#5360 = ADVANCED_FACE ( 'NONE', ( #5110 ), #6783, .F. ) ;
#5361 = LINE ( 'NONE', #8797, #3039 ) ;
#5362 = FACE_OUTER_BOUND ( 'NONE', #5817, .T. ) ;
#5363 = ORIENTED_EDGE ( 'NONE', *, *, #1693, .F. ) ;
#5364 = LINE ( 'NONE', #8748, #1269 ) ;
#5365 = SURFACE_STYLE_FILL_AREA ( #5470 ) ;
#5366 = CARTESIAN_POINT ( 'NONE',  ( 0.5999999999999999778, 1.600000000000000089, 0.000000000000000000 ) ) ;
#5367 = PLANE ( 'NONE',  #2534 ) ;
#5368 = PRODUCT_DEFINITION_CONTEXT ( 'detailed design', #1741, 'design' ) ;
#5369 = ORIENTED_EDGE ( 'NONE', *, *, #8901, .F. ) ;
#5370 = ORIENTED_EDGE ( 'NONE', *, *, #5766, .T. ) ;
#5371 = ORIENTED_EDGE ( 'NONE', *, *, #1762, .T. ) ;
#5373 = ORIENTED_EDGE ( 'NONE', *, *, #9293, .F. ) ;
#5372 = EDGE_CURVE ( 'NONE', #1383, #4354, #5836, .T. ) ;
#5374 = VECTOR ( 'NONE', #1045, 1000.000000000000000 ) ;
#5375 = PLANE ( 'NONE',  #3762 ) ;
#5376 = ADVANCED_FACE ( 'NONE', ( #1575 ), #4944, .T. ) ;
#5377 = CARTESIAN_POINT ( 'NONE',  ( -0.5999999999999999778, 1.239999999999999991, 0.8000000000000000444 ) ) ;
#5378 = ADVANCED_FACE ( 'NONE', ( #5267 ), #7884, .F. ) ;
#5379 = ORIENTED_EDGE ( 'NONE', *, *, #2242, .T. ) ;
#5380 = EDGE_CURVE ( 'NONE', #7826, #4956, #131, .T. ) ;
#5381 = CARTESIAN_POINT ( 'NONE',  ( -0.1200000000000000094, 0.02000000000000000042, 0.001000000000000000021 ) ) ;
#5382 = CARTESIAN_POINT ( 'NONE',  ( 0.1499999999999993006, -1.098928449973850086, 0.5300000000000001377 ) ) ;
#5383 = DIRECTION ( 'NONE',  ( 0.000000000000000000, 1.000000000000000000, 0.000000000000000000 ) ) ;
#5384 = CARTESIAN_POINT ( 'NONE',  ( 0.5999999999999999778, 1.600000000000000089, 0.5300000000000001377 ) ) ;
#5385 = LINE ( 'NONE', #8820, #10303 ) ;
#5386 = DIRECTION ( 'NONE',  ( 9.293161478447170157E-16, -1.000000000000000000, -0.000000000000000000 ) ) ;
#5387 = VERTEX_POINT ( 'NONE', #9601 ) ;
#5388 =( NAMED_UNIT ( * ) PLANE_ANGLE_UNIT ( ) SI_UNIT ( $, .RADIAN. ) );
#5389 = FACE_OUTER_BOUND ( 'NONE', #9696, .T. ) ;
#5390 = EDGE_CURVE ( 'NONE', #4777, #5020, #7934, .T. ) ;
#5391 = CARTESIAN_POINT ( 'NONE',  ( 0.1499999999999999944, -0.6971625444288770401, 0.5200000000000000178 ) ) ;
#5392 = VERTEX_POINT ( 'NONE', #244 ) ;
#5393 =( NAMED_UNIT ( * ) PLANE_ANGLE_UNIT ( ) SI_UNIT ( $, .RADIAN. ) );
#5394 = DIRECTION ( 'NONE',  ( -0.4788521306805730293, 0.8778955729143845810, 0.000000000000000000 ) ) ;
#5395 = VECTOR ( 'NONE', #6862, 1000.000000000000000 ) ;
#5396 = APPLICATION_PROTOCOL_DEFINITION ( 'draft international standard', 'automotive_design', 1998, #4508 ) ;
#5397 = DIRECTION ( 'NONE',  ( -0.000000000000000000, 1.000000000000000000, 0.000000000000000000 ) ) ;
#5398 = VERTEX_POINT ( 'NONE', #3552 ) ;
#5399 = ORIENTED_EDGE ( 'NONE', *, *, #8145, .F. ) ;
#5400 = VECTOR ( 'NONE', #3244, 1000.000000000000000 ) ;
#5401 = AXIS2_PLACEMENT_3D ( 'NONE', #4344, #179, #8662 ) ;
#5402 = ORIENTED_EDGE ( 'NONE', *, *, #7111, .T. ) ;
#5403 = VECTOR ( 'NONE', #8266, 1000.000000000000114 ) ;
#5404 = VERTEX_POINT ( 'NONE', #1844 ) ;
#5405 = VECTOR ( 'NONE', #3455, 1000.000000000000000 ) ;
#5406 = CARTESIAN_POINT ( 'NONE',  ( -0.3999999999999999667, 1.600000000000000089, 0.5200000000000000178 ) ) ;
#5407 = CARTESIAN_POINT ( 'NONE',  ( 0.2924999999999999822, 0.7499999999999997780, 0.7900000000000000355 ) ) ;
#5408 = ADVANCED_FACE ( 'NONE', ( #7105 ), #1066, .F. ) ;
#5409 = FILL_AREA_STYLE_COLOUR ( '', #1287 ) ;
#5410 = EDGE_LOOP ( 'NONE', ( #1311, #6331, #9433, #7907 ) ) ;
#5411 = DIRECTION ( 'NONE',  ( -0.8574929257125449844, 0.5144957554275251255, 0.000000000000000000 ) ) ;
#5412 = LINE ( 'NONE', #533, #6072 ) ;
#5413 = ORIENTED_EDGE ( 'NONE', *, *, #2, .T. ) ;
#5414 = ADVANCED_FACE ( 'NONE', ( #7772 ), #4394, .F. ) ;
#5415 = UNCERTAINTY_MEASURE_WITH_UNIT (LENGTH_MEASURE( 1.000000000000000082E-05 ), #4333, 'distance_accuracy_value', 'NONE');
#5416 = DIRECTION ( 'NONE',  ( 1.000000000000000000, 0.000000000000000000, 0.000000000000000000 ) ) ;
#5417 = EDGE_CURVE ( 'NONE', #4918, #32, #3658, .T. ) ;
#5418 = COLOUR_RGB ( '',0.3921568627450980338, 0.5999999999999999778, 0.3921568627450980338 ) ;
#5419 = LINE ( 'NONE', #3861, #6936 ) ;
#5420 = DIRECTION ( 'NONE',  ( -0.000000000000000000, -1.000000000000000000, -0.000000000000000000 ) ) ;
#5421 = VERTEX_POINT ( 'NONE', #10271 ) ;
#5422 = CARTESIAN_POINT ( 'NONE',  ( 0.2068411998642920024, 0.000000000000000000, 0.5200000000000000178 ) ) ;
#5423 = FILL_AREA_STYLE_COLOUR ( '', #9257 ) ;
#5424 = LINE ( 'NONE', #3867, #310 ) ;
#5425 = DIRECTION ( 'NONE',  ( 0.000000000000000000, -1.000000000000000000, 0.000000000000000000 ) ) ;
#5426 = EDGE_LOOP ( 'NONE', ( #7543, #6245, #9994, #2881, #7285, #6434 ) ) ;
#5427 = EDGE_CURVE ( 'NONE', #3934, #3647, #6045, .T. ) ;
#5428 = EDGE_LOOP ( 'NONE', ( #478, #2797, #9510, #6978 ) ) ;
#5429 = ORIENTED_EDGE ( 'NONE', *, *, #5952, .F. ) ;
#5430 = EDGE_CURVE ( 'NONE', #7536, #642, #3606, .T. ) ;
#5431 = CARTESIAN_POINT ( 'NONE',  ( 0.4650000000000000244, 1.600000000000000089, 0.5300000000000001377 ) ) ;
#5432 = LINE ( 'NONE', #8925, #2340 ) ;
#5433 = EDGE_CURVE ( 'NONE', #4629, #7226, #9444, .T. ) ;
#5434 = DIRECTION ( 'NONE',  ( 0.000000000000000000, -0.000000000000000000, -1.000000000000000000 ) ) ;
#5435 = ORIENTED_EDGE ( 'NONE', *, *, #10428, .F. ) ;
#5436 = AXIS2_PLACEMENT_3D ( 'NONE', #10751, #9911, #2328 ) ;
#5437 = CARTESIAN_POINT ( 'NONE',  ( -0.1499999999999999667, 0.7000000000000000666, 0.001000000000000000021 ) ) ;
#5438 = CARTESIAN_POINT ( 'NONE',  ( 0.5999999999999999778, -1.399999999999999911, 0.7900000000000000355 ) ) ;
#5439 = DIRECTION ( 'NONE',  ( 1.000000000000000000, 0.000000000000000000, 0.000000000000000000 ) ) ;
#5440 = CARTESIAN_POINT ( 'NONE',  ( 0.1499999999999990230, 0.7005555010695040385, 0.5300000000000001377 ) ) ;
#5441 = CARTESIAN_POINT ( 'NONE',  ( -0.2999999999999978240, -1.489999999999998659, 0.5300000000000001377 ) ) ;
#5442 = ORIENTED_EDGE ( 'NONE', *, *, #10860, .F. ) ;
#5443 = DIRECTION ( 'NONE',  ( -0.000000000000000000, -1.000000000000000000, -0.000000000000000000 ) ) ;
#5444 = CARTESIAN_POINT ( 'NONE',  ( -0.5999999999999999778, 0.6400000000000000133, 0.000000000000000000 ) ) ;
#5445 = EDGE_CURVE ( 'NONE', #1399, #9677, #4173, .T. ) ;
#5446 = ORIENTED_EDGE ( 'NONE', *, *, #9101, .T. ) ;
#5447 = CARTESIAN_POINT ( 'NONE',  ( 0.000000000000000000, 0.000000000000000000, 0.005000000000000000104 ) ) ;
#5448 = DIRECTION ( 'NONE',  ( -1.000000000000000000, 0.000000000000000000, -0.000000000000000000 ) ) ;
#5449 = VECTOR ( 'NONE', #9283, 1000.000000000000000 ) ;
#5450 =( NAMED_UNIT ( * ) SI_UNIT ( $, .STERADIAN. ) SOLID_ANGLE_UNIT ( ) );
#5451 = CARTESIAN_POINT ( 'NONE',  ( -1.761828530288950030E-15, 3.388131789017199877E-16, 0.5200000000000000178 ) ) ;
#5452 = DIRECTION ( 'NONE',  ( -1.000000000000000000, -0.000000000000000000, 0.000000000000000000 ) ) ;
#5453 = ORIENTED_EDGE ( 'NONE', *, *, #91, .F. ) ;
#5454 = ORIENTED_EDGE ( 'NONE', *, *, #5819, .F. ) ;
#5455 = MECHANICAL_DESIGN_GEOMETRIC_PRESENTATION_REPRESENTATION (  '', ( #2977 ), #155 ) ;
#5456 = ORIENTED_EDGE ( 'NONE', *, *, #7678, .T. ) ;
#5457 = CARTESIAN_POINT ( 'NONE',  ( 0.6000000000000000888, -1.399999999999999911, 0.01000000000000000021 ) ) ;
#5458 = VERTEX_POINT ( 'NONE', #6156 ) ;
#5459 = EDGE_CURVE ( 'NONE', #7012, #754, #1958, .T. ) ;
#5460 = CARTESIAN_POINT ( 'NONE',  ( -0.1499999999999999667, 1.499754031465950099, 0.000000000000000000 ) ) ;
#5461 = LINE ( 'NONE', #2802, #2267 ) ;
#5462 = ORIENTED_EDGE ( 'NONE', *, *, #9719, .F. ) ;
#5463 = ORIENTED_EDGE ( 'NONE', *, *, #6790, .T. ) ;
#5464 = LINE ( 'NONE', #1373, #10837 ) ;
#5465 = DIRECTION ( 'NONE',  ( 1.000000000000000000, 0.000000000000000000, 0.000000000000000000 ) ) ;
#5466 = SURFACE_STYLE_FILL_AREA ( #3639 ) ;
#5467 = ORIENTED_EDGE ( 'NONE', *, *, #4690, .T. ) ;
#5468 = EDGE_CURVE ( 'NONE', #2703, #6687, #8047, .T. ) ;
#5469 = LINE ( 'NONE', #600, #9591 ) ;
#5470 = FILL_AREA_STYLE ('',( #5423 ) ) ;
#5471 = DIRECTION ( 'NONE',  ( 0.000000000000000000, 1.000000000000000000, 0.000000000000000000 ) ) ;
#5472 = DIRECTION ( 'NONE',  ( -0.000000000000000000, 0.000000000000000000, -1.000000000000000000 ) ) ;
#5473 = EDGE_CURVE ( 'NONE', #8757, #9331, #350, .T. ) ;
#5474 = ORIENTED_EDGE ( 'NONE', *, *, #9415, .F. ) ;
#5475 = STYLED_ITEM ( 'NONE', ( #6799 ), #2778 ) ;
#5476 = DIRECTION ( 'NONE',  ( 0.000000000000000000, -1.000000000000000000, 0.000000000000000000 ) ) ;
#5477 = ORIENTED_EDGE ( 'NONE', *, *, #10004, .T. ) ;
#5478 = ORIENTED_EDGE ( 'NONE', *, *, #4703, .T. ) ;
#5479 = CARTESIAN_POINT ( 'NONE',  ( 0.1499999999999999944, 0.6400000000000000133, 0.01000000000000000021 ) ) ;
#5480 = LINE ( 'NONE', #1224, #7641 ) ;
#5481 = DIRECTION ( 'NONE',  ( 1.000000000000000000, 0.000000000000000000, -0.000000000000000000 ) ) ;
#5482 = ORIENTED_EDGE ( 'NONE', *, *, #6356, .F. ) ;
#5483 = AXIS2_PLACEMENT_3D ( 'NONE', #9843, #4850, #9949 ) ;
#5484 = VECTOR ( 'NONE', #1125, 1000.000000000000000 ) ;
#5485 = EDGE_CURVE ( 'NONE', #522, #2965, #4773, .T. ) ;
#5486 = CARTESIAN_POINT ( 'NONE',  ( -0.1200000000000000094, -0.1799999999999999933, 0.001000000000000000021 ) ) ;
#5487 = APPLICATION_CONTEXT ( 'automotive_design' ) ;
#5488 = CARTESIAN_POINT ( 'NONE',  ( -0.4650000000000000244, 1.600000000000000089, 0.01000000000000000021 ) ) ;
#5489 = CARTESIAN_POINT ( 'NONE',  ( -0.5999999999999999778, 0.04949999999999989825, 0.01000000000000000021 ) ) ;
#5490 = DIRECTION ( 'NONE',  ( 1.000000000000000000, 0.000000000000000000, -0.000000000000000000 ) ) ;
#5491 = PLANE ( 'NONE',  #10721 ) ;
#5492 = ORIENTED_EDGE ( 'NONE', *, *, #9439, .T. ) ;
#5493 = DIRECTION ( 'NONE',  ( -0.000000000000000000, -0.000000000000000000, -1.000000000000000000 ) ) ;
#5494 = VERTEX_POINT ( 'NONE', #620 ) ;
#5495 = LINE ( 'NONE', #7170, #8196 ) ;
#5496 = LINE ( 'NONE', #5444, #10648 ) ;
#5497 = VERTEX_POINT ( 'NONE', #2121 ) ;
#5498 = EDGE_CURVE ( 'NONE', #8004, #5270, #9820, .T. ) ;
#5499 = EDGE_CURVE ( 'NONE', #4940, #5078, #7984, .T. ) ;
#5500 = EDGE_CURVE ( 'NONE', #3909, #7142, #7167, .T. ) ;
#5501 = AXIS2_PLACEMENT_3D ( 'NONE', #7939, #8719, #4509 ) ;
#5502 = EDGE_LOOP ( 'NONE', ( #9417, #6534, #4654, #10444 ) ) ;
#5503 = CARTESIAN_POINT ( 'NONE',  ( -0.1499999999999999944, -1.500000000000000000, 0.7900000000000000355 ) ) ;
#5504 = DIRECTION ( 'NONE',  ( 0.000000000000000000, 1.000000000000000000, 0.000000000000000000 ) ) ;
#5505 = VECTOR ( 'NONE', #234, 1000.000000000000000 ) ;
#5506 = CYLINDRICAL_SURFACE ( 'NONE', #10136, 0.1961375929999999990 ) ;
#5507 = ADVANCED_FACE ( 'NONE', ( #7274 ), #10658, .F. ) ;
#5508 = APPLICATION_PROTOCOL_DEFINITION ( 'draft international standard', 'automotive_design', 1998, #750 ) ;
#5509 = PLANE ( 'NONE',  #9079 ) ;
#5510 = ORIENTED_EDGE ( 'NONE', *, *, #5341, .T. ) ;
#5511 = ORIENTED_EDGE ( 'NONE', *, *, #2605, .T. ) ;
#5512 = ADVANCED_FACE ( 'NONE', ( #6432 ), #2237, .T. ) ;
#5513 = VECTOR ( 'NONE', #4647, 1000.000000000000000 ) ;
#5514 = EDGE_CURVE ( 'NONE', #7127, #40, #8039, .T. ) ;
#5515 = ORIENTED_EDGE ( 'NONE', *, *, #1227, .F. ) ;
#5516 = PLANE ( 'NONE',  #5118 ) ;
#5517 = VECTOR ( 'NONE', #5465, 1000.000000000000000 ) ;
#5518 = EDGE_LOOP ( 'NONE', ( #9646, #1953, #3283, #5474 ) ) ;
#5519 = FACE_OUTER_BOUND ( 'NONE', #2296, .T. ) ;
#5520 = CARTESIAN_POINT ( 'NONE',  ( -0.1499999999999999667, 1.100000000000000089, 0.000000000000000000 ) ) ;
#5521 = PRESENTATION_STYLE_ASSIGNMENT (( #6345 ) ) ;
#5522 = VECTOR ( 'NONE', #10543, 1000.000000000000000 ) ;
#5523 = ORIENTED_EDGE ( 'NONE', *, *, #6984, .T. ) ;
#5524 = CARTESIAN_POINT ( 'NONE',  ( 0.5350000000000000311, -1.099999999999999645, 0.005000000000000000104 ) ) ;
#5525 = SURFACE_SIDE_STYLE ('',( #2152 ) ) ;
#5526 = ORIENTED_EDGE ( 'NONE', *, *, #5172, .F. ) ;
#5527 = UNCERTAINTY_MEASURE_WITH_UNIT (LENGTH_MEASURE( 1.000000000000000082E-05 ), #10424, 'distance_accuracy_value', 'NONE');
#5528 = CARTESIAN_POINT ( 'NONE',  ( -0.5350000000000000311, -1.239999999999999991, 0.8000000000000000444 ) ) ;
#5529 = PRESENTATION_LAYER_ASSIGNMENT (  '', '', ( #8360 ) ) ;
#5530 = DIRECTION ( 'NONE',  ( 1.000000000000000000, 0.000000000000000000, 0.000000000000000000 ) ) ;
#5531 =( NAMED_UNIT ( * ) PLANE_ANGLE_UNIT ( ) SI_UNIT ( $, .RADIAN. ) );
#5532 = ORIENTED_EDGE ( 'NONE', *, *, #7951, .T. ) ;
#5533 = LINE ( 'NONE', #8191, #4807 ) ;
#5534 = CARTESIAN_POINT ( 'NONE',  ( -0.5999999999999999778, 1.243863872159709949, 0.01000000000000000021 ) ) ;
#5535 = PLANE ( 'NONE',  #9159 ) ;
#5536 = FACE_OUTER_BOUND ( 'NONE', #2454, .T. ) ;
#5537 = CIRCLE ( 'NONE', #2011, 0.1999999999999999833 ) ;
#5538 = ORIENTED_EDGE ( 'NONE', *, *, #7191, .T. ) ;
#5539 = DIRECTION ( 'NONE',  ( -1.000000000000000000, 0.000000000000000000, -0.000000000000000000 ) ) ;
#5540 = ORIENTED_EDGE ( 'NONE', *, *, #3128, .T. ) ;
#5541 = ORIENTED_EDGE ( 'NONE', *, *, #5022, .F. ) ;
#5542 = CARTESIAN_POINT ( 'NONE',  ( -0.5999999999999999778, 0.6400000000000000133, 0.000000000000000000 ) ) ;
#5543 = CARTESIAN_POINT ( 'NONE',  ( -0.5999999999999999778, 0.7005555010695041496, 0.5300000000000001377 ) ) ;
#5544 = LINE ( 'NONE', #3938, #3624 ) ;
#5545 = VERTEX_POINT ( 'NONE', #3828 ) ;
#5546 = VECTOR ( 'NONE', #6358, 1000.000000000000000 ) ;
#5547 = VECTOR ( 'NONE', #5600, 1000.000000000000000 ) ;
#5548 = CARTESIAN_POINT ( 'NONE',  ( 0.5999999999999999778, 0.9000000000000001332, 0.7900000000000000355 ) ) ;
#5549 = FACE_OUTER_BOUND ( 'NONE', #1235, .T. ) ;
#5550 = CARTESIAN_POINT ( 'NONE',  ( 0.5961306949927850374, 1.243863872159709949, 0.01000000000000000021 ) ) ;
#5551 = LINE ( 'NONE', #1343, #9128 ) ;
#5552 = PLANE ( 'NONE',  #8754 ) ;
#5553 = ADVANCED_FACE ( 'NONE', ( #2995 ), #8152, .T. ) ;
#5554 = ORIENTED_EDGE ( 'NONE', *, *, #4948, .F. ) ;
#5555 = LINE ( 'NONE', #8936, #4181 ) ;
#5556 = VERTEX_POINT ( 'NONE', #1232 ) ;
#5557 = DIRECTION ( 'NONE',  ( 0.000000000000000000, 1.000000000000000000, -0.000000000000000000 ) ) ;
#5558 = EDGE_CURVE ( 'NONE', #1987, #7576, #8819, .T. ) ;
#5559 = LINE ( 'NONE', #10773, #10818 ) ;
#5560 = EDGE_CURVE ( 'NONE', #1043, #2028, #7336, .T. ) ;
#5561 = ORIENTED_EDGE ( 'NONE', *, *, #10561, .F. ) ;
#5562 = CARTESIAN_POINT ( 'NONE',  ( -0.2399563975748849887, -1.600000000000000089, 0.01000000000000000021 ) ) ;
#5563 = FACE_OUTER_BOUND ( 'NONE', #4695, .T. ) ;
#5564 = FILL_AREA_STYLE ('',( #1193 ) ) ;
#5565 = APPLICATION_PROTOCOL_DEFINITION ( 'draft international standard', 'automotive_design', 1998, #2100 ) ;
#5566 = AXIS2_PLACEMENT_3D ( 'NONE', #7896, #7070, #6119 ) ;
#5567 = ORIENTED_EDGE ( 'NONE', *, *, #8801, .T. ) ;
#5568 = DIRECTION ( 'NONE',  ( -0.000000000000000000, 0.000000000000000000, 1.000000000000000000 ) ) ;
#5569 = VERTEX_POINT ( 'NONE', #10542 ) ;
#5570 = AXIS2_PLACEMENT_3D ( 'NONE', #2610, #13, #9208 ) ;
#5571 = DIRECTION ( 'NONE',  ( 1.355252715606879951E-15, 1.000000000000000000, 0.000000000000000000 ) ) ;
#5572 = LINE ( 'NONE', #8961, #494 ) ;
#5573 = CARTESIAN_POINT ( 'NONE',  ( 0.5350000000000000311, 0.7005555010695040385, 0.5300000000000001377 ) ) ;
#5574 = AXIS2_PLACEMENT_3D ( 'NONE', #1140, #2901, #1192 ) ;
#5575 = ORIENTED_EDGE ( 'NONE', *, *, #1124, .T. ) ;
#5576 = VECTOR ( 'NONE', #10323, 1000.000000000000000 ) ;
#5577 = DIRECTION ( 'NONE',  ( 0.000000000000000000, -0.000000000000000000, 1.000000000000000000 ) ) ;
#5578 = DIRECTION ( 'NONE',  ( 0.000000000000000000, 0.000000000000000000, -1.000000000000000000 ) ) ;
#5579 = FILL_AREA_STYLE ('',( #9958 ) ) ;
#5580 = ORIENTED_EDGE ( 'NONE', *, *, #1250, .F. ) ;
#5581 = ORIENTED_EDGE ( 'NONE', *, *, #2968, .T. ) ;
#5582 = VECTOR ( 'NONE', #5245, 1000.000000000000000 ) ;
#5583 = PLANE ( 'NONE',  #45 ) ;
#5584 = CARTESIAN_POINT ( 'NONE',  ( -0.5350000000000000311, -0.9000000000000001332, 0.01000000000000000021 ) ) ;
#5585 = DIRECTION ( 'NONE',  ( -0.000000000000000000, 0.000000000000000000, -1.000000000000000000 ) ) ;
#5586 = ORIENTED_EDGE ( 'NONE', *, *, #6501, .F. ) ;
#5587 = AXIS2_PLACEMENT_3D ( 'NONE', #1960, #965, #7059 ) ;
#5588 = CARTESIAN_POINT ( 'NONE',  ( 0.2952229299363050563, -0.5999999999999999778, 0.5300000000000001377 ) ) ;
#5589 = PLANE ( 'NONE',  #2416 ) ;
#5590 = DIRECTION ( 'NONE',  ( 0.5155782475760174455, -0.8568425004786136556, 0.000000000000000000 ) ) ;
#5591 = ORIENTED_EDGE ( 'NONE', *, *, #1297, .F. ) ;
#5592 = DIRECTION ( 'NONE',  ( 1.355252715606880049E-16, 1.000000000000000000, 0.000000000000000000 ) ) ;
#5593 = VERTEX_POINT ( 'NONE', #3118 ) ;
#5594 = ORIENTED_EDGE ( 'NONE', *, *, #10297, .F. ) ;
#5595 = VECTOR ( 'NONE', #3913, 1000.000000000000000 ) ;
#5596 = CARTESIAN_POINT ( 'NONE',  ( -0.5961306949927850374, 1.600000000000000089, 0.000000000000000000 ) ) ;
#5597 = FACE_OUTER_BOUND ( 'NONE', #3061, .T. ) ;
#5598 = ORIENTED_EDGE ( 'NONE', *, *, #1579, .F. ) ;
#5599 = CARTESIAN_POINT ( 'NONE',  ( 0.1499999999999990230, 1.489999999999999991, 0.5300000000000001377 ) ) ;
#5600 = DIRECTION ( 'NONE',  ( -0.000000000000000000, -0.000000000000000000, -1.000000000000000000 ) ) ;
#5601 =( NAMED_UNIT ( * ) SI_UNIT ( $, .STERADIAN. ) SOLID_ANGLE_UNIT ( ) );
#5602 = CARTESIAN_POINT ( 'NONE',  ( -0.1499999999999990230, 1.098486643203810065, 0.5200000000000000178 ) ) ;
#5603 = CARTESIAN_POINT ( 'NONE',  ( 0.3925934069883830202, 0.9000000000000001332, 0.01000000000000000021 ) ) ;
#5604 = DIRECTION ( 'NONE',  ( 0.000000000000000000, -1.000000000000000000, 0.000000000000000000 ) ) ;
#5605 = PLANE ( 'NONE',  #4859 ) ;
#5606 = EDGE_LOOP ( 'NONE', ( #7230, #10582, #3671, #451 ) ) ;
#5607 = DIRECTION ( 'NONE',  ( 0.000000000000000000, 0.000000000000000000, -1.000000000000000000 ) ) ;
#5608 = VERTEX_POINT ( 'NONE', #9761 ) ;
#5609 = LINE ( 'NONE', #2300, #2533 ) ;
#5610 =( NAMED_UNIT ( * ) SI_UNIT ( $, .STERADIAN. ) SOLID_ANGLE_UNIT ( ) );
#5611 = ORIENTED_EDGE ( 'NONE', *, *, #6316, .F. ) ;
#5612 = VECTOR ( 'NONE', #654, 1000.000000000000000 ) ;
#5613 = EDGE_LOOP ( 'NONE', ( #10348, #7414, #2029, #5725 ) ) ;
#5614 = CARTESIAN_POINT ( 'NONE',  ( 0.1499999999999999667, 0.6400000000000000133, 0.000000000000000000 ) ) ;
#5615 = CARTESIAN_POINT ( 'NONE',  ( -0.6000000000000004219, -1.100000000000000089, 0.005000000000000000104 ) ) ;
#5616 = EDGE_CURVE ( 'NONE', #8253, #1711, #7222, .T. ) ;
#5617 = STYLED_ITEM ( 'NONE', ( #8633 ), #5168 ) ;
#5618 = DIRECTION ( 'NONE',  ( 1.000000000000000000, 0.000000000000000000, 0.000000000000000000 ) ) ;
#5619 = CARTESIAN_POINT ( 'NONE',  ( 0.5999999999999999778, 1.600000000000000089, 0.5300000000000001377 ) ) ;
#5620 = PRODUCT_RELATED_PRODUCT_CATEGORY ( 'part', '', ( #8509 ) ) ;
#5621 = EDGE_LOOP ( 'NONE', ( #3676, #6058, #383, #9110 ) ) ;
#5622 = VECTOR ( 'NONE', #3499, 1000.000000000000000 ) ;
#5623 = ADVANCED_FACE ( 'NONE', ( #1452 ), #4833, .T. ) ;
#5624 =( NAMED_UNIT ( * ) SI_UNIT ( $, .STERADIAN. ) SOLID_ANGLE_UNIT ( ) );
#5625 =( LENGTH_UNIT ( ) NAMED_UNIT ( * ) SI_UNIT ( .MILLI., .METRE. ) );
#5626 = ORIENTED_EDGE ( 'NONE', *, *, #2309, .F. ) ;
#5627 = CARTESIAN_POINT ( 'NONE',  ( 0.000000000000000000, 0.000000000000000000, 0.000000000000000000 ) ) ;
#5628 = LINE ( 'NONE', #5796, #8482 ) ;
#5629 = DIRECTION ( 'NONE',  ( 0.000000000000000000, -1.000000000000000000, -0.000000000000000000 ) ) ;
#5630 = ORIENTED_EDGE ( 'NONE', *, *, #4359, .F. ) ;
#5631 = ORIENTED_EDGE ( 'NONE', *, *, #302, .F. ) ;
#5632 = FACE_OUTER_BOUND ( 'NONE', #10906, .T. ) ;
#5633 = CARTESIAN_POINT ( 'NONE',  ( -0.1500000000000000777, -0.6999999999999999556, 0.000000000000000000 ) ) ;
#5634 =( NAMED_UNIT ( * ) PLANE_ANGLE_UNIT ( ) SI_UNIT ( $, .RADIAN. ) );
#5635 = ORIENTED_EDGE ( 'NONE', *, *, #9491, .T. ) ;
#5636 = CARTESIAN_POINT ( 'NONE',  ( -0.2399563975748849887, 1.600000000000000089, 0.01000000000000000021 ) ) ;
#5637 = VECTOR ( 'NONE', #5303, 1000.000000000000000 ) ;
#5638 = LINE ( 'NONE', #9141, #987 ) ;
#5639 = CARTESIAN_POINT ( 'NONE',  ( 0.5999999999999999778, 1.600000000000000089, 0.5300000000000001377 ) ) ;
#5640 = CARTESIAN_POINT ( 'NONE',  ( -0.5999999999999999778, -0.6000000000000000888, 0.5200000000000000178 ) ) ;
#5641 = ORIENTED_EDGE ( 'NONE', *, *, #10517, .F. ) ;
#5642 = PLANE ( 'NONE',  #1857 ) ;
#5643 = VERTEX_POINT ( 'NONE', #7387 ) ;
#5644 = EDGE_LOOP ( 'NONE', ( #1478, #7297, #5037, #10646 ) ) ;
#5645 = AXIS2_PLACEMENT_3D ( 'NONE', #6652, #6596, #6537 ) ;
#5646 = EDGE_CURVE ( 'NONE', #3787, #647, #10766, .T. ) ;
#5647 = EDGE_CURVE ( 'NONE', #2957, #394, #6323, .T. ) ;
#5648 = CARTESIAN_POINT ( 'NONE',  ( -0.3999931019927850384, 1.600000000000000089, 0.000000000000000000 ) ) ;
#5649 = EDGE_CURVE ( 'NONE', #5494, #1987, #5551, .T. ) ;
#5650 = CARTESIAN_POINT ( 'NONE',  ( 0.1499999999999990230, 0.6400000000000000133, 0.5200000000000000178 ) ) ;
#5651 = ORIENTED_EDGE ( 'NONE', *, *, #909, .T. ) ;
#5652 = DIRECTION ( 'NONE',  ( -1.000000000000000000, 0.000000000000000000, -0.000000000000000000 ) ) ;
#5653 = VECTOR ( 'NONE', #3030, 1000.000000000000000 ) ;
#5654 = PRESENTATION_STYLE_ASSIGNMENT (( #559 ) ) ;
#5655 = CARTESIAN_POINT ( 'NONE',  ( -0.5350000000000000311, 1.600000000000000089, 0.5300000000000001377 ) ) ;
#5656 = CARTESIAN_POINT ( 'NONE',  ( -0.5999999999999999778, -1.399999999999999911, 0.01000000000000000021 ) ) ;
#5657 = DIRECTION ( 'NONE',  ( 0.000000000000000000, 0.000000000000000000, -1.000000000000000000 ) ) ;
#5658 = LINE ( 'NONE', #7337, #7526 ) ;
#5659 = VERTEX_POINT ( 'NONE', #8097 ) ;
#5660 = CARTESIAN_POINT ( 'NONE',  ( -0.1499999999999999944, -1.489999999999999991, 0.000000000000000000 ) ) ;
#5661 = ORIENTED_EDGE ( 'NONE', *, *, #2519, .T. ) ;
#5662 = DIRECTION ( 'NONE',  ( -0.000000000000000000, 1.000000000000000000, 0.000000000000000000 ) ) ;
#5663 = VECTOR ( 'NONE', #7240, 1000.000000000000114 ) ;
#5664 = PRESENTATION_STYLE_ASSIGNMENT (( #1462 ) ) ;
#5665 = AXIS2_PLACEMENT_3D ( 'NONE', #5447, #8827, #4620 ) ;
#5666 = VERTEX_POINT ( 'NONE', #1510 ) ;
#5667 = ORIENTED_EDGE ( 'NONE', *, *, #9117, .T. ) ;
#5668 = CARTESIAN_POINT ( 'NONE',  ( 0.5999999999999999778, -1.243863872159709949, 0.000000000000000000 ) ) ;
#5669 = DIRECTION ( 'NONE',  ( -0.000000000000000000, -1.000000000000000000, -0.000000000000000000 ) ) ;
#5670 = PRESENTATION_LAYER_ASSIGNMENT (  '', '', ( #9215 ) ) ;
#5671 = DIRECTION ( 'NONE',  ( 0.000000000000000000, -1.000000000000000000, -0.000000000000000000 ) ) ;
#5672 = APPLICATION_PROTOCOL_DEFINITION ( 'draft international standard', 'automotive_design', 1998, #10382 ) ;
#5673 = FILL_AREA_STYLE_COLOUR ( '', #4465 ) ;
#5674 = EDGE_CURVE ( 'NONE', #9884, #4096, #8267, .T. ) ;
#5675 = ORIENTED_EDGE ( 'NONE', *, *, #5769, .T. ) ;
#5676 = VECTOR ( 'NONE', #9905, 1000.000000000000000 ) ;
#5677 = DIRECTION ( 'NONE',  ( 1.000000000000000000, -4.170008355713480109E-16, 0.000000000000000000 ) ) ;
#5678 = VERTEX_POINT ( 'NONE', #4055 ) ;
#5679 = MECHANICAL_DESIGN_GEOMETRIC_PRESENTATION_REPRESENTATION (  '', ( #8336 ), #726 ) ;
#5680 = EDGE_CURVE ( 'NONE', #74, #228, #7437, .T. ) ;
#5681 = CARTESIAN_POINT ( 'NONE',  ( -0.5350000000000000311, 0.6400000000000000133, 0.5300000000000001377 ) ) ;
#5682 = LINE ( 'NONE', #646, #818 ) ;
#5683 = VERTEX_POINT ( 'NONE', #9932 ) ;
#5684 = ORIENTED_EDGE ( 'NONE', *, *, #1825, .T. ) ;
#5685 = CARTESIAN_POINT ( 'NONE',  ( -0.5350000000000000311, -1.098928449973850086, 0.5300000000000001377 ) ) ;
#5686 = VECTOR ( 'NONE', #4551, 1000.000000000000000 ) ;
#5687 = EDGE_CURVE ( 'NONE', #3920, #7293, #2344, .T. ) ;
#5688 = DIRECTION ( 'NONE',  ( 0.000000000000000000, 0.000000000000000000, -1.000000000000000000 ) ) ;
#5689 = EDGE_CURVE ( 'NONE', #3958, #7637, #4847, .T. ) ;
#5690 = DIRECTION ( 'NONE',  ( 1.649872471260939997E-15, 1.000000000000000000, 0.000000000000000000 ) ) ;
#5691 = PRESENTATION_LAYER_ASSIGNMENT (  '', '', ( #6040 ) ) ;
#5692 = LINE ( 'NONE', #3198, #3557 ) ;
#5693 = AXIS2_PLACEMENT_3D ( 'NONE', #9898, #8288, #5677 ) ;
#5694 = CARTESIAN_POINT ( 'NONE',  ( -0.1200000000000000094, 0.02000000000000000042, 0.001000000000000000021 ) ) ;
#5695 = CARTESIAN_POINT ( 'NONE',  ( -0.5999999999999999778, 1.239999999999999991, 0.000000000000000000 ) ) ;
#5696 = LINE ( 'NONE', #4864, #8203 ) ;
#5697 = PRESENTATION_LAYER_ASSIGNMENT (  '', '', ( #5876 ) ) ;
#5698 = VERTEX_POINT ( 'NONE', #7453 ) ;
#5699 = DIRECTION ( 'NONE',  ( 0.000000000000000000, -1.000000000000000000, -0.000000000000000000 ) ) ;
#5700 = ORIENTED_EDGE ( 'NONE', *, *, #3780, .T. ) ;
#5701 = VECTOR ( 'NONE', #10836, 1000.000000000000000 ) ;
#5702 = ORIENTED_EDGE ( 'NONE', *, *, #2669, .T. ) ;
#5703 = DIRECTION ( 'NONE',  ( 1.000000000000000000, 0.000000000000000000, -0.000000000000000000 ) ) ;
#5704 = SURFACE_STYLE_FILL_AREA ( #2389 ) ;
#5705 = ORIENTED_EDGE ( 'NONE', *, *, #6508, .T. ) ;
#5706 = PLANE ( 'NONE',  #5501 ) ;
#5707 = AXIS2_PLACEMENT_3D ( 'NONE', #1739, #2520, #28 ) ;
#5708 = LINE ( 'NONE', #615, #4430 ) ;
#5709 = CARTESIAN_POINT ( 'NONE',  ( -0.07499999999999999722, 1.098486643203810065, 0.5300000000000001377 ) ) ;
#5710 = VECTOR ( 'NONE', #617, 1000.000000000000000 ) ;
#5711 = EDGE_CURVE ( 'NONE', #4767, #4474, #6614, .T. ) ;
#5712 = CARTESIAN_POINT ( 'NONE',  ( 0.3925000000000000155, 0.7500000000000000000, 0.7900000000000000355 ) ) ;
#5713 = CARTESIAN_POINT ( 'NONE',  ( 0.2999999999999999889, -1.489999999999999991, 0.01000000000000000021 ) ) ;
#5714 = CARTESIAN_POINT ( 'NONE',  ( -0.4650000000000000244, 0.6400000000000000133, 0.01000000000000000021 ) ) ;
#5715 = ORIENTED_EDGE ( 'NONE', *, *, #6456, .F. ) ;
#5716 = DIRECTION ( 'NONE',  ( 0.4788521306805733069, -0.8778955729143842479, 0.000000000000000000 ) ) ;
#5718 = VERTEX_POINT ( 'NONE', #4243 ) ;
#5717 = EDGE_CURVE ( 'NONE', #5458, #4155, #853, .T. ) ;
#5719 = ADVANCED_FACE ( 'NONE', ( #5061 ), #2468, .T. ) ;
#5720 = DIRECTION ( 'NONE',  ( -0.000000000000000000, 1.000000000000000000, 0.000000000000000000 ) ) ;
#5721 = AXIS2_PLACEMENT_3D ( 'NONE', #4492, #10366, #5102 ) ;
#5722 = DIRECTION ( 'NONE',  ( 1.000000000000000000, -1.129377263005729923E-16, 0.000000000000000000 ) ) ;
#5723 = ORIENTED_EDGE ( 'NONE', *, *, #2522, .F. ) ;
#5724 = VECTOR ( 'NONE', #5590, 1000.000000000000000 ) ;
#5725 = ORIENTED_EDGE ( 'NONE', *, *, #1411, .F. ) ;
#5726 = VERTEX_POINT ( 'NONE', #10951 ) ;
#5727 = DIRECTION ( 'NONE',  ( -1.000000000000000000, 0.000000000000000000, -0.000000000000000000 ) ) ;
#5728 = VECTOR ( 'NONE', #8908, 1000.000000000000000 ) ;
#5729 = DIRECTION ( 'NONE',  ( 1.000000000000000000, -0.000000000000000000, 0.000000000000000000 ) ) ;
#5730 = CARTESIAN_POINT ( 'NONE',  ( 0.5350000000000000311, -0.9000000000000001332, 0.000000000000000000 ) ) ;
#5731 = CONTEXT_DEPENDENT_SHAPE_REPRESENTATION ( #337, #2761 ) ;
#5732 = FACE_OUTER_BOUND ( 'NONE', #5313, .T. ) ;
#5733 = ADVANCED_FACE ( 'NONE', ( #9172 ), #3400, .T. ) ;
#5734 = ORIENTED_EDGE ( 'NONE', *, *, #9374, .F. ) ;
#5735 = FACE_OUTER_BOUND ( 'NONE', #7269, .T. ) ;
#5736 = ORIENTED_EDGE ( 'NONE', *, *, #5751, .T. ) ;
#5737 =( NAMED_UNIT ( * ) PLANE_ANGLE_UNIT ( ) SI_UNIT ( $, .RADIAN. ) );
#5738 = LINE ( 'NONE', #5681, #2303 ) ;
#5739 = SURFACE_STYLE_USAGE ( .BOTH. , #5525 ) ;
#5740 = EDGE_LOOP ( 'NONE', ( #8157, #8981, #4894, #9462 ) ) ;
#5741 = ORIENTED_EDGE ( 'NONE', *, *, #2445, .T. ) ;
#5742 = LINE ( 'NONE', #5799, #7281 ) ;
#5743 = SURFACE_STYLE_USAGE ( .BOTH. , #8296 ) ;
#5744 = AXIS2_PLACEMENT_3D ( 'NONE', #9160, #10161, #1726 ) ;
#5745 = DIRECTION ( 'NONE',  ( 1.000000000000000000, 0.000000000000000000, -0.000000000000000000 ) ) ;
#5746 = CARTESIAN_POINT ( 'NONE',  ( -0.1499999999999999667, -1.600000000000000089, 0.01000000000000000021 ) ) ;
#5747 = ADVANCED_FACE ( 'NONE', ( #1526 ), #6556, .F. ) ;
#5748 = CARTESIAN_POINT ( 'NONE',  ( 0.5999999999999999778, 1.600000000000000089, 0.5300000000000001377 ) ) ;
#5749 = DIRECTION ( 'NONE',  ( -0.000000000000000000, 1.000000000000000000, 0.000000000000000000 ) ) ;
#5750 = LINE ( 'NONE', #2594, #4486 ) ;
#5751 = EDGE_CURVE ( 'NONE', #1747, #7072, #8445, .T. ) ;
#5752 = VERTEX_POINT ( 'NONE', #5730 ) ;
#5753 = LINE ( 'NONE', #3260, #1866 ) ;
#5754 = VECTOR ( 'NONE', #874, 1000.000000000000000 ) ;
#5755 = EDGE_CURVE ( 'NONE', #4354, #9233, #1471, .T. ) ;
#5756 = ORIENTED_EDGE ( 'NONE', *, *, #686, .T. ) ;
#5757 = EDGE_LOOP ( 'NONE', ( #6662, #4597, #2506, #7363 ) ) ;
#5758 = CARTESIAN_POINT ( 'NONE',  ( 0.5999999999999999778, 5.421010862427519705E-17, 0.5200000000000000178 ) ) ;
#5759 = VECTOR ( 'NONE', #10781, 1000.000000000000000 ) ;
#5760 = DIRECTION ( 'NONE',  ( -0.000000000000000000, 0.000000000000000000, -1.000000000000000000 ) ) ;
#5761 = ORIENTED_EDGE ( 'NONE', *, *, #5850, .T. ) ;
#5762 = VECTOR ( 'NONE', #703, 1000.000000000000000 ) ;
#5763 = FACE_OUTER_BOUND ( 'NONE', #10793, .T. ) ;
#5764 = STYLED_ITEM ( 'NONE', ( #7386 ), #2250 ) ;
#5765 = CARTESIAN_POINT ( 'NONE',  ( 0.1499999999999999667, -1.500000000000000000, 0.7900000000000000355 ) ) ;
#5766 = EDGE_CURVE ( 'NONE', #9280, #6479, #10891, .T. ) ;
#5767 = LINE ( 'NONE', #8312, #9864 ) ;
#5768 = CARTESIAN_POINT ( 'NONE',  ( 0.5999999999999999778, -1.243863872159709949, 0.01000000000000000021 ) ) ;
#5769 = EDGE_CURVE ( 'NONE', #4408, #9111, #1635, .T. ) ;
#5770 = AXIS2_PLACEMENT_3D ( 'NONE', #3224, #9989, #841 ) ;
#5771 = DIRECTION ( 'NONE',  ( 0.000000000000000000, 0.000000000000000000, -1.000000000000000000 ) ) ;
#5772 = LINE ( 'NONE', #9875, #2565 ) ;
#5773 = ORIENTED_EDGE ( 'NONE', *, *, #7009, .F. ) ;
#5774 = DIRECTION ( 'NONE',  ( 0.000000000000000000, -1.000000000000000000, 0.000000000000000000 ) ) ;
#5775 = ORIENTED_EDGE ( 'NONE', *, *, #9574, .F. ) ;
#5776 = ADVANCED_FACE ( 'NONE', ( #5005 ), #8388, .F. ) ;
#5777 = DIRECTION ( 'NONE',  ( 0.000000000000000000, -1.000000000000000000, 0.000000000000000000 ) ) ;
#5778 = EDGE_LOOP ( 'NONE', ( #6258, #292, #2488, #10915, #8341, #3407, #3599, #5940 ) ) ;
#5779 = PRESENTATION_LAYER_ASSIGNMENT (  '', '', ( #8427 ) ) ;
#5780 = ORIENTED_EDGE ( 'NONE', *, *, #2369, .F. ) ;
#5781 = CARTESIAN_POINT ( 'NONE',  ( -0.5999999999999999778, 0.7500000000000000000, 0.7900000000000000355 ) ) ;
#5782 = CARTESIAN_POINT ( 'NONE',  ( -0.5350000000000000311, -1.600000000000000089, 0.01000000000000000021 ) ) ;
#5783 = EDGE_CURVE ( 'NONE', #2085, #5853, #3341, .T. ) ;
#5784 = LINE ( 'NONE', #78, #7053 ) ;
#5785 = DIRECTION ( 'NONE',  ( 0.000000000000000000, -0.000000000000000000, -1.000000000000000000 ) ) ;
#5786 = CARTESIAN_POINT ( 'NONE',  ( -0.5999999999999999778, -1.098928449973850086, 0.5200000000000000178 ) ) ;
#5787 = FACE_OUTER_BOUND ( 'NONE', #10236, .T. ) ;
#5788 = EDGE_CURVE ( 'NONE', #6498, #6381, #133, .T. ) ;
#5789 = VECTOR ( 'NONE', #8355, 1000.000000000000000 ) ;
#5790 = ADVANCED_FACE ( 'NONE', ( #8497 ), #298, .T. ) ;
#5791 = DIRECTION ( 'NONE',  ( 1.000000000000000000, 0.000000000000000000, -0.000000000000000000 ) ) ;
#5792 = ORIENTED_EDGE ( 'NONE', *, *, #5711, .T. ) ;
#5793 = VECTOR ( 'NONE', #1871, 1000.000000000000000 ) ;
#5794 = DIRECTION ( 'NONE',  ( -1.000000000000000000, 0.000000000000000000, -0.000000000000000000 ) ) ;
#5795 = ORIENTED_EDGE ( 'NONE', *, *, #2535, .F. ) ;
#5796 = CARTESIAN_POINT ( 'NONE',  ( -0.5350000000000000311, -1.239999999999999991, 0.7900000000000000355 ) ) ;
#5797 = ORIENTED_EDGE ( 'NONE', *, *, #8145, .T. ) ;
#5798 = ORIENTED_EDGE ( 'NONE', *, *, #7920, .F. ) ;
#5799 = CARTESIAN_POINT ( 'NONE',  ( 0.2999999999999999889, 1.489999999999999991, 0.5200000000000000178 ) ) ;
#5800 = DIRECTION ( 'NONE',  ( -1.000000000000000000, 0.000000000000000000, -0.000000000000000000 ) ) ;
#5801 = EDGE_CURVE ( 'NONE', #7003, #3612, #8558, .T. ) ;
#5802 = CARTESIAN_POINT ( 'NONE',  ( -0.5999999999999999778, -1.098928449973849863, 0.5200000000000000178 ) ) ;
#5803 = CARTESIAN_POINT ( 'NONE',  ( 0.07499999999999999722, -1.100000000000000089, 0.001000000000000000021 ) ) ;
#5804 = CARTESIAN_POINT ( 'NONE',  ( -0.5350000000000000311, -1.600000000000000089, 0.000000000000000000 ) ) ;
#5805 = CARTESIAN_POINT ( 'NONE',  ( 0.1499999999999999667, 1.500000000000000222, 0.7900000000000000355 ) ) ;
#5806 = VERTEX_POINT ( 'NONE', #7834 ) ;
#5807 = LINE ( 'NONE', #9312, #9125 ) ;
#5808 = VERTEX_POINT ( 'NONE', #1130 ) ;
#5809 = VERTEX_POINT ( 'NONE', #1790 ) ;
#5810 = VECTOR ( 'NONE', #9498, 1000.000000000000000 ) ;
#5811 =( LENGTH_UNIT ( ) NAMED_UNIT ( * ) SI_UNIT ( .MILLI., .METRE. ) );
#5812 = ADVANCED_FACE ( 'NONE', ( #2725 ), #10325, .F. ) ;
#5813 =( LENGTH_UNIT ( ) NAMED_UNIT ( * ) SI_UNIT ( .MILLI., .METRE. ) );
#5814 =( NAMED_UNIT ( * ) SI_UNIT ( $, .STERADIAN. ) SOLID_ANGLE_UNIT ( ) );
#5815 =( GEOMETRIC_REPRESENTATION_CONTEXT ( 3 ) GLOBAL_UNCERTAINTY_ASSIGNED_CONTEXT ( ( #879 ) ) GLOBAL_UNIT_ASSIGNED_CONTEXT ( ( #7380, #9923, #2551 ) ) REPRESENTATION_CONTEXT ( 'NONE', 'WORKASPACE' ) );
#5816 = VECTOR ( 'NONE', #10080, 1000.000000000000000 ) ;
#5817 = EDGE_LOOP ( 'NONE', ( #6139, #895, #4925, #826 ) ) ;
#5818 = CARTESIAN_POINT ( 'NONE',  ( 0.1499999999999990230, 0.7005555010695040385, 0.5300000000000001377 ) ) ;
#5819 = EDGE_CURVE ( 'NONE', #3372, #371, #5269, .T. ) ;
#5820 = LINE ( 'NONE', #7119, #1664 ) ;
#5821 = CARTESIAN_POINT ( 'NONE',  ( -0.2400000000000000189, -1.600000000000000089, 0.5200000000000000178 ) ) ;
#5822 = SURFACE_STYLE_USAGE ( .BOTH. , #8313 ) ;
#5823 = SURFACE_STYLE_FILL_AREA ( #2450 ) ;
#5824 = CARTESIAN_POINT ( 'NONE',  ( 0.3197770700636929919, 0.6400000000000000133, 0.5300000000000001377 ) ) ;
#5825 = VERTEX_POINT ( 'NONE', #4503 ) ;
#5826 = DIRECTION ( 'NONE',  ( 0.000000000000000000, 0.000000000000000000, -1.000000000000000000 ) ) ;
#5827 = ORIENTED_EDGE ( 'NONE', *, *, #4744, .T. ) ;
#5828 = CARTESIAN_POINT ( 'NONE',  ( -0.5350000000000000311, 1.098486643203810065, 0.5200000000000000178 ) ) ;
#5829 = DIRECTION ( 'NONE',  ( -1.129377263005729923E-16, -1.000000000000000000, 0.000000000000000000 ) ) ;
#5830 = ADVANCED_FACE ( 'NONE', ( #8611 ), #9390, .F. ) ;
#5831 = VERTEX_POINT ( 'NONE', #4346 ) ;
#5832 = ORIENTED_EDGE ( 'NONE', *, *, #5022, .T. ) ;
#5833 = CARTESIAN_POINT ( 'NONE',  ( 0.1499999999999999667, 0.6999999999999999556, 0.005000000000000000104 ) ) ;
#5834 = LINE ( 'NONE', #8327, #4788 ) ;
#5835 = LINE ( 'NONE', #10947, #2625 ) ;
#5836 = LINE ( 'NONE', #2621, #7359 ) ;
#5837 = LINE ( 'NONE', #10175, #9774 ) ;
#5838 = UNCERTAINTY_MEASURE_WITH_UNIT (LENGTH_MEASURE( 1.000000000000000082E-05 ), #7259, 'distance_accuracy_value', 'NONE');
#5839 = APPLICATION_PROTOCOL_DEFINITION ( 'draft international standard', 'automotive_design', 1998, #2459 ) ;
#5840 = PRESENTATION_LAYER_ASSIGNMENT (  '', '', ( #2134 ) ) ;
#5841 = LINE ( 'NONE', #9227, #8000 ) ;
#5842 = EDGE_CURVE ( 'NONE', #613, #5288, #6948, .T. ) ;
#5843 = EDGE_CURVE ( 'NONE', #4612, #10278, #1018, .T. ) ;
#5844 = CARTESIAN_POINT ( 'NONE',  ( 0.5350000000000000311, -1.600000000000000089, 0.8000000000000000444 ) ) ;
#5845 = VERTEX_POINT ( 'NONE', #3660 ) ;
#5846 = VECTOR ( 'NONE', #4721, 1000.000000000000000 ) ;
#5847 = ADVANCED_FACE ( 'NONE', ( #4300 ), #8664, .T. ) ;
#5848 = CARTESIAN_POINT ( 'NONE',  ( 0.5961306949927850374, -0.9000000000000001332, 0.000000000000000000 ) ) ;
#5849 = ORIENTED_EDGE ( 'NONE', *, *, #4970, .T. ) ;
#5850 = EDGE_CURVE ( 'NONE', #5078, #7381, #6889, .T. ) ;
#5851 = CARTESIAN_POINT ( 'NONE',  ( -0.5999999999999999778, 0.7500000000000000000, 0.8000000000000000444 ) ) ;
#5852 =( NAMED_UNIT ( * ) SI_UNIT ( $, .STERADIAN. ) SOLID_ANGLE_UNIT ( ) );
#5853 = VERTEX_POINT ( 'NONE', #7168 ) ;
#5854 = ORIENTED_EDGE ( 'NONE', *, *, #7527, .F. ) ;
#5855 = ADVANCED_FACE ( 'NONE', ( #2240 ), #7277, .F. ) ;
#5856 = DIRECTION ( 'NONE',  ( -0.000000000000000000, 0.000000000000000000, -1.000000000000000000 ) ) ;
#5857 = VECTOR ( 'NONE', #7524, 1000.000000000000000 ) ;
#5858 = ADVANCED_FACE ( 'NONE', ( #9765 ), #352, .T. ) ;
#5859 = LINE ( 'NONE', #6691, #8342 ) ;
#5860 = ORIENTED_EDGE ( 'NONE', *, *, #7351, .T. ) ;
#5861 = AXIS2_PLACEMENT_3D ( 'NONE', #9521, #1875, #1935 ) ;
#5862 = VECTOR ( 'NONE', #8449, 1000.000000000000000 ) ;
#5863 = DIRECTION ( 'NONE',  ( 0.000000000000000000, -1.000000000000000000, -0.000000000000000000 ) ) ;
#5864 = DIRECTION ( 'NONE',  ( 1.042502088928370027E-16, 1.000000000000000000, -0.000000000000000000 ) ) ;
#5865 = CARTESIAN_POINT ( 'NONE',  ( -0.1300000000000000044, 0.000000000000000000, 0.001000000000000000021 ) ) ;
#5866 = ORIENTED_EDGE ( 'NONE', *, *, #8728, .T. ) ;
#5867 = CARTESIAN_POINT ( 'NONE',  ( -0.1499999999999999944, -0.9000000000000001332, 0.7900000000000000355 ) ) ;
#5868 = VERTEX_POINT ( 'NONE', #4611 ) ;
#5869 = ORIENTED_EDGE ( 'NONE', *, *, #9773, .F. ) ;
#5870 = VECTOR ( 'NONE', #507, 1000.000000000000000 ) ;
#5871 = VECTOR ( 'NONE', #4146, 1000.000000000000000 ) ;
#5872 = LINE ( 'NONE', #9094, #8167 ) ;
#5873 = DIRECTION ( 'NONE',  ( 0.000000000000000000, 0.000000000000000000, 1.000000000000000000 ) ) ;
#5874 = ORIENTED_EDGE ( 'NONE', *, *, #719, .F. ) ;
#5875 = PLANE ( 'NONE',  #3553 ) ;
#5876 = STYLED_ITEM ( 'NONE', ( #1303 ), #8885 ) ;
#5877 = CARTESIAN_POINT ( 'NONE',  ( -0.5999999999999999778, -1.600000000000000089, 0.5300000000000001377 ) ) ;
#5878 = CARTESIAN_POINT ( 'NONE',  ( -0.3197770700636929919, 0.5999999999999999778, 0.5200000000000000178 ) ) ;
#5879 = FILL_AREA_STYLE_COLOUR ( '', #6953 ) ;
#5880 = VECTOR ( 'NONE', #8742, 1000.000000000000000 ) ;
#5881 = LINE ( 'NONE', #10099, #798 ) ;
#5882 = ORIENTED_EDGE ( 'NONE', *, *, #5558, .F. ) ;
#5883 = DIRECTION ( 'NONE',  ( -0.000000000000000000, -0.000000000000000000, -1.000000000000000000 ) ) ;
#5884 = ORIENTED_EDGE ( 'NONE', *, *, #5982, .T. ) ;
#5885 = DIRECTION ( 'NONE',  ( -1.000000000000000000, -0.000000000000000000, 0.000000000000000000 ) ) ;
#5886 = STYLED_ITEM ( 'NONE', ( #8854 ), #705 ) ;
#5887 = LINE ( 'NONE', #677, #8335 ) ;
#5888 = VECTOR ( 'NONE', #1358, 1000.000000000000227 ) ;
#5889 = EDGE_LOOP ( 'NONE', ( #3225, #3756, #110, #730 ) ) ;
#5890 = PRESENTATION_LAYER_ASSIGNMENT (  '', '', ( #10676 ) ) ;
#5891 = ORIENTED_EDGE ( 'NONE', *, *, #1028, .T. ) ;
#5892 = ADVANCED_FACE ( 'NONE', ( #7935 ), #2181, .F. ) ;
#5893 = FACE_OUTER_BOUND ( 'NONE', #10734, .T. ) ;
#5894 = DIRECTION ( 'NONE',  ( 0.000000000000000000, 0.000000000000000000, -1.000000000000000000 ) ) ;
#5895 = CARTESIAN_POINT ( 'NONE',  ( -0.3999931019927850384, 1.600000000000000089, 0.01000000000000000021 ) ) ;
#5896 = LINE ( 'NONE', #2466, #3457 ) ;
#5897 = CARTESIAN_POINT ( 'NONE',  ( 0.4650000000000000244, 0.6400000000000000133, 0.01000000000000000021 ) ) ;
#5898 = VECTOR ( 'NONE', #9767, 1000.000000000000000 ) ;
#5899 = ADVANCED_FACE ( 'NONE', ( #1293 ), #2945, .F. ) ;
#5900 = EDGE_CURVE ( 'NONE', #1484, #8627, #5555, .T. ) ;
#5901 = LINE ( 'NONE', #5113, #3569 ) ;
#5902 = AXIS2_PLACEMENT_3D ( 'NONE', #10861, #8412, #6808 ) ;
#5903 = CARTESIAN_POINT ( 'NONE',  ( -0.5350000000000000311, -1.239999999999999991, 0.5200000000000000178 ) ) ;
#5904 = VERTEX_POINT ( 'NONE', #4670 ) ;
#5905 = CARTESIAN_POINT ( 'NONE',  ( 0.5999999999999999778, 1.239999999999999991, 0.01000000000000000021 ) ) ;
#5906 = VECTOR ( 'NONE', #119, 1000.000000000000000 ) ;
#5907 = ORIENTED_EDGE ( 'NONE', *, *, #3210, .F. ) ;
#5908 = FACE_OUTER_BOUND ( 'NONE', #2452, .T. ) ;
#5909 = CARTESIAN_POINT ( 'NONE',  ( 0.5999999999999999778, 1.239999999999999991, 0.01000000000000000021 ) ) ;
#5910 = ORIENTED_EDGE ( 'NONE', *, *, #3054, .T. ) ;
#5911 = VERTEX_POINT ( 'NONE', #4776 ) ;
#5912 = ORIENTED_EDGE ( 'NONE', *, *, #10856, .T. ) ;
#5913 = DIRECTION ( 'NONE',  ( -3.336006684570709935E-15, 1.000000000000000000, 0.000000000000000000 ) ) ;
#5914 = DIRECTION ( 'NONE',  ( -1.000000000000000000, 0.000000000000000000, -0.000000000000000000 ) ) ;
#5915 = VERTEX_POINT ( 'NONE', #6212 ) ;
#5916 = DIRECTION ( 'NONE',  ( -0.000000000000000000, -0.000000000000000000, 1.000000000000000000 ) ) ;
#5917 = VERTEX_POINT ( 'NONE', #8155 ) ;
#5918 = ORIENTED_EDGE ( 'NONE', *, *, #6508, .F. ) ;
#5919 = FILL_AREA_STYLE ('',( #9317 ) ) ;
#5920 = DIRECTION ( 'NONE',  ( 0.000000000000000000, -1.000000000000000000, -0.000000000000000000 ) ) ;
#5921 = LINE ( 'NONE', #1666, #6880 ) ;
#5922 = VERTEX_POINT ( 'NONE', #1346 ) ;
#5923 = DIRECTION ( 'NONE',  ( 0.000000000000000000, -1.000000000000000000, 0.000000000000000000 ) ) ;
#5924 = CARTESIAN_POINT ( 'NONE',  ( 0.3197770700636939911, 0.6400000000000000133, 0.000000000000000000 ) ) ;
#5925 = DIRECTION ( 'NONE',  ( -1.000000000000000000, 1.807003620809169948E-16, -0.000000000000000000 ) ) ;
#5926 = VECTOR ( 'NONE', #8650, 1000.000000000000000 ) ;
#5927 = UNCERTAINTY_MEASURE_WITH_UNIT (LENGTH_MEASURE( 1.000000000000000082E-05 ), #9460, 'distance_accuracy_value', 'NONE');
#5928 = DIRECTION ( 'NONE',  ( -1.000000000000000000, 0.000000000000000000, 0.000000000000000000 ) ) ;
#5929 = CARTESIAN_POINT ( 'NONE',  ( 0.2399563975748850164, 1.600000000000000089, 0.01000000000000000021 ) ) ;
#5930 = VERTEX_POINT ( 'NONE', #406 ) ;
#5931 = VECTOR ( 'NONE', #5794, 1000.000000000000000 ) ;
#5932 =( NAMED_UNIT ( * ) PLANE_ANGLE_UNIT ( ) SI_UNIT ( $, .RADIAN. ) );
#5933 = PRESENTATION_LAYER_ASSIGNMENT (  '', '', ( #8767 ) ) ;
#5934 = ORIENTED_EDGE ( 'NONE', *, *, #9439, .F. ) ;
#5935 = FACE_OUTER_BOUND ( 'NONE', #2747, .T. ) ;
#5936 = LINE ( 'NONE', #7555, #4450 ) ;
#5937 = MECHANICAL_DESIGN_GEOMETRIC_PRESENTATION_REPRESENTATION (  '', ( #9838 ), #6831 ) ;
#5938 = ORIENTED_EDGE ( 'NONE', *, *, #6148, .T. ) ;
#5939 = VECTOR ( 'NONE', #5222, 1000.000000000000000 ) ;
#5940 = ORIENTED_EDGE ( 'NONE', *, *, #4361, .T. ) ;
#5941 = DIRECTION ( 'NONE',  ( -0.000000000000000000, 1.000000000000000000, 0.000000000000000000 ) ) ;
#5942 = PRESENTATION_STYLE_ASSIGNMENT (( #2568 ) ) ;
#5943 = CARTESIAN_POINT ( 'NONE',  ( -0.5350000000000000311, -0.6999999999999998446, 0.0009999999999999998040 ) ) ;
#5944 = DIRECTION ( 'NONE',  ( 0.000000000000000000, -0.000000000000000000, -1.000000000000000000 ) ) ;
#5945 = UNCERTAINTY_MEASURE_WITH_UNIT (LENGTH_MEASURE( 1.000000000000000082E-05 ), #10516, 'distance_accuracy_value', 'NONE');
#5946 = CARTESIAN_POINT ( 'NONE',  ( 0.5999999999999999778, 0.7500000000000000000, 0.7900000000000000355 ) ) ;
#5947 = PLANE ( 'NONE',  #1284 ) ;
#5948 = VECTOR ( 'NONE', #4082, 1000.000000000000000 ) ;
#5949 = ADVANCED_FACE ( 'NONE', ( #518 ), #1185, .T. ) ;
#5950 = CARTESIAN_POINT ( 'NONE',  ( -0.5350000000000000311, -1.239999999999999991, 0.5200000000000000178 ) ) ;
#5951 = ORIENTED_EDGE ( 'NONE', *, *, #5646, .T. ) ;
#5952 = EDGE_CURVE ( 'NONE', #2561, #10519, #3831, .T. ) ;
#5953 = DIRECTION ( 'NONE',  ( 0.000000000000000000, 0.000000000000000000, 1.000000000000000000 ) ) ;
#5954 = VERTEX_POINT ( 'NONE', #3770 ) ;
#5955 = DIRECTION ( 'NONE',  ( -1.000000000000000000, -0.000000000000000000, 0.000000000000000000 ) ) ;
#5956 = VERTEX_POINT ( 'NONE', #6325 ) ;
#5957 = ORIENTED_EDGE ( 'NONE', *, *, #9651, .F. ) ;
#5958 = PRODUCT_RELATED_PRODUCT_CATEGORY ( 'part', '', ( #4184 ) ) ;
#5959 = FILL_AREA_STYLE ('',( #2689 ) ) ;
#5960 = EDGE_CURVE ( 'NONE', #3512, #9463, #567, .T. ) ;
#5961 = VECTOR ( 'NONE', #4092, 1000.000000000000000 ) ;
#5962 = CARTESIAN_POINT ( 'NONE',  ( 0.1499999999999990230, 1.098486643203810065, 0.5200000000000000178 ) ) ;
#5963 = VERTEX_POINT ( 'NONE', #2124 ) ;
#5964 = CARTESIAN_POINT ( 'NONE',  ( -0.07499999999999999722, 1.098486643203810065, 0.5300000000000001377 ) ) ;
#5965 = CARTESIAN_POINT ( 'NONE',  ( 0.5999999999999994227, 0.7005555010695040385, 0.5200000000000000178 ) ) ;
#5966 = LINE ( 'NONE', #488, #48 ) ;
#5967 = VERTEX_POINT ( 'NONE', #7225 ) ;
#5968 = DIRECTION ( 'NONE',  ( -0.000000000000000000, -0.000000000000000000, 1.000000000000000000 ) ) ;
#5969 = CARTESIAN_POINT ( 'NONE',  ( 0.3568411998642920246, -0.03184119986429190252, 0.5300000000000001377 ) ) ;
#5970 = ORIENTED_EDGE ( 'NONE', *, *, #163, .T. ) ;
#5971 = UNCERTAINTY_MEASURE_WITH_UNIT (LENGTH_MEASURE( 1.000000000000000082E-05 ), #1509, 'distance_accuracy_value', 'NONE');
#5972 = DIRECTION ( 'NONE',  ( 0.000000000000000000, -1.000000000000000000, 0.000000000000000000 ) ) ;
#5973 = ORIENTED_EDGE ( 'NONE', *, *, #9415, .T. ) ;
#5974 = CARTESIAN_POINT ( 'NONE',  ( -0.5999999999999999778, 1.100000000000000089, 0.001000000000000000021 ) ) ;
#5975 = DIRECTION ( 'NONE',  ( 0.000000000000000000, 0.000000000000000000, 1.000000000000000000 ) ) ;
#5976 = PLANE ( 'NONE',  #1542 ) ;
#5977 = VECTOR ( 'NONE', #1843, 1000.000000000000000 ) ;
#5978 = ADVANCED_FACE ( 'NONE', ( #10604 ), #3062, .T. ) ;
#5979 = EDGE_CURVE ( 'NONE', #3143, #8905, #4558, .T. ) ;
#5980 = LINE ( 'NONE', #5149, #2222 ) ;
#5981 = VERTEX_POINT ( 'NONE', #7109 ) ;
#5983 = ORIENTED_EDGE ( 'NONE', *, *, #1552, .T. ) ;
#5982 = EDGE_CURVE ( 'NONE', #7713, #2639, #10489, .T. ) ;
#5984 = LINE ( 'NONE', #5316, #4473 ) ;
#5985 = EDGE_CURVE ( 'NONE', #3428, #3202, #2074, .T. ) ;
#5986 = DIRECTION ( 'NONE',  ( 0.000000000000000000, 0.000000000000000000, -1.000000000000000000 ) ) ;
#5987 = ORIENTED_EDGE ( 'NONE', *, *, #8973, .T. ) ;
#5988 = ORIENTED_EDGE ( 'NONE', *, *, #7025, .F. ) ;
#5989 = LINE ( 'NONE', #8605, #1962 ) ;
#5990 = LINE ( 'NONE', #6723, #8718 ) ;
#5991 = CARTESIAN_POINT ( 'NONE',  ( -0.1499999999999989952, 0.7005555010695040385, 0.5300000000000001377 ) ) ;
#5992 = DIRECTION ( 'NONE',  ( 0.000000000000000000, -0.000000000000000000, -1.000000000000000000 ) ) ;
#5993 = PLANE ( 'NONE',  #2354 ) ;
#5994 = CARTESIAN_POINT ( 'NONE',  ( 0.5999999999999999778, 1.098486643203810065, 0.5300000000000001377 ) ) ;
#5995 = DIRECTION ( 'NONE',  ( 1.000000000000000000, -9.680376540049149550E-17, 0.000000000000000000 ) ) ;
#5996 = VECTOR ( 'NONE', #9020, 1000.000000000000000 ) ;
#5997 = CARTESIAN_POINT ( 'NONE',  ( -0.5350000000000000311, -0.6999999999999999556, 0.005000000000000000104 ) ) ;
#5998 = CARTESIAN_POINT ( 'NONE',  ( -0.5350000000000000311, -0.9000000000000001332, 0.000000000000000000 ) ) ;
#5999 = VERTEX_POINT ( 'NONE', #8821 ) ;
#6000 = FILL_AREA_STYLE ('',( #7941 ) ) ;
#6001 = FACE_OUTER_BOUND ( 'NONE', #1941, .T. ) ;
#6002 = COLOUR_RGB ( '',0.3921568627450980338, 0.5999999999999999778, 0.3921568627450980338 ) ;
#6003 = EDGE_LOOP ( 'NONE', ( #3915, #5780, #10848, #2281 ) ) ;
#6004 = PLANE ( 'NONE',  #4195 ) ;
#6005 = EDGE_LOOP ( 'NONE', ( #10964, #3123, #5183, #2385 ) ) ;
#6006 = ORIENTED_EDGE ( 'NONE', *, *, #1388, .F. ) ;
#6007 = VECTOR ( 'NONE', #9506, 1000.000000000000000 ) ;
#6008 = VECTOR ( 'NONE', #8165, 1000.000000000000000 ) ;
#6009 = DIRECTION ( 'NONE',  ( 1.000000000000000000, -1.115864326998099833E-15, 0.000000000000000000 ) ) ;
#6010 = ORIENTED_EDGE ( 'NONE', *, *, #2669, .F. ) ;
#6011 = LINE ( 'NONE', #10195, #109 ) ;
#6012 =( NAMED_UNIT ( * ) SI_UNIT ( $, .STERADIAN. ) SOLID_ANGLE_UNIT ( ) );
#6013 = EDGE_CURVE ( 'NONE', #4437, #2667, #637, .T. ) ;
#6014 = DIRECTION ( 'NONE',  ( 1.000000000000000000, 0.000000000000000000, 0.000000000000000000 ) ) ;
#6015 = VERTEX_POINT ( 'NONE', #1563 ) ;
#6016 = FILL_AREA_STYLE ('',( #9569 ) ) ;
#6017 = DIRECTION ( 'NONE',  ( 0.000000000000000000, -0.000000000000000000, 1.000000000000000000 ) ) ;
#6018 = ORIENTED_EDGE ( 'NONE', *, *, #8014, .F. ) ;
#6019 = EDGE_CURVE ( 'NONE', #4869, #5152, #4889, .T. ) ;
#6020 = CARTESIAN_POINT ( 'NONE',  ( -0.5999999999999999778, -1.600000000000000089, 0.5200000000000000178 ) ) ;
#6021 = EDGE_CURVE ( 'NONE', #10124, #7381, #4111, .T. ) ;
#6022 = COLOUR_RGB ( '',0.3921568627450980338, 0.5999999999999999778, 0.3921568627450980338 ) ;
#6023 = FACE_OUTER_BOUND ( 'NONE', #4504, .T. ) ;
#6024 = SURFACE_SIDE_STYLE ('',( #4324 ) ) ;
#6025 = ORIENTED_EDGE ( 'NONE', *, *, #1116, .T. ) ;
#6026 = PLANE ( 'NONE',  #7633 ) ;
#6027 = DIRECTION ( 'NONE',  ( 0.000000000000000000, -0.000000000000000000, 1.000000000000000000 ) ) ;
#6028 = CARTESIAN_POINT ( 'NONE',  ( 0.5999999999999999778, -1.239999999999999991, 0.5300000000000001377 ) ) ;
#6029 = DIRECTION ( 'NONE',  ( 1.000000000000000000, 1.445602896647339903E-15, 0.000000000000000000 ) ) ;
#6030 = PRODUCT_DEFINITION_CONTEXT ( 'detailed design', #1891, 'design' ) ;
#6031 = VECTOR ( 'NONE', #830, 1000.000000000000000 ) ;
#6032 = CARTESIAN_POINT ( 'NONE',  ( 0.2068411998642920024, -0.1818411998642920357, 0.5300000000000001377 ) ) ;
#6033 = ORIENTED_EDGE ( 'NONE', *, *, #4707, .F. ) ;
#6034 = DIRECTION ( 'NONE',  ( 0.000000000000000000, -0.000000000000000000, -1.000000000000000000 ) ) ;
#6035 = ORIENTED_EDGE ( 'NONE', *, *, #5769, .F. ) ;
#6036 = MECHANICAL_DESIGN_GEOMETRIC_PRESENTATION_REPRESENTATION (  '', ( #8517 ), #5325 ) ;
#6037 = CARTESIAN_POINT ( 'NONE',  ( 0.07499999999999998335, 1.600000000000000089, 0.5200000000000000178 ) ) ;
#6038 = DIRECTION ( 'NONE',  ( -0.5144957554275263467, 0.8574929257125443183, 0.000000000000000000 ) ) ;
#6039 = ORIENTED_EDGE ( 'NONE', *, *, #7527, .T. ) ;
#6040 = STYLED_ITEM ( 'NONE', ( #4216 ), #7371 ) ;
#6041 = FACE_OUTER_BOUND ( 'NONE', #4231, .T. ) ;
#6042 = CARTESIAN_POINT ( 'NONE',  ( -0.2999999999999999334, -1.489999999999999991, 0.01000000000000000021 ) ) ;
#6043 = EDGE_CURVE ( 'NONE', #6088, #2241, #9051, .T. ) ;
#6044 = LINE ( 'NONE', #5219, #4922 ) ;
#6045 = LINE ( 'NONE', #5220, #1690 ) ;
#6046 = DIRECTION ( 'NONE',  ( 0.000000000000000000, 0.000000000000000000, -1.000000000000000000 ) ) ;
#6047 = UNCERTAINTY_MEASURE_WITH_UNIT (LENGTH_MEASURE( 1.000000000000000082E-05 ), #4527, 'distance_accuracy_value', 'NONE');
#6048 = CARTESIAN_POINT ( 'NONE',  ( 0.5999999999999999778, -0.6000000000000000888, 0.5300000000000001377 ) ) ;
#6049 = PLANE ( 'NONE',  #747 ) ;
#6050 = DIRECTION ( 'NONE',  ( 0.000000000000000000, -1.000000000000000000, -0.000000000000000000 ) ) ;
#6051 =( REPRESENTATION_RELATIONSHIP ('NONE','NONE', #9248, #8461 ) REPRESENTATION_RELATIONSHIP_WITH_TRANSFORMATION ( #9890 )SHAPE_REPRESENTATION_RELATIONSHIP( ) );
#6052 =( GEOMETRIC_REPRESENTATION_CONTEXT ( 3 ) GLOBAL_UNCERTAINTY_ASSIGNED_CONTEXT ( ( #10059 ) ) GLOBAL_UNIT_ASSIGNED_CONTEXT ( ( #3852, #2258, #10451 ) ) REPRESENTATION_CONTEXT ( 'NONE', 'WORKASPACE' ) );
#6053 = LINE ( 'NONE', #6954, #9230 ) ;
#6054 = ORIENTED_EDGE ( 'NONE', *, *, #2266, .T. ) ;
#6055 = CARTESIAN_POINT ( 'NONE',  ( -0.5350000000000000311, -0.6971625444288770401, 0.5300000000000001377 ) ) ;
#6056 = AXIS2_PLACEMENT_3D ( 'NONE', #5329, #5224, #8612 ) ;
#6057 = VECTOR ( 'NONE', #8148, 1000.000000000000000 ) ;
#6058 = ORIENTED_EDGE ( 'NONE', *, *, #6526, .F. ) ;
#6059 = ADVANCED_FACE ( 'NONE', ( #4058 ), #8270, .T. ) ;
#6060 = DIRECTION ( 'NONE',  ( 0.000000000000000000, 0.000000000000000000, 1.000000000000000000 ) ) ;
#6061 = LINE ( 'NONE', #8625, #8186 ) ;
#6062 = ORIENTED_EDGE ( 'NONE', *, *, #1110, .F. ) ;
#6063 = ORIENTED_EDGE ( 'NONE', *, *, #10856, .F. ) ;
#6064 = ORIENTED_EDGE ( 'NONE', *, *, #1464, .F. ) ;
#6065 = DIRECTION ( 'NONE',  ( -1.000000000000000000, 1.129377263005729923E-16, -0.000000000000000000 ) ) ;
#6066 = AXIS2_PLACEMENT_3D ( 'NONE', #7636, #766, #10026 ) ;
#6067 = VERTEX_POINT ( 'NONE', #8376 ) ;
#6068 = SURFACE_STYLE_FILL_AREA ( #3733 ) ;
#6069 = CARTESIAN_POINT ( 'NONE',  ( 0.2068411998642920024, -0.1818411998642920357, 0.5300000000000001377 ) ) ;
#6070 = DIRECTION ( 'NONE',  ( -1.000000000000000000, 1.807003620809169948E-16, -0.000000000000000000 ) ) ;
#6071 = ORIENTED_EDGE ( 'NONE', *, *, #3894, .T. ) ;
#6072 = VECTOR ( 'NONE', #4582, 1000.000000000000000 ) ;
#6073 = DIRECTION ( 'NONE',  ( 0.000000000000000000, -0.000000000000000000, 1.000000000000000000 ) ) ;
#6074 = DIRECTION ( 'NONE',  ( 1.000000000000000000, 0.000000000000000000, -0.000000000000000000 ) ) ;
#6075 = ORIENTED_EDGE ( 'NONE', *, *, #4673, .T. ) ;
#6076 = UNCERTAINTY_MEASURE_WITH_UNIT (LENGTH_MEASURE( 1.000000000000000082E-05 ), #6096, 'distance_accuracy_value', 'NONE');
#6077 = DIRECTION ( 'NONE',  ( -0.000000000000000000, -1.000000000000000000, -0.000000000000000000 ) ) ;
#6078 = CARTESIAN_POINT ( 'NONE',  ( -0.5999999999999999778, -1.098928449973849863, 0.5300000000000001377 ) ) ;
#6079 =( LENGTH_UNIT ( ) NAMED_UNIT ( * ) SI_UNIT ( .MILLI., .METRE. ) );
#6080 = ORIENTED_EDGE ( 'NONE', *, *, #8262, .F. ) ;
#6081 = DIRECTION ( 'NONE',  ( -1.000000000000000000, 0.000000000000000000, -0.000000000000000000 ) ) ;
#6082 = LINE ( 'NONE', #3321, #9799 ) ;
#6083 = CARTESIAN_POINT ( 'NONE',  ( -0.1499999999999999667, -1.100000000000000089, 0.0009999999999999998040 ) ) ;
#6084 = FACE_OUTER_BOUND ( 'NONE', #3895, .T. ) ;
#6085 = ADVANCED_FACE ( 'NONE', ( #8433 ), #7339, .F. ) ;
#6086 = LINE ( 'NONE', #4652, #8581 ) ;
#6087 = CARTESIAN_POINT ( 'NONE',  ( 0.5350000000000000311, -1.243863872159709949, 0.01000000000000000021 ) ) ;
#6088 = VERTEX_POINT ( 'NONE', #10823 ) ;
#6089 = ORIENTED_EDGE ( 'NONE', *, *, #4966, .F. ) ;
#6090 = DIRECTION ( 'NONE',  ( 0.000000000000000000, -1.000000000000000000, 0.000000000000000000 ) ) ;
#6091 = CARTESIAN_POINT ( 'NONE',  ( -0.5350000000000000311, 0.9000000000000001332, 0.01000000000000000021 ) ) ;
#6092 = ORIENTED_EDGE ( 'NONE', *, *, #3325, .T. ) ;
#6093 = PRODUCT_RELATED_PRODUCT_CATEGORY ( 'part', '', ( #9402 ) ) ;
#6094 = VECTOR ( 'NONE', #10375, 1000.000000000000000 ) ;
#6095 = EDGE_CURVE ( 'NONE', #3958, #3468, #4172, .T. ) ;
#6096 =( LENGTH_UNIT ( ) NAMED_UNIT ( * ) SI_UNIT ( .MILLI., .METRE. ) );
#6097 = DIRECTION ( 'NONE',  ( 1.000000000000000000, -1.192622389734049947E-15, 0.000000000000000000 ) ) ;
#6098 = VECTOR ( 'NONE', #255, 1000.000000000000000 ) ;
#6099 =( GEOMETRIC_REPRESENTATION_CONTEXT ( 3 ) GLOBAL_UNCERTAINTY_ASSIGNED_CONTEXT ( ( #5527 ) ) GLOBAL_UNIT_ASSIGNED_CONTEXT ( ( #10424, #6209, #10374 ) ) REPRESENTATION_CONTEXT ( 'NONE', 'WORKASPACE' ) );
#6100 = PLANE ( 'NONE',  #8815 ) ;
#6101 = CARTESIAN_POINT ( 'NONE',  ( 0.5999999999999999778, 1.600000000000000089, 0.7900000000000000355 ) ) ;
#6102 = CARTESIAN_POINT ( 'NONE',  ( -0.5349999999999999201, 0.6400000000000000133, 0.000000000000000000 ) ) ;
#6103 = ADVANCED_FACE ( 'NONE', ( #10101 ), #4933, .T. ) ;
#6104 = CARTESIAN_POINT ( 'NONE',  ( -0.5999999999999999778, -1.098928449973850086, 0.5300000000000001377 ) ) ;
#6105 = ORIENTED_EDGE ( 'NONE', *, *, #9822, .F. ) ;
#6106 = AXIS2_PLACEMENT_3D ( 'NONE', #2696, #4471, #6073 ) ;
#6107 = CARTESIAN_POINT ( 'NONE',  ( 0.5999999999999999778, 1.600000000000000089, 0.5200000000000000178 ) ) ;
#6108 = PLANE ( 'NONE',  #5319 ) ;
#6109 = VECTOR ( 'NONE', #27, 1000.000000000000000 ) ;
#6110 = LINE ( 'NONE', #7728, #7963 ) ;
#6111 = EDGE_CURVE ( 'NONE', #3428, #2611, #9935, .T. ) ;
#6112 = VERTEX_POINT ( 'NONE', #1456 ) ;
#6113 = CARTESIAN_POINT ( 'NONE',  ( -0.2952229299363050563, -0.6000000000000000888, 0.5200000000000000178 ) ) ;
#6114 = DIRECTION ( 'NONE',  ( 0.000000000000000000, 1.000000000000000000, 0.000000000000000000 ) ) ;
#6115 = ORIENTED_EDGE ( 'NONE', *, *, #4029, .T. ) ;
#6116 = VECTOR ( 'NONE', #4227, 1000.000000000000000 ) ;
#6117 = EDGE_CURVE ( 'NONE', #9241, #4646, #3122, .T. ) ;
#6118 = EDGE_CURVE ( 'NONE', #8251, #2808, #7552, .T. ) ;
#6119 = DIRECTION ( 'NONE',  ( 1.000000000000000000, 0.000000000000000000, 0.000000000000000000 ) ) ;
#6120 = PRODUCT ( 'Pins_top_9', 'Pins_top_9', '', ( #6336 ) ) ;
#6121 = CARTESIAN_POINT ( 'NONE',  ( -0.3999999999999999667, -1.600000000000000089, 0.01000000000000000021 ) ) ;
#6122 = VERTEX_POINT ( 'NONE', #10716 ) ;
#6123 = ORIENTED_EDGE ( 'NONE', *, *, #4628, .T. ) ;
#6124 = ADVANCED_FACE ( 'NONE', ( #7391 ), #10045, .F. ) ;
#6125 = ADVANCED_FACE ( 'NONE', ( #10880 ), #4989, .T. ) ;
#6126 = CARTESIAN_POINT ( 'NONE',  ( 0.5350000000000000311, 1.243863872159709949, 0.01000000000000000021 ) ) ;
#6127 = PRESENTATION_LAYER_ASSIGNMENT (  '', '', ( #3636 ) ) ;
#6128 = ORIENTED_EDGE ( 'NONE', *, *, #98, .T. ) ;
#6129 = SURFACE_SIDE_STYLE ('',( #10513 ) ) ;
#6130 = CARTESIAN_POINT ( 'NONE',  ( 0.07499999999999998335, -1.600000000000000089, 0.5300000000000001377 ) ) ;
#6131 = DIRECTION ( 'NONE',  ( -1.000000000000000000, 0.000000000000000000, -0.000000000000000000 ) ) ;
#6132 = EDGE_LOOP ( 'NONE', ( #7262, #7195, #4732, #6834 ) ) ;
#6133 = ORIENTED_EDGE ( 'NONE', *, *, #6363, .F. ) ;
#6134 = EDGE_LOOP ( 'NONE', ( #7021, #6907, #7044, #6230 ) ) ;
#6135 = SURFACE_STYLE_FILL_AREA ( #5919 ) ;
#6136 =( GEOMETRIC_REPRESENTATION_CONTEXT ( 3 ) GLOBAL_UNCERTAINTY_ASSIGNED_CONTEXT ( ( #8741 ) ) GLOBAL_UNIT_ASSIGNED_CONTEXT ( ( #6253, #8024, #4759 ) ) REPRESENTATION_CONTEXT ( 'NONE', 'WORKASPACE' ) );
#6137 = CARTESIAN_POINT ( 'NONE',  ( 0.5999999999999999778, 0.6999999999999999556, 0.001000000000000000021 ) ) ;
#6138 = DIRECTION ( 'NONE',  ( 1.000000000000000000, -1.807744701332710101E-16, 0.000000000000000000 ) ) ;
#6139 = ORIENTED_EDGE ( 'NONE', *, *, #6924, .T. ) ;
#6140 = CARTESIAN_POINT ( 'NONE',  ( -0.5350000000000000311, -1.600000000000000089, 0.5300000000000001377 ) ) ;
#6141 = LINE ( 'NONE', #9530, #3305 ) ;
#6142 = CARTESIAN_POINT ( 'NONE',  ( 0.2999999999999999889, 1.489999999999999991, 0.01000000000000000021 ) ) ;
#6143 = VECTOR ( 'NONE', #265, 1000.000000000000000 ) ;
#6144 = LINE ( 'NONE', #4595, #6813 ) ;
#6145 = VERTEX_POINT ( 'NONE', #7440 ) ;
#6146 = FILL_AREA_STYLE_COLOUR ( '', #3470 ) ;
#6147 = VERTEX_POINT ( 'NONE', #3329 ) ;
#6148 = EDGE_CURVE ( 'NONE', #769, #9255, #6716, .T. ) ;
#6149 = DIRECTION ( 'NONE',  ( 0.000000000000000000, 1.000000000000000000, 0.000000000000000000 ) ) ;
#6150 = LINE ( 'NONE', #9539, #201 ) ;
#6151 = EDGE_CURVE ( 'NONE', #1174, #7989, #1513, .T. ) ;
#6152 = ORIENTED_EDGE ( 'NONE', *, *, #8051, .F. ) ;
#6153 = DIRECTION ( 'NONE',  ( -0.000000000000000000, 1.000000000000000000, 0.000000000000000000 ) ) ;
#6154 = FACE_OUTER_BOUND ( 'NONE', #9847, .T. ) ;
#6155 = CARTESIAN_POINT ( 'NONE',  ( -0.1500000000000001055, -0.5999999999999999778, 0.5300000000000001377 ) ) ;
#6156 = CARTESIAN_POINT ( 'NONE',  ( -0.5999999999999998668, 1.399999999999999911, 0.01000000000000000021 ) ) ;
#6157 = SURFACE_SIDE_STYLE ('',( #2892 ) ) ;
#6158 =( NAMED_UNIT ( * ) SI_UNIT ( $, .STERADIAN. ) SOLID_ANGLE_UNIT ( ) );
#6159 = ADVANCED_FACE ( 'NONE', ( #3169 ), #6602, .T. ) ;
#6160 = VERTEX_POINT ( 'NONE', #5314 ) ;
#6161 = EDGE_CURVE ( 'NONE', #9331, #7734, #3541, .T. ) ;
#6162 = CARTESIAN_POINT ( 'NONE',  ( -0.3999931019927850384, -1.600000000000000089, 0.000000000000000000 ) ) ;
#6163 = MECHANICAL_DESIGN_GEOMETRIC_PRESENTATION_REPRESENTATION (  '', ( #1400 ), #5815 ) ;
#6164 = AXIS2_PLACEMENT_3D ( 'NONE', #5964, #9308, #2540 ) ;
#6165 = EDGE_LOOP ( 'NONE', ( #1834, #5295, #7501, #1081 ) ) ;
#6166 = DIRECTION ( 'NONE',  ( 0.000000000000000000, -1.000000000000000000, 0.000000000000000000 ) ) ;
#6167 = DIRECTION ( 'NONE',  ( -0.000000000000000000, 0.000000000000000000, -1.000000000000000000 ) ) ;
#6168 = ORIENTED_EDGE ( 'NONE', *, *, #5347, .F. ) ;
#6169 = ADVANCED_FACE ( 'NONE', ( #10363 ), #951, .F. ) ;
#6170 = ORIENTED_EDGE ( 'NONE', *, *, #2719, .T. ) ;
#6171 = ORIENTED_EDGE ( 'NONE', *, *, #3544, .F. ) ;
#6172 = ORIENTED_EDGE ( 'NONE', *, *, #5499, .F. ) ;
#6173 = FACE_BOUND ( 'NONE', #4, .T. ) ;
#6174 = EDGE_CURVE ( 'NONE', #9589, #6868, #8652, .T. ) ;
#6175 = ORIENTED_EDGE ( 'NONE', *, *, #10064, .F. ) ;
#6176 = ADVANCED_FACE ( 'NONE', ( #8594 ), #9432, .F. ) ;
#6177 = LINE ( 'NONE', #204, #8112 ) ;
#6178 = LINE ( 'NONE', #9567, #6231 ) ;
#6179 = VERTEX_POINT ( 'NONE', #2560 ) ;
#6180 = EDGE_CURVE ( 'NONE', #9520, #4147, #5206, .T. ) ;
#6181 = DIRECTION ( 'NONE',  ( 0.000000000000000000, 0.000000000000000000, 1.000000000000000000 ) ) ;
#6182 = EDGE_CURVE ( 'NONE', #4764, #3806, #2713, .T. ) ;
#6183 =( LENGTH_UNIT ( ) NAMED_UNIT ( * ) SI_UNIT ( .MILLI., .METRE. ) );
#6184 = ORIENTED_EDGE ( 'NONE', *, *, #6470, .F. ) ;
#6185 = VECTOR ( 'NONE', #10053, 1000.000000000000000 ) ;
#6186 = CARTESIAN_POINT ( 'NONE',  ( -0.5350000000000000311, 1.100000000000000089, 0.005000000000000000104 ) ) ;
#6187 = EDGE_CURVE ( 'NONE', #260, #10252, #230, .T. ) ;
#6188 = FACE_OUTER_BOUND ( 'NONE', #1949, .T. ) ;
#6189 = DIRECTION ( 'NONE',  ( 1.000000000000000000, 0.000000000000000000, 0.000000000000000000 ) ) ;
#6190 = VERTEX_POINT ( 'NONE', #69 ) ;
#6191 = DIRECTION ( 'NONE',  ( 0.000000000000000000, -0.000000000000000000, -1.000000000000000000 ) ) ;
#6192 = CARTESIAN_POINT ( 'NONE',  ( 0.2999999999999992673, -1.489999999999999325, 0.5300000000000001377 ) ) ;
#6193 = AXIS2_PLACEMENT_3D ( 'NONE', #3323, #7434, #9985 ) ;
#6194 = MANIFOLD_SOLID_BREP ( 'Pins_top', #2897 ) ;
#6195 = DIRECTION ( 'NONE',  ( 1.000000000000000000, 0.000000000000000000, 0.000000000000000000 ) ) ;
#6196 = PRESENTATION_STYLE_ASSIGNMENT (( #7816 ) ) ;
#6197 = COLOUR_RGB ( '',0.3921568627450980338, 0.5999999999999999778, 0.3921568627450980338 ) ;
#6198 = ORIENTED_EDGE ( 'NONE', *, *, #5, .T. ) ;
#6199 = ORIENTED_EDGE ( 'NONE', *, *, #8805, .T. ) ;
#6200 = ORIENTED_EDGE ( 'NONE', *, *, #1423, .T. ) ;
#6201 = EDGE_CURVE ( 'NONE', #6479, #1082, #1058, .T. ) ;
#6202 = LINE ( 'NONE', #9592, #9067 ) ;
#6203 = CARTESIAN_POINT ( 'NONE',  ( -0.5999999999999999778, 1.600000000000000089, 0.01000000000000000021 ) ) ;
#6204 = ORIENTED_EDGE ( 'NONE', *, *, #9114, .F. ) ;
#6205 = DIRECTION ( 'NONE',  ( 0.000000000000000000, 0.000000000000000000, -1.000000000000000000 ) ) ;
#6206 = PRODUCT_DEFINITION_SHAPE ( 'NONE', 'NONE',  #4292 ) ;
#6207 = DIRECTION ( 'NONE',  ( 1.000000000000000000, -0.000000000000000000, 0.000000000000000000 ) ) ;
#6208 = CARTESIAN_POINT ( 'NONE',  ( 0.2399999999999999911, 1.600000000000000089, 0.01000000000000000021 ) ) ;
#6210 = VECTOR ( 'NONE', #3320, 1000.000000000000000 ) ;
#6209 =( NAMED_UNIT ( * ) PLANE_ANGLE_UNIT ( ) SI_UNIT ( $, .RADIAN. ) );
#6211 = PLANE ( 'NONE',  #4117 ) ;
#6212 = CARTESIAN_POINT ( 'NONE',  ( 0.5999999999999999778, -1.403900576581448956, 0.000000000000000000 ) ) ;
#6213 = ORIENTED_EDGE ( 'NONE', *, *, #3128, .F. ) ;
#6214 = MANIFOLD_SOLID_BREP ( 'Pins_top', #4322 ) ;
#6215 = DIRECTION ( 'NONE',  ( -0.000000000000000000, -1.000000000000000000, -0.000000000000000000 ) ) ;
#6216 = CARTESIAN_POINT ( 'NONE',  ( 0.2399999999999999911, 1.600000000000000089, 0.5300000000000001377 ) ) ;
#6217 = EDGE_CURVE ( 'NONE', #2923, #8720, #3024, .T. ) ;
#6218 = DIRECTION ( 'NONE',  ( -0.000000000000000000, 0.000000000000000000, -1.000000000000000000 ) ) ;
#6219 = VECTOR ( 'NONE', #6398, 1000.000000000000000 ) ;
#6220 = ORIENTED_EDGE ( 'NONE', *, *, #8556, .T. ) ;
#6221 = CARTESIAN_POINT ( 'NONE',  ( 0.1499999999999999944, -0.5999999999999999778, 0.5300000000000001377 ) ) ;
#6222 = AXIS2_PLACEMENT_3D ( 'NONE', #6137, #2760, #3481 ) ;
#6223 = EDGE_CURVE ( 'NONE', #787, #3554, #2771, .T. ) ;
#6224 = FACE_OUTER_BOUND ( 'NONE', #9996, .T. ) ;
#6225 = EDGE_CURVE ( 'NONE', #644, #5050, #2261, .T. ) ;
#6226 = VECTOR ( 'NONE', #5703, 1000.000000000000000 ) ;
#6227 = APPLICATION_PROTOCOL_DEFINITION ( 'draft international standard', 'automotive_design', 1998, #1680 ) ;
#6228 = CARTESIAN_POINT ( 'NONE',  ( -0.5999999999999999778, 1.489999999999999991, 0.01000000000000000021 ) ) ;
#6229 = ORIENTED_EDGE ( 'NONE', *, *, #10292, .T. ) ;
#6230 = ORIENTED_EDGE ( 'NONE', *, *, #8330, .F. ) ;
#6231 = VECTOR ( 'NONE', #1757, 1000.000000000000000 ) ;
#6232 = EDGE_LOOP ( 'NONE', ( #6545, #6960, #3570, #7689 ) ) ;
#6233 = MANIFOLD_SOLID_BREP ( 'Pins_top', #3965 ) ;
#6234 = LINE ( 'NONE', #8897, #6536 ) ;
#6235 =( GEOMETRIC_REPRESENTATION_CONTEXT ( 3 ) GLOBAL_UNCERTAINTY_ASSIGNED_CONTEXT ( ( #4319 ) ) GLOBAL_UNIT_ASSIGNED_CONTEXT ( ( #8952, #10556, #8109 ) ) REPRESENTATION_CONTEXT ( 'NONE', 'WORKASPACE' ) );
#6236 = EDGE_CURVE ( 'NONE', #2140, #3229, #9734, .T. ) ;
#6237 = ORIENTED_EDGE ( 'NONE', *, *, #869, .F. ) ;
#6238 = MECHANICAL_DESIGN_GEOMETRIC_PRESENTATION_REPRESENTATION (  '', ( #8900 ), #9967 ) ;
#6239 = LINE ( 'NONE', #10566, #1374 ) ;
#6240 = ORIENTED_EDGE ( 'NONE', *, *, #7777, .F. ) ;
#6241 = FACE_OUTER_BOUND ( 'NONE', #5073, .T. ) ;
#6242 = EDGE_CURVE ( 'NONE', #2860, #9522, #3973, .T. ) ;
#6243 = CARTESIAN_POINT ( 'NONE',  ( -0.5999999999999999778, 0.7494999999999999440, 0.000000000000000000 ) ) ;
#6244 = VECTOR ( 'NONE', #7990, 1000.000000000000000 ) ;
#6245 = ORIENTED_EDGE ( 'NONE', *, *, #9990, .T. ) ;
#6246 = LINE ( 'NONE', #4641, #2864 ) ;
#6247 = VECTOR ( 'NONE', #4984, 1000.000000000000000 ) ;
#6248 = CARTESIAN_POINT ( 'NONE',  ( -0.5349999999999998090, -1.239999999999999991, 0.01000000000000000021 ) ) ;
#6249 = LINE ( 'NONE', #2046, #8673 ) ;
#6250 = ORIENTED_EDGE ( 'NONE', *, *, #6883, .T. ) ;
#6251 = DIRECTION ( 'NONE',  ( 0.000000000000000000, 1.000000000000000000, 0.000000000000000000 ) ) ;
#6252 = CARTESIAN_POINT ( 'NONE',  ( -0.5999999999999999778, -1.489999999999999991, 0.01000000000000000021 ) ) ;
#6253 =( LENGTH_UNIT ( ) NAMED_UNIT ( * ) SI_UNIT ( .MILLI., .METRE. ) );
#6254 = PLANE ( 'NONE',  #2888 ) ;
#6255 = ORIENTED_EDGE ( 'NONE', *, *, #908, .F. ) ;
#6256 = SURFACE_SIDE_STYLE ('',( #285 ) ) ;
#6257 = ORIENTED_EDGE ( 'NONE', *, *, #1916, .F. ) ;
#6258 = ORIENTED_EDGE ( 'NONE', *, *, #7815, .T. ) ;
#6259 = DIRECTION ( 'NONE',  ( 0.000000000000000000, -1.000000000000000000, -0.000000000000000000 ) ) ;
#6260 = CARTESIAN_POINT ( 'NONE',  ( 0.5349999999999999201, 0.6999999999999999556, 0.000000000000000000 ) ) ;
#6261 = LINE ( 'NONE', #3823, #8418 ) ;
#6262 = ORIENTED_EDGE ( 'NONE', *, *, #5485, .F. ) ;
#6263 = CARTESIAN_POINT ( 'NONE',  ( -0.5999999999999999778, -1.600000000000000089, 0.5200000000000000178 ) ) ;
#6264 = DIRECTION ( 'NONE',  ( 0.000000000000000000, 1.000000000000000000, 0.000000000000000000 ) ) ;
#6265 = CARTESIAN_POINT ( 'NONE',  ( 0.1499999999999999944, 0.000000000000000000, 0.005000000000000000104 ) ) ;
#6266 = CARTESIAN_POINT ( 'NONE',  ( -0.1499999999999999944, -0.6971625444288770401, 0.5300000000000001377 ) ) ;
#6267 = VERTEX_POINT ( 'NONE', #7198 ) ;
#6268 = DIRECTION ( 'NONE',  ( 0.000000000000000000, 0.000000000000000000, -1.000000000000000000 ) ) ;
#6269 = LINE ( 'NONE', #5170, #190 ) ;
#6270 = VECTOR ( 'NONE', #5539, 1000.000000000000000 ) ;
#6271 = EDGE_CURVE ( 'NONE', #5404, #8070, #5682, .T. ) ;
#6272 = ORIENTED_EDGE ( 'NONE', *, *, #9440, .T. ) ;
#6273 = FACE_OUTER_BOUND ( 'NONE', #10293, .T. ) ;
#6274 =( GEOMETRIC_REPRESENTATION_CONTEXT ( 3 ) GLOBAL_UNCERTAINTY_ASSIGNED_CONTEXT ( ( #5838 ) ) GLOBAL_UNIT_ASSIGNED_CONTEXT ( ( #7259, #3987, #3154 ) ) REPRESENTATION_CONTEXT ( 'NONE', 'WORKASPACE' ) );
#6275 = SHAPE_DEFINITION_REPRESENTATION ( #1609, #8104 ) ;
#6276 = DIRECTION ( 'NONE',  ( -0.000000000000000000, -0.000000000000000000, -1.000000000000000000 ) ) ;
#6277 = ORIENTED_EDGE ( 'NONE', *, *, #10605, .F. ) ;
#6278 = ORIENTED_EDGE ( 'NONE', *, *, #1879, .T. ) ;
#6279 = AXIS2_PLACEMENT_3D ( 'NONE', #5440, #10600, #3059 ) ;
#6280 = EDGE_CURVE ( 'NONE', #2546, #10505, #10628, .T. ) ;
#6281 = AXIS2_PLACEMENT_3D ( 'NONE', #444, #9744, #2926 ) ;
#6282 = VERTEX_POINT ( 'NONE', #10791 ) ;
#6283 = MANIFOLD_SOLID_BREP ( 'Pins_top', #9279 ) ;
#6284 = EDGE_CURVE ( 'NONE', #4856, #7530, #10132, .T. ) ;
#6285 = DIRECTION ( 'NONE',  ( 1.000000000000000000, 0.000000000000000000, 0.000000000000000000 ) ) ;
#6286 = VECTOR ( 'NONE', #10591, 1000.000000000000000 ) ;
#6287 = ORIENTED_EDGE ( 'NONE', *, *, #4253, .F. ) ;
#6288 = AXIS2_PLACEMENT_3D ( 'NONE', #10769, #5826, #2298 ) ;
#6289 = SURFACE_SIDE_STYLE ('',( #6068 ) ) ;
#6290 = CARTESIAN_POINT ( 'NONE',  ( -0.4000000000000000222, 0.02000000000000000042, 0.005000000000000000104 ) ) ;
#6291 = LINE ( 'NONE', #9680, #1995 ) ;
#6292 = ORIENTED_EDGE ( 'NONE', *, *, #775, .T. ) ;
#6293 = PLANE ( 'NONE',  #7509 ) ;
#6294 = ORIENTED_EDGE ( 'NONE', *, *, #3780, .F. ) ;
#6295 = UNCERTAINTY_MEASURE_WITH_UNIT (LENGTH_MEASURE( 1.000000000000000082E-05 ), #3773, 'distance_accuracy_value', 'NONE');
#6296 = DIRECTION ( 'NONE',  ( -2.436409376371920126E-16, -1.000000000000000000, 0.000000000000000000 ) ) ;
#6297 = ADVANCED_FACE ( 'NONE', ( #3190 ), #812, .T. ) ;
#6298 =( GEOMETRIC_REPRESENTATION_CONTEXT ( 3 ) GLOBAL_UNCERTAINTY_ASSIGNED_CONTEXT ( ( #1096 ) ) GLOBAL_UNIT_ASSIGNED_CONTEXT ( ( #3855, #8964, #10684 ) ) REPRESENTATION_CONTEXT ( 'NONE', 'WORKASPACE' ) );
#6299 = PLANE ( 'NONE',  #4981 ) ;
#6300 = CYLINDRICAL_SURFACE ( 'NONE', #7258, 0.1999999999999999833 ) ;
#6301 = ORIENTED_EDGE ( 'NONE', *, *, #3775, .F. ) ;
#6302 = DIRECTION ( 'NONE',  ( -1.000000000000000000, 0.000000000000000000, -0.000000000000000000 ) ) ;
#6303 = DIRECTION ( 'NONE',  ( 1.115864326998099833E-15, 1.000000000000000000, 0.000000000000000000 ) ) ;
#6304 = CARTESIAN_POINT ( 'NONE',  ( 0.5999999999999999778, -1.600000000000000089, 0.000000000000000000 ) ) ;
#6305 = LINE ( 'NONE', #10581, #9092 ) ;
#6306 = ORIENTED_EDGE ( 'NONE', *, *, #9304, .T. ) ;
#6307 = PLANE ( 'NONE',  #8232 ) ;
#6308 = EDGE_LOOP ( 'NONE', ( #9570, #7807, #9132, #7423, #10128, #3155, #9596, #2504, #4853, #10809 ) ) ;
#6309 = ORIENTED_EDGE ( 'NONE', *, *, #1386, .F. ) ;
#6310 = EDGE_CURVE ( 'NONE', #3872, #933, #10962, .T. ) ;
#6311 = EDGE_CURVE ( 'NONE', #4434, #10311, #6852, .T. ) ;
#6312 = DIRECTION ( 'NONE',  ( -1.000000000000000000, 1.194055256041299883E-16, 0.000000000000000000 ) ) ;
#6313 = CARTESIAN_POINT ( 'NONE',  ( -0.5999999999999999778, -1.239999999999999991, 0.8000000000000000444 ) ) ;
#6314 = PRESENTATION_STYLE_ASSIGNMENT (( #8987 ) ) ;
#6315 = ORIENTED_EDGE ( 'NONE', *, *, #10953, .T. ) ;
#6316 = EDGE_CURVE ( 'NONE', #9183, #3266, #10234, .T. ) ;
#6317 = AXIS2_PLACEMENT_3D ( 'NONE', #6304, #2107, #3812 ) ;
#6318 = EDGE_CURVE ( 'NONE', #5608, #10827, #863, .T. ) ;
#6319 = DIRECTION ( 'NONE',  ( -0.000000000000000000, 0.000000000000000000, -1.000000000000000000 ) ) ;
#6320 = CARTESIAN_POINT ( 'NONE',  ( 0.1499999999999999944, -1.489999999999999991, 0.000000000000000000 ) ) ;
#6321 = ADVANCED_FACE ( 'NONE', ( #10013 ), #7679, .T. ) ;
#6322 = DIRECTION ( 'NONE',  ( 0.000000000000000000, 1.000000000000000000, 0.000000000000000000 ) ) ;
#6323 = LINE ( 'NONE', #9709, #9833 ) ;
#6324 = CARTESIAN_POINT ( 'NONE',  ( -0.5999999999999999778, -1.100000000000000089, 0.005000000000000000104 ) ) ;
#6325 = CARTESIAN_POINT ( 'NONE',  ( 0.3999999999999999667, 1.600000000000000089, 0.000000000000000000 ) ) ;
#6327 = ORIENTED_EDGE ( 'NONE', *, *, #4619, .T. ) ;
#6326 = EDGE_CURVE ( 'NONE', #8432, #1094, #9239, .T. ) ;
#6328 = MANIFOLD_SOLID_BREP ( 'Pins_Bottom', #6795 ) ;
#6329 =( NAMED_UNIT ( * ) PLANE_ANGLE_UNIT ( ) SI_UNIT ( $, .RADIAN. ) );
#6330 = CARTESIAN_POINT ( 'NONE',  ( -0.1499999999999999667, -1.489999999999999991, 0.000000000000000000 ) ) ;
#6331 = ORIENTED_EDGE ( 'NONE', *, *, #9827, .T. ) ;
#6332 = FILL_AREA_STYLE ('',( #3959 ) ) ;
#6333 = DIRECTION ( 'NONE',  ( 0.000000000000000000, 0.000000000000000000, 1.000000000000000000 ) ) ;
#6334 = VECTOR ( 'NONE', #10712, 1000.000000000000000 ) ;
#6335 = CARTESIAN_POINT ( 'NONE',  ( 0.1499999999999999944, -1.499754031465950099, 0.01000000000000000021 ) ) ;
#6336 = PRODUCT_CONTEXT ( 'NONE', #3440, 'mechanical' ) ;
#6337 = CARTESIAN_POINT ( 'NONE',  ( -0.1281588001357080175, 0.4318411998642919802, 0.5300000000000001377 ) ) ;
#6338 = ORIENTED_EDGE ( 'NONE', *, *, #1116, .F. ) ;
#6339 = ORIENTED_EDGE ( 'NONE', *, *, #6984, .F. ) ;
#6340 = AXIS2_PLACEMENT_3D ( 'NONE', #9200, #10923, #1554 ) ;
#6341 = ORIENTED_EDGE ( 'NONE', *, *, #9620, .T. ) ;
#6342 = DIRECTION ( 'NONE',  ( -1.000000000000000000, 0.000000000000000000, -0.000000000000000000 ) ) ;
#6343 = ORIENTED_EDGE ( 'NONE', *, *, #4320, .T. ) ;
#6344 = DIRECTION ( 'NONE',  ( 0.000000000000000000, 0.000000000000000000, -1.000000000000000000 ) ) ;
#6345 = SURFACE_STYLE_USAGE ( .BOTH. , #3796 ) ;
#6346 = EDGE_LOOP ( 'NONE', ( #8375, #4905, #928, #9167 ) ) ;
#6347 = LINE ( 'NONE', #2151, #8564 ) ;
#6348 = DIRECTION ( 'NONE',  ( -1.000000000000000000, -0.000000000000000000, 0.000000000000000000 ) ) ;
#6349 = ORIENTED_EDGE ( 'NONE', *, *, #7145, .T. ) ;
#6350 = ADVANCED_BREP_SHAPE_REPRESENTATION ( '', ( #6437, #2231 ), #7518 ) ;
#6351 = DIRECTION ( 'NONE',  ( 1.000000000000000000, 5.225070710773570208E-16, -0.000000000000000000 ) ) ;
#6352 = DIRECTION ( 'NONE',  ( 0.000000000000000000, 0.000000000000000000, -1.000000000000000000 ) ) ;
#6353 = CARTESIAN_POINT ( 'NONE',  ( 0.000000000000000000, -0.6999999999999999556, 0.001000000000000000021 ) ) ;
#6354 = ORIENTED_EDGE ( 'NONE', *, *, #4530, .T. ) ;
#6355 = PLANE ( 'NONE',  #2677 ) ;
#6356 = EDGE_CURVE ( 'NONE', #4200, #480, #1746, .T. ) ;
#6357 = SURFACE_SIDE_STYLE ('',( #545 ) ) ;
#6358 = DIRECTION ( 'NONE',  ( -1.000000000000000000, 0.000000000000000000, -0.000000000000000000 ) ) ;
#6359 = EDGE_CURVE ( 'NONE', #7156, #7212, #1196, .T. ) ;
#6360 = ORIENTED_EDGE ( 'NONE', *, *, #5801, .T. ) ;
#6361 = VECTOR ( 'NONE', #6065, 1000.000000000000000 ) ;
#6362 = DIRECTION ( 'NONE',  ( 0.000000000000000000, 1.000000000000000000, 0.000000000000000000 ) ) ;
#6363 = EDGE_CURVE ( 'NONE', #1947, #7072, #3616, .T. ) ;
#6364 = ORIENTED_EDGE ( 'NONE', *, *, #5427, .T. ) ;
#6365 = VERTEX_POINT ( 'NONE', #3670 ) ;
#6366 = LINE ( 'NONE', #4599, #1824 ) ;
#6367 = SURFACE_SIDE_STYLE ('',( #2937 ) ) ;
#6368 = CARTESIAN_POINT ( 'NONE',  ( 0.5999999999999999778, 1.099999999999999867, 0.005000000000000000104 ) ) ;
#6369 = ORIENTED_EDGE ( 'NONE', *, *, #1504, .F. ) ;
#6370 = VECTOR ( 'NONE', #1691, 1000.000000000000000 ) ;
#6371 =( GEOMETRIC_REPRESENTATION_CONTEXT ( 3 ) GLOBAL_UNCERTAINTY_ASSIGNED_CONTEXT ( ( #7642 ) ) GLOBAL_UNIT_ASSIGNED_CONTEXT ( ( #10384, #5393, #9397 ) ) REPRESENTATION_CONTEXT ( 'NONE', 'WORKASPACE' ) );
#6372 = DIRECTION ( 'NONE',  ( 0.5155782475760137817, 0.8568425004786157650, -0.000000000000000000 ) ) ;
#6373 = CARTESIAN_POINT ( 'NONE',  ( -0.4000000000000000222, -1.600000000000000089, 0.01000000000000000021 ) ) ;
#6374 = DIRECTION ( 'NONE',  ( 0.000000000000000000, -0.000000000000000000, -1.000000000000000000 ) ) ;
#6375 = CARTESIAN_POINT ( 'NONE',  ( 0.3197770700636939911, 0.6000000000000000888, 0.000000000000000000 ) ) ;
#6376 = VERTEX_POINT ( 'NONE', #5181 ) ;
#6377 = DIRECTION ( 'NONE',  ( 0.000000000000000000, 0.000000000000000000, -1.000000000000000000 ) ) ;
#6378 = ORIENTED_EDGE ( 'NONE', *, *, #9323, .F. ) ;
#6379 = CARTESIAN_POINT ( 'NONE',  ( -0.5350000000000000311, -1.239999999999999991, 0.5300000000000001377 ) ) ;
#6380 = LINE ( 'NONE', #3774, #8861 ) ;
#6381 = VERTEX_POINT ( 'NONE', #10390 ) ;
#6382 = VECTOR ( 'NONE', #1238, 1000.000000000000000 ) ;
#6383 = VECTOR ( 'NONE', #7858, 1000.000000000000000 ) ;
#6384 = AXIS2_PLACEMENT_3D ( 'NONE', #2837, #3716, #7382 ) ;
#6385 = ORIENTED_EDGE ( 'NONE', *, *, #2872, .T. ) ;
#6386 = DIRECTION ( 'NONE',  ( 0.000000000000000000, 0.000000000000000000, -1.000000000000000000 ) ) ;
#6387 = DIRECTION ( 'NONE',  ( 0.000000000000000000, 0.000000000000000000, -1.000000000000000000 ) ) ;
#6388 = VECTOR ( 'NONE', #173, 1000.000000000000000 ) ;
#6389 = PLANE ( 'NONE',  #3927 ) ;
#6390 = DIRECTION ( 'NONE',  ( 0.000000000000000000, 0.000000000000000000, 1.000000000000000000 ) ) ;
#6391 = VERTEX_POINT ( 'NONE', #9512 ) ;
#6392 = EDGE_LOOP ( 'NONE', ( #2491, #6609, #9070, #7551 ) ) ;
#6393 = VECTOR ( 'NONE', #7631, 1000.000000000000000 ) ;
#6394 = PLANE ( 'NONE',  #884 ) ;
#6395 = MECHANICAL_DESIGN_GEOMETRIC_PRESENTATION_REPRESENTATION (  '', ( #5876 ), #10833 ) ;
#6396 = EDGE_LOOP ( 'NONE', ( #10266, #1532, #7921, #3314 ) ) ;
#6397 = VECTOR ( 'NONE', #7585, 1000.000000000000000 ) ;
#6398 = DIRECTION ( 'NONE',  ( 1.000000000000000000, 0.000000000000000000, -0.000000000000000000 ) ) ;
#6399 = DIRECTION ( 'NONE',  ( -1.000000000000000000, 0.000000000000000000, -0.000000000000000000 ) ) ;
#6400 = FACE_OUTER_BOUND ( 'NONE', #7224, .T. ) ;
#6401 = AXIS2_PLACEMENT_3D ( 'NONE', #9343, #6046, #10058 ) ;
#6402 = VERTEX_POINT ( 'NONE', #974 ) ;
#6403 = FACE_OUTER_BOUND ( 'NONE', #10414, .T. ) ;
#6404 = ORIENTED_EDGE ( 'NONE', *, *, #10418, .F. ) ;
#6405 = ORIENTED_EDGE ( 'NONE', *, *, #6117, .F. ) ;
#6406 = UNCERTAINTY_MEASURE_WITH_UNIT (LENGTH_MEASURE( 1.000000000000000082E-05 ), #10877, 'distance_accuracy_value', 'NONE');
#6407 = LINE ( 'NONE', #9686, #1278 ) ;
#6408 = CARTESIAN_POINT ( 'NONE',  ( -0.5350000000000000311, 1.600000000000000089, 0.000000000000000000 ) ) ;
#6409 = DIRECTION ( 'NONE',  ( 1.000000000000000000, 0.000000000000000000, -0.000000000000000000 ) ) ;
#6410 = AXIS2_PLACEMENT_3D ( 'NONE', #735, #9282, #3287 ) ;
#6411 = ORIENTED_EDGE ( 'NONE', *, *, #239, .F. ) ;
#6412 = CARTESIAN_POINT ( 'NONE',  ( 0.5350000000000000311, 1.239999999999999991, 0.01000000000000000021 ) ) ;
#6413 = CARTESIAN_POINT ( 'NONE',  ( 0.07499999999999999722, 1.600000000000000089, 0.001000000000000000021 ) ) ;
#6414 = CARTESIAN_POINT ( 'NONE',  ( -0.5999999999999999778, 1.399999999999999911, 0.5300000000000001377 ) ) ;
#6415 = VECTOR ( 'NONE', #10165, 1000.000000000000000 ) ;
#6416 = EDGE_LOOP ( 'NONE', ( #10865, #4391, #6876, #3014 ) ) ;
#6417 = CARTESIAN_POINT ( 'NONE',  ( -0.5999999999999999778, 1.600000000000000089, 0.000000000000000000 ) ) ;
#6418 = EDGE_LOOP ( 'NONE', ( #733, #4472, #10630, #87 ) ) ;
#6419 = ORIENTED_EDGE ( 'NONE', *, *, #4865, .T. ) ;
#6420 = VECTOR ( 'NONE', #5028, 1000.000000000000000 ) ;
#6421 = DIRECTION ( 'NONE',  ( 0.000000000000000000, 0.9993908270190957621, -0.03489949670250089286 ) ) ;
#6422 = PLANE ( 'NONE',  #7113 ) ;
#6423 = CARTESIAN_POINT ( 'NONE',  ( -0.3002762822146826105, 1.499754031465949877, 0.01000000000000000021 ) ) ;
#6424 = EDGE_LOOP ( 'NONE', ( #6405, #5025, #2262, #4576 ) ) ;
#6425 = DIRECTION ( 'NONE',  ( 0.000000000000000000, 1.000000000000000000, 0.000000000000000000 ) ) ;
#6426 = ADVANCED_FACE ( 'NONE', ( #1861 ), #6004, .T. ) ;
#6427 = MECHANICAL_DESIGN_GEOMETRIC_PRESENTATION_REPRESENTATION (  '', ( #1663 ), #249 ) ;
#6428 = VECTOR ( 'NONE', #4105, 1000.000000000000000 ) ;
#6429 = CARTESIAN_POINT ( 'NONE',  ( -0.5999999999999999778, 1.399999999999999911, 0.7900000000000000355 ) ) ;
#6430 = CARTESIAN_POINT ( 'NONE',  ( 0.2399563975748850164, -1.600000000000000089, 0.01000000000000000021 ) ) ;
#6431 = CARTESIAN_POINT ( 'NONE',  ( 0.2999999999999999889, -1.489999999999999991, 0.000000000000000000 ) ) ;
#6432 = FACE_OUTER_BOUND ( 'NONE', #9661, .T. ) ;
#6433 = DIRECTION ( 'NONE',  ( 0.000000000000000000, -0.000000000000000000, -1.000000000000000000 ) ) ;
#6434 = ORIENTED_EDGE ( 'NONE', *, *, #7722, .T. ) ;
#6435 = DIRECTION ( 'NONE',  ( 0.000000000000000000, 0.000000000000000000, 1.000000000000000000 ) ) ;
#6436 = ORIENTED_EDGE ( 'NONE', *, *, #7284, .F. ) ;
#6437 = MANIFOLD_SOLID_BREP ( 'Pins_Bottom', #9626 ) ;
#6438 = FILL_AREA_STYLE_COLOUR ( '', #7842 ) ;
#6439 = PRODUCT_RELATED_PRODUCT_CATEGORY ( 'part', '', ( #4274 ) ) ;
#6440 = DIRECTION ( 'NONE',  ( 1.000000000000000000, 0.000000000000000000, 0.000000000000000000 ) ) ;
#6441 = ORIENTED_EDGE ( 'NONE', *, *, #1457, .F. ) ;
#6442 = EDGE_CURVE ( 'NONE', #4285, #2287, #10441, .T. ) ;
#6443 = ORIENTED_EDGE ( 'NONE', *, *, #6592, .T. ) ;
#6444 = EDGE_CURVE ( 'NONE', #4084, #9699, #3724, .T. ) ;
#6445 = LINE ( 'NONE', #9835, #9737 ) ;
#6446 = CARTESIAN_POINT ( 'NONE',  ( 0.5999999999999999778, -1.243863872159709949, 0.01000000000000000021 ) ) ;
#6447 = DIRECTION ( 'NONE',  ( 1.000000000000000000, 0.000000000000000000, 0.000000000000000000 ) ) ;
#6448 =( LENGTH_UNIT ( ) NAMED_UNIT ( * ) SI_UNIT ( .MILLI., .METRE. ) );
#6449 = PRODUCT_DEFINITION_FORMATION_WITH_SPECIFIED_SOURCE ( 'ANY', '', #1080, .NOT_KNOWN. ) ;
#6450 = CARTESIAN_POINT ( 'NONE',  ( 0.5999999999999999778, 0.6999999999999999556, 0.005000000000000000104 ) ) ;
#6451 = VERTEX_POINT ( 'NONE', #2686 ) ;
#6452 = DIRECTION ( 'NONE',  ( 0.000000000000000000, -0.000000000000000000, -1.000000000000000000 ) ) ;
#6453 = ORIENTED_EDGE ( 'NONE', *, *, #1385, .F. ) ;
#6454 = VECTOR ( 'NONE', #6823, 1000.000000000000000 ) ;
#6455 = EDGE_CURVE ( 'NONE', #8413, #2602, #6061, .T. ) ;
#6456 = EDGE_CURVE ( 'NONE', #5666, #763, #1031, .T. ) ;
#6457 = LINE ( 'NONE', #9846, #7173 ) ;
#6458 = PRESENTATION_STYLE_ASSIGNMENT (( #1367 ) ) ;
#6459 = VECTOR ( 'NONE', #1971, 1000.000000000000000 ) ;
#6460 = ORIENTED_EDGE ( 'NONE', *, *, #10929, .T. ) ;
#6461 = AXIS2_PLACEMENT_3D ( 'NONE', #4444, #10487, #296 ) ;
#6462 = EDGE_CURVE ( 'NONE', #8432, #2688, #1975, .T. ) ;
#6463 = CARTESIAN_POINT ( 'NONE',  ( -0.2952229299363050563, -0.6400000000000000133, 0.5200000000000000178 ) ) ;
#6464 = ORIENTED_EDGE ( 'NONE', *, *, #7819, .T. ) ;
#6465 = ORIENTED_EDGE ( 'NONE', *, *, #8438, .T. ) ;
#6466 = LINE ( 'NONE', #4035, #9931 ) ;
#6467 = PRESENTATION_LAYER_ASSIGNMENT (  '', '', ( #5764 ) ) ;
#6468 = PLANE ( 'NONE',  #740 ) ;
#6469 = CARTESIAN_POINT ( 'NONE',  ( -0.2399999999999999911, -1.600000000000000089, 0.5300000000000001377 ) ) ;
#6470 = EDGE_CURVE ( 'NONE', #4794, #8736, #5337, .T. ) ;
#6471 = VERTEX_POINT ( 'NONE', #2740 ) ;
#6472 = VECTOR ( 'NONE', #9272, 1000.000000000000000 ) ;
#6473 = FACE_OUTER_BOUND ( 'NONE', #1173, .T. ) ;
#6474 = CARTESIAN_POINT ( 'NONE',  ( 0.000000000000000000, -0.6999999999999999556, 0.001000000000000000021 ) ) ;
#6475 = CARTESIAN_POINT ( 'NONE',  ( -0.5350000000000000311, -1.100000000000000089, 0.0009999999999999998040 ) ) ;
#6476 = CARTESIAN_POINT ( 'NONE',  ( 0.3599999999999999867, -0.1799999999999999933, 0.001000000000000000021 ) ) ;
#6477 = ORIENTED_EDGE ( 'NONE', *, *, #5128, .F. ) ;
#6478 = CARTESIAN_POINT ( 'NONE',  ( 0.5961306949927850374, 0.7500000000000000000, 0.01000000000000000021 ) ) ;
#6479 = VERTEX_POINT ( 'NONE', #6121 ) ;
#6480 = ORIENTED_EDGE ( 'NONE', *, *, #222, .F. ) ;
#6481 = FILL_AREA_STYLE_COLOUR ( '', #10473 ) ;
#6482 = CARTESIAN_POINT ( 'NONE',  ( -0.4018411998642920091, 0.01815880013570820434, 0.5300000000000001377 ) ) ;
#6483 = PLANE ( 'NONE',  #8242 ) ;
#6484 = ORIENTED_EDGE ( 'NONE', *, *, #2067, .F. ) ;
#6485 = FACE_OUTER_BOUND ( 'NONE', #858, .T. ) ;
#6486 = CARTESIAN_POINT ( 'NONE',  ( 0.5350000000000000311, -0.6400000000000000133, 0.005000000000000000104 ) ) ;
#6487 = LINE ( 'NONE', #6429, #898 ) ;
#6488 = CARTESIAN_POINT ( 'NONE',  ( -0.4650000000000000244, -1.600000000000000089, 0.5200000000000000178 ) ) ;
#6489 = CARTESIAN_POINT ( 'NONE',  ( 0.5999999999999999778, -1.243863872159709949, 0.01000000000000000021 ) ) ;
#6490 = CARTESIAN_POINT ( 'NONE',  ( -0.4000000000000000222, -1.600000000000000089, 0.5200000000000000178 ) ) ;
#6491 = PLANE ( 'NONE',  #1329 ) ;
#6492 = ORIENTED_EDGE ( 'NONE', *, *, #10920, .T. ) ;
#6493 = DIRECTION ( 'NONE',  ( 1.000000000000000000, 3.793400672828790074E-15, 0.000000000000000000 ) ) ;
#6494 = ORIENTED_EDGE ( 'NONE', *, *, #8218, .F. ) ;
#6495 = EDGE_CURVE ( 'NONE', #3902, #1199, #7846, .T. ) ;
#6496 = DIRECTION ( 'NONE',  ( 1.000000000000000000, 0.000000000000000000, 0.000000000000000000 ) ) ;
#6497 = CARTESIAN_POINT ( 'NONE',  ( -0.5818411998642911698, -0.5818411998642919469, -1.084202172485504434E-16 ) ) ;
#6498 = VERTEX_POINT ( 'NONE', #312 ) ;
#6499 = AXIS2_PLACEMENT_3D ( 'NONE', #7040, #4429, #120 ) ;
#6500 = ORIENTED_EDGE ( 'NONE', *, *, #5445, .F. ) ;
#6501 = EDGE_CURVE ( 'NONE', #8013, #8834, #4515, .T. ) ;
#6502 =( LENGTH_UNIT ( ) NAMED_UNIT ( * ) SI_UNIT ( .MILLI., .METRE. ) );
#6503 = EDGE_CURVE ( 'NONE', #6267, #4909, #8831, .T. ) ;
#6504 = LINE ( 'NONE', #416, #3992 ) ;
#6505 = ADVANCED_FACE ( 'NONE', ( #8891 ), #4789, .F. ) ;
#6506 = FACE_OUTER_BOUND ( 'NONE', #10756, .T. ) ;
#6507 = AXIS2_PLACEMENT_3D ( 'NONE', #931, #4371, #4315 ) ;
#6508 = EDGE_CURVE ( 'NONE', #8093, #7159, #9782, .T. ) ;
#6509 = CARTESIAN_POINT ( 'NONE',  ( -0.5961306949927850374, -1.499754031465950099, 0.01000000000000000021 ) ) ;
#6510 = DIRECTION ( 'NONE',  ( 0.4788521306805730293, 0.8778955729143845810, 0.000000000000000000 ) ) ;
#6511 = EDGE_LOOP ( 'NONE', ( #4023, #3259, #3232, #8956 ) ) ;
#6512 = VECTOR ( 'NONE', #513, 1000.000000000000000 ) ;
#6513 = PLANE ( 'NONE',  #5693 ) ;
#6514 = VERTEX_POINT ( 'NONE', #2137 ) ;
#6515 = LINE ( 'NONE', #9073, #1751 ) ;
#6516 = ORIENTED_EDGE ( 'NONE', *, *, #1749, .T. ) ;
#6517 = ORIENTED_EDGE ( 'NONE', *, *, #7682, .T. ) ;
#6518 = DIRECTION ( 'NONE',  ( 0.000000000000000000, 0.000000000000000000, -1.000000000000000000 ) ) ;
#6519 = ORIENTED_EDGE ( 'NONE', *, *, #1916, .T. ) ;
#6520 = EDGE_CURVE ( 'NONE', #4767, #8071, #4682, .T. ) ;
#6521 = DIRECTION ( 'NONE',  ( 0.000000000000000000, -0.000000000000000000, 1.000000000000000000 ) ) ;
#6522 = AXIS2_PLACEMENT_3D ( 'NONE', #10251, #6138, #8692 ) ;
#6523 = EDGE_CURVE ( 'NONE', #4655, #6767, #3901, .T. ) ;
#6524 = LINE ( 'NONE', #10750, #1874 ) ;
#6525 = DIRECTION ( 'NONE',  ( 5.421010862427520198E-16, -1.000000000000000000, -0.000000000000000000 ) ) ;
#6526 = EDGE_CURVE ( 'NONE', #2008, #6365, #7402, .T. ) ;
#6527 = CARTESIAN_POINT ( 'NONE',  ( 0.1499999999999999667, 0.6999999999999999556, 0.000000000000000000 ) ) ;
#6528 = ORIENTED_EDGE ( 'NONE', *, *, #1251, .T. ) ;
#6529 = ORIENTED_EDGE ( 'NONE', *, *, #3389, .T. ) ;
#6530 = VERTEX_POINT ( 'NONE', #3012 ) ;
#6531 = AXIS2_PLACEMENT_3D ( 'NONE', #1419, #9957, #9130 ) ;
#6532 = FILL_AREA_STYLE ('',( #6481 ) ) ;
#6533 = DIRECTION ( 'NONE',  ( 0.000000000000000000, 0.000000000000000000, -1.000000000000000000 ) ) ;
#6534 = ORIENTED_EDGE ( 'NONE', *, *, #8197, .F. ) ;
#6535 = PLANE ( 'NONE',  #10286 ) ;
#6536 = VECTOR ( 'NONE', #370, 1000.000000000000000 ) ;
#6537 = DIRECTION ( 'NONE',  ( -1.000000000000000000, 0.000000000000000000, 0.000000000000000000 ) ) ;
#6538 = CARTESIAN_POINT ( 'NONE',  ( 0.5350000000000000311, -0.6400000000000001243, 0.5200000000000000178 ) ) ;
#6539 = LINE ( 'NONE', #3826, #8189 ) ;
#6540 = CARTESIAN_POINT ( 'NONE',  ( 0.2999999999999998224, 1.500000000000000000, 0.7900000000000000355 ) ) ;
#6541 = EDGE_CURVE ( 'NONE', #1249, #2373, #9672, .T. ) ;
#6542 = DIRECTION ( 'NONE',  ( -1.000000000000000000, 4.365477497387350117E-16, 0.000000000000000000 ) ) ;
#6543 = ORIENTED_EDGE ( 'NONE', *, *, #1917, .T. ) ;
#6544 = CARTESIAN_POINT ( 'NONE',  ( -0.1300000000000000044, 0.4299999999999999933, 0.001000000000000000021 ) ) ;
#6545 = ORIENTED_EDGE ( 'NONE', *, *, #8901, .T. ) ;
#6546 = CARTESIAN_POINT ( 'NONE',  ( 0.5350000000000000311, 0.9000000000000001332, 0.000000000000000000 ) ) ;
#6547 = VECTOR ( 'NONE', #1641, 1000.000000000000000 ) ;
#6548 = DIRECTION ( 'NONE',  ( -1.000000000000000000, 0.000000000000000000, -0.000000000000000000 ) ) ;
#6549 = VECTOR ( 'NONE', #10372, 1000.000000000000000 ) ;
#6550 = EDGE_LOOP ( 'NONE', ( #7378, #7413, #6115, #169 ) ) ;
#6551 = ORIENTED_EDGE ( 'NONE', *, *, #4168, .F. ) ;
#6552 = ORIENTED_EDGE ( 'NONE', *, *, #3699, .T. ) ;
#6553 = CARTESIAN_POINT ( 'NONE',  ( -0.5349999999999999201, 0.6400000000000000133, 0.01000000000000000021 ) ) ;
#6554 = CARTESIAN_POINT ( 'NONE',  ( 0.5350000000000000311, 1.099999999999999867, 0.001000000000000000238 ) ) ;
#6555 = VECTOR ( 'NONE', #835, 1000.000000000000000 ) ;
#6556 = PLANE ( 'NONE',  #2584 ) ;
#6557 = CARTESIAN_POINT ( 'NONE',  ( 0.3999999999999999667, 1.600000000000000089, 0.5300000000000001377 ) ) ;
#6558 = VECTOR ( 'NONE', #1964, 1000.000000000000000 ) ;
#6559 = EDGE_CURVE ( 'NONE', #647, #9540, #7180, .T. ) ;
#6560 = CARTESIAN_POINT ( 'NONE',  ( -0.07499999999999999722, 1.600000000000000089, 0.001000000000000000021 ) ) ;
#6561 = ADVANCED_FACE ( 'NONE', ( #7235 ), #5509, .F. ) ;
#6562 = ORIENTED_EDGE ( 'NONE', *, *, #8597, .F. ) ;
#6563 = EDGE_CURVE ( 'NONE', #9209, #9280, #476, .T. ) ;
#6564 = CIRCLE ( 'NONE', #9756, 0.1999999999999999833 ) ;
#6565 = DIRECTION ( 'NONE',  ( -0.000000000000000000, -1.000000000000000000, 0.000000000000000000 ) ) ;
#6566 = ORIENTED_EDGE ( 'NONE', *, *, #2253, .F. ) ;
#6567 = CARTESIAN_POINT ( 'NONE',  ( -0.4650000000000000244, 0.5999999999999999778, 0.5300000000000001377 ) ) ;
#6568 =( NAMED_UNIT ( * ) SI_UNIT ( $, .STERADIAN. ) SOLID_ANGLE_UNIT ( ) );
#6569 = ORIENTED_EDGE ( 'NONE', *, *, #1627, .F. ) ;
#6570 = ORIENTED_EDGE ( 'NONE', *, *, #1729, .F. ) ;
#6571 = DIRECTION ( 'NONE',  ( -0.000000000000000000, -1.000000000000000000, 0.000000000000000000 ) ) ;
#6572 = AXIS2_PLACEMENT_3D ( 'NONE', #2954, #1408, #8950 ) ;
#6573 = PLANE ( 'NONE',  #43 ) ;
#6574 = ORIENTED_CLOSED_SHELL ( 'NONE', *, #1136, .F. );
#6575 = CARTESIAN_POINT ( 'NONE',  ( 0.3499999999999999778, 1.300000000000000266, 0.000000000000000000 ) ) ;
#6576 = AXIS2_PLACEMENT_3D ( 'NONE', #8689, #10966, #6756 ) ;
#6577 = EDGE_CURVE ( 'NONE', #68, #8760, #3077, .T. ) ;
#6578 = PRESENTATION_LAYER_ASSIGNMENT (  '', '', ( #7117 ) ) ;
#6579 = CARTESIAN_POINT ( 'NONE',  ( 0.5999999999999999778, -1.099999999999999645, 0.005000000000000000104 ) ) ;
#6580 = LINE ( 'NONE', #4207, #5789 ) ;
#6581 = EDGE_CURVE ( 'NONE', #9401, #9507, #1410, .T. ) ;
#6582 = FACE_OUTER_BOUND ( 'NONE', #2368, .T. ) ;
#6583 = ORIENTED_EDGE ( 'NONE', *, *, #4108, .T. ) ;
#6584 = CARTESIAN_POINT ( 'NONE',  ( -0.5350000000000000311, 1.239999999999999991, 0.5300000000000001377 ) ) ;
#6585 = ORIENTED_EDGE ( 'NONE', *, *, #2710, .F. ) ;
#6586 = VECTOR ( 'NONE', #9891, 1000.000000000000000 ) ;
#6587 = VERTEX_POINT ( 'NONE', #10731 ) ;
#6588 = SURFACE_SIDE_STYLE ('',( #1440 ) ) ;
#6589 = PRESENTATION_LAYER_ASSIGNMENT (  '', '', ( #9249 ) ) ;
#6590 = FACE_OUTER_BOUND ( 'NONE', #4008, .T. ) ;
#6591 = CARTESIAN_POINT ( 'NONE',  ( -0.2399999999999999911, 1.599999999999999867, 0.5300000000000001377 ) ) ;
#6592 = EDGE_CURVE ( 'NONE', #4365, #5190, #3134, .T. ) ;
#6593 = ORIENTED_EDGE ( 'NONE', *, *, #9547, .F. ) ;
#6594 = CARTESIAN_POINT ( 'NONE',  ( 0.5999999999999999778, -1.399999999999999911, 0.5200000000000000178 ) ) ;
#6595 = COLOUR_RGB ( '',1.000000000000000000, 1.000000000000000000, 1.000000000000000000 ) ;
#6596 = DIRECTION ( 'NONE',  ( 0.000000000000000000, 0.000000000000000000, 1.000000000000000000 ) ) ;
#6597 = CARTESIAN_POINT ( 'NONE',  ( -0.2400000000000000189, 1.600000000000000089, 0.01000000000000000021 ) ) ;
#6598 = AXIS2_PLACEMENT_3D ( 'NONE', #3164, #1507, #9929 ) ;
#6599 = ADVANCED_FACE ( 'NONE', ( #8500 ), #5947, .T. ) ;
#6600 = CARTESIAN_POINT ( 'NONE',  ( -0.5999999999999999778, -1.600000000000000089, 0.000000000000000000 ) ) ;
#6601 = ORIENTED_EDGE ( 'NONE', *, *, #10455, .F. ) ;
#6602 = PLANE ( 'NONE',  #6646 ) ;
#6603 = ORIENTED_EDGE ( 'NONE', *, *, #1354, .T. ) ;
#6604 = FACE_OUTER_BOUND ( 'NONE', #7746, .T. ) ;
#6605 = AXIS2_PLACEMENT_3D ( 'NONE', #10702, #2884, #2115 ) ;
#6606 = CARTESIAN_POINT ( 'NONE',  ( 0.000000000000000000, 0.04950000000000000233, 0.01000000000000000021 ) ) ;
#6607 = CIRCLE ( 'NONE', #5009, 0.05000000000000002359 ) ;
#6608 = ORIENTED_EDGE ( 'NONE', *, *, #7052, .T. ) ;
#6609 = ORIENTED_EDGE ( 'NONE', *, *, #3575, .T. ) ;
#6610 = CARTESIAN_POINT ( 'NONE',  ( 0.4650000000000000244, 0.5999999999999999778, 0.01000000000000000021 ) ) ;
#6611 =( GEOMETRIC_REPRESENTATION_CONTEXT ( 3 ) GLOBAL_UNCERTAINTY_ASSIGNED_CONTEXT ( ( #10631 ) ) GLOBAL_UNIT_ASSIGNED_CONTEXT ( ( #8015, #7197, #1206 ) ) REPRESENTATION_CONTEXT ( 'NONE', 'WORKASPACE' ) );
#6612 = CARTESIAN_POINT ( 'NONE',  ( 0.3599999999999999867, -0.1799999999999999933, 0.001000000000000000021 ) ) ;
#6613 = CARTESIAN_POINT ( 'NONE',  ( -0.5999999999999999778, -1.239999999999999991, 0.7900000000000000355 ) ) ;
#6614 = LINE ( 'NONE', #6728, #981 ) ;
#6615 = PRODUCT_CONTEXT ( 'NONE', #5487, 'mechanical' ) ;
#6616 = ADVANCED_FACE ( 'NONE', ( #3292 ), #5008, .F. ) ;
#6617 = CARTESIAN_POINT ( 'NONE',  ( 0.07499999999999998335, -1.600000000000000089, 0.5300000000000001377 ) ) ;
#6618 = CARTESIAN_POINT ( 'NONE',  ( 0.2100000000000000200, -0.1799999999999999933, 0.001000000000000000021 ) ) ;
#6619 = VERTEX_POINT ( 'NONE', #10062 ) ;
#6620 = DIRECTION ( 'NONE',  ( 0.000000000000000000, 1.000000000000000000, -0.000000000000000000 ) ) ;
#6621 =( GEOMETRIC_REPRESENTATION_CONTEXT ( 3 ) GLOBAL_UNCERTAINTY_ASSIGNED_CONTEXT ( ( #7813 ) ) GLOBAL_UNIT_ASSIGNED_CONTEXT ( ( #6448, #583, #4737 ) ) REPRESENTATION_CONTEXT ( 'NONE', 'WORKASPACE' ) );
#6622 = APPLICATION_CONTEXT ( 'automotive_design' ) ;
#6623 = ORIENTED_EDGE ( 'NONE', *, *, #3411, .T. ) ;
#6624 = EDGE_CURVE ( 'NONE', #3612, #1317, #5063, .T. ) ;
#6625 = CARTESIAN_POINT ( 'NONE',  ( 0.5350000000000000311, -0.9000000000000001332, 0.8000000000000000444 ) ) ;
#6626 = CARTESIAN_POINT ( 'NONE',  ( 0.07499999999999998335, 1.600000000000000089, 0.5300000000000001377 ) ) ;
#6627 = ORIENTED_EDGE ( 'NONE', *, *, #1749, .F. ) ;
#6628 = ORIENTED_EDGE ( 'NONE', *, *, #98, .F. ) ;
#6629 = CARTESIAN_POINT ( 'NONE',  ( 0.5999999999999999778, -1.399999999999999911, 0.7900000000000000355 ) ) ;
#6630 = ADVANCED_FACE ( 'NONE', ( #5732 ), #10118, .F. ) ;
#6631 = LINE ( 'NONE', #10019, #5155 ) ;
#6632 = VECTOR ( 'NONE', #9532, 1000.000000000000000 ) ;
#6633 = CARTESIAN_POINT ( 'NONE',  ( -0.3002762822146830546, 1.499754031465950099, 0.01000000000000000021 ) ) ;
#6634 = LINE ( 'NONE', #5802, #5871 ) ;
#6635 = CIRCLE ( 'NONE', #8586, 0.1999999999999999833 ) ;
#6636 = CARTESIAN_POINT ( 'NONE',  ( 0.5350000000000000311, -1.098928449973850086, 0.5300000000000001377 ) ) ;
#6637 = CARTESIAN_POINT ( 'NONE',  ( -0.5999999999999999778, -1.600000000000000089, 0.000000000000000000 ) ) ;
#6638 = DIRECTION ( 'NONE',  ( 9.035018104045869462E-17, -1.000000000000000000, 0.000000000000000000 ) ) ;
#6639 = EDGE_LOOP ( 'NONE', ( #4308, #6642, #3857, #8550 ) ) ;
#6640 = CARTESIAN_POINT ( 'NONE',  ( -0.07499999999999998335, -1.600000000000000089, 0.5300000000000001377 ) ) ;
#6641 =( GEOMETRIC_REPRESENTATION_CONTEXT ( 3 ) GLOBAL_UNCERTAINTY_ASSIGNED_CONTEXT ( ( #6727 ) ) GLOBAL_UNIT_ASSIGNED_CONTEXT ( ( #9414, #8737, #7747 ) ) REPRESENTATION_CONTEXT ( 'NONE', 'WORKASPACE' ) );
#6642 = ORIENTED_EDGE ( 'NONE', *, *, #695, .T. ) ;
#6643 = VERTEX_POINT ( 'NONE', #2572 ) ;
#6644 = EDGE_CURVE ( 'NONE', #5643, #10124, #5901, .T. ) ;
#6645 = DIRECTION ( 'NONE',  ( -0.03489949670250088593, 0.000000000000000000, -0.9993908270190956511 ) ) ;
#6646 = AXIS2_PLACEMENT_3D ( 'NONE', #2400, #5774, #6034 ) ;
#6647 = SURFACE_STYLE_FILL_AREA ( #9150 ) ;
#6648 = ORIENTED_EDGE ( 'NONE', *, *, #9921, .F. ) ;
#6649 = VECTOR ( 'NONE', #7868, 1000.000000000000000 ) ;
#6650 = LINE ( 'NONE', #9983, #2507 ) ;
#6651 = AXIS2_PLACEMENT_3D ( 'NONE', #9329, #1723, #10765 ) ;
#6652 = CARTESIAN_POINT ( 'NONE',  ( 0.5999999999999999778, -1.600000000000000089, 0.5300000000000001377 ) ) ;
#6653 = LINE ( 'NONE', #2555, #10106 ) ;
#6654 = ADVANCED_FACE ( 'NONE', ( #1577 ), #1528, .F. ) ;
#6655 = VECTOR ( 'NONE', #4009, 1000.000000000000000 ) ;
#6656 = CARTESIAN_POINT ( 'NONE',  ( 0.2400000000000000189, -1.600000000000000089, 0.5200000000000000178 ) ) ;
#6657 = EDGE_CURVE ( 'NONE', #10515, #1094, #8390, .T. ) ;
#6658 = LINE ( 'NONE', #3438, #6454 ) ;
#6659 = ADVANCED_FACE ( 'NONE', ( #5787 ), #8447, .F. ) ;
#6660 = ORIENTED_EDGE ( 'NONE', *, *, #1898, .F. ) ;
#6661 = DIRECTION ( 'NONE',  ( 1.000000000000000000, 0.000000000000000000, -0.000000000000000000 ) ) ;
#6662 = ORIENTED_EDGE ( 'NONE', *, *, #6771, .F. ) ;
#6663 = DIRECTION ( 'NONE',  ( 0.000000000000000000, -0.000000000000000000, -1.000000000000000000 ) ) ;
#6664 = PRESENTATION_STYLE_ASSIGNMENT (( #10938 ) ) ;
#6665 = ORIENTED_EDGE ( 'NONE', *, *, #7011, .T. ) ;
#6666 = VECTOR ( 'NONE', #39, 1000.000000000000000 ) ;
#6667 = ADVANCED_FACE ( 'NONE', ( #687 ), #9173, .F. ) ;
#6668 = EDGE_CURVE ( 'NONE', #6514, #9338, #1688, .T. ) ;
#6669 = ORIENTED_EDGE ( 'NONE', *, *, #8111, .F. ) ;
#6670 = LINE ( 'NONE', #901, #9 ) ;
#6671 = DIRECTION ( 'NONE',  ( 0.000000000000000000, 0.000000000000000000, -1.000000000000000000 ) ) ;
#6672 = EDGE_CURVE ( 'NONE', #847, #260, #7454, .T. ) ;
#6673 = DIRECTION ( 'NONE',  ( 0.000000000000000000, 1.000000000000000000, 0.000000000000000000 ) ) ;
#6674 = DIRECTION ( 'NONE',  ( 0.000000000000000000, 0.000000000000000000, 1.000000000000000000 ) ) ;
#6675 = DIRECTION ( 'NONE',  ( -0.000000000000000000, 1.000000000000000000, 0.000000000000000000 ) ) ;
#6676 = DIRECTION ( 'NONE',  ( -1.807003620809169948E-16, -1.000000000000000000, 0.000000000000000000 ) ) ;
#6677 = DIRECTION ( 'NONE',  ( 0.000000000000000000, 1.000000000000000000, 0.000000000000000000 ) ) ;
#6678 = AXIS2_PLACEMENT_3D ( 'NONE', #822, #7374, #7578 ) ;
#6679 = LINE ( 'NONE', #8230, #3701 ) ;
#6680 = ORIENTED_EDGE ( 'NONE', *, *, #1853, .T. ) ;
#6681 = VECTOR ( 'NONE', #4526, 1000.000000000000000 ) ;
#6682 = PLANE ( 'NONE',  #8407 ) ;
#6683 = ORIENTED_EDGE ( 'NONE', *, *, #2030, .F. ) ;
#6684 = SHAPE_REPRESENTATION_RELATIONSHIP ( 'NONE' , 'NONE' ,  #6976, #3839 ) ;
#6685 = CARTESIAN_POINT ( 'NONE',  ( 0.5961306949927850374, 1.600000000000000089, 0.01000000000000000021 ) ) ;
#6686 = SURFACE_STYLE_USAGE ( .BOTH. , #9131 ) ;
#6687 = VERTEX_POINT ( 'NONE', #6557 ) ;
#6688 = VERTEX_POINT ( 'NONE', #6617 ) ;
#6689 = DIRECTION ( 'NONE',  ( 0.000000000000000000, 0.000000000000000000, -1.000000000000000000 ) ) ;
#6690 = FACE_OUTER_BOUND ( 'NONE', #10620, .T. ) ;
#6691 = CARTESIAN_POINT ( 'NONE',  ( -0.3002762822146826105, -1.499754031465949877, 0.01000000000000000021 ) ) ;
#6692 = ORIENTED_EDGE ( 'NONE', *, *, #1100, .F. ) ;
#6693 = CARTESIAN_POINT ( 'NONE',  ( 0.3999931019927850384, 1.600000000000000089, 0.01000000000000000021 ) ) ;
#6694 = CARTESIAN_POINT ( 'NONE',  ( 0.5999999999999999778, -1.600000000000000089, 0.000000000000000000 ) ) ;
#6695 = PLANE ( 'NONE',  #9977 ) ;
#6696 = ORIENTED_EDGE ( 'NONE', *, *, #1725, .T. ) ;
#6697 = CARTESIAN_POINT ( 'NONE',  ( -0.1499999999999999667, 0.7000000000000000666, 0.005000000000000000104 ) ) ;
#6698 = ORIENTED_EDGE ( 'NONE', *, *, #7525, .F. ) ;
#6699 = ORIENTED_EDGE ( 'NONE', *, *, #4970, .F. ) ;
#6700 = AXIS2_PLACEMENT_3D ( 'NONE', #736, #9118, #1735 ) ;
#6701 = DIRECTION ( 'NONE',  ( 0.000000000000000000, 0.000000000000000000, -1.000000000000000000 ) ) ;
#6702 = CARTESIAN_POINT ( 'NONE',  ( 0.5350000000000000311, 1.239999999999999991, 0.005000000000000000104 ) ) ;
#6703 = EDGE_CURVE ( 'NONE', #2561, #5922, #3343, .T. ) ;
#6704 = AXIS2_PLACEMENT_3D ( 'NONE', #9526, #6977, #2653 ) ;
#6705 = AXIS2_PLACEMENT_3D ( 'NONE', #8518, #5913, #1810 ) ;
#6706 = VERTEX_POINT ( 'NONE', #4126 ) ;
#6707 = FACE_OUTER_BOUND ( 'NONE', #4249, .T. ) ;
#6708 = ADVANCED_FACE ( 'NONE', ( #742 ), #7614, .T. ) ;
#6709 = CARTESIAN_POINT ( 'NONE',  ( -0.4649999999999999689, 0.6000000000000000888, 0.000000000000000000 ) ) ;
#6710 = LINE ( 'NONE', #4051, #1900 ) ;
#6711 = LINE ( 'NONE', #8371, #2188 ) ;
#6712 = EDGE_CURVE ( 'NONE', #2808, #4918, #5841, .T. ) ;
#6713 = LINE ( 'NONE', #6656, #5403 ) ;
#6714 = DIRECTION ( 'NONE',  ( 1.000000000000000000, -0.000000000000000000, 0.000000000000000000 ) ) ;
#6715 = ORIENTED_EDGE ( 'NONE', *, *, #9575, .T. ) ;
#6716 = LINE ( 'NONE', #9877, #7192 ) ;
#6717 = ORIENTED_EDGE ( 'NONE', *, *, #8282, .T. ) ;
#6718 = CARTESIAN_POINT ( 'NONE',  ( -0.5961306949927850374, 1.499754031465950099, 0.000000000000000000 ) ) ;
#6719 = DIRECTION ( 'NONE',  ( -0.000000000000000000, 0.000000000000000000, -1.000000000000000000 ) ) ;
#6720 = ORIENTED_EDGE ( 'NONE', *, *, #7184, .F. ) ;
#6721 = ORIENTED_EDGE ( 'NONE', *, *, #3069, .F. ) ;
#6722 = PLANE ( 'NONE',  #529 ) ;
#6723 = CARTESIAN_POINT ( 'NONE',  ( 0.5999999999999999778, 1.239999999999999991, 0.5300000000000001377 ) ) ;
#6724 = DIRECTION ( 'NONE',  ( 1.000000000000000000, -0.000000000000000000, 0.000000000000000000 ) ) ;
#6725 = SURFACE_SIDE_STYLE ('',( #9222 ) ) ;
#6726 = PLANE ( 'NONE',  #3568 ) ;
#6727 = UNCERTAINTY_MEASURE_WITH_UNIT (LENGTH_MEASURE( 1.000000000000000082E-05 ), #9414, 'distance_accuracy_value', 'NONE');
#6728 = CARTESIAN_POINT ( 'NONE',  ( 0.000000000000000000, 0.6999999999999999556, 0.001000000000000000021 ) ) ;
#6729 = MECHANICAL_DESIGN_GEOMETRIC_PRESENTATION_REPRESENTATION (  '', ( #7432 ), #1594 ) ;
#6730 = COLOUR_RGB ( '',0.3921568627450980338, 0.5999999999999999778, 0.3921568627450980338 ) ;
#6731 = CARTESIAN_POINT ( 'NONE',  ( -0.07499999999999999722, -1.600000000000000089, 0.5300000000000001377 ) ) ;
#6732 = CARTESIAN_POINT ( 'NONE',  ( -0.5999999999999999778, -1.239999999999999991, 0.8000000000000000444 ) ) ;
#6733 = ORIENTED_EDGE ( 'NONE', *, *, #4068, .F. ) ;
#6734 = VECTOR ( 'NONE', #9044, 1000.000000000000000 ) ;
#6735 = CARTESIAN_POINT ( 'NONE',  ( 0.000000000000000000, -1.100000000000000089, 0.001000000000000000021 ) ) ;
#6736 = VERTEX_POINT ( 'NONE', #7565 ) ;
#6737 = PRODUCT_DEFINITION_SHAPE ( 'NONE', 'NONE',  #10974 ) ;
#6738 = CARTESIAN_POINT ( 'NONE',  ( -0.5350000000000000311, -1.100000000000000089, 0.001000000000000000021 ) ) ;
#6739 = FILL_AREA_STYLE_COLOUR ( '', #5418 ) ;
#6740 = EDGE_LOOP ( 'NONE', ( #6792, #4209, #5702, #8502 ) ) ;
#6741 = ORIENTED_EDGE ( 'NONE', *, *, #1879, .F. ) ;
#6742 = CARTESIAN_POINT ( 'NONE',  ( 0.3197770700636939911, 0.6400000000000000133, 0.01000000000000000021 ) ) ;
#6743 = PRESENTATION_LAYER_ASSIGNMENT (  '', '', ( #1255 ) ) ;
#6744 = CARTESIAN_POINT ( 'NONE',  ( -0.5999999999999999778, 1.243863872159709949, 0.000000000000000000 ) ) ;
#6745 = ORIENTED_EDGE ( 'NONE', *, *, #6019, .F. ) ;
#6746 = VECTOR ( 'NONE', #10355, 1000.000000000000000 ) ;
#6747 = DIRECTION ( 'NONE',  ( 0.000000000000000000, 1.000000000000000000, 0.000000000000000000 ) ) ;
#6748 = DIRECTION ( 'NONE',  ( -1.000000000000000000, 0.000000000000000000, -0.000000000000000000 ) ) ;
#6749 = DIRECTION ( 'NONE',  ( -0.000000000000000000, -1.000000000000000000, 0.000000000000000000 ) ) ;
#6750 = ORIENTED_EDGE ( 'NONE', *, *, #8494, .F. ) ;
#6751 = ADVANCED_BREP_SHAPE_REPRESENTATION ( '', ( #6194, #2231 ), #1158 ) ;
#6752 = DIRECTION ( 'NONE',  ( -0.000000000000000000, 0.000000000000000000, -1.000000000000000000 ) ) ;
#6753 = EDGE_LOOP ( 'NONE', ( #1743, #1434, #5492, #656 ) ) ;
#6754 = EDGE_LOOP ( 'NONE', ( #1570, #7051, #2538, #5199 ) ) ;
#6755 = VECTOR ( 'NONE', #1009, 1000.000000000000000 ) ;
#6756 = DIRECTION ( 'NONE',  ( 0.000000000000000000, -0.000000000000000000, -1.000000000000000000 ) ) ;
#6757 = VECTOR ( 'NONE', #3864, 1000.000000000000000 ) ;
#6758 = LINE ( 'NONE', #6702, #6031 ) ;
#6759 = FACE_OUTER_BOUND ( 'NONE', #8381, .T. ) ;
#6760 = ORIENTED_EDGE ( 'NONE', *, *, #6995, .T. ) ;
#6761 = AXIS2_PLACEMENT_3D ( 'NONE', #6866, #995, #10302 ) ;
#6762 = CARTESIAN_POINT ( 'NONE',  ( -0.4000000000000000222, -1.600000000000000089, 0.5200000000000000178 ) ) ;
#6763 = FACE_OUTER_BOUND ( 'NONE', #10495, .T. ) ;
#6764 = FACE_OUTER_BOUND ( 'NONE', #3262, .T. ) ;
#6765 =( NAMED_UNIT ( * ) SI_UNIT ( $, .STERADIAN. ) SOLID_ANGLE_UNIT ( ) );
#6766 = LINE ( 'NONE', #5045, #5042 ) ;
#6767 = VERTEX_POINT ( 'NONE', #3401 ) ;
#6768 =( GEOMETRIC_REPRESENTATION_CONTEXT ( 3 ) GLOBAL_UNCERTAINTY_ASSIGNED_CONTEXT ( ( #8610 ) ) GLOBAL_UNIT_ASSIGNED_CONTEXT ( ( #7108, #351, #4395 ) ) REPRESENTATION_CONTEXT ( 'NONE', 'WORKASPACE' ) );
#6769 = FILL_AREA_STYLE ('',( #3598 ) ) ;
#6770 = ORIENTED_EDGE ( 'NONE', *, *, #7649, .T. ) ;
#6771 = EDGE_CURVE ( 'NONE', #1714, #9401, #10952, .T. ) ;
#6772 = FACE_OUTER_BOUND ( 'NONE', #8806, .T. ) ;
#6773 = VECTOR ( 'NONE', #3485, 1000.000000000000000 ) ;
#6774 =( NAMED_UNIT ( * ) SI_UNIT ( $, .STERADIAN. ) SOLID_ANGLE_UNIT ( ) );
#6775 = EDGE_CURVE ( 'NONE', #4197, #10788, #8715, .T. ) ;
#6776 = VECTOR ( 'NONE', #6788, 1000.000000000000000 ) ;
#6777 = ORIENTED_EDGE ( 'NONE', *, *, #9580, .F. ) ;
#6778 = COLOUR_RGB ( '',0.3921568627450980338, 0.5999999999999999778, 0.3921568627450980338 ) ;
#6779 = ORIENTED_EDGE ( 'NONE', *, *, #8467, .T. ) ;
#6780 = PLANE ( 'NONE',  #10096 ) ;
#6781 = SURFACE_STYLE_FILL_AREA ( #23 ) ;
#6782 = DIRECTION ( 'NONE',  ( 0.000000000000000000, 0.000000000000000000, -1.000000000000000000 ) ) ;
#6783 = PLANE ( 'NONE',  #7183 ) ;
#6784 = LINE ( 'NONE', #3290, #8894 ) ;
#6785 = AXIS2_PLACEMENT_3D ( 'NONE', #3890, #6268, #7341 ) ;
#6786 = CARTESIAN_POINT ( 'NONE',  ( -0.5999999999999999778, -1.600000000000000089, 0.01000000000000000021 ) ) ;
#6787 = ADVANCED_FACE ( 'NONE', ( #134 ), #9548, .F. ) ;
#6788 = DIRECTION ( 'NONE',  ( -0.000000000000000000, 0.000000000000000000, 1.000000000000000000 ) ) ;
#6789 = VECTOR ( 'NONE', #5472, 1000.000000000000000 ) ;
#6790 = EDGE_CURVE ( 'NONE', #9684, #8783, #9393, .T. ) ;
#6791 = CARTESIAN_POINT ( 'NONE',  ( -0.5350000000000000311, 1.243863872159709949, 0.01000000000000000021 ) ) ;
#6792 = ORIENTED_EDGE ( 'NONE', *, *, #10839, .F. ) ;
#6793 = DIRECTION ( 'NONE',  ( -0.000000000000000000, -1.000000000000000000, 0.000000000000000000 ) ) ;
#6794 = VERTEX_POINT ( 'NONE', #1791 ) ;
#6795 = CLOSED_SHELL ( 'NONE', ( #10782, #1450, #2413, #1786, #3068, #2441 ) ) ;
#6796 = DIRECTION ( 'NONE',  ( -1.000000000000000000, 0.000000000000000000, -0.000000000000000000 ) ) ;
#6797 = ORIENTED_EDGE ( 'NONE', *, *, #994, .T. ) ;
#6798 = VERTEX_POINT ( 'NONE', #1071 ) ;
#6799 = PRESENTATION_STYLE_ASSIGNMENT (( #200 ) ) ;
#6800 = ADVANCED_FACE ( 'NONE', ( #9606 ), #6049, .F. ) ;
#6801 = ADVANCED_FACE ( 'NONE', ( #1907 ), #10275, .F. ) ;
#6802 = CARTESIAN_POINT ( 'NONE',  ( 0.2999999999999999889, 1.489999999999999991, 0.5300000000000001377 ) ) ;
#6803 = ORIENTED_EDGE ( 'NONE', *, *, #8411, .F. ) ;
#6804 = SURFACE_STYLE_FILL_AREA ( #2430 ) ;
#6805 = ADVANCED_FACE ( 'NONE', ( #2019 ), #2787, .T. ) ;
#6806 = DIRECTION ( 'NONE',  ( 0.000000000000000000, -0.000000000000000000, -1.000000000000000000 ) ) ;
#6807 = CARTESIAN_POINT ( 'NONE',  ( 0.5350000000000000311, 1.239999999999999991, 0.7900000000000000355 ) ) ;
#6808 = DIRECTION ( 'NONE',  ( 0.5144957554275251255, 0.8574929257125449844, 0.000000000000000000 ) ) ;
#6809 = ORIENTED_EDGE ( 'NONE', *, *, #4605, .F. ) ;
#6810 = LINE ( 'NONE', #4317, #10008 ) ;
#6811 = EDGE_LOOP ( 'NONE', ( #4257, #8963, #4523, #9960, #502, #7132, #2190, #338, #8453 ) ) ;
#6812 = VERTEX_POINT ( 'NONE', #8559 ) ;
#6813 = VECTOR ( 'NONE', #2057, 1000.000000000000000 ) ;
#6814 =( NAMED_UNIT ( * ) PLANE_ANGLE_UNIT ( ) SI_UNIT ( $, .RADIAN. ) );
#6815 = LINE ( 'NONE', #59, #7825 ) ;
#6816 = LINE ( 'NONE', #9421, #7587 ) ;
#6817 = ORIENTED_EDGE ( 'NONE', *, *, #10249, .T. ) ;
#6818 = CARTESIAN_POINT ( 'NONE',  ( 0.000000000000000000, -0.6999999999999999556, 0.001000000000000000021 ) ) ;
#6819 = CARTESIAN_POINT ( 'NONE',  ( 0.3197770700636929919, 0.6400000000000000133, 0.5200000000000000178 ) ) ;
#6820 = FACE_OUTER_BOUND ( 'NONE', #1968, .T. ) ;
#6821 = PRESENTATION_LAYER_ASSIGNMENT (  '', '', ( #4347 ) ) ;
#6822 = FILL_AREA_STYLE ('',( #5879 ) ) ;
#6823 = DIRECTION ( 'NONE',  ( 0.000000000000000000, -0.000000000000000000, -1.000000000000000000 ) ) ;
#6824 = ORIENTED_EDGE ( 'NONE', *, *, #4938, .F. ) ;
#6825 = VECTOR ( 'NONE', #6167, 1000.000000000000000 ) ;
#6826 = AXIS2_PLACEMENT_3D ( 'NONE', #6101, #9544, #9499 ) ;
#6827 = ORIENTED_EDGE ( 'NONE', *, *, #539, .T. ) ;
#6828 =( NAMED_UNIT ( * ) PLANE_ANGLE_UNIT ( ) SI_UNIT ( $, .RADIAN. ) );
#6829 = VECTOR ( 'NONE', #9583, 1000.000000000000000 ) ;
#6830 = CARTESIAN_POINT ( 'NONE',  ( -0.4018411998642920091, 0.01815880013570820434, 0.5200000000000000178 ) ) ;
#6831 =( GEOMETRIC_REPRESENTATION_CONTEXT ( 3 ) GLOBAL_UNCERTAINTY_ASSIGNED_CONTEXT ( ( #6406 ) ) GLOBAL_UNIT_ASSIGNED_CONTEXT ( ( #10877, #2557, #6765 ) ) REPRESENTATION_CONTEXT ( 'NONE', 'WORKASPACE' ) );
#6832 = EDGE_LOOP ( 'NONE', ( #10840, #4953, #3618, #5046 ) ) ;
#6833 = VECTOR ( 'NONE', #5716, 1000.000000000000227 ) ;
#6834 = ORIENTED_EDGE ( 'NONE', *, *, #9008, .T. ) ;
#6835 = SURFACE_SIDE_STYLE ('',( #6884 ) ) ;
#6836 = FACE_OUTER_BOUND ( 'NONE', #2628, .T. ) ;
#6837 = DIRECTION ( 'NONE',  ( 0.000000000000000000, -1.000000000000000000, -0.000000000000000000 ) ) ;
#6838 = LINE ( 'NONE', #7608, #5226 ) ;
#6839 = FACE_OUTER_BOUND ( 'NONE', #9621, .T. ) ;
#6840 = EDGE_CURVE ( 'NONE', #5497, #10368, #966, .T. ) ;
#6841 = PRESENTATION_STYLE_ASSIGNMENT (( #9344 ) ) ;
#6842 =( NAMED_UNIT ( * ) SI_UNIT ( $, .STERADIAN. ) SOLID_ANGLE_UNIT ( ) );
#6843 = VECTOR ( 'NONE', #6348, 1000.000000000000000 ) ;
#6844 = DIRECTION ( 'NONE',  ( -1.000000000000000000, -0.000000000000000000, 0.000000000000000000 ) ) ;
#6845 = ADVANCED_FACE ( 'NONE', ( #83 ), #4348, .T. ) ;
#6846 = DIRECTION ( 'NONE',  ( 1.807003620809169948E-16, -1.000000000000000000, 0.000000000000000000 ) ) ;
#6847 = VERTEX_POINT ( 'NONE', #1963 ) ;
#6848 = ADVANCED_FACE ( 'NONE', ( #9448 ), #1849, .T. ) ;
#6849 = CARTESIAN_POINT ( 'NONE',  ( 0.5999999999999998668, -1.239999999999999991, 0.7900000000000000355 ) ) ;
#6850 = EDGE_CURVE ( 'NONE', #5187, #1036, #1020, .T. ) ;
#6851 = ORIENTED_EDGE ( 'NONE', *, *, #7803, .T. ) ;
#6852 = LINE ( 'NONE', #9182, #4192 ) ;
#6853 = ORIENTED_EDGE ( 'NONE', *, *, #302, .T. ) ;
#6854 = ORIENTED_EDGE ( 'NONE', *, *, #1789, .T. ) ;
#6855 = LINE ( 'NONE', #6906, #4422 ) ;
#6856 = AXIS2_PLACEMENT_3D ( 'NONE', #9325, #8590, #1001 ) ;
#6857 = EDGE_LOOP ( 'NONE', ( #3021, #7278, #4252, #10284 ) ) ;
#6858 = LINE ( 'NONE', #9251, #517 ) ;
#6859 = FILL_AREA_STYLE_COLOUR ( '', #10941 ) ;
#6860 = DIRECTION ( 'NONE',  ( 0.000000000000000000, 0.000000000000000000, -1.000000000000000000 ) ) ;
#6861 = ORIENTED_EDGE ( 'NONE', *, *, #7229, .F. ) ;
#6862 = DIRECTION ( 'NONE',  ( -1.000000000000000000, 0.000000000000000000, -0.000000000000000000 ) ) ;
#6863 = LINE ( 'NONE', #8687, #6383 ) ;
#6864 = VERTEX_POINT ( 'NONE', #10607 ) ;
#6865 =( NAMED_UNIT ( * ) SI_UNIT ( $, .STERADIAN. ) SOLID_ANGLE_UNIT ( ) );
#6866 = CARTESIAN_POINT ( 'NONE',  ( -0.2999999999999999889, 1.489999999999999991, 0.01000000000000000021 ) ) ;
#6867 = DIRECTION ( 'NONE',  ( 0.000000000000000000, 0.000000000000000000, -1.000000000000000000 ) ) ;
#6868 = VERTEX_POINT ( 'NONE', #520 ) ;
#6869 = ADVANCED_FACE ( 'NONE', ( #4560 ), #354, .F. ) ;
#6870 = CARTESIAN_POINT ( 'NONE',  ( 0.5350000000000000311, -1.600000000000000089, 0.000000000000000000 ) ) ;
#6871 = CARTESIAN_POINT ( 'NONE',  ( 0.5961306949927850374, 1.600000000000000089, 0.01000000000000000021 ) ) ;
#6872 = CARTESIAN_POINT ( 'NONE',  ( -0.5350000000000000311, -1.100000000000000089, 0.005000000000000000104 ) ) ;
#6873 = FACE_OUTER_BOUND ( 'NONE', #1519, .T. ) ;
#6874 = VECTOR ( 'NONE', #295, 1000.000000000000000 ) ;
#6875 = DIRECTION ( 'NONE',  ( 0.000000000000000000, 0.000000000000000000, -1.000000000000000000 ) ) ;
#6876 = ORIENTED_EDGE ( 'NONE', *, *, #340, .T. ) ;
#6877 = DIRECTION ( 'NONE',  ( 0.000000000000000000, 0.000000000000000000, -1.000000000000000000 ) ) ;
#6878 = ORIENTED_EDGE ( 'NONE', *, *, #9665, .T. ) ;
#6879 = SURFACE_STYLE_FILL_AREA ( #8543 ) ;
#6880 = VECTOR ( 'NONE', #8422, 1000.000000000000000 ) ;
#6881 = DIRECTION ( 'NONE',  ( 1.000000000000000000, 0.000000000000000000, 0.000000000000000000 ) ) ;
#6882 = ORIENTED_EDGE ( 'NONE', *, *, #10839, .T. ) ;
#6883 = EDGE_CURVE ( 'NONE', #9314, #2165, #10718, .T. ) ;
#6884 = SURFACE_STYLE_FILL_AREA ( #77 ) ;
#6885 =( NAMED_UNIT ( * ) PLANE_ANGLE_UNIT ( ) SI_UNIT ( $, .RADIAN. ) );
#6886 = LINE ( 'NONE', #6943, #5810 ) ;
#6887 = CARTESIAN_POINT ( 'NONE',  ( -0.5350000000000000311, -0.6400000000000000133, 0.000000000000000000 ) ) ;
#6888 = DIRECTION ( 'NONE',  ( -1.352354484640119985E-16, -1.000000000000000000, 0.000000000000000000 ) ) ;
#6889 = LINE ( 'NONE', #10273, #5405 ) ;
#6890 = DIRECTION ( 'NONE',  ( -0.000000000000000000, -0.000000000000000000, -1.000000000000000000 ) ) ;
#6891 = CARTESIAN_POINT ( 'NONE',  ( 0.2952229299363051118, -0.6400000000000000133, 0.5200000000000000178 ) ) ;
#6892 = CARTESIAN_POINT ( 'NONE',  ( 0.5350000000000000311, 1.239999999999999991, 0.01000000000000000021 ) ) ;
#6893 = ORIENTED_EDGE ( 'NONE', *, *, #8883, .F. ) ;
#6894 = CARTESIAN_POINT ( 'NONE',  ( -0.1218411998642920102, -0.1818411998642920357, 0.5200000000000000178 ) ) ;
#6895 = LINE ( 'NONE', #7122, #10895 ) ;
#6896 = VECTOR ( 'NONE', #758, 1000.000000000000000 ) ;
#6897 = EDGE_LOOP ( 'NONE', ( #8198, #5580, #3156, #263 ) ) ;
#6898 = DIRECTION ( 'NONE',  ( 1.000000000000000000, 0.000000000000000000, 0.000000000000000000 ) ) ;
#6899 = EDGE_CURVE ( 'NONE', #7764, #6471, #3124, .T. ) ;
#6900 = ORIENTED_EDGE ( 'NONE', *, *, #5023, .F. ) ;
#6901 = ORIENTED_EDGE ( 'NONE', *, *, #4026, .T. ) ;
#6902 = EDGE_CURVE ( 'NONE', #3188, #9959, #5537, .T. ) ;
#6903 = VECTOR ( 'NONE', #9787, 1000.000000000000000 ) ;
#6904 = VECTOR ( 'NONE', #4355, 1000.000000000000000 ) ;
#6905 = EDGE_CURVE ( 'NONE', #7940, #613, #5495, .T. ) ;
#6906 = CARTESIAN_POINT ( 'NONE',  ( 0.3002762822146830546, -1.499754031465950099, 0.01000000000000000021 ) ) ;
#6907 = ORIENTED_EDGE ( 'NONE', *, *, #7617, .T. ) ;
#6908 = LINE ( 'NONE', #2433, #2978 ) ;
#6909 = LINE ( 'NONE', #6130, #10051 ) ;
#6910 = CARTESIAN_POINT ( 'NONE',  ( 0.1499999999999999944, -0.9000000000000001332, 0.01000000000000000021 ) ) ;
#6911 = VERTEX_POINT ( 'NONE', #6379 ) ;
#6912 = DIRECTION ( 'NONE',  ( -1.000000000000000000, 0.000000000000000000, -0.000000000000000000 ) ) ;
#6913 = ORIENTED_EDGE ( 'NONE', *, *, #10188, .T. ) ;
#6914 = PRODUCT_RELATED_PRODUCT_CATEGORY ( 'part', '', ( #6120 ) ) ;
#6915 = PLANE ( 'NONE',  #8911 ) ;
#6916 = VECTOR ( 'NONE', #6518, 1000.000000000000000 ) ;
#6917 = EDGE_CURVE ( 'NONE', #770, #8201, #4729, .T. ) ;
#6918 = DIRECTION ( 'NONE',  ( 0.000000000000000000, -1.000000000000000000, -0.000000000000000000 ) ) ;
#6919 = PRODUCT_DEFINITION_SHAPE ( 'NONE', 'NONE',  #10976 ) ;
#6920 = LINE ( 'NONE', #8643, #8476 ) ;
#6921 = VERTEX_POINT ( 'NONE', #9663 ) ;
#6922 = PRESENTATION_LAYER_ASSIGNMENT (  '', '', ( #8336 ) ) ;
#6923 = LINE ( 'NONE', #10305, #384 ) ;
#6924 = EDGE_CURVE ( 'NONE', #7708, #5930, #7937, .T. ) ;
#6925 = LINE ( 'NONE', #5143, #3596 ) ;
#6926 = DIRECTION ( 'NONE',  ( 1.000000000000000000, 0.000000000000000000, 0.000000000000000000 ) ) ;
#6927 = CARTESIAN_POINT ( 'NONE',  ( -0.5999999999999999778, -1.098928449973850086, 0.5200000000000000178 ) ) ;
#6928 = CARTESIAN_POINT ( 'NONE',  ( 0.07499999999999999722, -1.600000000000000089, 0.001000000000000000021 ) ) ;
#6929 = ORIENTED_EDGE ( 'NONE', *, *, #8262, .T. ) ;
#6930 = DIRECTION ( 'NONE',  ( 1.000000000000000000, 0.000000000000000000, 0.000000000000000000 ) ) ;
#6931 = ORIENTED_EDGE ( 'NONE', *, *, #688, .F. ) ;
#6932 = COLOUR_RGB ( '',1.000000000000000000, 1.000000000000000000, 1.000000000000000000 ) ;
#6933 = FACE_OUTER_BOUND ( 'NONE', #8318, .T. ) ;
#6934 = EDGE_CURVE ( 'NONE', #1036, #7156, #8102, .T. ) ;
#6935 = LINE ( 'NONE', #10367, #3206 ) ;
#6936 = VECTOR ( 'NONE', #10634, 1000.000000000000000 ) ;
#6937 = VERTEX_POINT ( 'NONE', #9879 ) ;
#6938 = ADVANCED_FACE ( 'NONE', ( #2183 ), #7279, .F. ) ;
#6939 = DIRECTION ( 'NONE',  ( -1.000000000000000000, 0.000000000000000000, -0.000000000000000000 ) ) ;
#6940 = LINE ( 'NONE', #10321, #2883 ) ;
#6941 = MECHANICAL_DESIGN_GEOMETRIC_PRESENTATION_REPRESENTATION (  '', ( #7830 ), #7128 ) ;
#6942 = EDGE_CURVE ( 'NONE', #3939, #139, #5609, .T. ) ;
#6943 = CARTESIAN_POINT ( 'NONE',  ( 0.2400000000000000189, -1.600000000000000089, 0.7900000000000000355 ) ) ;
#6944 = DIRECTION ( 'NONE',  ( 1.000000000000000000, 0.000000000000000000, 0.000000000000000000 ) ) ;
#6945 = DIRECTION ( 'NONE',  ( -1.000000000000000000, -1.807003620809169948E-16, 0.000000000000000000 ) ) ;
#6946 = ADVANCED_FACE ( 'NONE', ( #3711 ), #3833, .F. ) ;
#6947 = UNCERTAINTY_MEASURE_WITH_UNIT (LENGTH_MEASURE( 1.000000000000000082E-05 ), #227, 'distance_accuracy_value', 'NONE');
#6948 = LINE ( 'NONE', #5946, #5939 ) ;
#6949 = ORIENTED_EDGE ( 'NONE', *, *, #3738, .T. ) ;
#6950 = CARTESIAN_POINT ( 'NONE',  ( 0.5350000000000000311, 1.600000000000000089, 0.7900000000000000355 ) ) ;
#6951 = VECTOR ( 'NONE', #8054, 1000.000000000000000 ) ;
#6952 = LINE ( 'NONE', #10276, #6558 ) ;
#6953 = COLOUR_RGB ( '',1.000000000000000000, 1.000000000000000000, 1.000000000000000000 ) ;
#6954 = CARTESIAN_POINT ( 'NONE',  ( -0.5999999999999999778, 1.399999999999999911, 0.5300000000000001377 ) ) ;
#6955 = ORIENTED_EDGE ( 'NONE', *, *, #3888, .F. ) ;
#6956 = CARTESIAN_POINT ( 'NONE',  ( -0.2952229299363060000, -0.6400000000000000133, 0.000000000000000000 ) ) ;
#6957 = AXIS2_PLACEMENT_3D ( 'NONE', #8705, #6090, #8486 ) ;
#6958 = CARTESIAN_POINT ( 'NONE',  ( 0.3999931019927850384, -1.600000000000000089, 0.01000000000000000021 ) ) ;
#6959 = VECTOR ( 'NONE', #1341, 1000.000000000000000 ) ;
#6960 = ORIENTED_EDGE ( 'NONE', *, *, #1580, .T. ) ;
#6961 = DIRECTION ( 'NONE',  ( -0.000000000000000000, -0.000000000000000000, -1.000000000000000000 ) ) ;
#6962 = ORIENTED_EDGE ( 'NONE', *, *, #107, .F. ) ;
#6963 = ORIENTED_EDGE ( 'NONE', *, *, #2599, .F. ) ;
#6964 = VECTOR ( 'NONE', #7535, 1000.000000000000000 ) ;
#6965 = VECTOR ( 'NONE', #2446, 1000.000000000000227 ) ;
#6966 = VERTEX_POINT ( 'NONE', #9992 ) ;
#6967 = ADVANCED_FACE ( 'NONE', ( #7554 ), #8378, .T. ) ;
#6968 = DIRECTION ( 'NONE',  ( 0.000000000000000000, 0.000000000000000000, 1.000000000000000000 ) ) ;
#6969 = DIRECTION ( 'NONE',  ( -1.000000000000000000, -1.084202172485500095E-15, 0.000000000000000000 ) ) ;
#6970 = ORIENTED_EDGE ( 'NONE', *, *, #4361, .F. ) ;
#6971 = LINE ( 'NONE', #7690, #4868 ) ;
#6972 = EDGE_CURVE ( 'NONE', #1591, #4309, #3753, .T. ) ;
#6973 = ORIENTED_EDGE ( 'NONE', *, *, #1386, .T. ) ;
#6974 = UNCERTAINTY_MEASURE_WITH_UNIT (LENGTH_MEASURE( 1.000000000000000082E-05 ), #4911, 'distance_accuracy_value', 'NONE');
#6975 = CARTESIAN_POINT ( 'NONE',  ( 0.5999999999999999778, -1.399999999999999911, 0.5200000000000000178 ) ) ;
#6976 = SHAPE_REPRESENTATION ( 'Pins_top_7', ( #2231 ), #4878 ) ;
#6977 = DIRECTION ( 'NONE',  ( -1.000000000000000000, -1.807744701332710101E-16, 0.000000000000000000 ) ) ;
#6978 = ORIENTED_EDGE ( 'NONE', *, *, #1722, .F. ) ;
#6979 = DIRECTION ( 'NONE',  ( -0.000000000000000000, -1.000000000000000000, -0.000000000000000000 ) ) ;
#6980 = ADVANCED_FACE ( 'NONE', ( #5935 ), #675, .F. ) ;
#6981 = CARTESIAN_POINT ( 'NONE',  ( 0.2999999999999978240, -1.489999999999998659, 0.5300000000000001377 ) ) ;
#6982 = CARTESIAN_POINT ( 'NONE',  ( 0.07499999999999999722, 0.000000000000000000, 0.001000000000000000021 ) ) ;
#6983 = CARTESIAN_POINT ( 'NONE',  ( -0.2400000000000000189, -1.600000000000000089, 0.5300000000000001377 ) ) ;
#6984 = EDGE_CURVE ( 'NONE', #497, #5845, #7601, .T. ) ;
#6985 = CARTESIAN_POINT ( 'NONE',  ( -0.1499999999999990230, 1.098486643203810065, 0.5300000000000001377 ) ) ;
#6986 = AXIS2_PLACEMENT_3D ( 'NONE', #5451, #6390, #5618 ) ;
#6987 = ORIENTED_EDGE ( 'NONE', *, *, #9742, .F. ) ;
#6988 = SURFACE_STYLE_FILL_AREA ( #6769 ) ;
#6989 = ORIENTED_EDGE ( 'NONE', *, *, #8471, .T. ) ;
#6990 = DIRECTION ( 'NONE',  ( 0.000000000000000000, 0.000000000000000000, 1.000000000000000000 ) ) ;
#6991 = LINE ( 'NONE', #7824, #2675 ) ;
#6992 = ORIENTED_EDGE ( 'NONE', *, *, #9078, .T. ) ;
#6993 = CIRCLE ( 'NONE', #2737, 0.1999999999999999833 ) ;
#6994 = ADVANCED_FACE ( 'NONE', ( #10772 ), #4177, .T. ) ;
#6995 = EDGE_CURVE ( 'NONE', #1863, #715, #4838, .T. ) ;
#6996 = DIRECTION ( 'NONE',  ( -2.436409376371920126E-16, 1.000000000000000000, -0.000000000000000000 ) ) ;
#6997 = CARTESIAN_POINT ( 'NONE',  ( 0.000000000000000000, 0.6999999999999999556, 0.001000000000000000021 ) ) ;
#6998 = VECTOR ( 'NONE', #8340, 1000.000000000000000 ) ;
#6999 = VECTOR ( 'NONE', #563, 1000.000000000000000 ) ;
#7000 = DIRECTION ( 'NONE',  ( 0.000000000000000000, -1.000000000000000000, -0.000000000000000000 ) ) ;
#7001 = DIRECTION ( 'NONE',  ( -5.421010862427520198E-16, 1.000000000000000000, 0.000000000000000000 ) ) ;
#7002 = DIRECTION ( 'NONE',  ( 0.000000000000000000, 0.000000000000000000, -1.000000000000000000 ) ) ;
#7003 = VERTEX_POINT ( 'NONE', #10048 ) ;
#7004 = AXIS2_PLACEMENT_3D ( 'NONE', #2806, #5411, #4419 ) ;
#7005 = SURFACE_STYLE_FILL_AREA ( #2624 ) ;
#7006 = AXIS2_PLACEMENT_3D ( 'NONE', #1929, #6969, #8685 ) ;
#7007 = EDGE_CURVE ( 'NONE', #5981, #9320, #9109, .T. ) ;
#7008 = CARTESIAN_POINT ( 'NONE',  ( 0.1499999999999989952, 0.7005555010695040385, 0.5300000000000001377 ) ) ;
#7009 = EDGE_CURVE ( 'NONE', #6864, #1947, #1516, .T. ) ;
#7010 = CARTESIAN_POINT ( 'NONE',  ( -0.07499999999999999722, -1.098928449973850086, 0.5300000000000001377 ) ) ;
#7011 = EDGE_CURVE ( 'NONE', #1103, #9975, #3386, .T. ) ;
#7012 = VERTEX_POINT ( 'NONE', #6546 ) ;
#7013 = CARTESIAN_POINT ( 'NONE',  ( 0.2999999999999999889, -1.489999999999999991, 0.01000000000000000021 ) ) ;
#7014 = LINE ( 'NONE', #308, #6825 ) ;
#7015 = ORIENTED_EDGE ( 'NONE', *, *, #4029, .F. ) ;
#7016 = VECTOR ( 'NONE', #8069, 1000.000000000000000 ) ;
#7017 = EDGE_CURVE ( 'NONE', #1649, #1103, #9274, .T. ) ;
#7018 = PRODUCT ( 'Pins_Bottom_6', 'Pins_Bottom_6', '', ( #10503 ) ) ;
#7019 = CARTESIAN_POINT ( 'NONE',  ( -0.2400000000000000189, -1.600000000000000089, 0.7900000000000000355 ) ) ;
#7020 = ORIENTED_EDGE ( 'NONE', *, *, #2394, .F. ) ;
#7021 = ORIENTED_EDGE ( 'NONE', *, *, #3421, .F. ) ;
#7022 = VERTEX_POINT ( 'NONE', #4011 ) ;
#7023 = CARTESIAN_POINT ( 'NONE',  ( 0.1499999999999999667, -1.600000000000000089, 0.8000000000000000444 ) ) ;
#7024 = ORIENTED_EDGE ( 'NONE', *, *, #1578, .T. ) ;
#7025 = EDGE_CURVE ( 'NONE', #2965, #8160, #4891, .T. ) ;
#7026 = PLANE ( 'NONE',  #10477 ) ;
#7027 = DIRECTION ( 'NONE',  ( -1.000000000000000000, 0.000000000000000000, 0.000000000000000000 ) ) ;
#7028 = DIRECTION ( 'NONE',  ( -0.000000000000000000, -0.000000000000000000, 1.000000000000000000 ) ) ;
#7029 = ORIENTED_EDGE ( 'NONE', *, *, #4949, .T. ) ;
#7030 = ORIENTED_EDGE ( 'NONE', *, *, #7992, .T. ) ;
#7031 = ORIENTED_EDGE ( 'NONE', *, *, #9428, .T. ) ;
#7032 = CARTESIAN_POINT ( 'NONE',  ( -0.5350000000000000311, -1.243863872159709949, 0.01000000000000000021 ) ) ;
#7033 = PRESENTATION_LAYER_ASSIGNMENT (  '', '', ( #660 ) ) ;
#7034 = DIRECTION ( 'NONE',  ( 0.000000000000000000, 0.000000000000000000, 1.000000000000000000 ) ) ;
#7035 = CARTESIAN_POINT ( 'NONE',  ( 0.1499999999999999944, -0.9000000000000001332, 0.000000000000000000 ) ) ;
#7036 = ORIENTED_EDGE ( 'NONE', *, *, #8637, .F. ) ;
#7037 = DIRECTION ( 'NONE',  ( 1.000000000000000000, -0.000000000000000000, 0.000000000000000000 ) ) ;
#7038 = CARTESIAN_POINT ( 'NONE',  ( 0.07499999999999999722, -1.100000000000000089, 0.005000000000000000104 ) ) ;
#7039 = EDGE_CURVE ( 'NONE', #723, #9863, #1565, .T. ) ;
#7040 = CARTESIAN_POINT ( 'NONE',  ( 0.5999999999999999778, 0.05000000000000000278, 0.7900000000000000355 ) ) ;
#7041 = DIRECTION ( 'NONE',  ( 0.000000000000000000, 0.000000000000000000, -1.000000000000000000 ) ) ;
#7042 = AXIS2_PLACEMENT_3D ( 'NONE', #2090, #7027, #1366 ) ;
#7043 = DIRECTION ( 'NONE',  ( 2.436409376371920126E-16, -1.000000000000000000, 0.000000000000000000 ) ) ;
#7044 = ORIENTED_EDGE ( 'NONE', *, *, #3544, .T. ) ;
#7045 = ORIENTED_EDGE ( 'NONE', *, *, #9742, .T. ) ;
#7046 = ORIENTED_EDGE ( 'NONE', *, *, #427, .T. ) ;
#7047 = ADVANCED_FACE ( 'NONE', ( #6772 ), #3226, .F. ) ;
#7048 = CARTESIAN_POINT ( 'NONE',  ( 0.5350000000000000311, 1.099999999999999867, 0.000000000000000000 ) ) ;
#7049 = CARTESIAN_POINT ( 'NONE',  ( 0.2068411998642920024, -0.03184119986429190252, 0.5300000000000001377 ) ) ;
#7050 = ADVANCED_FACE ( 'NONE', ( #6604 ), #1622, .T. ) ;
#7051 = ORIENTED_EDGE ( 'NONE', *, *, #238, .T. ) ;
#7052 = EDGE_CURVE ( 'NONE', #10219, #2026, #8436, .T. ) ;
#7053 = VECTOR ( 'NONE', #2516, 1000.000000000000000 ) ;
#7054 = FACE_OUTER_BOUND ( 'NONE', #8470, .T. ) ;
#7055 =( NAMED_UNIT ( * ) SI_UNIT ( $, .STERADIAN. ) SOLID_ANGLE_UNIT ( ) );
#7056 = CARTESIAN_POINT ( 'NONE',  ( 0.2952229299363060000, -0.6000000000000000888, 0.000000000000000000 ) ) ;
#7057 = DIRECTION ( 'NONE',  ( -0.000000000000000000, -0.000000000000000000, -1.000000000000000000 ) ) ;
#7058 = LINE ( 'NONE', #180, #4822 ) ;
#7059 = DIRECTION ( 'NONE',  ( 0.000000000000000000, -0.000000000000000000, -1.000000000000000000 ) ) ;
#7060 = VERTEX_POINT ( 'NONE', #5828 ) ;
#7061 = DIRECTION ( 'NONE',  ( -0.000000000000000000, -0.000000000000000000, -1.000000000000000000 ) ) ;
#7062 = CYLINDRICAL_SURFACE ( 'NONE', #551, 0.1999999999999999833 ) ;
#7063 = DIRECTION ( 'NONE',  ( 0.000000000000000000, 0.000000000000000000, 1.000000000000000000 ) ) ;
#7064 = VECTOR ( 'NONE', #4924, 1000.000000000000000 ) ;
#7065 = ORIENTED_EDGE ( 'NONE', *, *, #7396, .T. ) ;
#7066 = ADVANCED_FACE ( 'NONE', ( #7502 ), #10883, .T. ) ;
#7067 = CARTESIAN_POINT ( 'NONE',  ( 0.07499999999999998335, -1.600000000000000089, 0.5200000000000000178 ) ) ;
#7068 = CARTESIAN_POINT ( 'NONE',  ( -0.5999999999999999778, -1.600000000000000089, 0.01000000000000000021 ) ) ;
#7069 = VECTOR ( 'NONE', #10790, 1000.000000000000000 ) ;
#7070 = DIRECTION ( 'NONE',  ( 0.000000000000000000, 0.000000000000000000, 1.000000000000000000 ) ) ;
#7071 = CARTESIAN_POINT ( 'NONE',  ( -0.5999999999999999778, -1.600000000000000089, 0.5200000000000000178 ) ) ;
#7072 = VERTEX_POINT ( 'NONE', #5209 ) ;
#7073 = VERTEX_POINT ( 'NONE', #7048 ) ;
#7074 = ORIENTED_EDGE ( 'NONE', *, *, #8957, .F. ) ;
#7075 = FILL_AREA_STYLE_COLOUR ( '', #7443 ) ;
#7076 = VECTOR ( 'NONE', #4753, 1000.000000000000000 ) ;
#7077 = ORIENTED_EDGE ( 'NONE', *, *, #8622, .F. ) ;
#7078 =( NAMED_UNIT ( * ) PLANE_ANGLE_UNIT ( ) SI_UNIT ( $, .RADIAN. ) );
#7079 = LINE ( 'NONE', #9627, #8451 ) ;
#7080 = CARTESIAN_POINT ( 'NONE',  ( 0.3499999999999999778, 1.300000000000000266, 0.01000000000000000021 ) ) ;
#7081 = ORIENTED_EDGE ( 'NONE', *, *, #5680, .F. ) ;
#7082 = DIRECTION ( 'NONE',  ( -0.000000000000000000, -0.000000000000000000, 1.000000000000000000 ) ) ;
#7083 = ORIENTED_EDGE ( 'NONE', *, *, #2174, .T. ) ;
#7084 = AXIS2_PLACEMENT_3D ( 'NONE', #9622, #8955, #6342 ) ;
#7085 = AXIS2_PLACEMENT_3D ( 'NONE', #9598, #6205, #6939 ) ;
#7086 = DIRECTION ( 'NONE',  ( 0.000000000000000000, 1.000000000000000000, 0.000000000000000000 ) ) ;
#7087 = CARTESIAN_POINT ( 'NONE',  ( 0.1499999999999999944, -0.6971625444288770401, 0.5300000000000001377 ) ) ;
#7088 = DIRECTION ( 'NONE',  ( 1.000000000000000000, 0.000000000000000000, 0.000000000000000000 ) ) ;
#7089 = ORIENTED_EDGE ( 'NONE', *, *, #4464, .F. ) ;
#7090 = DIRECTION ( 'NONE',  ( -1.000000000000000000, 0.000000000000000000, 0.000000000000000000 ) ) ;
#7091 = CARTESIAN_POINT ( 'NONE',  ( -0.5999999999999999778, -1.243863872159709949, 0.01000000000000000021 ) ) ;
#7092 = PRESENTATION_STYLE_ASSIGNMENT (( #8803 ) ) ;
#7093 = AXIS2_PLACEMENT_3D ( 'NONE', #5486, #2175, #1340 ) ;
#7094 = FACE_OUTER_BOUND ( 'NONE', #3975, .T. ) ;
#7095 = EDGE_LOOP ( 'NONE', ( #10900, #6601, #8833, #10289 ) ) ;
#7096 = VERTEX_POINT ( 'NONE', #126 ) ;
#7097 = ORIENTED_EDGE ( 'NONE', *, *, #9174, .F. ) ;
#7098 = LINE ( 'NONE', #1333, #415 ) ;
#7099 = DIRECTION ( 'NONE',  ( -0.000000000000000000, 0.000000000000000000, -1.000000000000000000 ) ) ;
#7100 = LINE ( 'NONE', #3048, #3112 ) ;
#7101 = ORIENTED_EDGE ( 'NONE', *, *, #5271, .F. ) ;
#7102 = AXIS2_PLACEMENT_3D ( 'NONE', #3834, #469, #8940 ) ;
#7103 = CARTESIAN_POINT ( 'NONE',  ( -0.07499999999999999722, 1.600000000000000089, 0.005000000000000000104 ) ) ;
#7104 = LINE ( 'NONE', #2672, #1210 ) ;
#7106 = VECTOR ( 'NONE', #7867, 1000.000000000000000 ) ;
#7105 = FACE_OUTER_BOUND ( 'NONE', #4990, .T. ) ;
#7107 = ADVANCED_FACE ( 'NONE', ( #6933 ), #10314, .T. ) ;
#7108 =( LENGTH_UNIT ( ) NAMED_UNIT ( * ) SI_UNIT ( .MILLI., .METRE. ) );
#7109 = CARTESIAN_POINT ( 'NONE',  ( -0.2952229299363051118, -0.6400000000000000133, 0.5300000000000001377 ) ) ;
#7110 = ORIENTED_EDGE ( 'NONE', *, *, #6592, .F. ) ;
#7111 = EDGE_CURVE ( 'NONE', #8043, #2076, #4435, .T. ) ;
#7112 = SURFACE_SIDE_STYLE ('',( #1236 ) ) ;
#7113 = AXIS2_PLACEMENT_3D ( 'NONE', #2988, #7979, #3876 ) ;
#7114 = CARTESIAN_POINT ( 'NONE',  ( 0.5999999999999999778, 0.6400000000000000133, 0.000000000000000000 ) ) ;
#7115 = VECTOR ( 'NONE', #10299, 1000.000000000000000 ) ;
#7116 = LINE ( 'NONE', #10494, #4288 ) ;
#7117 = STYLED_ITEM ( 'NONE', ( #8839 ), #1119 ) ;
#7118 = ORIENTED_EDGE ( 'NONE', *, *, #8474, .T. ) ;
#7119 = CARTESIAN_POINT ( 'NONE',  ( -0.5350000000000000311, -0.9000000000000001332, 0.7900000000000000355 ) ) ;
#7120 = LINE ( 'NONE', #4404, #7445 ) ;
#7121 = AXIS2_PLACEMENT_3D ( 'NONE', #5302, #881, #7752 ) ;
#7122 = CARTESIAN_POINT ( 'NONE',  ( 0.5350000000000000311, -0.6400000000000000133, 0.01000000000000000021 ) ) ;
#7123 = ADVANCED_FACE ( 'NONE', ( #2774 ), #5261, .T. ) ;
#7124 = EDGE_CURVE ( 'NONE', #4234, #3266, #8598, .T. ) ;
#7125 = APPLICATION_PROTOCOL_DEFINITION ( 'draft international standard', 'automotive_design', 1998, #3945 ) ;
#7126 = ORIENTED_EDGE ( 'NONE', *, *, #2030, .T. ) ;
#7127 = VERTEX_POINT ( 'NONE', #5153 ) ;
#7128 =( GEOMETRIC_REPRESENTATION_CONTEXT ( 3 ) GLOBAL_UNCERTAINTY_ASSIGNED_CONTEXT ( ( #10950 ) ) GLOBAL_UNIT_ASSIGNED_CONTEXT ( ( #5060, #7512, #8555 ) ) REPRESENTATION_CONTEXT ( 'NONE', 'WORKASPACE' ) );
#7129 = ORIENTED_EDGE ( 'NONE', *, *, #5687, .T. ) ;
#7130 = FACE_OUTER_BOUND ( 'NONE', #3102, .T. ) ;
#7131 = AXIS2_PLACEMENT_3D ( 'NONE', #409, #4674, #9053 ) ;
#7132 = ORIENTED_EDGE ( 'NONE', *, *, #1496, .T. ) ;
#7133 = VECTOR ( 'NONE', #4003, 1000.000000000000000 ) ;
#7134 = EDGE_CURVE ( 'NONE', #3817, #5278, #1896, .T. ) ;
#7135 = LINE ( 'NONE', #4578, #8530 ) ;
#7136 = DIRECTION ( 'NONE',  ( 0.000000000000000000, -0.000000000000000000, 1.000000000000000000 ) ) ;
#7137 = DIRECTION ( 'NONE',  ( 0.000000000000000000, 1.000000000000000000, 0.000000000000000000 ) ) ;
#7138 = ORIENTED_EDGE ( 'NONE', *, *, #1073, .F. ) ;
#7139 =( NAMED_UNIT ( * ) SI_UNIT ( $, .STERADIAN. ) SOLID_ANGLE_UNIT ( ) );
#7140 = DIRECTION ( 'NONE',  ( -0.000000000000000000, -0.000000000000000000, -1.000000000000000000 ) ) ;
#7141 = PRESENTATION_LAYER_ASSIGNMENT (  '', '', ( #936 ) ) ;
#7142 = VERTEX_POINT ( 'NONE', #3600 ) ;
#7143 = DIRECTION ( 'NONE',  ( -0.000000000000000000, 0.000000000000000000, -1.000000000000000000 ) ) ;
#7144 = VECTOR ( 'NONE', #8978, 1000.000000000000000 ) ;
#7145 = EDGE_CURVE ( 'NONE', #4474, #276, #7822, .T. ) ;
#7146 = EDGE_CURVE ( 'NONE', #74, #4180, #8654, .T. ) ;
#7147 = DIRECTION ( 'NONE',  ( 0.000000000000000000, 1.000000000000000000, 0.000000000000000000 ) ) ;
#7148 = DIRECTION ( 'NONE',  ( 0.000000000000000000, -0.9993908270190957621, -0.03489949670250089286 ) ) ;
#7149 = ORIENTED_EDGE ( 'NONE', *, *, #8568, .F. ) ;
#7150 = EDGE_CURVE ( 'NONE', #7748, #763, #5984, .T. ) ;
#7151 = CYLINDRICAL_SURFACE ( 'NONE', #7821, 0.05000000000000002359 ) ;
#7152 = PRESENTATION_LAYER_ASSIGNMENT (  '', '', ( #1308 ) ) ;
#7153 = ADVANCED_FACE ( 'NONE', ( #1951 ), #3444, .T. ) ;
#7154 = CARTESIAN_POINT ( 'NONE',  ( -0.2400000000000000189, -1.600000000000000089, 0.01000000000000000021 ) ) ;
#7155 = LINE ( 'NONE', #3037, #10159 ) ;
#7156 = VERTEX_POINT ( 'NONE', #2613 ) ;
#7157 =( NAMED_UNIT ( * ) SI_UNIT ( $, .STERADIAN. ) SOLID_ANGLE_UNIT ( ) );
#7158 = ORIENTED_EDGE ( 'NONE', *, *, #10093, .T. ) ;
#7159 = VERTEX_POINT ( 'NONE', #9434 ) ;
#7160 = LINE ( 'NONE', #5479, #8557 ) ;
#7161 = SURFACE_STYLE_FILL_AREA ( #612 ) ;
#7162 = ORIENTED_EDGE ( 'NONE', *, *, #10239, .T. ) ;
#7163 = LINE ( 'NONE', #10538, #9042 ) ;
#7164 = PRODUCT_DEFINITION_FORMATION_WITH_SPECIFIED_SOURCE ( 'ANY', '', #7897, .NOT_KNOWN. ) ;
#7165 = CARTESIAN_POINT ( 'NONE',  ( 0.5999999999999999778, 1.489999999999999991, 0.000000000000000000 ) ) ;
#7166 = DIRECTION ( 'NONE',  ( 0.000000000000000000, -0.000000000000000000, 1.000000000000000000 ) ) ;
#7167 = LINE ( 'NONE', #6490, #9307 ) ;
#7168 = CARTESIAN_POINT ( 'NONE',  ( -0.5999999999999999778, 1.098486643203810065, 0.5300000000000001377 ) ) ;
#7169 = ORIENTED_EDGE ( 'NONE', *, *, #10642, .F. ) ;
#7170 = CARTESIAN_POINT ( 'NONE',  ( -0.5999999999999999778, 1.399999999999999911, 0.7900000000000000355 ) ) ;
#7171 = PLANE ( 'NONE',  #7102 ) ;
#7172 =( GEOMETRIC_REPRESENTATION_CONTEXT ( 3 ) GLOBAL_UNCERTAINTY_ASSIGNED_CONTEXT ( ( #6947 ) ) GLOBAL_UNIT_ASSIGNED_CONTEXT ( ( #227, #2004, #7157 ) ) REPRESENTATION_CONTEXT ( 'NONE', 'WORKASPACE' ) );
#7173 = VECTOR ( 'NONE', #10956, 1000.000000000000000 ) ;
#7174 = ORIENTED_EDGE ( 'NONE', *, *, #4238, .T. ) ;
#7175 = DIRECTION ( 'NONE',  ( -1.000000000000000000, 0.000000000000000000, -0.000000000000000000 ) ) ;
#7176 = DIRECTION ( 'NONE',  ( 0.000000000000000000, 0.000000000000000000, -1.000000000000000000 ) ) ;
#7177 = AXIS2_PLACEMENT_3D ( 'NONE', #209, #3577, #10346 ) ;
#7178 = SURFACE_STYLE_USAGE ( .BOTH. , #4961 ) ;
#7179 = APPLICATION_PROTOCOL_DEFINITION ( 'draft international standard', 'automotive_design', 1998, #1741 ) ;
#7180 = LINE ( 'NONE', #4738, #1470 ) ;
#7181 = ORIENTED_EDGE ( 'NONE', *, *, #2582, .T. ) ;
#7182 = VERTEX_POINT ( 'NONE', #4389 ) ;
#7183 = AXIS2_PLACEMENT_3D ( 'NONE', #3907, #10057, #4296 ) ;
#7184 = EDGE_CURVE ( 'NONE', #8048, #7003, #7709, .T. ) ;
#7185 = AXIS2_PLACEMENT_3D ( 'NONE', #5026, #6747, #8462 ) ;
#7186 = EDGE_LOOP ( 'NONE', ( #7439, #820, #9198, #10170 ) ) ;
#7187 = LINE ( 'NONE', #1360, #6903 ) ;
#7188 = VECTOR ( 'NONE', #8872, 1000.000000000000000 ) ;
#7189 = ADVANCED_FACE ( 'NONE', ( #3493 ), #172, .T. ) ;
#7190 = ORIENTED_EDGE ( 'NONE', *, *, #9253, .F. ) ;
#7191 = EDGE_CURVE ( 'NONE', #4537, #9924, #1175, .T. ) ;
#7192 = VECTOR ( 'NONE', #5883, 1000.000000000000000 ) ;
#7193 = DIRECTION ( 'NONE',  ( 0.000000000000000000, 1.000000000000000000, 0.000000000000000000 ) ) ;
#7194 = DIRECTION ( 'NONE',  ( 1.000000000000000000, 0.000000000000000000, -0.000000000000000000 ) ) ;
#7195 = ORIENTED_EDGE ( 'NONE', *, *, #5144, .T. ) ;
#7196 = SHAPE_REPRESENTATION_RELATIONSHIP ( 'NONE' , 'NONE' ,  #8461, #9796 ) ;
#7197 =( NAMED_UNIT ( * ) PLANE_ANGLE_UNIT ( ) SI_UNIT ( $, .RADIAN. ) );
#7198 = CARTESIAN_POINT ( 'NONE',  ( 0.1500000000000000222, -0.5999999999999999778, 0.5200000000000000178 ) ) ;
#7199 = ORIENTED_EDGE ( 'NONE', *, *, #9700, .F. ) ;
#7200 = UNCERTAINTY_MEASURE_WITH_UNIT (LENGTH_MEASURE( 1.000000000000000082E-05 ), #6502, 'distance_accuracy_value', 'NONE');
#7201 = DIRECTION ( 'NONE',  ( -1.000000000000000000, 0.000000000000000000, -0.000000000000000000 ) ) ;
#7202 =( GEOMETRIC_REPRESENTATION_CONTEXT ( 3 ) GLOBAL_UNCERTAINTY_ASSIGNED_CONTEXT ( ( #10520 ) ) GLOBAL_UNIT_ASSIGNED_CONTEXT ( ( #10847, #3353, #5852 ) ) REPRESENTATION_CONTEXT ( 'NONE', 'WORKASPACE' ) );
#7203 = FACE_OUTER_BOUND ( 'NONE', #8041, .T. ) ;
#7204 = DIRECTION ( 'NONE',  ( -0.000000000000000000, -0.000000000000000000, 1.000000000000000000 ) ) ;
#7205 = EDGE_LOOP ( 'NONE', ( #2229, #7118, #2353, #3524 ) ) ;
#7206 = DIRECTION ( 'NONE',  ( 5.421010862427520198E-16, 1.000000000000000000, 0.000000000000000000 ) ) ;
#7207 = DIRECTION ( 'NONE',  ( -0.000000000000000000, 0.000000000000000000, 1.000000000000000000 ) ) ;
#7208 = CARTESIAN_POINT ( 'NONE',  ( -0.5999999999999999778, -1.243863872159709949, 0.000000000000000000 ) ) ;
#7209 = LINE ( 'NONE', #9031, #1830 ) ;
#7210 = ORIENTED_EDGE ( 'NONE', *, *, #4238, .F. ) ;
#7211 = DIRECTION ( 'NONE',  ( 0.000000000000000000, 0.000000000000000000, 1.000000000000000000 ) ) ;
#7212 = VERTEX_POINT ( 'NONE', #8863 ) ;
#7213 = ORIENTED_EDGE ( 'NONE', *, *, #4359, .T. ) ;
#7214 = PRESENTATION_LAYER_ASSIGNMENT (  '', '', ( #3836 ) ) ;
#7215 = FACE_OUTER_BOUND ( 'NONE', #5338, .T. ) ;
#7216 = ADVANCED_FACE ( 'NONE', ( #8811 ), #4765, .T. ) ;
#7217 = CARTESIAN_POINT ( 'NONE',  ( -0.4018411998642920091, 0.01815880013570820087, 0.5300000000000001377 ) ) ;
#7218 = EDGE_LOOP ( 'NONE', ( #2818, #6200, #840, #5252 ) ) ;
#7219 = CARTESIAN_POINT ( 'NONE',  ( 0.2068411998642920024, -0.03184119986429190252, 0.5300000000000001377 ) ) ;
#7220 = CARTESIAN_POINT ( 'NONE',  ( -0.5999999999999999778, -1.600000000000000089, 0.01000000000000000021 ) ) ;
#7221 = CARTESIAN_POINT ( 'NONE',  ( -0.1499999999999999944, 0.6400000000000000133, 0.01000000000000000021 ) ) ;
#7222 = LINE ( 'NONE', #2293, #10725 ) ;
#7223 = DIRECTION ( 'NONE',  ( 1.000000000000000000, -0.000000000000000000, 0.000000000000000000 ) ) ;
#7224 = EDGE_LOOP ( 'NONE', ( #2224, #803, #1976, #591 ) ) ;
#7225 = CARTESIAN_POINT ( 'NONE',  ( -0.07499999999999970579, -1.098928449973850086, 0.5300000000000001377 ) ) ;
#7226 = VERTEX_POINT ( 'NONE', #506 ) ;
#7227 = CARTESIAN_POINT ( 'NONE',  ( 0.5999999999999999778, -0.6999999999999999556, 0.001000000000000000021 ) ) ;
#7228 = DIRECTION ( 'NONE',  ( 1.000000000000000000, 0.000000000000000000, -0.000000000000000000 ) ) ;
#7229 = EDGE_CURVE ( 'NONE', #4228, #7127, #7925, .T. ) ;
#7230 = ORIENTED_EDGE ( 'NONE', *, *, #10916, .T. ) ;
#7231 = CARTESIAN_POINT ( 'NONE',  ( 0.2952229299363060000, -0.5999999999999999778, 0.01000000000000000021 ) ) ;
#7232 = LINE ( 'NONE', #4621, #7357 ) ;
#7233 = VECTOR ( 'NONE', #8994, 1000.000000000000000 ) ;
#7234 = APPLICATION_PROTOCOL_DEFINITION ( 'draft international standard', 'automotive_design', 1998, #2317 ) ;
#7235 = FACE_OUTER_BOUND ( 'NONE', #8923, .T. ) ;
#7236 = ORIENTED_EDGE ( 'NONE', *, *, #4598, .F. ) ;
#7237 = ORIENTED_EDGE ( 'NONE', *, *, #9226, .T. ) ;
#7238 = COLOUR_RGB ( '',0.3921568627450980338, 0.5999999999999999778, 0.3921568627450980338 ) ;
#7239 = EDGE_LOOP ( 'NONE', ( #3801, #6648, #8366, #7425 ) ) ;
#7240 = DIRECTION ( 'NONE',  ( 0.03487826274237452312, 0.03487826274237306595, 0.9987827659587182882 ) ) ;
#7241 = ORIENTED_EDGE ( 'NONE', *, *, #8996, .T. ) ;
#7242 = PLANE ( 'NONE',  #1986 ) ;
#7243 =( NAMED_UNIT ( * ) PLANE_ANGLE_UNIT ( ) SI_UNIT ( $, .RADIAN. ) );
#7244 = ORIENTED_EDGE ( 'NONE', *, *, #6902, .T. ) ;
#7245 = CARTESIAN_POINT ( 'NONE',  ( 0.1499999999999999944, -0.5999999999999999778, 0.01000000000000000021 ) ) ;
#7246 = ORIENTED_EDGE ( 'NONE', *, *, #4145, .F. ) ;
#7247 = ORIENTED_EDGE ( 'NONE', *, *, #7733, .F. ) ;
#7248 = CARTESIAN_POINT ( 'NONE',  ( 0.1499999999999989952, 1.600000000000000089, 0.5300000000000001377 ) ) ;
#7249 = EDGE_CURVE ( 'NONE', #2244, #3886, #6366, .T. ) ;
#7250 = LINE ( 'NONE', #10461, #5312 ) ;
#7251 = CARTESIAN_POINT ( 'NONE',  ( -0.6000000000000005329, -1.100000000000000089, 0.001000000000000000021 ) ) ;
#7252 = VERTEX_POINT ( 'NONE', #2170 ) ;
#7253 = PLANE ( 'NONE',  #8864 ) ;
#7254 = CARTESIAN_POINT ( 'NONE',  ( 0.2100000000000000200, -0.1799999999999999933, 0.001000000000000000021 ) ) ;
#7255 = DIRECTION ( 'NONE',  ( -0.000000000000000000, -1.000000000000000000, -0.000000000000000000 ) ) ;
#7256 = LINE ( 'NONE', #3984, #2366 ) ;
#7257 = ORIENTED_EDGE ( 'NONE', *, *, #5499, .T. ) ;
#7258 = AXIS2_PLACEMENT_3D ( 'NONE', #1162, #7204, #10576 ) ;
#7259 =( LENGTH_UNIT ( ) NAMED_UNIT ( * ) SI_UNIT ( .MILLI., .METRE. ) );
#7260 = PRODUCT_DEFINITION ( 'UNKNOWN', '', #7164, #7594 ) ;
#7261 = AXIS2_PLACEMENT_3D ( 'NONE', #9776, #3007, #8224 ) ;
#7262 = ORIENTED_EDGE ( 'NONE', *, *, #3538, .T. ) ;
#7263 = ORIENTED_EDGE ( 'NONE', *, *, #1859, .T. ) ;
#7264 = ADVANCED_FACE ( 'NONE', ( #7215 ), #5375, .F. ) ;
#7265 = CARTESIAN_POINT ( 'NONE',  ( 0.2399999999999999911, -1.600000000000000089, 0.01000000000000000021 ) ) ;
#7266 = FACE_OUTER_BOUND ( 'NONE', #6811, .T. ) ;
#7267 = EDGE_CURVE ( 'NONE', #4750, #8720, #7098, .T. ) ;
#7268 = LINE ( 'NONE', #9867, #6286 ) ;
#7269 = EDGE_LOOP ( 'NONE', ( #9040, #2023, #1254, #6220, #864, #3042, #5246, #5456, #2586 ) ) ;
#7270 = VECTOR ( 'NONE', #1784, 1000.000000000000000 ) ;
#7271 = FACE_OUTER_BOUND ( 'NONE', #3429, .T. ) ;
#7272 = PLANE ( 'NONE',  #7839 ) ;
#7273 = LINE ( 'NONE', #6265, #3157 ) ;
#7274 = FACE_OUTER_BOUND ( 'NONE', #1458, .T. ) ;
#7275 = CARTESIAN_POINT ( 'NONE',  ( -0.1499999999999994116, -1.098928449973850086, 0.5300000000000001377 ) ) ;
#7276 = ORIENTED_EDGE ( 'NONE', *, *, #9370, .F. ) ;
#7277 = PLANE ( 'NONE',  #9139 ) ;
#7278 = ORIENTED_EDGE ( 'NONE', *, *, #9157, .T. ) ;
#7279 = PLANE ( 'NONE',  #7131 ) ;
#7280 = CARTESIAN_POINT ( 'NONE',  ( -0.1499999999999999667, -0.6999999999999997335, 0.005000000000000000104 ) ) ;
#7281 = VECTOR ( 'NONE', #10687, 1000.000000000000000 ) ;
#7282 = EDGE_CURVE ( 'NONE', #2543, #1275, #9701, .T. ) ;
#7283 = EDGE_CURVE ( 'NONE', #7073, #6736, #8924, .T. ) ;
#7284 = EDGE_CURVE ( 'NONE', #8183, #6498, #341, .T. ) ;
#7285 = ORIENTED_EDGE ( 'NONE', *, *, #1515, .T. ) ;
#7286 = EDGE_CURVE ( 'NONE', #9301, #3017, #7160, .T. ) ;
#7287 = CARTESIAN_POINT ( 'NONE',  ( 0.000000000000000000, 0.000000000000000000, 0.005000000000000000104 ) ) ;
#7288 = LINE ( 'NONE', #10670, #1567 ) ;
#7289 = AXIS2_PLACEMENT_3D ( 'NONE', #397, #3698, #9650 ) ;
#7290 = CARTESIAN_POINT ( 'NONE',  ( 0.07499999999999998335, -1.600000000000000089, 0.5200000000000000178 ) ) ;
#7291 = PRODUCT_CONTEXT ( 'NONE', #3784, 'mechanical' ) ;
#7292 = DIRECTION ( 'NONE',  ( -0.5155782475760137817, 0.8568425004786157650, 0.000000000000000000 ) ) ;
#7293 = VERTEX_POINT ( 'NONE', #7265 ) ;
#7294 = AXIS2_PLACEMENT_3D ( 'NONE', #543, #1270, #10694 ) ;
#7295 = CARTESIAN_POINT ( 'NONE',  ( 0.5999999999999999778, 0.6400000000000000133, 0.5300000000000001377 ) ) ;
#7296 = COLOUR_RGB ( '',0.3921568627450980338, 0.5999999999999999778, 0.3921568627450980338 ) ;
#7297 = ORIENTED_EDGE ( 'NONE', *, *, #3847, .F. ) ;
#7298 = AXIS2_PLACEMENT_3D ( 'NONE', #5758, #1551, #6645 ) ;
#7299 = LINE ( 'NONE', #3084, #1455 ) ;
#7300 = FILL_AREA_STYLE ('',( #8789 ) ) ;
#7301 = AXIS2_PLACEMENT_3D ( 'NONE', #9389, #4188, #132 ) ;
#7302 = VERTEX_POINT ( 'NONE', #10649 ) ;
#7303 = CARTESIAN_POINT ( 'NONE',  ( 0.5999999999999999778, -0.5999999999999999778, 0.5200000000000000178 ) ) ;
#7304 = DIRECTION ( 'NONE',  ( -0.000000000000000000, -0.000000000000000000, -1.000000000000000000 ) ) ;
#7305 = ORIENTED_EDGE ( 'NONE', *, *, #1825, .F. ) ;
#7306 = ORIENTED_EDGE ( 'NONE', *, *, #957, .F. ) ;
#7307 = LINE ( 'NONE', #3090, #8505 ) ;
#7308 = VECTOR ( 'NONE', #10504, 1000.000000000000000 ) ;
#7309 = PLANE ( 'NONE',  #541 ) ;
#7310 = DIRECTION ( 'NONE',  ( 0.000000000000000000, -0.000000000000000000, -1.000000000000000000 ) ) ;
#7311 = ORIENTED_EDGE ( 'NONE', *, *, #245, .F. ) ;
#7312 = CARTESIAN_POINT ( 'NONE',  ( -0.5350000000000000311, -0.9000000000000001332, 0.7900000000000000355 ) ) ;
#7313 = DIRECTION ( 'NONE',  ( -1.000000000000000000, -0.000000000000000000, 0.000000000000000000 ) ) ;
#7314 = DIRECTION ( 'NONE',  ( 1.000000000000000000, -0.000000000000000000, 0.000000000000000000 ) ) ;
#7315 = CARTESIAN_POINT ( 'NONE',  ( -0.6000000000000001998, -1.100000000000000089, 0.001000000000000000021 ) ) ;
#7316 = EDGE_CURVE ( 'NONE', #5187, #4387, #1280, .T. ) ;
#7317 = AXIS2_PLACEMENT_3D ( 'NONE', #3280, #7393, #10937 ) ;
#7318 = ORIENTED_EDGE ( 'NONE', *, *, #7483, .F. ) ;
#7319 = FACE_OUTER_BOUND ( 'NONE', #8640, .T. ) ;
#7320 = ORIENTED_EDGE ( 'NONE', *, *, #2950, .F. ) ;
#7321 = ORIENTED_EDGE ( 'NONE', *, *, #2202, .F. ) ;
#7322 = CARTESIAN_POINT ( 'NONE',  ( 0.07499999999999999722, 1.600000000000000089, 0.001000000000000000021 ) ) ;
#7323 = EDGE_CURVE ( 'NONE', #9522, #7012, #2061, .T. ) ;
#7324 = DIRECTION ( 'NONE',  ( 9.293161478447170157E-16, -1.000000000000000000, -0.000000000000000000 ) ) ;
#7325 = ORIENTED_EDGE ( 'NONE', *, *, #239, .T. ) ;
#7326 = EDGE_CURVE ( 'NONE', #7637, #10505, #3045, .T. ) ;
#7327 = PRODUCT_RELATED_PRODUCT_CATEGORY ( 'part', '', ( #10206 ) ) ;
#7328 = FACE_OUTER_BOUND ( 'NONE', #2041, .T. ) ;
#7329 = EDGE_CURVE ( 'NONE', #6864, #1747, #8985, .T. ) ;
#7330 = CARTESIAN_POINT ( 'NONE',  ( -0.5350000000000000311, 0.7000000000000000666, 0.001000000000000000021 ) ) ;
#7331 =( GEOMETRIC_REPRESENTATION_CONTEXT ( 3 ) GLOBAL_UNCERTAINTY_ASSIGNED_CONTEXT ( ( #5297 ) ) GLOBAL_UNIT_ASSIGNED_CONTEXT ( ( #2899, #9043, #4982 ) ) REPRESENTATION_CONTEXT ( 'NONE', 'WORKASPACE' ) );
#7332 = DIRECTION ( 'NONE',  ( 0.000000000000000000, 0.000000000000000000, -1.000000000000000000 ) ) ;
#7333 = FACE_OUTER_BOUND ( 'NONE', #10215, .T. ) ;
#7334 = EDGE_CURVE ( 'NONE', #10187, #9111, #9752, .T. ) ;
#7335 = FACE_OUTER_BOUND ( 'NONE', #1809, .T. ) ;
#7336 = LINE ( 'NONE', #10713, #1520 ) ;
#7337 = CARTESIAN_POINT ( 'NONE',  ( 0.5350000000000000311, -1.239999999999999991, 0.5300000000000001377 ) ) ;
#7338 = ORIENTED_EDGE ( 'NONE', *, *, #10532, .T. ) ;
#7339 = CYLINDRICAL_SURFACE ( 'NONE', #7714, 0.1999999999999999833 ) ;
#7340 = ORIENTED_EDGE ( 'NONE', *, *, #8975, .T. ) ;
#7341 = DIRECTION ( 'NONE',  ( -1.000000000000000000, 0.000000000000000000, -0.000000000000000000 ) ) ;
#7342 = DIRECTION ( 'NONE',  ( 1.000000000000000000, -0.000000000000000000, 0.000000000000000000 ) ) ;
#7343 = ORIENTED_EDGE ( 'NONE', *, *, #890, .F. ) ;
#7344 = EDGE_CURVE ( 'NONE', #2679, #7390, #2225, .T. ) ;
#7345 = VERTEX_POINT ( 'NONE', #553 ) ;
#7346 = FACE_OUTER_BOUND ( 'NONE', #8284, .T. ) ;
#7347 = LINE ( 'NONE', #8106, #8942 ) ;
#7348 = LINE ( 'NONE', #6335, #7469 ) ;
#7349 = DIRECTION ( 'NONE',  ( 0.000000000000000000, 0.000000000000000000, 1.000000000000000000 ) ) ;
#7350 = AXIS2_PLACEMENT_3D ( 'NONE', #2503, #9270, #8374 ) ;
#7351 = EDGE_CURVE ( 'NONE', #450, #1700, #6202, .T. ) ;
#7352 = EDGE_CURVE ( 'NONE', #2667, #9940, #609, .T. ) ;
#7353 = EDGE_CURVE ( 'NONE', #7392, #187, #4821, .T. ) ;
#7354 = ORIENTED_EDGE ( 'NONE', *, *, #10292, .F. ) ;
#7355 = EDGE_CURVE ( 'NONE', #4646, #2663, #3209, .T. ) ;
#7356 = PLANE ( 'NONE',  #1806 ) ;
#7357 = VECTOR ( 'NONE', #2305, 1000.000000000000000 ) ;
#7358 = ORIENTED_EDGE ( 'NONE', *, *, #5282, .T. ) ;
#7359 = VECTOR ( 'NONE', #10832, 1000.000000000000000 ) ;
#7360 = CARTESIAN_POINT ( 'NONE',  ( -0.1499999999999999667, -1.600000000000000089, 0.8000000000000000444 ) ) ;
#7361 = CARTESIAN_POINT ( 'NONE',  ( 0.5350000000000000311, 1.243863872159709949, 0.01000000000000000021 ) ) ;
#7362 = EDGE_LOOP ( 'NONE', ( #5594, #3929, #9348, #7603, #8794, #1079, #3989, #3285, #325, #1514 ) ) ;
#7363 = ORIENTED_EDGE ( 'NONE', *, *, #6581, .F. ) ;
#7364 = VECTOR ( 'NONE', #2437, 1000.000000000000000 ) ;
#7365 = CARTESIAN_POINT ( 'NONE',  ( 0.3599999999999999867, -0.02999999999999999889, 0.001000000000000000021 ) ) ;
#7366 = VECTOR ( 'NONE', #7324, 1000.000000000000000 ) ;
#7367 = PLANE ( 'NONE',  #6572 ) ;
#7368 = CARTESIAN_POINT ( 'NONE',  ( -0.5999999999999999778, 1.399999999999999911, 0.5200000000000000178 ) ) ;
#7369 = ORIENTED_EDGE ( 'NONE', *, *, #2651, .T. ) ;
#7370 = VECTOR ( 'NONE', #1674, 1000.000000000000000 ) ;
#7371 = ADVANCED_FACE ( 'NONE', ( #661 ), #8362, .T. ) ;
#7372 = CARTESIAN_POINT ( 'NONE',  ( 0.5999999999999999778, -1.600000000000000089, 0.01000000000000000021 ) ) ;
#7373 = DIRECTION ( 'NONE',  ( -1.000000000000000000, -0.000000000000000000, -0.000000000000000000 ) ) ;
#7374 = DIRECTION ( 'NONE',  ( -0.000000000000000000, -0.000000000000000000, 1.000000000000000000 ) ) ;
#7375 = CARTESIAN_POINT ( 'NONE',  ( 0.000000000000000000, -1.100000000000000089, 0.001000000000000000021 ) ) ;
#7376 = ORIENTED_EDGE ( 'NONE', *, *, #8156, .T. ) ;
#7377 = ORIENTED_EDGE ( 'NONE', *, *, #2697, .T. ) ;
#7378 = ORIENTED_EDGE ( 'NONE', *, *, #6180, .F. ) ;
#7379 = CARTESIAN_POINT ( 'NONE',  ( -0.3197770700636939911, 0.6400000000000000133, 0.01000000000000000021 ) ) ;
#7380 =( LENGTH_UNIT ( ) NAMED_UNIT ( * ) SI_UNIT ( .MILLI., .METRE. ) );
#7381 = VERTEX_POINT ( 'NONE', #9261 ) ;
#7382 = DIRECTION ( 'NONE',  ( 1.000000000000000000, 0.000000000000000000, 0.000000000000000000 ) ) ;
#7383 = LINE ( 'NONE', #7433, #5547 ) ;
#7384 = DIRECTION ( 'NONE',  ( 1.000000000000000000, -0.000000000000000000, 0.000000000000000000 ) ) ;
#7385 = CARTESIAN_POINT ( 'NONE',  ( -0.5350000000000000311, 1.239999999999999991, 0.8000000000000000444 ) ) ;
#7386 = PRESENTATION_STYLE_ASSIGNMENT (( #10160 ) ) ;
#7387 = CARTESIAN_POINT ( 'NONE',  ( 0.5350000000000000311, 0.6400000000000000133, 0.5300000000000001377 ) ) ;
#7388 = CARTESIAN_POINT ( 'NONE',  ( 0.2952229299363060000, -0.5999999999999999778, 0.01000000000000000021 ) ) ;
#7389 = EDGE_CURVE ( 'NONE', #10849, #1977, #10757, .T. ) ;
#7390 = VERTEX_POINT ( 'NONE', #5648 ) ;
#7391 = FACE_OUTER_BOUND ( 'NONE', #2333, .T. ) ;
#7392 = VERTEX_POINT ( 'NONE', #5034 ) ;
#7393 = DIRECTION ( 'NONE',  ( 0.000000000000000000, 0.000000000000000000, -1.000000000000000000 ) ) ;
#7394 = ADVANCED_FACE ( 'NONE', ( #8419 ), #4099, .T. ) ;
#7395 = VERTEX_POINT ( 'NONE', #10867 ) ;
#7396 = EDGE_CURVE ( 'NONE', #3815, #6587, #10032, .T. ) ;
#7397 = VECTOR ( 'NONE', #5255, 1000.000000000000000 ) ;
#7398 = VERTEX_POINT ( 'NONE', #8473 ) ;
#7399 = LINE ( 'NONE', #10779, #4518 ) ;
#7400 = CONTEXT_DEPENDENT_SHAPE_REPRESENTATION ( #5007, #996 ) ;
#7401 = EDGE_CURVE ( 'NONE', #6498, #3902, #7643, .T. ) ;
#7402 = LINE ( 'NONE', #3785, #6951 ) ;
#7403 = ADVANCED_FACE ( 'NONE', ( #1097 ), #6915, .T. ) ;
#7404 = SHAPE_REPRESENTATION ( 'Pins_top_5', ( #2231 ), #7888 ) ;
#7405 = EDGE_CURVE ( 'NONE', #10278, #10378, #1818, .T. ) ;
#7406 = PRESENTATION_STYLE_ASSIGNMENT (( #9123 ) ) ;
#7407 = ORIENTED_EDGE ( 'NONE', *, *, #3331, .T. ) ;
#7408 = VECTOR ( 'NONE', #2071, 1000.000000000000000 ) ;
#7409 = DIRECTION ( 'NONE',  ( 0.000000000000000000, -0.000000000000000000, -1.000000000000000000 ) ) ;
#7410 = ORIENTED_EDGE ( 'NONE', *, *, #9697, .T. ) ;
#7411 = CARTESIAN_POINT ( 'NONE',  ( 0.2999999999999999889, -1.489999999999999991, 0.01000000000000000021 ) ) ;
#7412 = FILL_AREA_STYLE ('',( #4798 ) ) ;
#7413 = ORIENTED_EDGE ( 'NONE', *, *, #3120, .F. ) ;
#7414 = ORIENTED_EDGE ( 'NONE', *, *, #8667, .F. ) ;
#7415 = UNCERTAINTY_MEASURE_WITH_UNIT (LENGTH_MEASURE( 1.000000000000000082E-05 ), #364, 'distance_accuracy_value', 'NONE');
#7416 = CARTESIAN_POINT ( 'NONE',  ( 0.4000000000000000222, -1.600000000000000089, 0.5200000000000000178 ) ) ;
#7417 = PRESENTATION_STYLE_ASSIGNMENT (( #5743 ) ) ;
#7418 = CARTESIAN_POINT ( 'NONE',  ( -0.5999999999999999778, -1.600000000000000089, 0.5200000000000000178 ) ) ;
#7419 = FACE_OUTER_BOUND ( 'NONE', #5212, .T. ) ;
#7420 = CARTESIAN_POINT ( 'NONE',  ( 0.2100000000000000200, -0.03000000000000000236, 0.001000000000000000021 ) ) ;
#7421 = PLANE ( 'NONE',  #3316 ) ;
#7422 = CARTESIAN_POINT ( 'NONE',  ( -0.1499999999999999944, -0.9000000000000001332, 0.7900000000000000355 ) ) ;
#7423 = ORIENTED_EDGE ( 'NONE', *, *, #2983, .T. ) ;
#7424 = FACE_OUTER_BOUND ( 'NONE', #7239, .T. ) ;
#7425 = ORIENTED_EDGE ( 'NONE', *, *, #7401, .T. ) ;
#7426 = ORIENTED_EDGE ( 'NONE', *, *, #9625, .T. ) ;
#7427 = AXIS2_PLACEMENT_3D ( 'NONE', #9900, #4797, #8180 ) ;
#7428 =( NAMED_UNIT ( * ) PLANE_ANGLE_UNIT ( ) SI_UNIT ( $, .RADIAN. ) );
#7429 = CARTESIAN_POINT ( 'NONE',  ( -0.5350000000000000311, -0.6400000000000002354, 0.5300000000000001377 ) ) ;
#7430 = ORIENTED_EDGE ( 'NONE', *, *, #10512, .T. ) ;
#7431 = CARTESIAN_POINT ( 'NONE',  ( 0.3002762822146830546, 1.499754031465950099, 0.01000000000000000021 ) ) ;
#7432 = STYLED_ITEM ( 'NONE', ( #5021 ), #2666 ) ;
#7433 = CARTESIAN_POINT ( 'NONE',  ( -0.4650000000000000244, 0.6400000000000000133, 0.5300000000000001377 ) ) ;
#7434 = DIRECTION ( 'NONE',  ( -0.000000000000000000, -0.000000000000000000, 1.000000000000000000 ) ) ;
#7435 = EDGE_CURVE ( 'NONE', #497, #2426, #5136, .T. ) ;
#7436 = FACE_OUTER_BOUND ( 'NONE', #10304, .T. ) ;
#7437 = LINE ( 'NONE', #6540, #277 ) ;
#7438 = DIRECTION ( 'NONE',  ( 0.000000000000000000, 0.000000000000000000, 1.000000000000000000 ) ) ;
#7439 = ORIENTED_EDGE ( 'NONE', *, *, #9014, .T. ) ;
#7440 = CARTESIAN_POINT ( 'NONE',  ( -0.07499999999999999722, -1.600000000000000089, 0.001000000000000000021 ) ) ;
#7441 = EDGE_LOOP ( 'NONE', ( #2635, #7263, #3335, #3483 ) ) ;
#7442 = DIRECTION ( 'NONE',  ( 0.000000000000000000, 1.000000000000000000, 0.000000000000000000 ) ) ;
#7443 = COLOUR_RGB ( '',0.3921568627450980338, 0.5999999999999999778, 0.3921568627450980338 ) ;
#7444 = CARTESIAN_POINT ( 'NONE',  ( 0.2924999999999999822, 0.7499999999999990008, 0.7900000000000000355 ) ) ;
#7445 = VECTOR ( 'NONE', #2839, 1000.000000000000000 ) ;
#7446 = ORIENTED_EDGE ( 'NONE', *, *, #3294, .F. ) ;
#7447 = ADVANCED_FACE ( 'NONE', ( #2650 ), #5247, .T. ) ;
#7448 = ORIENTED_EDGE ( 'NONE', *, *, #9319, .T. ) ;
#7449 = FACE_OUTER_BOUND ( 'NONE', #10822, .T. ) ;
#7450 = CARTESIAN_POINT ( 'NONE',  ( 0.5999999999999999778, 1.243863872159709949, 0.01000000000000000021 ) ) ;
#7451 = PRESENTATION_STYLE_ASSIGNMENT (( #1685 ) ) ;
#7452 = ADVANCED_FACE ( 'NONE', ( #9419 ), #4321, .T. ) ;
#7453 = CARTESIAN_POINT ( 'NONE',  ( -0.5350000000000000311, 0.6400000000000001243, 0.5200000000000000178 ) ) ;
#7454 = LINE ( 'NONE', #10180, #5701 ) ;
#7455 = AXIS2_PLACEMENT_3D ( 'NONE', #8159, #5829, #5722 ) ;
#7456 = VECTOR ( 'NONE', #5115, 1000.000000000000114 ) ;
#7457 = DIRECTION ( 'NONE',  ( -1.000000000000000000, 3.252606517456509851E-16, 0.000000000000000000 ) ) ;
#7458 = EDGE_LOOP ( 'NONE', ( #413, #3495, #711, #1730 ) ) ;
#7459 = VECTOR ( 'NONE', #4047, 1000.000000000000000 ) ;
#7460 = EDGE_CURVE ( 'NONE', #1745, #847, #992, .T. ) ;
#7461 = CARTESIAN_POINT ( 'NONE',  ( 0.4000000000000000222, -1.600000000000000089, 0.01000000000000000021 ) ) ;
#7462 = ORIENTED_EDGE ( 'NONE', *, *, #82, .F. ) ;
#7463 = VECTOR ( 'NONE', #3641, 1000.000000000000000 ) ;
#7464 = CARTESIAN_POINT ( 'NONE',  ( 0.1499999999999999667, 0.6999999999999999556, 0.001000000000000000238 ) ) ;
#7465 = DIRECTION ( 'NONE',  ( 0.000000000000000000, 1.000000000000000000, 0.000000000000000000 ) ) ;
#7466 = ORIENTED_EDGE ( 'NONE', *, *, #1568, .T. ) ;
#7467 = ORIENTED_EDGE ( 'NONE', *, *, #3403, .T. ) ;
#7468 = CARTESIAN_POINT ( 'NONE',  ( -0.5999999999999999778, 1.399999999999999911, 0.5200000000000000178 ) ) ;
#7469 = VECTOR ( 'NONE', #10612, 1000.000000000000000 ) ;
#7470 = DIRECTION ( 'NONE',  ( -8.260587980841929905E-16, 1.000000000000000000, 0.000000000000000000 ) ) ;
#7471 = DIRECTION ( 'NONE',  ( 1.000000000000000000, -0.000000000000000000, 0.000000000000000000 ) ) ;
#7472 = VECTOR ( 'NONE', #7201, 1000.000000000000000 ) ;
#7473 = EDGE_CURVE ( 'NONE', #2028, #3188, #7750, .T. ) ;
#7474 = ADVANCED_FACE ( 'NONE', ( #1937 ), #7800, .T. ) ;
#7475 = CARTESIAN_POINT ( 'NONE',  ( 0.2068411998642920024, -0.1818411998642920357, 0.5300000000000001377 ) ) ;
#7476 = DIRECTION ( 'NONE',  ( 0.000000000000000000, 0.000000000000000000, 1.000000000000000000 ) ) ;
#7477 = DIRECTION ( 'NONE',  ( -1.000000000000000000, 0.000000000000000000, -0.000000000000000000 ) ) ;
#7478 = DIRECTION ( 'NONE',  ( 0.000000000000000000, -1.000000000000000000, -0.000000000000000000 ) ) ;
#7479 = ORIENTED_EDGE ( 'NONE', *, *, #4335, .T. ) ;
#7480 = DIRECTION ( 'NONE',  ( 0.000000000000000000, 0.000000000000000000, 1.000000000000000000 ) ) ;
#7481 = ORIENTED_EDGE ( 'NONE', *, *, #3325, .F. ) ;
#7482 = ORIENTED_EDGE ( 'NONE', *, *, #284, .F. ) ;
#7483 = EDGE_CURVE ( 'NONE', #7981, #6190, #8642, .T. ) ;
#7484 = ADVANCED_FACE ( 'NONE', ( #215 ), #3583, .F. ) ;
#7485 = CARTESIAN_POINT ( 'NONE',  ( 0.000000000000000000, 0.000000000000000000, 0.001000000000000000021 ) ) ;
#7486 = STYLED_ITEM ( 'NONE', ( #4793 ), #9961 ) ;
#7487 = EDGE_CURVE ( 'NONE', #9959, #5608, #10633, .T. ) ;
#7488 = PRESENTATION_STYLE_ASSIGNMENT (( #8205 ) ) ;
#7489 = CARTESIAN_POINT ( 'NONE',  ( 0.000000000000000000, 0.000000000000000000, 0.001000000000000000021 ) ) ;
#7490 = ORIENTED_EDGE ( 'NONE', *, *, #10152, .F. ) ;
#7491 = ADVANCED_FACE ( 'NONE', ( #7966 ), #10521, .T. ) ;
#7492 = SURFACE_STYLE_FILL_AREA ( #4926 ) ;
#7493 = VECTOR ( 'NONE', #6663, 1000.000000000000000 ) ;
#7494 = LINE ( 'NONE', #10873, #6965 ) ;
#7495 = CARTESIAN_POINT ( 'NONE',  ( -0.5999999999999999778, 1.399999999999999911, 0.7900000000000000355 ) ) ;
#7496 = PRESENTATION_STYLE_ASSIGNMENT (( #65 ) ) ;
#7497 = MECHANICAL_DESIGN_GEOMETRIC_PRESENTATION_REPRESENTATION (  '', ( #1819 ), #2528 ) ;
#7498 = DIRECTION ( 'NONE',  ( 0.000000000000000000, 0.000000000000000000, 1.000000000000000000 ) ) ;
#7499 = VERTEX_POINT ( 'NONE', #5528 ) ;
#7500 = CARTESIAN_POINT ( 'NONE',  ( -0.3000000000000000444, -1.489999999999999991, 0.5300000000000001377 ) ) ;
#7501 = ORIENTED_EDGE ( 'NONE', *, *, #6972, .F. ) ;
#7502 = FACE_OUTER_BOUND ( 'NONE', #5606, .T. ) ;
#7503 = FACE_OUTER_BOUND ( 'NONE', #9277, .T. ) ;
#7504 = VECTOR ( 'NONE', #7478, 1000.000000000000000 ) ;
#7505 = ORIENTED_EDGE ( 'NONE', *, *, #2697, .F. ) ;
#7506 = ORIENTED_EDGE ( 'NONE', *, *, #10220, .T. ) ;
#7507 = DIRECTION ( 'NONE',  ( -0.000000000000000000, -0.000000000000000000, -1.000000000000000000 ) ) ;
#7508 = CARTESIAN_POINT ( 'NONE',  ( -0.1499999999999999944, -1.500000000000000000, 0.7900000000000000355 ) ) ;
#7509 = AXIS2_PLACEMENT_3D ( 'NONE', #2260, #8844, #1370 ) ;
#7510 = CARTESIAN_POINT ( 'NONE',  ( -0.5999999999999999778, -1.489999999999999991, 0.5200000000000000178 ) ) ;
#7511 = DIRECTION ( 'NONE',  ( 0.000000000000000000, 0.000000000000000000, 1.000000000000000000 ) ) ;
#7512 =( NAMED_UNIT ( * ) PLANE_ANGLE_UNIT ( ) SI_UNIT ( $, .RADIAN. ) );
#7513 = CARTESIAN_POINT ( 'NONE',  ( -0.5999999999999999778, -1.600000000000000089, 0.5200000000000000178 ) ) ;
#7514 = DIRECTION ( 'NONE',  ( 0.000000000000000000, 1.000000000000000000, 0.000000000000000000 ) ) ;
#7515 =( NAMED_UNIT ( * ) SI_UNIT ( $, .STERADIAN. ) SOLID_ANGLE_UNIT ( ) );
#7516 = ORIENTED_EDGE ( 'NONE', *, *, #3421, .T. ) ;
#7517 = DIRECTION ( 'NONE',  ( 0.000000000000000000, -0.000000000000000000, -1.000000000000000000 ) ) ;
#7518 =( GEOMETRIC_REPRESENTATION_CONTEXT ( 3 ) GLOBAL_UNCERTAINTY_ASSIGNED_CONTEXT ( ( #9269 ) ) GLOBAL_UNIT_ASSIGNED_CONTEXT ( ( #4906, #5737, #9955 ) ) REPRESENTATION_CONTEXT ( 'NONE', 'WORKASPACE' ) );
#7519 = ORIENTED_EDGE ( 'NONE', *, *, #7334, .F. ) ;
#7520 = EDGE_CURVE ( 'NONE', #5999, #7536, #1991, .T. ) ;
#7521 = CARTESIAN_POINT ( 'NONE',  ( 0.5350000000000000311, 1.239999999999999991, 0.5300000000000001377 ) ) ;
#7522 = ORIENTED_EDGE ( 'NONE', *, *, #10929, .F. ) ;
#7523 = ORIENTED_EDGE ( 'NONE', *, *, #2616, .F. ) ;
#7524 = DIRECTION ( 'NONE',  ( 0.000000000000000000, -0.000000000000000000, -1.000000000000000000 ) ) ;
#7525 = EDGE_CURVE ( 'NONE', #8013, #6391, #5464, .T. ) ;
#7526 = VECTOR ( 'NONE', #6433, 1000.000000000000000 ) ;
#7527 = EDGE_CURVE ( 'NONE', #10625, #5911, #8912, .T. ) ;
#7528 = CARTESIAN_POINT ( 'NONE',  ( -0.5999999999999999778, 0.7005555010695041496, 0.5200000000000000178 ) ) ;
#7529 = CARTESIAN_POINT ( 'NONE',  ( 0.000000000000000000, 0.000000000000000000, 0.5200000000000000178 ) ) ;
#7530 = VERTEX_POINT ( 'NONE', #2863 ) ;
#7531 = VECTOR ( 'NONE', #5504, 1000.000000000000000 ) ;
#7532 = VECTOR ( 'NONE', #8711, 1000.000000000000000 ) ;
#7533 = FACE_OUTER_BOUND ( 'NONE', #471, .T. ) ;
#7534 = LINE ( 'NONE', #5639, #5961 ) ;
#7535 = DIRECTION ( 'NONE',  ( 0.000000000000000000, 0.000000000000000000, 1.000000000000000000 ) ) ;
#7536 = VERTEX_POINT ( 'NONE', #435 ) ;
#7537 = LINE ( 'NONE', #4153, #2745 ) ;
#7538 = ORIENTED_EDGE ( 'NONE', *, *, #8825, .F. ) ;
#7539 = VERTEX_POINT ( 'NONE', #10458 ) ;
#7540 = MECHANICAL_DESIGN_GEOMETRIC_PRESENTATION_REPRESENTATION (  '', ( #8420 ), #8057 ) ;
#7541 = PRODUCT_DEFINITION_SHAPE ( 'NONE', 'NONE',  #1839 ) ;
#7542 = CARTESIAN_POINT ( 'NONE',  ( 0.5999999999999999778, -1.100000000000000089, 0.001000000000000000021 ) ) ;
#7543 = ORIENTED_EDGE ( 'NONE', *, *, #1152, .T. ) ;
#7544 = DIRECTION ( 'NONE',  ( -9.293161478447170157E-16, 1.000000000000000000, 0.000000000000000000 ) ) ;
#7545 = LINE ( 'NONE', #6819, #1133 ) ;
#7546 = CARTESIAN_POINT ( 'NONE',  ( -0.4000000000000000222, -1.600000000000000089, 0.5200000000000000178 ) ) ;
#7547 = DIRECTION ( 'NONE',  ( 0.000000000000000000, -1.000000000000000000, -0.000000000000000000 ) ) ;
#7548 = VECTOR ( 'NONE', #4137, 1000.000000000000000 ) ;
#7549 = SURFACE_SIDE_STYLE ('',( #783 ) ) ;
#7550 = FACE_OUTER_BOUND ( 'NONE', #3410, .T. ) ;
#7551 = ORIENTED_EDGE ( 'NONE', *, *, #10135, .F. ) ;
#7552 = LINE ( 'NONE', #623, #7370 ) ;
#7553 = ORIENTED_EDGE ( 'NONE', *, *, #2776, .F. ) ;
#7554 = FACE_OUTER_BOUND ( 'NONE', #547, .T. ) ;
#7555 = CARTESIAN_POINT ( 'NONE',  ( -0.5999999999999999778, 0.6000000000000000888, 0.5200000000000000178 ) ) ;
#7556 = ORIENTED_EDGE ( 'NONE', *, *, #1135, .T. ) ;
#7557 =( GEOMETRIC_REPRESENTATION_CONTEXT ( 3 ) GLOBAL_UNCERTAINTY_ASSIGNED_CONTEXT ( ( #10298 ) ) GLOBAL_UNIT_ASSIGNED_CONTEXT ( ( #5018, #93, #1536 ) ) REPRESENTATION_CONTEXT ( 'NONE', 'WORKASPACE' ) );
#7558 = ORIENTED_EDGE ( 'NONE', *, *, #8325, .T. ) ;
#7559 = DIRECTION ( 'NONE',  ( -1.000000000000000000, 0.000000000000000000, 0.000000000000000000 ) ) ;
#7560 = CARTESIAN_POINT ( 'NONE',  ( 0.1300000000000000044, 0.1700000000000000122, 0.001000000000000000021 ) ) ;
#7561 = FACE_OUTER_BOUND ( 'NONE', #9484, .T. ) ;
#7562 = LINE ( 'NONE', #4240, #5218 ) ;
#7563 = CARTESIAN_POINT ( 'NONE',  ( 0.07499999999999999722, -1.098928449973850086, 0.5300000000000001377 ) ) ;
#7564 = DIRECTION ( 'NONE',  ( 0.000000000000000000, -0.000000000000000000, -1.000000000000000000 ) ) ;
#7565 = CARTESIAN_POINT ( 'NONE',  ( 0.1499999999999999667, 1.099999999999999867, 0.000000000000000000 ) ) ;
#7566 = VECTOR ( 'NONE', #7314, 1000.000000000000000 ) ;
#7567 = PLANE ( 'NONE',  #3009 ) ;
#7568 = ORIENTED_EDGE ( 'NONE', *, *, #340, .F. ) ;
#7569 = VECTOR ( 'NONE', #374, 1000.000000000000000 ) ;
#7570 = DIRECTION ( 'NONE',  ( -0.000000000000000000, 1.000000000000000000, 0.000000000000000000 ) ) ;
#7571 = ORIENTED_EDGE ( 'NONE', *, *, #1917, .F. ) ;
#7572 = CYLINDRICAL_SURFACE ( 'NONE', #6531, 0.1999999999999999833 ) ;
#7573 = EDGE_LOOP ( 'NONE', ( #10602, #9895, #10400, #2200 ) ) ;
#7574 = EDGE_LOOP ( 'NONE', ( #407, #2662, #7762, #3580, #7969, #2909, #10085, #1805, #5258 ) ) ;
#7575 = FILL_AREA_STYLE_COLOUR ( '', #2824 ) ;
#7576 = VERTEX_POINT ( 'NONE', #2809 ) ;
#7577 = LINE ( 'NONE', #9410, #1401 ) ;
#7578 = DIRECTION ( 'NONE',  ( 1.000000000000000000, 0.000000000000000000, 0.000000000000000000 ) ) ;
#7579 = LINE ( 'NONE', #4151, #6964 ) ;
#7580 = ORIENTED_EDGE ( 'NONE', *, *, #84, .F. ) ;
#7581 = CARTESIAN_POINT ( 'NONE',  ( 0.5961306949927850374, 1.600000000000000089, 0.000000000000000000 ) ) ;
#7582 = EDGE_CURVE ( 'NONE', #2602, #10456, #6407, .T. ) ;
#7583 = ORIENTED_EDGE ( 'NONE', *, *, #5900, .T. ) ;
#7584 = ORIENTED_EDGE ( 'NONE', *, *, #3454, .T. ) ;
#7585 = DIRECTION ( 'NONE',  ( -0.000000000000000000, -0.000000000000000000, 1.000000000000000000 ) ) ;
#7586 = PLANE ( 'NONE',  #6222 ) ;
#7587 = VECTOR ( 'NONE', #10406, 1000.000000000000000 ) ;
#7588 = MECHANICAL_DESIGN_GEOMETRIC_PRESENTATION_REPRESENTATION (  '', ( #8222 ), #1931 ) ;
#7589 = EDGE_LOOP ( 'NONE', ( #9611, #4775, #8678, #6035 ) ) ;
#7590 = CARTESIAN_POINT ( 'NONE',  ( -0.3999999999999999667, -1.600000000000000089, 0.5300000000000001377 ) ) ;
#7591 = DIRECTION ( 'NONE',  ( -0.000000000000000000, -0.000000000000000000, 1.000000000000000000 ) ) ;
#7592 = ADVANCED_FACE ( 'NONE', ( #8795 ), #5583, .T. ) ;
#7593 = CARTESIAN_POINT ( 'NONE',  ( -0.5999999999999999778, 0.9000000000000001332, 0.7900000000000000355 ) ) ;
#7594 = PRODUCT_DEFINITION_CONTEXT ( 'detailed design', #10596, 'design' ) ;
#7595 = EDGE_CURVE ( 'NONE', #3381, #3428, #8018, .T. ) ;
#7596 = CARTESIAN_POINT ( 'NONE',  ( -0.1499999999999999944, 1.500000000000000000, 0.7900000000000000355 ) ) ;
#7597 = PLANE ( 'NONE',  #1687 ) ;
#7598 = EDGE_LOOP ( 'NONE', ( #1095, #9258, #5399, #8029, #4017, #1534, #6006, #8899 ) ) ;
#7599 = DIRECTION ( 'NONE',  ( 1.000000000000000000, -0.000000000000000000, 0.000000000000000000 ) ) ;
#7600 = VERTEX_POINT ( 'NONE', #3743 ) ;
#7601 = LINE ( 'NONE', #625, #7493 ) ;
#7602 = CARTESIAN_POINT ( 'NONE',  ( 0.1499999999999999944, 0.000000000000000000, 0.005000000000000000104 ) ) ;
#7603 = ORIENTED_EDGE ( 'NONE', *, *, #9647, .T. ) ;
#7604 = ORIENTED_EDGE ( 'NONE', *, *, #9231, .F. ) ;
#7605 = LINE ( 'NONE', #2567, #1596 ) ;
#7606 = FILL_AREA_STYLE_COLOUR ( '', #8010 ) ;
#7607 = PLANE ( 'NONE',  #4046 ) ;
#7608 = CARTESIAN_POINT ( 'NONE',  ( 0.000000000000000000, 1.100000000000000089, 0.001000000000000000021 ) ) ;
#7609 = DIRECTION ( 'NONE',  ( 0.000000000000000000, -1.000000000000000000, 0.000000000000000000 ) ) ;
#7610 = UNCERTAINTY_MEASURE_WITH_UNIT (LENGTH_MEASURE( 1.000000000000000082E-05 ), #10, 'distance_accuracy_value', 'NONE');
#7611 = CARTESIAN_POINT ( 'NONE',  ( -0.5999999999999999778, 1.100000000000000089, 0.005000000000000000104 ) ) ;
#7612 = AXIS2_PLACEMENT_3D ( 'NONE', #2087, #481, #4741 ) ;
#7613 = VECTOR ( 'NONE', #7507, 1000.000000000000000 ) ;
#7614 = PLANE ( 'NONE',  #9951 ) ;
#7615 = EDGE_CURVE ( 'NONE', #9437, #1043, #2212, .T. ) ;
#7616 = EDGE_CURVE ( 'NONE', #6619, #1649, #9797, .T. ) ;
#7617 = EDGE_CURVE ( 'NONE', #7900, #9936, #3858, .T. ) ;
#7618 = CARTESIAN_POINT ( 'NONE',  ( -0.2999999999999992673, -1.489999999999999325, 0.5200000000000000178 ) ) ;
#7619 = ORIENTED_EDGE ( 'NONE', *, *, #1846, .F. ) ;
#7620 = AXIS2_PLACEMENT_3D ( 'NONE', #2290, #4770, #3944 ) ;
#7621 = CARTESIAN_POINT ( 'NONE',  ( -0.5999999999999999778, -0.6999999999999999556, 0.005000000000000000104 ) ) ;
#7622 =( GEOMETRIC_REPRESENTATION_CONTEXT ( 3 ) GLOBAL_UNCERTAINTY_ASSIGNED_CONTEXT ( ( #7415 ) ) GLOBAL_UNIT_ASSIGNED_CONTEXT ( ( #364, #9669, #5450 ) ) REPRESENTATION_CONTEXT ( 'NONE', 'WORKASPACE' ) );
#7623 = EDGE_CURVE ( 'NONE', #9176, #8511, #2970, .T. ) ;
#7624 = EDGE_LOOP ( 'NONE', ( #4743, #505, #7369, #7031 ) ) ;
#7625 = CARTESIAN_POINT ( 'NONE',  ( 0.5999999999999999778, 1.100000000000000089, 0.005000000000000000104 ) ) ;
#7626 = DIRECTION ( 'NONE',  ( 0.000000000000000000, -1.000000000000000000, 0.000000000000000000 ) ) ;
#7627 = ORIENTED_EDGE ( 'NONE', *, *, #9919, .F. ) ;
#7628 = VERTEX_POINT ( 'NONE', #7032 ) ;
#7629 = CARTESIAN_POINT ( 'NONE',  ( -0.1499999999999999944, -0.5999999999999999778, 0.5300000000000001377 ) ) ;
#7630 = AXIS2_PLACEMENT_3D ( 'NONE', #1677, #5103, #3227 ) ;
#7631 = DIRECTION ( 'NONE',  ( 1.000000000000000000, 0.000000000000000000, -0.000000000000000000 ) ) ;
#7632 = ORIENTED_EDGE ( 'NONE', *, *, #9154, .F. ) ;
#7633 = AXIS2_PLACEMENT_3D ( 'NONE', #331, #7090, #5253 ) ;
#7634 = PLANE ( 'NONE',  #7185 ) ;
#7635 = DIRECTION ( 'NONE',  ( -1.000000000000000000, -0.000000000000000000, -0.000000000000000000 ) ) ;
#7636 = CARTESIAN_POINT ( 'NONE',  ( -0.5999999999999999778, -1.600000000000000089, 0.000000000000000000 ) ) ;
#7637 = VERTEX_POINT ( 'NONE', #6186 ) ;
#7638 = LINE ( 'NONE', #934, #456 ) ;
#7639 = LINE ( 'NONE', #55, #8918 ) ;
#7640 = ORIENTED_EDGE ( 'NONE', *, *, #10882, .F. ) ;
#7641 = VECTOR ( 'NONE', #8090, 1000.000000000000000 ) ;
#7642 = UNCERTAINTY_MEASURE_WITH_UNIT (LENGTH_MEASURE( 1.000000000000000082E-05 ), #10384, 'distance_accuracy_value', 'NONE');
#7643 = LINE ( 'NONE', #880, #9947 ) ;
#7644 = CARTESIAN_POINT ( 'NONE',  ( -0.5999999999999998668, 1.399999999999999911, 0.01000000000000000021 ) ) ;
#7645 = CARTESIAN_POINT ( 'NONE',  ( 0.1499999999999999944, 1.499754031465950099, 0.01000000000000000021 ) ) ;
#7646 = VECTOR ( 'NONE', #2801, 1000.000000000000000 ) ;
#7647 = ORIENTED_EDGE ( 'NONE', *, *, #9888, .F. ) ;
#7648 = CARTESIAN_POINT ( 'NONE',  ( -0.5999999999999999778, -0.6971625444288770401, 0.5200000000000000178 ) ) ;
#7649 = EDGE_CURVE ( 'NONE', #1868, #9463, #6246, .T. ) ;
#7650 = CARTESIAN_POINT ( 'NONE',  ( 0.3002762822146827770, 1.499754031465949655, 0.000000000000000000 ) ) ;
#7651 = CARTESIAN_POINT ( 'NONE',  ( 0.1499999999999999944, -0.9000000000000001332, 0.7900000000000000355 ) ) ;
#7652 = VECTOR ( 'NONE', #452, 1000.000000000000000 ) ;
#7653 = DIRECTION ( 'NONE',  ( -0.000000000000000000, -1.000000000000000000, 0.000000000000000000 ) ) ;
#7654 = ORIENTED_EDGE ( 'NONE', *, *, #3469, .T. ) ;
#7655 = CARTESIAN_POINT ( 'NONE',  ( 0.5999999999999999778, -1.239999999999999991, 0.5300000000000001377 ) ) ;
#7656 = ORIENTED_EDGE ( 'NONE', *, *, #6520, .F. ) ;
#7657 = ADVANCED_FACE ( 'NONE', ( #7862 ), #379, .T. ) ;
#7658 = CARTESIAN_POINT ( 'NONE',  ( 0.5350000000000000311, -1.243863872159709949, 0.01000000000000000021 ) ) ;
#7659 = VECTOR ( 'NONE', #8425, 1000.000000000000000 ) ;
#7660 = DIRECTION ( 'NONE',  ( -0.000000000000000000, 0.000000000000000000, -1.000000000000000000 ) ) ;
#7661 = VECTOR ( 'NONE', #2254, 1000.000000000000000 ) ;
#7662 = EDGE_CURVE ( 'NONE', #9876, #1868, #2043, .T. ) ;
#7663 = ORIENTED_EDGE ( 'NONE', *, *, #11, .F. ) ;
#7664 = EDGE_CURVE ( 'NONE', #3853, #8234, #1159, .T. ) ;
#7665 = VECTOR ( 'NONE', #177, 1000.000000000000000 ) ;
#7666 = ORIENTED_EDGE ( 'NONE', *, *, #2276, .T. ) ;
#7667 = CARTESIAN_POINT ( 'NONE',  ( 0.5350000000000000311, 1.099999999999999867, 0.005000000000000000104 ) ) ;
#7668 = CARTESIAN_POINT ( 'NONE',  ( 0.5350000000000000311, -1.243863872159709949, 0.000000000000000000 ) ) ;
#7669 = CARTESIAN_POINT ( 'NONE',  ( 0.5350000000000000311, -0.6971625444288770401, 0.5300000000000001377 ) ) ;
#7670 = CARTESIAN_POINT ( 'NONE',  ( -0.2999999999999999889, -1.489999999999999991, 0.01000000000000000021 ) ) ;
#7671 = PLANE ( 'NONE',  #575 ) ;
#7672 = VECTOR ( 'NONE', #72, 1000.000000000000000 ) ;
#7673 = VECTOR ( 'NONE', #282, 1000.000000000000000 ) ;
#7674 = FACE_OUTER_BOUND ( 'NONE', #3191, .T. ) ;
#7675 = ORIENTED_EDGE ( 'NONE', *, *, #3079, .F. ) ;
#7676 = CARTESIAN_POINT ( 'NONE',  ( -0.1281588001357080175, 0.1718411998642919991, 0.5300000000000001377 ) ) ;
#7677 = EDGE_LOOP ( 'NONE', ( #5315, #8516, #8361, #8007 ) ) ;
#7678 = EDGE_CURVE ( 'NONE', #8736, #5387, #326, .T. ) ;
#7679 = PLANE ( 'NONE',  #3293 ) ;
#7680 = EDGE_LOOP ( 'NONE', ( #7820, #1753, #4014, #4552 ) ) ;
#7681 = ORIENTED_EDGE ( 'NONE', *, *, #8091, .T. ) ;
#7682 = EDGE_CURVE ( 'NONE', #10198, #1591, #10907, .T. ) ;
#7683 = EDGE_CURVE ( 'NONE', #256, #8120, #1593, .T. ) ;
#7684 = FACE_OUTER_BOUND ( 'NONE', #4763, .T. ) ;
#7685 = ORIENTED_EDGE ( 'NONE', *, *, #269, .T. ) ;
#7686 = CARTESIAN_POINT ( 'NONE',  ( -0.1499999999999999667, 1.489999999999999991, 0.000000000000000000 ) ) ;
#7687 = SURFACE_SIDE_STYLE ('',( #10242 ) ) ;
#7688 =( NAMED_UNIT ( * ) PLANE_ANGLE_UNIT ( ) SI_UNIT ( $, .RADIAN. ) );
#7689 = ORIENTED_EDGE ( 'NONE', *, *, #10398, .F. ) ;
#7690 = CARTESIAN_POINT ( 'NONE',  ( 0.5350000000000000311, 0.9000000000000001332, 0.01000000000000000021 ) ) ;
#7691 = CARTESIAN_POINT ( 'NONE',  ( 0.2999999999999999334, 1.500000000000000222, 0.7900000000000000355 ) ) ;
#7692 = ORIENTED_EDGE ( 'NONE', *, *, #9925, .T. ) ;
#7693 = STYLED_ITEM ( 'NONE', ( #2279 ), #10638 ) ;
#7694 = DIRECTION ( 'NONE',  ( -1.000000000000000000, 0.000000000000000000, -0.000000000000000000 ) ) ;
#7695 = EDGE_CURVE ( 'NONE', #8916, #3392, #7307, .T. ) ;
#7696 = FACE_OUTER_BOUND ( 'NONE', #60, .T. ) ;
#7697 = LINE ( 'NONE', #940, #866 ) ;
#7698 = ORIENTED_EDGE ( 'NONE', *, *, #8156, .F. ) ;
#7699 = DIRECTION ( 'NONE',  ( 0.000000000000000000, 0.000000000000000000, 1.000000000000000000 ) ) ;
#7700 = CARTESIAN_POINT ( 'NONE',  ( -0.2999999999999999334, -1.500000000000000222, 0.7900000000000000355 ) ) ;
#7701 = CARTESIAN_POINT ( 'NONE',  ( -0.2999999999999999334, 1.500000000000000000, 0.8000000000000000444 ) ) ;
#7702 = VECTOR ( 'NONE', #9196, 1000.000000000000000 ) ;
#7703 = CARTESIAN_POINT ( 'NONE',  ( 0.5350000000000000311, 1.243863872159709949, 0.000000000000000000 ) ) ;
#7704 = CARTESIAN_POINT ( 'NONE',  ( 0.2925934069883829869, 0.7500000000000000000, 0.01000000000000000021 ) ) ;
#7705 = ORIENTED_EDGE ( 'NONE', *, *, #9956, .T. ) ;
#7706 = CARTESIAN_POINT ( 'NONE',  ( -0.5999999999999999778, 0.7000000000000000666, 0.001000000000000000021 ) ) ;
#7707 = AXIS2_PLACEMENT_3D ( 'NONE', #4006, #9658, #6374 ) ;
#7708 = VERTEX_POINT ( 'NONE', #1485 ) ;
#7709 = LINE ( 'NONE', #7765, #943 ) ;
#7710 = VECTOR ( 'NONE', #3424, 1000.000000000000000 ) ;
#7711 = CARTESIAN_POINT ( 'NONE',  ( -0.2399563975748850164, -1.600000000000000089, 0.01000000000000000021 ) ) ;
#7712 = VECTOR ( 'NONE', #2286, 1000.000000000000000 ) ;
#7713 = VERTEX_POINT ( 'NONE', #538 ) ;
#7714 = AXIS2_PLACEMENT_3D ( 'NONE', #9210, #2347, #673 ) ;
#7715 = EDGE_CURVE ( 'NONE', #6112, #10034, #2428, .T. ) ;
#7716 = PLANE ( 'NONE',  #7085 ) ;
#7717 = PRODUCT_DEFINITION_SHAPE ( 'NONE', 'NONE',  #10977 ) ;
#7718 = LINE ( 'NONE', #2515, #10855 ) ;
#7719 = DIRECTION ( 'NONE',  ( 1.000000000000000000, 0.000000000000000000, 0.000000000000000000 ) ) ;
#7720 = CARTESIAN_POINT ( 'NONE',  ( 0.3925000000000000155, 0.9000000000000001332, 0.7900000000000000355 ) ) ;
#7721 = LINE ( 'NONE', #2622, #3046 ) ;
#7722 = EDGE_CURVE ( 'NONE', #231, #6966, #5742, .T. ) ;
#7723 = SURFACE_STYLE_FILL_AREA ( #181 ) ;
#7724 = EDGE_CURVE ( 'NONE', #1582, #4285, #6466, .T. ) ;
#7725 = DIRECTION ( 'NONE',  ( 1.000000000000000000, 6.776263578034399754E-16, 0.000000000000000000 ) ) ;
#7726 = VECTOR ( 'NONE', #1115, 1000.000000000000000 ) ;
#7727 = CARTESIAN_POINT ( 'NONE',  ( 0.5350000000000000311, 1.239999999999999991, 0.5300000000000001377 ) ) ;
#7728 = CARTESIAN_POINT ( 'NONE',  ( -0.2999999999999999889, 1.489999999999999991, 0.000000000000000000 ) ) ;
#7729 = EDGE_LOOP ( 'NONE', ( #2205, #3000, #1197, #6199 ) ) ;
#7730 = CARTESIAN_POINT ( 'NONE',  ( 0.5999999999999999778, -1.600000000000000089, 0.01000000000000000021 ) ) ;
#7731 = CARTESIAN_POINT ( 'NONE',  ( 0.5350000000000000311, 1.102908420521089949, 0.5300000000000001377 ) ) ;
#7732 = ORIENTED_CLOSED_SHELL ( 'NONE', *, #9105, .F. );
#7733 = EDGE_CURVE ( 'NONE', #10609, #335, #9186, .T. ) ;
#7734 = VERTEX_POINT ( 'NONE', #4960 ) ;
#7735 = AXIS2_PLACEMENT_3D ( 'NONE', #1670, #5041, #8426 ) ;
#7736 = DIRECTION ( 'NONE',  ( 1.000000000000000000, 0.000000000000000000, 0.000000000000000000 ) ) ;
#7737 = FILL_AREA_STYLE ('',( #1919 ) ) ;
#7738 = EDGE_LOOP ( 'NONE', ( #2304, #463, #3566, #10527 ) ) ;
#7739 = ORIENTED_EDGE ( 'NONE', *, *, #2733, .T. ) ;
#7740 = ADVANCED_FACE ( 'NONE', ( #5632 ), #9852, .F. ) ;
#7741 = VECTOR ( 'NONE', #704, 1000.000000000000000 ) ;
#7742 = ORIENTED_EDGE ( 'NONE', *, *, #7819, .F. ) ;
#7743 = LINE ( 'NONE', #930, #3339 ) ;
#7744 = DIRECTION ( 'NONE',  ( -1.000000000000000000, 0.000000000000000000, -0.000000000000000000 ) ) ;
#7745 = ADVANCED_FACE ( 'NONE', ( #3916, #2265 ), #649, .T. ) ;
#7746 = EDGE_LOOP ( 'NONE', ( #8681, #3932, #571, #2833 ) ) ;
#7747 =( NAMED_UNIT ( * ) SI_UNIT ( $, .STERADIAN. ) SOLID_ANGLE_UNIT ( ) );
#7748 = VERTEX_POINT ( 'NONE', #7365 ) ;
#7749 = UNCERTAINTY_MEASURE_WITH_UNIT (LENGTH_MEASURE( 1.000000000000000082E-05 ), #4790, 'distance_accuracy_value', 'NONE');
#7750 = LINE ( 'NONE', #5196, #7115 ) ;
#7751 = EDGE_CURVE ( 'NONE', #2684, #8916, #1425, .T. ) ;
#7752 = DIRECTION ( 'NONE',  ( 1.000000000000000000, 0.000000000000000000, -0.000000000000000000 ) ) ;
#7753 = CARTESIAN_POINT ( 'NONE',  ( -0.5999999999999999778, -0.6999999999999999556, 0.001000000000000000021 ) ) ;
#7754 = ORIENTED_EDGE ( 'NONE', *, *, #7662, .T. ) ;
#7755 = EDGE_CURVE ( 'NONE', #1714, #9624, #9962, .T. ) ;
#7756 = CARTESIAN_POINT ( 'NONE',  ( 0.5999999999999994227, 1.239999999999999991, 0.8000000000000000444 ) ) ;
#7757 = CARTESIAN_POINT ( 'NONE',  ( 0.5350000000000000311, -1.098928449973850086, 0.5300000000000001377 ) ) ;
#7758 = CARTESIAN_POINT ( 'NONE',  ( 0.3568411998642920246, 0.000000000000000000, 0.5200000000000000178 ) ) ;
#7759 = LINE ( 'NONE', #2707, #7673 ) ;
#7760 = VECTOR ( 'NONE', #8277, 1000.000000000000000 ) ;
#7761 = FACE_OUTER_BOUND ( 'NONE', #10911, .T. ) ;
#7762 = ORIENTED_EDGE ( 'NONE', *, *, #8085, .F. ) ;
#7763 = SURFACE_SIDE_STYLE ('',( #1728 ) ) ;
#7764 = VERTEX_POINT ( 'NONE', #10227 ) ;
#7765 = CARTESIAN_POINT ( 'NONE',  ( 0.1499999999999999667, -1.600000000000000089, 0.5300000000000001377 ) ) ;
#7766 = CARTESIAN_POINT ( 'NONE',  ( 0.2952229299363050563, -1.600000000000000089, 0.5300000000000001377 ) ) ;
#7767 = ORIENTED_EDGE ( 'NONE', *, *, #2535, .T. ) ;
#7768 = EDGE_CURVE ( 'NONE', #1484, #1642, #2626, .T. ) ;
#7769 = CARTESIAN_POINT ( 'NONE',  ( -0.1499999999999999944, -1.489999999999999991, 0.01000000000000000021 ) ) ;
#7770 = DIRECTION ( 'NONE',  ( 0.000000000000000000, 0.000000000000000000, -1.000000000000000000 ) ) ;
#7771 = DIRECTION ( 'NONE',  ( 1.000000000000000000, 0.000000000000000000, 0.000000000000000000 ) ) ;
#7772 = FACE_OUTER_BOUND ( 'NONE', #6424, .T. ) ;
#7773 = CARTESIAN_POINT ( 'NONE',  ( 0.3999999999999999667, -1.600000000000000089, 0.5300000000000001377 ) ) ;
#7774 = FILL_AREA_STYLE_COLOUR ( '', #10901 ) ;
#7775 = FILL_AREA_STYLE_COLOUR ( '', #3228 ) ;
#7776 = DIRECTION ( 'NONE',  ( 1.000000000000000000, 0.000000000000000000, 0.000000000000000000 ) ) ;
#7777 = EDGE_CURVE ( 'NONE', #3017, #4084, #1539, .T. ) ;
#7778 = CARTESIAN_POINT ( 'NONE',  ( -0.2999999999999999889, -1.489999999999999991, 0.000000000000000000 ) ) ;
#7779 = ORIENTED_EDGE ( 'NONE', *, *, #3584, .T. ) ;
#7780 = LINE ( 'NONE', #1139, #4780 ) ;
#7781 = EDGE_CURVE ( 'NONE', #2688, #100, #8185, .T. ) ;
#7782 = CARTESIAN_POINT ( 'NONE',  ( -0.2399999999999999911, -1.600000000000000089, 0.5200000000000000178 ) ) ;
#7783 = VECTOR ( 'NONE', #7471, 1000.000000000000000 ) ;
#7784 = ORIENTED_EDGE ( 'NONE', *, *, #5717, .F. ) ;
#7785 = DIRECTION ( 'NONE',  ( 0.000000000000000000, 0.000000000000000000, 1.000000000000000000 ) ) ;
#7786 = CARTESIAN_POINT ( 'NONE',  ( 0.4650000000000000244, -1.600000000000000089, 0.5200000000000000178 ) ) ;
#7787 = ORIENTED_EDGE ( 'NONE', *, *, #8062, .F. ) ;
#7788 = ORIENTED_EDGE ( 'NONE', *, *, #6217, .T. ) ;
#7789 = AXIS2_PLACEMENT_3D ( 'NONE', #4304, #2576, #9454 ) ;
#7790 = AXIS2_PLACEMENT_3D ( 'NONE', #9168, #5056, #4235 ) ;
#7791 = LINE ( 'NONE', #10339, #6361 ) ;
#7792 = EDGE_CURVE ( 'NONE', #8043, #8965, #595, .T. ) ;
#7793 = ORIENTED_EDGE ( 'NONE', *, *, #9113, .F. ) ;
#7794 = LINE ( 'NONE', #4468, #7646 ) ;
#7795 = CARTESIAN_POINT ( 'NONE',  ( -0.5999999999999999778, 1.600000000000000089, 0.01000000000000000021 ) ) ;
#7796 = VERTEX_POINT ( 'NONE', #2323 ) ;
#7797 = FACE_OUTER_BOUND ( 'NONE', #3015, .T. ) ;
#7798 = CARTESIAN_POINT ( 'NONE',  ( -0.5349999999999999201, -1.100000000000000089, 0.000000000000000000 ) ) ;
#7799 = VERTEX_POINT ( 'NONE', #5685 ) ;
#7800 = PLANE ( 'NONE',  #3402 ) ;
#7801 = STYLED_ITEM ( 'NONE', ( #6664 ), #8122 ) ;
#7802 = EDGE_CURVE ( 'NONE', #6812, #3869, #9077, .T. ) ;
#7803 = EDGE_CURVE ( 'NONE', #7949, #7796, #2375, .T. ) ;
#7804 = DIRECTION ( 'NONE',  ( 1.000000000000000000, 0.000000000000000000, -0.000000000000000000 ) ) ;
#7805 = PRODUCT_DEFINITION_SHAPE ( 'NONE', 'NONE',  #4614 ) ;
#7806 = PLANE ( 'NONE',  #3338 ) ;
#7807 = ORIENTED_EDGE ( 'NONE', *, *, #1418, .T. ) ;
#7808 = VECTOR ( 'NONE', #6218, 1000.000000000000000 ) ;
#7809 = LINE ( 'NONE', #1823, #10828 ) ;
#7810 = CARTESIAN_POINT ( 'NONE',  ( -0.5349999999999996980, -1.239999999999999991, 0.01000000000000000021 ) ) ;
#7811 = CARTESIAN_POINT ( 'NONE',  ( 0.07499999999999999722, -1.100000000000000089, 0.005000000000000000104 ) ) ;
#7812 = CARTESIAN_POINT ( 'NONE',  ( -0.2999999999999999334, -1.500000000000000000, 0.8000000000000000444 ) ) ;
#7813 = UNCERTAINTY_MEASURE_WITH_UNIT (LENGTH_MEASURE( 1.000000000000000082E-05 ), #6448, 'distance_accuracy_value', 'NONE');
#7814 = VECTOR ( 'NONE', #10590, 1000.000000000000000 ) ;
#7815 = EDGE_CURVE ( 'NONE', #642, #4084, #301, .T. ) ;
#7816 = SURFACE_STYLE_USAGE ( .BOTH. , #6256 ) ;
#7817 = ORIENTED_EDGE ( 'NONE', *, *, #1846, .T. ) ;
#7818 = CARTESIAN_POINT ( 'NONE',  ( -0.3999999999999999667, -1.600000000000000089, 0.01000000000000000021 ) ) ;
#7820 = ORIENTED_EDGE ( 'NONE', *, *, #2325, .F. ) ;
#7819 = EDGE_CURVE ( 'NONE', #10368, #8070, #1910, .T. ) ;
#7821 = AXIS2_PLACEMENT_3D ( 'NONE', #10637, #10524, #2925 ) ;
#7822 = LINE ( 'NONE', #1118, #5356 ) ;
#7823 = EDGE_CURVE ( 'NONE', #2438, #2808, #6952, .T. ) ;
#7824 = CARTESIAN_POINT ( 'NONE',  ( -0.2399999999999999911, -1.600000000000000089, 0.8000000000000000444 ) ) ;
#7825 = VECTOR ( 'NONE', #4478, 1000.000000000000000 ) ;
#7826 = VERTEX_POINT ( 'NONE', #2835 ) ;
#7827 = VECTOR ( 'NONE', #3104, 1000.000000000000000 ) ;
#7828 = EDGE_CURVE ( 'NONE', #1032, #6868, #9549, .T. ) ;
#7829 = LINE ( 'NONE', #4440, #6549 ) ;
#7830 = STYLED_ITEM ( 'NONE', ( #5521 ), #10023 ) ;
#7831 = DIRECTION ( 'NONE',  ( 0.000000000000000000, 0.000000000000000000, -1.000000000000000000 ) ) ;
#7832 = DIRECTION ( 'NONE',  ( 0.000000000000000000, 1.000000000000000000, 0.000000000000000000 ) ) ;
#7833 = LINE ( 'NONE', #7275, #972 ) ;
#7834 = CARTESIAN_POINT ( 'NONE',  ( 0.2399999999999999079, 1.600000000000000089, 0.8000000000000000444 ) ) ;
#7835 = ORIENTED_EDGE ( 'NONE', *, *, #6311, .F. ) ;
#7836 = VECTOR ( 'NONE', #8749, 1000.000000000000000 ) ;
#7837 = DIRECTION ( 'NONE',  ( -1.000000000000000000, 1.129377263005729923E-16, -0.000000000000000000 ) ) ;
#7838 = CARTESIAN_POINT ( 'NONE',  ( -0.1499999999999990230, -1.489999999999999991, 0.5300000000000001377 ) ) ;
#7839 = AXIS2_PLACEMENT_3D ( 'NONE', #7220, #9100, #2342 ) ;
#7840 = VERTEX_POINT ( 'NONE', #4506 ) ;
#7841 = CARTESIAN_POINT ( 'NONE',  ( -0.6000000000000000888, 1.100000000000000089, 0.005000000000000000104 ) ) ;
#7842 = COLOUR_RGB ( '',0.3921568627450980338, 0.5999999999999999778, 0.3921568627450980338 ) ;
#7843 = CARTESIAN_POINT ( 'NONE',  ( -0.5999999999999999778, 1.239999999999999991, 0.5200000000000000178 ) ) ;
#7844 = VECTOR ( 'NONE', #8648, 1000.000000000000000 ) ;
#7845 = VERTEX_POINT ( 'NONE', #6891 ) ;
#7846 = LINE ( 'NONE', #257, #3053 ) ;
#7847 = ORIENTED_EDGE ( 'NONE', *, *, #4544, .F. ) ;
#7848 = ORIENTED_EDGE ( 'NONE', *, *, #6577, .T. ) ;
#7849 = DIRECTION ( 'NONE',  ( 8.260587980841929905E-16, 1.000000000000000000, 0.000000000000000000 ) ) ;
#7850 = COLOUR_RGB ( '',0.8705882352941176627, 0.6313725490196078205, 0.1725490196078431349 ) ;
#7851 = AXIS2_PLACEMENT_3D ( 'NONE', #9984, #3718, #9667 ) ;
#7852 = VERTEX_POINT ( 'NONE', #10433 ) ;
#7853 = DIRECTION ( 'NONE',  ( 0.000000000000000000, -0.000000000000000000, 1.000000000000000000 ) ) ;
#7854 = ADVANCED_FACE ( 'NONE', ( #3663 ), #3505, .F. ) ;
#7855 = SURFACE_SIDE_STYLE ('',( #105 ) ) ;
#7856 = ORIENTED_EDGE ( 'NONE', *, *, #3207, .F. ) ;
#7857 = CARTESIAN_POINT ( 'NONE',  ( -0.3999931019927850384, 1.600000000000000089, 0.01000000000000000021 ) ) ;
#7858 = DIRECTION ( 'NONE',  ( -0.000000000000000000, 1.000000000000000000, 0.000000000000000000 ) ) ;
#7859 = ORIENTED_EDGE ( 'NONE', *, *, #5649, .T. ) ;
#7860 = EDGE_CURVE ( 'NONE', #8736, #3886, #967, .T. ) ;
#7861 = UNCERTAINTY_MEASURE_WITH_UNIT (LENGTH_MEASURE( 1.000000000000000082E-05 ), #3623, 'distance_accuracy_value', 'NONE');
#7862 = FACE_OUTER_BOUND ( 'NONE', #7218, .T. ) ;
#7863 = ADVANCED_FACE ( 'NONE', ( #7891 ), #7062, .F. ) ;
#7864 = LINE ( 'NONE', #6975, #3399 ) ;
#7865 = FACE_OUTER_BOUND ( 'NONE', #4293, .T. ) ;
#7866 = ORIENTED_EDGE ( 'NONE', *, *, #1898, .T. ) ;
#7867 = DIRECTION ( 'NONE',  ( -1.000000000000000000, -3.820976819332179938E-16, 0.000000000000000000 ) ) ;
#7868 = DIRECTION ( 'NONE',  ( -5.421010862427520198E-16, 1.000000000000000000, 0.000000000000000000 ) ) ;
#7869 = PLANE ( 'NONE',  #6856 ) ;
#7870 = CARTESIAN_POINT ( 'NONE',  ( 0.5350000000000000311, -1.098928449973850086, 0.5300000000000001377 ) ) ;
#7871 = DIRECTION ( 'NONE',  ( 0.000000000000000000, 0.000000000000000000, 1.000000000000000000 ) ) ;
#7872 = PRODUCT_DEFINITION_FORMATION_WITH_SPECIFIED_SOURCE ( 'ANY', '', #1698, .NOT_KNOWN. ) ;
#7873 = VERTEX_POINT ( 'NONE', #8666 ) ;
#7874 = VERTEX_POINT ( 'NONE', #6216 ) ;
#7875 = CARTESIAN_POINT ( 'NONE',  ( 0.4650000000000000244, 1.600000000000000089, 0.01000000000000000021 ) ) ;
#7876 = DIRECTION ( 'NONE',  ( 1.115864326998099833E-15, -1.000000000000000000, 0.000000000000000000 ) ) ;
#7877 = ORIENTED_EDGE ( 'NONE', *, *, #10138, .T. ) ;
#7878 = STYLED_ITEM ( 'NONE', ( #6196 ), #10550 ) ;
#7879 = CARTESIAN_POINT ( 'NONE',  ( 0.5999999999999999778, -1.399999999999999911, 0.7900000000000000355 ) ) ;
#7880 = CARTESIAN_POINT ( 'NONE',  ( 0.5999999999999999778, 1.489999999999999991, 0.5300000000000001377 ) ) ;
#7881 = VECTOR ( 'NONE', #859, 1000.000000000000000 ) ;
#7882 = VECTOR ( 'NONE', #1183, 1000.000000000000000 ) ;
#7883 = CARTESIAN_POINT ( 'NONE',  ( -0.5818411998642915028, 0.5818411998642917249, -1.084202172485504434E-16 ) ) ;
#7884 = PLANE ( 'NONE',  #5401 ) ;
#7885 = FACE_OUTER_BOUND ( 'NONE', #8617, .T. ) ;
#7886 = DIRECTION ( 'NONE',  ( 1.000000000000000000, 0.000000000000000000, -0.000000000000000000 ) ) ;
#7887 = ORIENTED_EDGE ( 'NONE', *, *, #1489, .F. ) ;
#7888 =( GEOMETRIC_REPRESENTATION_CONTEXT ( 3 ) GLOBAL_UNCERTAINTY_ASSIGNED_CONTEXT ( ( #5945 ) ) GLOBAL_UNIT_ASSIGNED_CONTEXT ( ( #10516, #1261, #9019 ) ) REPRESENTATION_CONTEXT ( 'NONE', 'WORKASPACE' ) );
#7889 = DIRECTION ( 'NONE',  ( 0.000000000000000000, -0.000000000000000000, 1.000000000000000000 ) ) ;
#7890 = AXIS2_PLACEMENT_3D ( 'NONE', #5712, #3273, #5771 ) ;
#7891 = FACE_OUTER_BOUND ( 'NONE', #2898, .T. ) ;
#7892 = FACE_OUTER_BOUND ( 'NONE', #8417, .T. ) ;
#7893 = ORIENTED_EDGE ( 'NONE', *, *, #8582, .T. ) ;
#7894 = DIRECTION ( 'NONE',  ( -1.000000000000000000, 0.000000000000000000, -0.000000000000000000 ) ) ;
#7895 = VECTOR ( 'NONE', #10072, 1000.000000000000000 ) ;
#7896 = CARTESIAN_POINT ( 'NONE',  ( -1.761828530288950030E-15, 3.388131789017199877E-16, 0.5200000000000000178 ) ) ;
#7897 = PRODUCT ( 'Download_STP_WL-SFRW-1205 (rev1)_1', 'Download_STP_WL-SFRW-1205 (rev1)_1', '', ( #8107 ) ) ;
#7898 = CARTESIAN_POINT ( 'NONE',  ( -0.07499999999999998335, 1.600000000000000089, 0.5300000000000001377 ) ) ;
#7899 = VERTEX_POINT ( 'NONE', #7938 ) ;
#7900 = VERTEX_POINT ( 'NONE', #7008 ) ;
#7901 = VERTEX_POINT ( 'NONE', #136 ) ;
#7902 = CARTESIAN_POINT ( 'NONE',  ( -0.07499999999999998335, -1.600000000000000089, 0.5200000000000000178 ) ) ;
#7903 = EDGE_LOOP ( 'NONE', ( #7467, #10150, #6341, #2615 ) ) ;
#7904 = PLANE ( 'NONE',  #9010 ) ;
#7905 = LINE ( 'NONE', #10450, #1909 ) ;
#7906 = FACE_OUTER_BOUND ( 'NONE', #7205, .T. ) ;
#7907 = ORIENTED_EDGE ( 'NONE', *, *, #3074, .T. ) ;
#7908 = DIRECTION ( 'NONE',  ( -0.000000000000000000, 0.000000000000000000, -1.000000000000000000 ) ) ;
#7909 = SURFACE_STYLE_USAGE ( .BOTH. , #7961 ) ;
#7910 = VERTEX_POINT ( 'NONE', #6162 ) ;
#7911 = DIRECTION ( 'NONE',  ( 1.000000000000000000, 0.000000000000000000, -0.000000000000000000 ) ) ;
#7912 = VECTOR ( 'NONE', #8647, 1000.000000000000000 ) ;
#7913 = DIRECTION ( 'NONE',  ( 0.000000000000000000, 0.000000000000000000, 1.000000000000000000 ) ) ;
#7914 = CARTESIAN_POINT ( 'NONE',  ( 0.1300000000000000044, 0.4299999999999999933, 0.001000000000000000021 ) ) ;
#7915 = ORIENTED_EDGE ( 'NONE', *, *, #1938, .T. ) ;
#7916 = EDGE_CURVE ( 'NONE', #9144, #6160, #9608, .T. ) ;
#7917 = CARTESIAN_POINT ( 'NONE',  ( 0.5999999999999974243, 1.239999999999999991, 0.5200000000000000178 ) ) ;
#7918 = CARTESIAN_POINT ( 'NONE',  ( 0.5350000000000000311, 0.9000000000000001332, 0.7900000000000000355 ) ) ;
#7919 = CARTESIAN_POINT ( 'NONE',  ( -0.5999999999999999778, 1.500000000000000222, 0.8000000000000000444 ) ) ;
#7920 = EDGE_CURVE ( 'NONE', #262, #5831, #1850, .T. ) ;
#7921 = ORIENTED_EDGE ( 'NONE', *, *, #8801, .F. ) ;
#7922 = FILL_AREA_STYLE ('',( #10471 ) ) ;
#7923 = ORIENTED_EDGE ( 'NONE', *, *, #5300, .F. ) ;
#7924 = ORIENTED_EDGE ( 'NONE', *, *, #4567, .T. ) ;
#7925 = LINE ( 'NONE', #2935, #9446 ) ;
#7926 = LINE ( 'NONE', #2614, #4976 ) ;
#7927 = ORIENTED_EDGE ( 'NONE', *, *, #3125, .F. ) ;
#7928 = PRODUCT_DEFINITION ( 'UNKNOWN', '', #3783, #947 ) ;
#7929 = VECTOR ( 'NONE', #3883, 1000.000000000000000 ) ;
#7930 = ADVANCED_FACE ( 'NONE', ( #3609 ), #6108, .T. ) ;
#7931 = CARTESIAN_POINT ( 'NONE',  ( 0.1499999999999990230, 0.7005555010695040385, 0.5200000000000000178 ) ) ;
#7932 = DIRECTION ( 'NONE',  ( 1.000000000000000000, -0.000000000000000000, 0.000000000000000000 ) ) ;
#7933 = CARTESIAN_POINT ( 'NONE',  ( 0.1499999999999999944, -1.500000000000000000, 0.7900000000000000355 ) ) ;
#7934 = LINE ( 'NONE', #3500, #630 ) ;
#7935 = FACE_OUTER_BOUND ( 'NONE', #9133, .T. ) ;
#7936 = ORIENTED_EDGE ( 'NONE', *, *, #2693, .T. ) ;
#7937 = LINE ( 'NONE', #1348, #3418 ) ;
#7938 = CARTESIAN_POINT ( 'NONE',  ( 0.5999999999999998668, -0.6971625444288770401, 0.5300000000000001377 ) ) ;
#7939 = CARTESIAN_POINT ( 'NONE',  ( 0.000000000000000000, 0.000000000000000000, 0.5200000000000000178 ) ) ;
#7940 = VERTEX_POINT ( 'NONE', #8561 ) ;
#7941 = FILL_AREA_STYLE_COLOUR ( '', #6730 ) ;
#7942 = FILL_AREA_STYLE_COLOUR ( '', #2743 ) ;
#7943 = VECTOR ( 'NONE', #3247, 1000.000000000000000 ) ;
#7944 = EDGE_CURVE ( 'NONE', #3381, #1383, #4451, .T. ) ;
#7945 = ADVANCED_FACE ( 'NONE', ( #5389 ), #10381, .F. ) ;
#7946 = APPLICATION_PROTOCOL_DEFINITION ( 'draft international standard', 'automotive_design', 1998, #6622 ) ;
#7947 =( NAMED_UNIT ( * ) PLANE_ANGLE_UNIT ( ) SI_UNIT ( $, .RADIAN. ) );
#7948 = ORIENTED_EDGE ( 'NONE', *, *, #4369, .T. ) ;
#7949 = VERTEX_POINT ( 'NONE', #1188 ) ;
#7950 = ADVANCED_FACE ( 'NONE', ( #10491 ), #4561, .T. ) ;
#7951 = EDGE_CURVE ( 'NONE', #1404, #9091, #6269, .T. ) ;
#7952 = ORIENTED_EDGE ( 'NONE', *, *, #8996, .F. ) ;
#7953 = CARTESIAN_POINT ( 'NONE',  ( 0.5350000000000000311, -0.6971625444288770401, 0.5200000000000000178 ) ) ;
#7954 = AXIS2_PLACEMENT_3D ( 'NONE', #6633, #9138, #9243 ) ;
#7955 = VERTEX_POINT ( 'NONE', #3892 ) ;
#7956 = EDGE_CURVE ( 'NONE', #4180, #1399, #2127, .T. ) ;
#7957 = FACE_OUTER_BOUND ( 'NONE', #9783, .T. ) ;
#7958 = CARTESIAN_POINT ( 'NONE',  ( -0.3002762822146829436, -1.499754031465950099, 0.01000000000000000021 ) ) ;
#7959 = CARTESIAN_POINT ( 'NONE',  ( -0.3002762822146829436, 1.499754031465950099, 0.000000000000000000 ) ) ;
#7960 = ORIENTED_EDGE ( 'NONE', *, *, #1048, .T. ) ;
#7961 = SURFACE_SIDE_STYLE ('',( #377 ) ) ;
#7962 = ORIENTED_EDGE ( 'NONE', *, *, #309, .F. ) ;
#7963 = VECTOR ( 'NONE', #3458, 1000.000000000000227 ) ;
#7964 = UNCERTAINTY_MEASURE_WITH_UNIT (LENGTH_MEASURE( 1.000000000000000082E-05 ), #2116, 'distance_accuracy_value', 'NONE');
#7965 = VECTOR ( 'NONE', #8618, 1000.000000000000000 ) ;
#7966 = FACE_OUTER_BOUND ( 'NONE', #330, .T. ) ;
#7967 = LINE ( 'NONE', #3918, #2164 ) ;
#7968 = LINE ( 'NONE', #1652, #6896 ) ;
#7969 = ORIENTED_EDGE ( 'NONE', *, *, #4247, .F. ) ;
#7970 = CARTESIAN_POINT ( 'NONE',  ( 0.2399999999999999911, -1.600000000000000089, 0.5300000000000001377 ) ) ;
#7971 = CARTESIAN_POINT ( 'NONE',  ( 0.2100000000000000200, -0.1799999999999999933, 0.001000000000000000021 ) ) ;
#7972 = LINE ( 'NONE', #446, #3420 ) ;
#7973 = VERTEX_POINT ( 'NONE', #3955 ) ;
#7974 = LINE ( 'NONE', #9643, #616 ) ;
#7975 = EDGE_LOOP ( 'NONE', ( #8065, #4888, #8512, #8752, #3776, #7788, #3532, #323 ) ) ;
#7976 = ORIENTED_EDGE ( 'NONE', *, *, #3799, .F. ) ;
#7977 = VECTOR ( 'NONE', #6571, 1000.000000000000000 ) ;
#7978 = DIRECTION ( 'NONE',  ( 0.000000000000000000, -1.000000000000000000, -0.000000000000000000 ) ) ;
#7979 = DIRECTION ( 'NONE',  ( 4.170008355713480109E-16, -1.000000000000000000, 0.000000000000000000 ) ) ;
#7980 = PLANE ( 'NONE',  #10548 ) ;
#7981 = VERTEX_POINT ( 'NONE', #7280 ) ;
#7982 = VECTOR ( 'NONE', #1500, 1000.000000000000000 ) ;
#7983 = DIRECTION ( 'NONE',  ( 0.000000000000000000, 0.000000000000000000, 1.000000000000000000 ) ) ;
#7985 = VECTOR ( 'NONE', #4877, 1000.000000000000000 ) ;
#7984 = LINE ( 'NONE', #4609, #3106 ) ;
#7986 = PRESENTATION_STYLE_ASSIGNMENT (( #1905 ) ) ;
#7987 = ADVANCED_FACE ( 'NONE', ( #8220 ), #7171, .F. ) ;
#7988 = DIRECTION ( 'NONE',  ( 1.000000000000000000, 4.521709153412800046E-16, 0.000000000000000000 ) ) ;
#7989 = VERTEX_POINT ( 'NONE', #6330 ) ;
#7990 = DIRECTION ( 'NONE',  ( -0.000000000000000000, 0.000000000000000000, -1.000000000000000000 ) ) ;
#7991 = VECTOR ( 'NONE', #3133, 1000.000000000000114 ) ;
#7992 = EDGE_CURVE ( 'NONE', #7398, #2643, #9054, .T. ) ;
#7993 = LINE ( 'NONE', #4839, #2842 ) ;
#7994 = ADVANCED_FACE ( 'NONE', ( #9664 ), #2186, .T. ) ;
#7995 = MECHANICAL_DESIGN_GEOMETRIC_PRESENTATION_REPRESENTATION (  '', ( #4985 ), #4129 ) ;
#7996 = VECTOR ( 'NONE', #9016, 1000.000000000000000 ) ;
#7997 = ORIENTED_EDGE ( 'NONE', *, *, #10736, .T. ) ;
#7998 = CARTESIAN_POINT ( 'NONE',  ( 0.1499999999999999667, 0.9000000000000001332, 0.8000000000000000444 ) ) ;
#7999 = DIRECTION ( 'NONE',  ( -1.000000000000000000, 0.000000000000000000, -0.000000000000000000 ) ) ;
#8000 = VECTOR ( 'NONE', #4191, 1000.000000000000000 ) ;
#8001 = CARTESIAN_POINT ( 'NONE',  ( -0.5961306949927850374, 1.600000000000000089, 0.01000000000000000021 ) ) ;
#8002 = CARTESIAN_POINT ( 'NONE',  ( -1.761828530288950030E-15, 3.388131789017199877E-16, 0.5200000000000000178 ) ) ;
#8003 = CARTESIAN_POINT ( 'NONE',  ( -0.5999999999999999778, 1.600000000000000089, 0.000000000000000000 ) ) ;
#8004 = VERTEX_POINT ( 'NONE', #9880 ) ;
#8005 = ORIENTED_EDGE ( 'NONE', *, *, #1160, .F. ) ;
#8006 = AXIS2_PLACEMENT_3D ( 'NONE', #9659, #4610, #5268 ) ;
#8007 = ORIENTED_EDGE ( 'NONE', *, *, #10300, .F. ) ;
#8008 = DIRECTION ( 'NONE',  ( 0.000000000000000000, -1.000000000000000000, -0.000000000000000000 ) ) ;
#8009 = ORIENTED_EDGE ( 'NONE', *, *, #6462, .T. ) ;
#8010 = COLOUR_RGB ( '',0.3921568627450980338, 0.5999999999999999778, 0.3921568627450980338 ) ;
#8011 = LINE ( 'NONE', #429, #6681 ) ;
#8012 = DIRECTION ( 'NONE',  ( -1.000000000000000000, 4.365477497387350117E-16, 0.000000000000000000 ) ) ;
#8013 = VERTEX_POINT ( 'NONE', #9828 ) ;
#8014 = EDGE_CURVE ( 'NONE', #9936, #10386, #7993, .T. ) ;
#8015 =( LENGTH_UNIT ( ) NAMED_UNIT ( * ) SI_UNIT ( .MILLI., .METRE. ) );
#8016 = VECTOR ( 'NONE', #3875, 1000.000000000000000 ) ;
#8017 = ORIENTED_EDGE ( 'NONE', *, *, #6236, .F. ) ;
#8018 = LINE ( 'NONE', #2097, #7472 ) ;
#8019 = DIRECTION ( 'NONE',  ( -1.000000000000000000, -3.820976819332179938E-16, 0.000000000000000000 ) ) ;
#8020 = ORIENTED_EDGE ( 'NONE', *, *, #1034, .F. ) ;
#8021 = LINE ( 'NONE', #442, #9237 ) ;
#8022 = AXIS2_PLACEMENT_3D ( 'NONE', #10518, #9630, #2040 ) ;
#8023 = SURFACE_SIDE_STYLE ('',( #5365 ) ) ;
#8024 =( NAMED_UNIT ( * ) PLANE_ANGLE_UNIT ( ) SI_UNIT ( $, .RADIAN. ) );
#8025 = LINE ( 'NONE', #2980, #8560 ) ;
#8026 = VERTEX_POINT ( 'NONE', #411 ) ;
#8027 = CARTESIAN_POINT ( 'NONE',  ( -0.5999999999999999778, -0.6971625444288770401, 0.5200000000000000178 ) ) ;
#8028 = EDGE_LOOP ( 'NONE', ( #4412, #6063, #6608, #1384 ) ) ;
#8029 = ORIENTED_EDGE ( 'NONE', *, *, #4816, .T. ) ;
#8030 = EDGE_CURVE ( 'NONE', #8160, #4213, #5496, .T. ) ;
#8031 = DIRECTION ( 'NONE',  ( 0.000000000000000000, 1.000000000000000000, 0.000000000000000000 ) ) ;
#8032 = SURFACE_STYLE_USAGE ( .BOTH. , #6367 ) ;
#8033 = DIRECTION ( 'NONE',  ( -9.293161478447170157E-16, 1.000000000000000000, 0.000000000000000000 ) ) ;
#8034 = EDGE_LOOP ( 'NONE', ( #7568, #3223, #6989, #7553 ) ) ;
#8035 = CARTESIAN_POINT ( 'NONE',  ( -0.5999999999999999778, 1.399999999999999911, 0.5300000000000001377 ) ) ;
#8036 = PRODUCT_DEFINITION_FORMATION_WITH_SPECIFIED_SOURCE ( 'ANY', '', #9577, .NOT_KNOWN. ) ;
#8037 = DIRECTION ( 'NONE',  ( 1.000000000000000000, 0.000000000000000000, -0.000000000000000000 ) ) ;
#8038 = CARTESIAN_POINT ( 'NONE',  ( 0.2999999999999999889, 1.300000000000000266, 0.01000000000000000021 ) ) ;
#8039 = LINE ( 'NONE', #461, #4519 ) ;
#8040 = LINE ( 'NONE', #3829, #2913 ) ;
#8041 = EDGE_LOOP ( 'NONE', ( #2770, #7482, #8603, #4896 ) ) ;
#8042 = DIRECTION ( 'NONE',  ( 1.039645595939859972E-15, -1.000000000000000000, 0.000000000000000000 ) ) ;
#8043 = VERTEX_POINT ( 'NONE', #10720 ) ;
#8044 = CARTESIAN_POINT ( 'NONE',  ( -0.5350000000000000311, 0.9000000000000001332, 0.7900000000000000355 ) ) ;
#8045 = AXIS2_PLACEMENT_3D ( 'NONE', #8592, #10528, #2817 ) ;
#8046 = VECTOR ( 'NONE', #10184, 1000.000000000000000 ) ;
#8047 = CIRCLE ( 'NONE', #3278, 0.1999999999999999833 ) ;
#8048 = VERTEX_POINT ( 'NONE', #2948 ) ;
#8049 = CARTESIAN_POINT ( 'NONE',  ( 0.5961306949927850374, -1.600000000000000089, 0.000000000000000000 ) ) ;
#8050 = VECTOR ( 'NONE', #8082, 1000.000000000000000 ) ;
#8051 = EDGE_CURVE ( 'NONE', #3647, #2643, #6380, .T. ) ;
#8052 = CARTESIAN_POINT ( 'NONE',  ( 0.2999999999999999334, -1.489999999999999991, 0.000000000000000000 ) ) ;
#8053 = DIRECTION ( 'NONE',  ( 1.000000000000000000, 0.000000000000000000, 0.000000000000000000 ) ) ;
#8054 = DIRECTION ( 'NONE',  ( 0.000000000000000000, -0.000000000000000000, 1.000000000000000000 ) ) ;
#8055 = ORIENTED_EDGE ( 'NONE', *, *, #2616, .T. ) ;
#8056 = ORIENTED_EDGE ( 'NONE', *, *, #4742, .F. ) ;
#8057 =( GEOMETRIC_REPRESENTATION_CONTEXT ( 3 ) GLOBAL_UNCERTAINTY_ASSIGNED_CONTEXT ( ( #1318 ) ) GLOBAL_UNIT_ASSIGNED_CONTEXT ( ( #634, #4019, #9061 ) ) REPRESENTATION_CONTEXT ( 'NONE', 'WORKASPACE' ) );
#8058 = EDGE_LOOP ( 'NONE', ( #9106, #8344, #9037, #10897 ) ) ;
#8059 = DIRECTION ( 'NONE',  ( -1.000000000000000000, 0.000000000000000000, 0.000000000000000000 ) ) ;
#8060 = PRODUCT_DEFINITION ( 'UNKNOWN', '', #7872, #3272 ) ;
#8061 = VERTEX_POINT ( 'NONE', #626 ) ;
#8062 = EDGE_CURVE ( 'NONE', #6067, #6365, #5559, .T. ) ;
#8063 = PRESENTATION_LAYER_ASSIGNMENT (  '', '', ( #8073 ) ) ;
#8064 = LINE ( 'NONE', #3850, #6219 ) ;
#8065 = ORIENTED_EDGE ( 'NONE', *, *, #8330, .T. ) ;
#8066 =( LENGTH_UNIT ( ) NAMED_UNIT ( * ) SI_UNIT ( .MILLI., .METRE. ) );
#8067 = EDGE_CURVE ( 'NONE', #3070, #7973, #1349, .T. ) ;
#8068 = CARTESIAN_POINT ( 'NONE',  ( 0.3925934069883830202, 0.7500000000000000000, 0.01000000000000000021 ) ) ;
#8069 = DIRECTION ( 'NONE',  ( 1.000000000000000000, 0.000000000000000000, -0.000000000000000000 ) ) ;
#8070 = VERTEX_POINT ( 'NONE', #8824 ) ;
#8071 = VERTEX_POINT ( 'NONE', #9716 ) ;
#8072 = CARTESIAN_POINT ( 'NONE',  ( 0.1499999999999999944, -1.489999999999999991, 0.01000000000000000021 ) ) ;
#8073 = STYLED_ITEM ( 'NONE', ( #4955 ), #6321 ) ;
#8074 = DIRECTION ( 'NONE',  ( 1.000000000000000000, 0.000000000000000000, 0.000000000000000000 ) ) ;
#8075 = ORIENTED_EDGE ( 'NONE', *, *, #4564, .T. ) ;
#8076 = LINE ( 'NONE', #7312, #1089 ) ;
#8077 = ADVANCED_FACE ( 'NONE', ( #2301 ), #4730, .T. ) ;
#8078 = CARTESIAN_POINT ( 'NONE',  ( 0.5999999999999999778, -1.399999999999999911, 0.5300000000000001377 ) ) ;
#8079 = FACE_OUTER_BOUND ( 'NONE', #10052, .T. ) ;
#8080 = DIRECTION ( 'NONE',  ( -9.293161478447170157E-16, 1.000000000000000000, 0.000000000000000000 ) ) ;
#8081 = ORIENTED_EDGE ( 'NONE', *, *, #6095, .T. ) ;
#8082 = DIRECTION ( 'NONE',  ( -1.000000000000000000, 0.000000000000000000, -0.000000000000000000 ) ) ;
#8083 = ORIENTED_EDGE ( 'NONE', *, *, #10559, .F. ) ;
#8084 = ORIENTED_EDGE ( 'NONE', *, *, #5649, .F. ) ;
#8085 = EDGE_CURVE ( 'NONE', #5050, #40, #4061, .T. ) ;
#8086 = VECTOR ( 'NONE', #10095, 1000.000000000000000 ) ;
#8087 = EDGE_CURVE ( 'NONE', #4602, #5288, #8321, .T. ) ;
#8088 = DIRECTION ( 'NONE',  ( 0.000000000000000000, 0.000000000000000000, 1.000000000000000000 ) ) ;
#8089 = EDGE_CURVE ( 'NONE', #8580, #3005, #9165, .T. ) ;
#8090 = DIRECTION ( 'NONE',  ( 0.000000000000000000, 0.000000000000000000, -1.000000000000000000 ) ) ;
#8091 = EDGE_CURVE ( 'NONE', #10452, #7910, #5887, .T. ) ;
#8092 = DIRECTION ( 'NONE',  ( -1.000000000000000000, -0.000000000000000000, 0.000000000000000000 ) ) ;
#8093 = VERTEX_POINT ( 'NONE', #2509 ) ;
#8094 = CARTESIAN_POINT ( 'NONE',  ( 0.2399563975748849887, -1.600000000000000089, 0.01000000000000000021 ) ) ;
#8095 = CARTESIAN_POINT ( 'NONE',  ( 0.5999999999999999778, -1.100000000000000089, 0.001000000000000000021 ) ) ;
#8096 = LINE ( 'NONE', #2942, #7188 ) ;
#8097 = CARTESIAN_POINT ( 'NONE',  ( 0.3568411998642920246, -0.1818411998642920357, 0.5200000000000000178 ) ) ;
#8098 = DIRECTION ( 'NONE',  ( -0.000000000000000000, 0.000000000000000000, -1.000000000000000000 ) ) ;
#8099 = EDGE_LOOP ( 'NONE', ( #2712, #1932, #1212, #7343 ) ) ;
#8100 = CARTESIAN_POINT ( 'NONE',  ( -0.2952229299363060000, -0.6400000000000000133, 0.01000000000000000021 ) ) ;
#8101 = VERTEX_POINT ( 'NONE', #2403 ) ;
#8102 = LINE ( 'NONE', #2077, #1121 ) ;
#8103 =( NAMED_UNIT ( * ) PLANE_ANGLE_UNIT ( ) SI_UNIT ( $, .RADIAN. ) );
#8104 = SHAPE_REPRESENTATION ( 'Pins_top_6', ( #2231 ), #3998 ) ;
#8105 = ORIENTED_EDGE ( 'NONE', *, *, #3006, .F. ) ;
#8106 = CARTESIAN_POINT ( 'NONE',  ( 0.5999999999999999778, 1.403900576585290105, 0.01000000000000000021 ) ) ;
#8107 = PRODUCT_CONTEXT ( 'NONE', #10957, 'mechanical' ) ;
#8108 = APPLICATION_CONTEXT ( 'automotive_design' ) ;
#8109 =( NAMED_UNIT ( * ) SI_UNIT ( $, .STERADIAN. ) SOLID_ANGLE_UNIT ( ) );
#8110 = ORIENTED_EDGE ( 'NONE', *, *, #9785, .F. ) ;
#8111 = EDGE_CURVE ( 'NONE', #8927, #10722, #10826, .T. ) ;
#8112 = VECTOR ( 'NONE', #2694, 1000.000000000000000 ) ;
#8113 = ADVANCED_FACE ( 'NONE', ( #7503 ), #9214, .F. ) ;
#8114 = LINE ( 'NONE', #10446, #878 ) ;
#8115 = ORIENTED_EDGE ( 'NONE', *, *, #7623, .F. ) ;
#8116 = DIRECTION ( 'NONE',  ( -1.000000000000000000, 1.194055256041299883E-16, 0.000000000000000000 ) ) ;
#8117 = PLANE ( 'NONE',  #459 ) ;
#8118 = ORIENTED_EDGE ( 'NONE', *, *, #7353, .T. ) ;
#8119 = CARTESIAN_POINT ( 'NONE',  ( -0.2999999999999999889, 1.489999999999999991, 0.5300000000000001377 ) ) ;
#8120 = VERTEX_POINT ( 'NONE', #3281 ) ;
#8121 = ORIENTED_EDGE ( 'NONE', *, *, #9649, .F. ) ;
#8122 = ADVANCED_FACE ( 'NONE', ( #4937 ), #17, .T. ) ;
#8123 = DIRECTION ( 'NONE',  ( -0.000000000000000000, 0.000000000000000000, -1.000000000000000000 ) ) ;
#8124 = EDGE_CURVE ( 'NONE', #8352, #6402, #10166, .T. ) ;
#8125 = CARTESIAN_POINT ( 'NONE',  ( 0.3568411998642920246, -0.1818411998642920357, 0.5300000000000001377 ) ) ;
#8126 =( NAMED_UNIT ( * ) SI_UNIT ( $, .STERADIAN. ) SOLID_ANGLE_UNIT ( ) );
#8127 = ORIENTED_EDGE ( 'NONE', *, *, #9323, .T. ) ;
#8128 = CARTESIAN_POINT ( 'NONE',  ( -0.1499999999999999944, 0.000000000000000000, 0.005000000000000000104 ) ) ;
#8129 = CARTESIAN_POINT ( 'NONE',  ( 0.5350000000000000311, 1.239999999999999991, 0.5300000000000001377 ) ) ;
#8130 = DIRECTION ( 'NONE',  ( -0.000000000000000000, 1.000000000000000000, 0.000000000000000000 ) ) ;
#8131 = ORIENTED_EDGE ( 'NONE', *, *, #6280, .F. ) ;
#8132 = VECTOR ( 'NONE', #597, 1000.000000000000000 ) ;
#8133 = FACE_OUTER_BOUND ( 'NONE', #5889, .T. ) ;
#8134 = AXIS2_PLACEMENT_3D ( 'NONE', #523, #3896, #8886 ) ;
#8135 = ORIENTED_EDGE ( 'NONE', *, *, #6111, .T. ) ;
#8136 = VERTEX_POINT ( 'NONE', #4114 ) ;
#8137 = EDGE_CURVE ( 'NONE', #7899, #9195, #2456, .T. ) ;
#8138 = EDGE_CURVE ( 'NONE', #2525, #7873, #4892, .T. ) ;
#8139 = DIRECTION ( 'NONE',  ( -1.000000000000000000, -0.000000000000000000, 0.000000000000000000 ) ) ;
#8140 =( LENGTH_UNIT ( ) NAMED_UNIT ( * ) SI_UNIT ( .MILLI., .METRE. ) );
#8141 = CARTESIAN_POINT ( 'NONE',  ( -0.5961306949927850374, -1.600000000000000089, 0.000000000000000000 ) ) ;
#8142 = ORIENTED_EDGE ( 'NONE', *, *, #4938, .T. ) ;
#8143 = LINE ( 'NONE', #10761, #7808 ) ;
#8144 = VECTOR ( 'NONE', #9654, 1000.000000000000000 ) ;
#8145 = EDGE_CURVE ( 'NONE', #6921, #100, #5936, .T. ) ;
#8146 = CARTESIAN_POINT ( 'NONE',  ( 0.000000000000000000, -0.5999999999999999778, 0.5200000000000000178 ) ) ;
#8147 = DIRECTION ( 'NONE',  ( 1.000000000000000000, 0.000000000000000000, 0.000000000000000000 ) ) ;
#8148 = DIRECTION ( 'NONE',  ( -0.000000000000000000, 1.000000000000000000, 0.000000000000000000 ) ) ;
#8149 = VECTOR ( 'NONE', #474, 1000.000000000000000 ) ;
#8150 = ADVANCED_FACE ( 'NONE', ( #9335 ), #9938, .T. ) ;
#8151 = CARTESIAN_POINT ( 'NONE',  ( 0.000000000000000000, -0.6999999999999999556, 0.001000000000000000021 ) ) ;
#8152 = PLANE ( 'NONE',  #2408 ) ;
#8153 = DIRECTION ( 'NONE',  ( -0.000000000000000000, -0.000000000000000000, 1.000000000000000000 ) ) ;
#8154 = ORIENTED_EDGE ( 'NONE', *, *, #10389, .T. ) ;
#8155 = CARTESIAN_POINT ( 'NONE',  ( 0.1499999999999999944, 1.100000000000000089, 0.001000000000000000238 ) ) ;
#8157 = ORIENTED_EDGE ( 'NONE', *, *, #1908, .T. ) ;
#8156 = EDGE_CURVE ( 'NONE', #7734, #4767, #6935, .T. ) ;
#8158 = EDGE_CURVE ( 'NONE', #2663, #1947, #9594, .T. ) ;
#8159 = CARTESIAN_POINT ( 'NONE',  ( 0.5999999999999999778, 0.6999999999999999556, 0.001000000000000000021 ) ) ;
#8160 = VERTEX_POINT ( 'NONE', #3445 ) ;
#8161 = AXIS2_PLACEMENT_3D ( 'NONE', #897, #8379, #1566 ) ;
#8162 = EDGE_CURVE ( 'NONE', #4909, #2639, #4493, .T. ) ;
#8163 = VECTOR ( 'NONE', #2444, 1000.000000000000000 ) ;
#8164 = ORIENTED_EDGE ( 'NONE', *, *, #5459, .F. ) ;
#8165 = DIRECTION ( 'NONE',  ( -0.000000000000000000, 1.000000000000000000, 0.000000000000000000 ) ) ;
#8166 = CARTESIAN_POINT ( 'NONE',  ( -0.5999999999999999778, -0.9000000000000001332, 0.8000000000000000444 ) ) ;
#8167 = VECTOR ( 'NONE', #5760, 1000.000000000000000 ) ;
#8168 = FACE_OUTER_BOUND ( 'NONE', #4490, .T. ) ;
#8169 = CARTESIAN_POINT ( 'NONE',  ( 0.5999999999999999778, -0.6999999999999999556, 0.005000000000000000104 ) ) ;
#8170 = VECTOR ( 'NONE', #2103, 1000.000000000000000 ) ;
#8171 = ADVANCED_FACE ( 'NONE', ( #8544 ), #4436, .T. ) ;
#8172 = AXIS2_PLACEMENT_3D ( 'NONE', #1533, #3019, #8116 ) ;
#8173 = PRESENTATION_LAYER_ASSIGNMENT (  '', '', ( #3216 ) ) ;
#8174 = ORIENTED_EDGE ( 'NONE', *, *, #4400, .F. ) ;
#8175 = AXIS2_PLACEMENT_3D ( 'NONE', #2758, #4377, #5299 ) ;
#8176 = DIRECTION ( 'NONE',  ( -0.000000000000000000, 0.000000000000000000, 1.000000000000000000 ) ) ;
#8177 = VECTOR ( 'NONE', #3659, 1000.000000000000000 ) ;
#8178 = ORIENTED_EDGE ( 'NONE', *, *, #8218, .T. ) ;
#8179 =( NAMED_UNIT ( * ) PLANE_ANGLE_UNIT ( ) SI_UNIT ( $, .RADIAN. ) );
#8180 = DIRECTION ( 'NONE',  ( 0.000000000000000000, -0.000000000000000000, -1.000000000000000000 ) ) ;
#8181 = PRESENTATION_STYLE_ASSIGNMENT (( #1420 ) ) ;
#8182 = ORIENTED_EDGE ( 'NONE', *, *, #8507, .T. ) ;
#8183 = VERTEX_POINT ( 'NONE', #6830 ) ;
#8184 = AXIS2_PLACEMENT_3D ( 'NONE', #834, #8479, #6027 ) ;
#8185 = LINE ( 'NONE', #7468, #7977 ) ;
#8186 = VECTOR ( 'NONE', #9617, 1000.000000000000000 ) ;
#8187 = FACE_OUTER_BOUND ( 'NONE', #2726, .T. ) ;
#8188 = LINE ( 'NONE', #4805, #8132 ) ;
#8189 = VECTOR ( 'NONE', #4771, 1000.000000000000000 ) ;
#8190 = ORIENTED_EDGE ( 'NONE', *, *, #107, .T. ) ;
#8191 = CARTESIAN_POINT ( 'NONE',  ( 0.07499999999999999722, -1.100000000000000089, 0.005000000000000000104 ) ) ;
#8192 = EDGE_CURVE ( 'NONE', #6587, #9517, #6991, .T. ) ;
#8193 = FACE_OUTER_BOUND ( 'NONE', #3737, .T. ) ;
#8194 = DIRECTION ( 'NONE',  ( -2.702326263580719971E-16, -1.000000000000000000, 0.000000000000000000 ) ) ;
#8195 = LINE ( 'NONE', #2163, #589 ) ;
#8196 = VECTOR ( 'NONE', #5557, 1000.000000000000000 ) ;
#8197 = EDGE_CURVE ( 'NONE', #5085, #5458, #6564, .T. ) ;
#8198 = ORIENTED_EDGE ( 'NONE', *, *, #3644, .F. ) ;
#8199 = LINE ( 'NONE', #9034, #8228 ) ;
#8200 = EDGE_CURVE ( 'NONE', #8231, #3512, #9381, .T. ) ;
#8201 = VERTEX_POINT ( 'NONE', #8759 ) ;
#8202 = ORIENTED_EDGE ( 'NONE', *, *, #9174, .T. ) ;
#8203 = VECTOR ( 'NONE', #1658, 1000.000000000000000 ) ;
#8204 = CARTESIAN_POINT ( 'NONE',  ( 0.000000000000000000, 0.5999999999999999778, 0.5200000000000000178 ) ) ;
#8205 = SURFACE_STYLE_USAGE ( .BOTH. , #1716 ) ;
#8206 = FILL_AREA_STYLE_COLOUR ( '', #2417 ) ;
#8207 = ORIENTED_EDGE ( 'NONE', *, *, #816, .F. ) ;
#8208 = LINE ( 'NONE', #5391, #554 ) ;
#8209 = CARTESIAN_POINT ( 'NONE',  ( 0.2924999999999999822, 0.7499999999999994449, 0.8000000000000000444 ) ) ;
#8210 = DIRECTION ( 'NONE',  ( -1.000000000000000000, -0.000000000000000000, 0.000000000000000000 ) ) ;
#8211 = LINE ( 'NONE', #619, #1740 ) ;
#8212 = CARTESIAN_POINT ( 'NONE',  ( 0.5961306949927850374, 1.600000000000000089, 0.000000000000000000 ) ) ;
#8213 = DIRECTION ( 'NONE',  ( 1.000000000000000000, -7.608436298143890073E-16, 0.000000000000000000 ) ) ;
#8214 = VECTOR ( 'NONE', #3632, 1000.000000000000000 ) ;
#8215 = ORIENTED_EDGE ( 'NONE', *, *, #6318, .F. ) ;
#8216 = CARTESIAN_POINT ( 'NONE',  ( 0.5999999999999999778, -1.489999999999999991, 0.5300000000000001377 ) ) ;
#8217 = EDGE_LOOP ( 'NONE', ( #5734, #7338, #4672, #10924 ) ) ;
#8218 = EDGE_CURVE ( 'NONE', #9463, #256, #9435, .T. ) ;
#8219 = DIRECTION ( 'NONE',  ( -1.084202172485500095E-15, 1.000000000000000000, -0.000000000000000000 ) ) ;
#8220 = FACE_OUTER_BOUND ( 'NONE', #5428, .T. ) ;
#8221 = EDGE_LOOP ( 'NONE', ( #5135, #5121, #1915, #5598 ) ) ;
#8222 = STYLED_ITEM ( 'NONE', ( #320 ), #1085 ) ;
#8223 = ORIENTED_EDGE ( 'NONE', *, *, #4703, .F. ) ;
#8224 = DIRECTION ( 'NONE',  ( 1.000000000000000000, 0.000000000000000000, -0.000000000000000000 ) ) ;
#8225 = DIRECTION ( 'NONE',  ( 0.000000000000000000, -0.000000000000000000, 1.000000000000000000 ) ) ;
#8226 = CARTESIAN_POINT ( 'NONE',  ( 0.000000000000000000, 0.000000000000000000, 0.000000000000000000 ) ) ;
#8227 = PRODUCT_CONTEXT ( 'NONE', #2459, 'mechanical' ) ;
#8228 = VECTOR ( 'NONE', #1382, 1000.000000000000000 ) ;
#8229 = SURFACE_SIDE_STYLE ('',( #2196 ) ) ;
#8230 = CARTESIAN_POINT ( 'NONE',  ( -0.1281588001357080175, 0.000000000000000000, 0.5200000000000000178 ) ) ;
#8231 = VERTEX_POINT ( 'NONE', #1837 ) ;
#8232 = AXIS2_PLACEMENT_3D ( 'NONE', #9914, #1276, #5592 ) ;
#8233 = CARTESIAN_POINT ( 'NONE',  ( 0.5999999999999999778, -1.239999999999999769, 0.01000000000000000021 ) ) ;
#8234 = VERTEX_POINT ( 'NONE', #2775 ) ;
#8235 = VECTOR ( 'NONE', #1736, 1000.000000000000000 ) ;
#8236 = LINE ( 'NONE', #1482, #10420 ) ;
#8237 = CARTESIAN_POINT ( 'NONE',  ( 0.07499999999999999722, 1.100000000000000089, 0.005000000000000000104 ) ) ;
#8238 = ORIENTED_EDGE ( 'NONE', *, *, #8895, .F. ) ;
#8239 = ORIENTED_EDGE ( 'NONE', *, *, #7184, .T. ) ;
#8240 = AXIS2_PLACEMENT_3D ( 'NONE', #8919, #4710, #1379 ) ;
#8241 = DIRECTION ( 'NONE',  ( 0.000000000000000000, 0.000000000000000000, 1.000000000000000000 ) ) ;
#8242 = AXIS2_PLACEMENT_3D ( 'NONE', #10535, #9652, #555 ) ;
#8243 = FACE_OUTER_BOUND ( 'NONE', #9115, .T. ) ;
#8244 = EDGE_CURVE ( 'NONE', #2583, #8435, #3650, .T. ) ;
#8245 = CARTESIAN_POINT ( 'NONE',  ( -0.5350000000000000311, -1.243863872159709949, 0.01000000000000000021 ) ) ;
#8246 = VECTOR ( 'NONE', #10178, 1000.000000000000000 ) ;
#8247 = SURFACE_SIDE_STYLE ('',( #5077 ) ) ;
#8248 = PLANE ( 'NONE',  #4876 ) ;
#8249 = CARTESIAN_POINT ( 'NONE',  ( 0.5999999999999999778, 0.7500000000000000000, 0.7900000000000000355 ) ) ;
#8250 = FACE_OUTER_BOUND ( 'NONE', #10162, .T. ) ;
#8251 = VERTEX_POINT ( 'NONE', #5210 ) ;
#8252 = CARTESIAN_POINT ( 'NONE',  ( 0.5999999999999994227, 1.102908420521089949, 0.5300000000000001377 ) ) ;
#8253 = VERTEX_POINT ( 'NONE', #2822 ) ;
#8254 = ORIENTED_EDGE ( 'NONE', *, *, #9114, .T. ) ;
#8255 = PRESENTATION_LAYER_ASSIGNMENT (  '', '', ( #10735 ) ) ;
#8256 =( NAMED_UNIT ( * ) SI_UNIT ( $, .STERADIAN. ) SOLID_ANGLE_UNIT ( ) );
#8257 = EDGE_CURVE ( 'NONE', #6160, #9851, #10417, .T. ) ;
#8258 = DIRECTION ( 'NONE',  ( -1.000000000000000000, 0.000000000000000000, -0.000000000000000000 ) ) ;
#8259 = CARTESIAN_POINT ( 'NONE',  ( 0.2400000000000000189, 1.600000000000000089, 0.5300000000000001377 ) ) ;
#8260 = ORIENTED_EDGE ( 'NONE', *, *, #7326, .T. ) ;
#8261 = CARTESIAN_POINT ( 'NONE',  ( 0.5999999999999999778, -1.098928449973850086, 0.5300000000000001377 ) ) ;
#8262 = EDGE_CURVE ( 'NONE', #5236, #3934, #6150, .T. ) ;
#8263 = DIRECTION ( 'NONE',  ( -1.000000000000000000, 0.000000000000000000, -0.000000000000000000 ) ) ;
#8264 = LINE ( 'NONE', #7546, #10564 ) ;
#8265 = CARTESIAN_POINT ( 'NONE',  ( -0.3197770700636930474, 0.6000000000000000888, 0.5300000000000001377 ) ) ;
#8266 = DIRECTION ( 'NONE',  ( 0.4788521306805550992, 0.8778955729143942399, 0.000000000000000000 ) ) ;
#8267 = LINE ( 'NONE', #4886, #4351 ) ;
#8268 = DIRECTION ( 'NONE',  ( 0.000000000000000000, 0.000000000000000000, -1.000000000000000000 ) ) ;
#8269 = ORIENTED_EDGE ( 'NONE', *, *, #548, .T. ) ;
#8270 = PLANE ( 'NONE',  #1529 ) ;
#8271 = ORIENTED_EDGE ( 'NONE', *, *, #4605, .T. ) ;
#8272 = DIRECTION ( 'NONE',  ( 0.000000000000000000, 1.000000000000000000, 0.000000000000000000 ) ) ;
#8273 = EDGE_CURVE ( 'NONE', #7530, #3088, #10315, .T. ) ;
#8274 = ORIENTED_EDGE ( 'NONE', *, *, #2276, .F. ) ;
#8275 = ORIENTED_EDGE ( 'NONE', *, *, #10512, .F. ) ;
#8276 = LINE ( 'NONE', #9943, #6185 ) ;
#8277 = DIRECTION ( 'NONE',  ( 0.000000000000000000, -0.000000000000000000, 1.000000000000000000 ) ) ;
#8278 = DIRECTION ( 'NONE',  ( 0.000000000000000000, 0.000000000000000000, -1.000000000000000000 ) ) ;
#8279 = ITEM_DEFINED_TRANSFORMATION ( 'NONE', 'NONE', #9635,  #2231 ) ;
#8280 = DIRECTION ( 'NONE',  ( 0.000000000000000000, -1.000000000000000000, 0.000000000000000000 ) ) ;
#8281 = EDGE_CURVE ( 'NONE', #6587, #4200, #7926, .T. ) ;
#8282 = EDGE_CURVE ( 'NONE', #4097, #10452, #4336, .T. ) ;
#8283 = CARTESIAN_POINT ( 'NONE',  ( -0.1499999999999999944, -0.9000000000000001332, 0.7900000000000000355 ) ) ;
#8284 = EDGE_LOOP ( 'NONE', ( #8626, #10429, #7584, #8570 ) ) ;
#8285 = VECTOR ( 'NONE', #5383, 1000.000000000000000 ) ;
#8286 = EDGE_CURVE ( 'NONE', #1899, #7713, #127, .T. ) ;
#8287 = EDGE_CURVE ( 'NONE', #3612, #9704, #4390, .T. ) ;
#8288 = DIRECTION ( 'NONE',  ( -4.170008355713480109E-16, -1.000000000000000000, 0.000000000000000000 ) ) ;
#8289 = ORIENTED_EDGE ( 'NONE', *, *, #8273, .F. ) ;
#8290 = EDGE_CURVE ( 'NONE', #5141, #6619, #2716, .T. ) ;
#8291 = PLANE ( 'NONE',  #9377 ) ;
#8292 = VERTEX_POINT ( 'NONE', #5262 ) ;
#8293 = ORIENTED_EDGE ( 'NONE', *, *, #6523, .F. ) ;
#8294 = ADVANCED_FACE ( 'NONE', ( #1061 ), #6422, .F. ) ;
#8295 = CARTESIAN_POINT ( 'NONE',  ( 0.000000000000000000, -1.100000000000000089, 0.001000000000000000021 ) ) ;
#8296 = SURFACE_SIDE_STYLE ('',( #10852 ) ) ;
#8297 = DIRECTION ( 'NONE',  ( 0.000000000000000000, -0.000000000000000000, 1.000000000000000000 ) ) ;
#8298 = DIRECTION ( 'NONE',  ( 0.000000000000000000, 0.000000000000000000, -1.000000000000000000 ) ) ;
#8299 = DIRECTION ( 'NONE',  ( -9.293161478447170157E-16, 1.000000000000000000, 0.000000000000000000 ) ) ;
#8300 = CARTESIAN_POINT ( 'NONE',  ( 0.5961306949927850374, 1.499754031465950099, 0.01000000000000000021 ) ) ;
#8301 = PLANE ( 'NONE',  #5186 ) ;
#8302 = ORIENTED_EDGE ( 'NONE', *, *, #6668, .T. ) ;
#8303 = FACE_OUTER_BOUND ( 'NONE', #10531, .T. ) ;
#8304 = ORIENTED_EDGE ( 'NONE', *, *, #1050, .F. ) ;
#8305 = ORIENTED_EDGE ( 'NONE', *, *, #1019, .T. ) ;
#8306 = DIRECTION ( 'NONE',  ( -1.000000000000000000, 0.000000000000000000, -0.000000000000000000 ) ) ;
#8307 = PLANE ( 'NONE',  #9185 ) ;
#8308 = ORIENTED_EDGE ( 'NONE', *, *, #5249, .F. ) ;
#8309 = DIRECTION ( 'NONE',  ( 0.000000000000000000, -0.000000000000000000, 1.000000000000000000 ) ) ;
#8310 = VECTOR ( 'NONE', #10635, 1000.000000000000000 ) ;
#8311 = LINE ( 'NONE', #10762, #773 ) ;
#8312 = CARTESIAN_POINT ( 'NONE',  ( -0.5999999999999999778, 1.489999999999999991, 0.000000000000000000 ) ) ;
#8313 = SURFACE_SIDE_STYLE ('',( #9206 ) ) ;
#8314 = DIRECTION ( 'NONE',  ( 0.000000000000000000, 0.000000000000000000, 1.000000000000000000 ) ) ;
#8315 = PLANE ( 'NONE',  #5744 ) ;
#8316 = ORIENTED_EDGE ( 'NONE', *, *, #8030, .F. ) ;
#8317 = DIRECTION ( 'NONE',  ( -0.000000000000000000, -0.000000000000000000, -1.000000000000000000 ) ) ;
#8318 = EDGE_LOOP ( 'NONE', ( #4625, #5237, #7866, #9950, #10110, #6669, #9981, #8910, #9179, #9899, #1894, #2742, #4381, #753, #10739, #4338 ) ) ;
#8319 = CARTESIAN_POINT ( 'NONE',  ( 0.07499999999999999722, -1.100000000000000089, 0.005000000000000000104 ) ) ;
#8320 = VECTOR ( 'NONE', #8562, 1000.000000000000000 ) ;
#8321 = LINE ( 'NONE', #7444, #2668 ) ;
#8322 = AXIS2_PLACEMENT_3D ( 'NONE', #5126, #46, #9359 ) ;
#8323 = ORIENTED_EDGE ( 'NONE', *, *, #5514, .F. ) ;
#8324 = ORIENTED_EDGE ( 'NONE', *, *, #9293, .T. ) ;
#8325 = EDGE_CURVE ( 'NONE', #4365, #5232, #8986, .T. ) ;
#8326 = LINE ( 'NONE', #4066, #8499 ) ;
#8327 = CARTESIAN_POINT ( 'NONE',  ( 0.2400000000000000189, 1.600000000000000089, 0.01000000000000000021 ) ) ;
#8328 = CARTESIAN_POINT ( 'NONE',  ( -0.5999999999999999778, -0.6000000000000000888, 0.5200000000000000178 ) ) ;
#8329 = FILL_AREA_STYLE ('',( #8962 ) ) ;
#8330 = EDGE_CURVE ( 'NONE', #860, #3672, #9812, .T. ) ;
#8331 = CARTESIAN_POINT ( 'NONE',  ( -0.5999999999999999778, 1.600000000000000089, 0.01000000000000000021 ) ) ;
#8332 = CONTEXT_DEPENDENT_SHAPE_REPRESENTATION ( #3571, #5139 ) ;
#8333 = EDGE_CURVE ( 'NONE', #5698, #5868, #10651, .T. ) ;
#8334 = DIRECTION ( 'NONE',  ( -0.000000000000000000, 0.000000000000000000, 1.000000000000000000 ) ) ;
#8335 = VECTOR ( 'NONE', #10049, 1000.000000000000000 ) ;
#8336 = STYLED_ITEM ( 'NONE', ( #1967 ), #3346 ) ;
#8337 = LINE ( 'NONE', #9893, #4075 ) ;
#8338 = ORIENTED_EDGE ( 'NONE', *, *, #9965, .T. ) ;
#8339 = AXIS2_PLACEMENT_3D ( 'NONE', #8706, #3545, #1897 ) ;
#8340 = DIRECTION ( 'NONE',  ( -0.000000000000000000, 0.000000000000000000, -1.000000000000000000 ) ) ;
#8341 = ORIENTED_EDGE ( 'NONE', *, *, #1034, .T. ) ;
#8342 = VECTOR ( 'NONE', #4914, 1000.000000000000000 ) ;
#8343 = DIRECTION ( 'NONE',  ( -0.000000000000000000, -0.000000000000000000, -1.000000000000000000 ) ) ;
#8344 = ORIENTED_EDGE ( 'NONE', *, *, #10029, .F. ) ;
#8345 = ORIENTED_EDGE ( 'NONE', *, *, #6581, .T. ) ;
#8346 = CARTESIAN_POINT ( 'NONE',  ( 0.5999999999999999778, 1.600000000000000089, 0.000000000000000000 ) ) ;
#8347 =( GEOMETRIC_REPRESENTATION_CONTEXT ( 3 ) GLOBAL_UNCERTAINTY_ASSIGNED_CONTEXT ( ( #6974 ) ) GLOBAL_UNIT_ASSIGNED_CONTEXT ( ( #4911, #9025, #2324 ) ) REPRESENTATION_CONTEXT ( 'NONE', 'WORKASPACE' ) );
#8348 = LINE ( 'NONE', #3252, #3561 ) ;
#8349 = LINE ( 'NONE', #4912, #9033 ) ;
#8350 = VECTOR ( 'NONE', #7694, 1000.000000000000000 ) ;
#8351 = DIRECTION ( 'NONE',  ( 0.000000000000000000, 0.000000000000000000, -1.000000000000000000 ) ) ;
#8352 = VERTEX_POINT ( 'NONE', #2227 ) ;
#8353 = AXIS2_PLACEMENT_3D ( 'NONE', #796, #1686, #9285 ) ;
#8354 = CARTESIAN_POINT ( 'NONE',  ( 0.4650000000000000244, 0.5999999999999999778, 0.01000000000000000021 ) ) ;
#8355 = DIRECTION ( 'NONE',  ( -0.000000000000000000, -1.000000000000000000, 0.000000000000000000 ) ) ;
#8356 = DIRECTION ( 'NONE',  ( 0.000000000000000000, 0.000000000000000000, 1.000000000000000000 ) ) ;
#8357 = ORIENTED_EDGE ( 'NONE', *, *, #436, .F. ) ;
#8358 = CARTESIAN_POINT ( 'NONE',  ( -0.1499999999999999944, 0.9000000000000001332, 0.01000000000000000021 ) ) ;
#8359 = VERTEX_POINT ( 'NONE', #6482 ) ;
#8360 = STYLED_ITEM ( 'NONE', ( #1472 ), #6505 ) ;
#8361 = ORIENTED_EDGE ( 'NONE', *, *, #1634, .T. ) ;
#8362 = PLANE ( 'NONE',  #7298 ) ;
#8363 = AXIS2_PLACEMENT_3D ( 'NONE', #10113, #3498, #8493 ) ;
#8364 = FACE_OUTER_BOUND ( 'NONE', #1371, .T. ) ;
#8365 = CARTESIAN_POINT ( 'NONE',  ( 0.000000000000000000, 0.000000000000000000, 0.005000000000000000104 ) ) ;
#8366 = ORIENTED_EDGE ( 'NONE', *, *, #5788, .F. ) ;
#8367 = CARTESIAN_POINT ( 'NONE',  ( 0.5350000000000000311, 0.7005555010695040385, 0.5300000000000001377 ) ) ;
#8368 = VECTOR ( 'NONE', #5662, 1000.000000000000000 ) ;
#8369 = FACE_OUTER_BOUND ( 'NONE', #7738, .T. ) ;
#8370 = DIRECTION ( 'NONE',  ( 0.000000000000000000, 0.000000000000000000, 1.000000000000000000 ) ) ;
#8371 = CARTESIAN_POINT ( 'NONE',  ( -0.2999999999999999889, 1.500000000000000000, 0.7900000000000000355 ) ) ;
#8372 = COLOUR_RGB ( '',0.9490196078431372140, 0.9490196078431372140, 0.9490196078431372140 ) ;
#8373 = PLANE ( 'NONE',  #7006 ) ;
#8374 = DIRECTION ( 'NONE',  ( 1.000000000000000000, 0.000000000000000000, -0.000000000000000000 ) ) ;
#8375 = ORIENTED_EDGE ( 'NONE', *, *, #5801, .F. ) ;
#8376 = CARTESIAN_POINT ( 'NONE',  ( -0.5999999999999999778, 0.7494999999999999440, 0.01000000000000000021 ) ) ;
#8377 = ORIENTED_EDGE ( 'NONE', *, *, #5982, .F. ) ;
#8378 = PLANE ( 'NONE',  #9086 ) ;
#8379 = DIRECTION ( 'NONE',  ( 0.000000000000000000, 1.000000000000000000, 0.000000000000000000 ) ) ;
#8380 = AXIS2_PLACEMENT_3D ( 'NONE', #7422, #2382, #10803 ) ;
#8381 = EDGE_LOOP ( 'NONE', ( #6585, #6827, #969, #1170 ) ) ;
#8382 = AXIS2_PLACEMENT_3D ( 'NONE', #7757, #9479, #4161 ) ;
#8383 = VERTEX_POINT ( 'NONE', #9866 ) ;
#8384 = DIRECTION ( 'NONE',  ( 0.000000000000000000, -0.000000000000000000, 1.000000000000000000 ) ) ;
#8385 = DIRECTION ( 'NONE',  ( 0.000000000000000000, 1.000000000000000000, 0.000000000000000000 ) ) ;
#8386 = CARTESIAN_POINT ( 'NONE',  ( -0.5350000000000000311, 0.6400000000000000133, 0.01000000000000000021 ) ) ;
#8387 =( NAMED_UNIT ( * ) PLANE_ANGLE_UNIT ( ) SI_UNIT ( $, .RADIAN. ) );
#8388 = PLANE ( 'NONE',  #4524 ) ;
#8389 = ITEM_DEFINED_TRANSFORMATION ( 'NONE', 'NONE', #1851,  #2231 ) ;
#8390 = LINE ( 'NONE', #4301, #6776 ) ;
#8391 = DIRECTION ( 'NONE',  ( 0.000000000000000000, -1.000000000000000000, 0.000000000000000000 ) ) ;
#8392 = ORIENTED_EDGE ( 'NONE', *, *, #4337, .F. ) ;
#8393 = EDGE_CURVE ( 'NONE', #187, #5808, #4823, .T. ) ;
#8394 = LINE ( 'NONE', #7621, #2226 ) ;
#8395 = PRODUCT_DEFINITION_FORMATION_WITH_SPECIFIED_SOURCE ( 'ANY', '', #9402, .NOT_KNOWN. ) ;
#8396 = ORIENTED_EDGE ( 'NONE', *, *, #137, .T. ) ;
#8397 =( LENGTH_UNIT ( ) NAMED_UNIT ( * ) SI_UNIT ( .MILLI., .METRE. ) );
#8398 = FACE_OUTER_BOUND ( 'NONE', #1345, .T. ) ;
#8399 = ORIENTED_EDGE ( 'NONE', *, *, #5674, .F. ) ;
#8400 = EDGE_LOOP ( 'NONE', ( #9642, #9201, #4835, #7320 ) ) ;
#8401 = PRODUCT_RELATED_PRODUCT_CATEGORY ( 'part', '', ( #7018 ) ) ;
#8402 = VECTOR ( 'NONE', #3539, 1000.000000000000000 ) ;
#8403 = FACE_OUTER_BOUND ( 'NONE', #196, .T. ) ;
#8404 = ADVANCED_FACE ( 'NONE', ( #4766 ), #2885, .T. ) ;
#8405 = CARTESIAN_POINT ( 'NONE',  ( -0.1499999999999989952, 1.489999999999999991, 0.5300000000000001377 ) ) ;
#8406 = ORIENTED_EDGE ( 'NONE', *, *, #2571, .T. ) ;
#8407 = AXIS2_PLACEMENT_3D ( 'NONE', #10842, #2792, #3720 ) ;
#8408 = VECTOR ( 'NONE', #2072, 1000.000000000000000 ) ;
#8409 = DIRECTION ( 'NONE',  ( 0.000000000000000000, 1.000000000000000000, -0.000000000000000000 ) ) ;
#8410 = CARTESIAN_POINT ( 'NONE',  ( 0.000000000000000000, -1.100000000000000089, 0.001000000000000000021 ) ) ;
#8411 = EDGE_CURVE ( 'NONE', #8593, #10050, #10703, .T. ) ;
#8412 = DIRECTION ( 'NONE',  ( 0.8574929257125449844, -0.5144957554275251255, 0.000000000000000000 ) ) ;
#8413 = VERTEX_POINT ( 'NONE', #6260 ) ;
#8414 = DIRECTION ( 'NONE',  ( 0.000000000000000000, 0.000000000000000000, 1.000000000000000000 ) ) ;
#8415 = VECTOR ( 'NONE', #2596, 1000.000000000000000 ) ;
#8416 = ORIENTED_EDGE ( 'NONE', *, *, #1895, .T. ) ;
#8417 = EDGE_LOOP ( 'NONE', ( #10134, #6229, #8084, #9096 ) ) ;
#8418 = VECTOR ( 'NONE', #2990, 1000.000000000000000 ) ;
#8419 = FACE_OUTER_BOUND ( 'NONE', #10463, .T. ) ;
#8420 = STYLED_ITEM ( 'NONE', ( #10834 ), #5747 ) ;
#8421 = PRODUCT_DEFINITION_SHAPE ( 'NONE', 'NONE',  #10969 ) ;
#8422 = DIRECTION ( 'NONE',  ( -0.000000000000000000, 0.000000000000000000, 1.000000000000000000 ) ) ;
#8423 = ORIENTED_EDGE ( 'NONE', *, *, #2733, .F. ) ;
#8424 = FILL_AREA_STYLE_COLOUR ( '', #2149 ) ;
#8425 = DIRECTION ( 'NONE',  ( 0.000000000000000000, 0.000000000000000000, 1.000000000000000000 ) ) ;
#8426 = DIRECTION ( 'NONE',  ( -1.000000000000000000, 0.000000000000000000, 0.000000000000000000 ) ) ;
#8427 = STYLED_ITEM ( 'NONE', ( #1833 ), #6194 ) ;
#8428 = EDGE_CURVE ( 'NONE', #5666, #10219, #3107, .T. ) ;
#8429 = PRESENTATION_STYLE_ASSIGNMENT (( #10098 ) ) ;
#8430 = ADVANCED_FACE ( 'NONE', ( #8865 ), #1442, .T. ) ;
#8431 = PLANE ( 'NONE',  #449 ) ;
#8432 = VERTEX_POINT ( 'NONE', #5543 ) ;
#8433 = FACE_OUTER_BOUND ( 'NONE', #5502, .T. ) ;
#8435 = VERTEX_POINT ( 'NONE', #9702 ) ;
#8434 = EDGE_CURVE ( 'NONE', #5288, #6122, #5432, .T. ) ;
#8436 = LINE ( 'NONE', #4113, #5176 ) ;
#8437 = ORIENTED_EDGE ( 'NONE', *, *, #3517, .F. ) ;
#8438 = EDGE_CURVE ( 'NONE', #3229, #6451, #5480, .T. ) ;
#8439 = ORIENTED_EDGE ( 'NONE', *, *, #1865, .F. ) ;
#8440 = FACE_OUTER_BOUND ( 'NONE', #588, .T. ) ;
#8441 = FACE_OUTER_BOUND ( 'NONE', #10958, .T. ) ;
#8442 = DIRECTION ( 'NONE',  ( 1.000000000000000000, 0.000000000000000000, 0.000000000000000000 ) ) ;
#8443 = LINE ( 'NONE', #2415, #10194 ) ;
#8444 = DIRECTION ( 'NONE',  ( -1.000000000000000000, 1.352354484640119985E-16, 0.000000000000000000 ) ) ;
#8445 = LINE ( 'NONE', #9945, #6109 ) ;
#8446 = SHAPE_DEFINITION_REPRESENTATION ( #4441, #7404 ) ;
#8447 = PLANE ( 'NONE',  #3744 ) ;
#8448 = VECTOR ( 'NONE', #3200, 1000.000000000000000 ) ;
#8449 = DIRECTION ( 'NONE',  ( 1.000000000000000000, 0.000000000000000000, 0.000000000000000000 ) ) ;
#8450 = ORIENTED_EDGE ( 'NONE', *, *, #5819, .T. ) ;
#8451 = VECTOR ( 'NONE', #7194, 1000.000000000000000 ) ;
#8452 = LINE ( 'NONE', #2422, #7881 ) ;
#8453 = ORIENTED_EDGE ( 'NONE', *, *, #10300, .T. ) ;
#8454 = LINE ( 'NONE', #3412, #9897 ) ;
#8455 = CARTESIAN_POINT ( 'NONE',  ( 0.5999999999999999778, 1.489999999999999991, 0.5300000000000001377 ) ) ;
#8456 = EDGE_LOOP ( 'NONE', ( #3608, #1368, #10331, #8164 ) ) ;
#8457 = ORIENTED_EDGE ( 'NONE', *, *, #10040, .T. ) ;
#8458 = ADVANCED_FACE ( 'NONE', ( #7266 ), #1281, .T. ) ;
#8459 = CIRCLE ( 'NONE', #6700, 0.1961375929999999990 ) ;
#8460 = ORIENTED_EDGE ( 'NONE', *, *, #10249, .F. ) ;
#8461 = SHAPE_REPRESENTATION ( 'Body_1', ( #2231 ), #4179 ) ;
#8462 = DIRECTION ( 'NONE',  ( 0.000000000000000000, -0.000000000000000000, 1.000000000000000000 ) ) ;
#8463 = DIRECTION ( 'NONE',  ( -1.000000000000000000, 0.000000000000000000, 0.000000000000000000 ) ) ;
#8464 = EDGE_CURVE ( 'NONE', #933, #6812, #1553, .T. ) ;
#8465 = LINE ( 'NONE', #706, #7504 ) ;
#8466 = ORIENTED_EDGE ( 'NONE', *, *, #8556, .F. ) ;
#8467 = EDGE_CURVE ( 'NONE', #3088, #2058, #713, .T. ) ;
#8468 = DIRECTION ( 'NONE',  ( 0.000000000000000000, -1.000000000000000000, 0.000000000000000000 ) ) ;
#8469 = ORIENTED_EDGE ( 'NONE', *, *, #7150, .F. ) ;
#8470 = EDGE_LOOP ( 'NONE', ( #5827, #3648, #151, #6465 ) ) ;
#8471 = EDGE_CURVE ( 'NONE', #4285, #3490, #6758, .T. ) ;
#8472 =( REPRESENTATION_RELATIONSHIP ('NONE','NONE', #9248, #2795 ) REPRESENTATION_RELATIONSHIP_WITH_TRANSFORMATION ( #8279 )SHAPE_REPRESENTATION_RELATIONSHIP( ) );
#8473 = CARTESIAN_POINT ( 'NONE',  ( -0.1500000000000002165, -0.5999999999999999778, 0.01000000000000000021 ) ) ;
#8474 = EDGE_CURVE ( 'NONE', #1010, #5752, #5872, .T. ) ;
#8475 = DIRECTION ( 'NONE',  ( -0.000000000000000000, -0.000000000000000000, 1.000000000000000000 ) ) ;
#8476 = VECTOR ( 'NONE', #10207, 1000.000000000000000 ) ;
#8477 = ORIENTED_EDGE ( 'NONE', *, *, #9649, .T. ) ;
#8478 =( NAMED_UNIT ( * ) SI_UNIT ( $, .STERADIAN. ) SOLID_ANGLE_UNIT ( ) );
#8479 = DIRECTION ( 'NONE',  ( 0.000000000000000000, 1.000000000000000000, 0.000000000000000000 ) ) ;
#8480 = DIRECTION ( 'NONE',  ( -0.000000000000000000, -1.000000000000000000, -0.000000000000000000 ) ) ;
#8481 = DIRECTION ( 'NONE',  ( 0.000000000000000000, 0.000000000000000000, 1.000000000000000000 ) ) ;
#8482 = VECTOR ( 'NONE', #2319, 1000.000000000000000 ) ;
#8483 = DIRECTION ( 'NONE',  ( 0.000000000000000000, 1.000000000000000000, 0.000000000000000000 ) ) ;
#8484 = ORIENTED_EDGE ( 'NONE', *, *, #6444, .F. ) ;
#8485 = ORIENTED_EDGE ( 'NONE', *, *, #213, .T. ) ;
#8486 = DIRECTION ( 'NONE',  ( 0.000000000000000000, -0.000000000000000000, -1.000000000000000000 ) ) ;
#8487 = CARTESIAN_POINT ( 'NONE',  ( -0.1499999999999999944, -0.9000000000000001332, 0.7900000000000000355 ) ) ;
#8488 = VERTEX_POINT ( 'NONE', #3370 ) ;
#8489 = COLOUR_RGB ( '',0.3921568627450980338, 0.5999999999999999778, 0.3921568627450980338 ) ;
#8490 = ADVANCED_FACE ( 'NONE', ( #8364 ), #1665, .F. ) ;
#8491 = ORIENTED_EDGE ( 'NONE', *, *, #427, .F. ) ;
#8492 = DIRECTION ( 'NONE',  ( 0.000000000000000000, 0.000000000000000000, -1.000000000000000000 ) ) ;
#8493 = DIRECTION ( 'NONE',  ( -6.776263578034399754E-16, -1.000000000000000000, 0.000000000000000000 ) ) ;
#8494 = EDGE_CURVE ( 'NONE', #8832, #6190, #9922, .T. ) ;
#8495 = DIRECTION ( 'NONE',  ( 0.000000000000000000, -1.000000000000000000, 0.000000000000000000 ) ) ;
#8496 = ADVANCED_FACE ( 'NONE', ( #4923 ), #2494, .T. ) ;
#8497 = FACE_OUTER_BOUND ( 'NONE', #556, .T. ) ;
#8498 = STYLED_ITEM ( 'NONE', ( #7406 ), #2989 ) ;
#8499 = VECTOR ( 'NONE', #3233, 1000.000000000000000 ) ;
#8500 = FACE_OUTER_BOUND ( 'NONE', #6740, .T. ) ;
#8501 = LINE ( 'NONE', #10182, #1260 ) ;
#8502 = ORIENTED_EDGE ( 'NONE', *, *, #3931, .T. ) ;
#8503 = VECTOR ( 'NONE', #3825, 999.9999999999998863 ) ;
#8504 = PLANE ( 'NONE',  #10193 ) ;
#8505 = VECTOR ( 'NONE', #10794, 1000.000000000000000 ) ;
#8506 = ORIENTED_EDGE ( 'NONE', *, *, #678, .T. ) ;
#8507 = EDGE_CURVE ( 'NONE', #9863, #1032, #3317, .T. ) ;
#8508 = SHAPE_REPRESENTATION_RELATIONSHIP ( 'NONE' , 'NONE' ,  #2091, #10457 ) ;
#8509 = PRODUCT ( 'Pins_Bottom_9', 'Pins_Bottom_9', '', ( #9006 ) ) ;
#8510 = CARTESIAN_POINT ( 'NONE',  ( -0.5999999999999999778, 1.100000000000000089, 0.001000000000000000021 ) ) ;
#8511 = VERTEX_POINT ( 'NONE', #10811 ) ;
#8512 = ORIENTED_EDGE ( 'NONE', *, *, #2664, .T. ) ;
#8513 = CARTESIAN_POINT ( 'NONE',  ( 0.2499999999999999445, 1.300000000000000266, 0.01000000000000000021 ) ) ;
#8514 = MECHANICAL_DESIGN_GEOMETRIC_PRESENTATION_REPRESENTATION (  '', ( #1255 ), #2143 ) ;
#8515 = DIRECTION ( 'NONE',  ( -1.000000000000000000, 0.000000000000000000, -0.000000000000000000 ) ) ;
#8516 = ORIENTED_EDGE ( 'NONE', *, *, #10737, .T. ) ;
#8517 = STYLED_ITEM ( 'NONE', ( #10092 ), #3387 ) ;
#8518 = CARTESIAN_POINT ( 'NONE',  ( 0.5350000000000000311, -1.239999999999999991, 0.01000000000000000021 ) ) ;
#8519 = FACE_OUTER_BOUND ( 'NONE', #10216, .T. ) ;
#8520 = SURFACE_STYLE_FILL_AREA ( #10344 ) ;
#8521 = ORIENTED_EDGE ( 'NONE', *, *, #6563, .T. ) ;
#8522 = LINE ( 'NONE', #3363, #10537 ) ;
#8523 = DIRECTION ( 'NONE',  ( 0.000000000000000000, 1.000000000000000000, 0.000000000000000000 ) ) ;
#8524 = ORIENTED_EDGE ( 'NONE', *, *, #3080, .F. ) ;
#8525 = VECTOR ( 'NONE', #4101, 1000.000000000000000 ) ;
#8526 = CARTESIAN_POINT ( 'NONE',  ( -0.5999999999999999778, -1.600000000000000089, 0.8000000000000000444 ) ) ;
#8527 = CARTESIAN_POINT ( 'NONE',  ( -0.5961306949927850374, -1.600000000000000089, 0.01000000000000000021 ) ) ;
#8528 = ADVANCED_FACE ( 'NONE', ( #6590 ), #7586, .T. ) ;
#8529 = CARTESIAN_POINT ( 'NONE',  ( 0.6000000000000000888, 0.04949999999999998151, 0.01000000000000000021 ) ) ;
#8530 = VECTOR ( 'NONE', #264, 1000.000000000000000 ) ;
#8531 = ORIENTED_EDGE ( 'NONE', *, *, #4564, .F. ) ;
#8532 = CARTESIAN_POINT ( 'NONE',  ( -0.2399999999999999911, 1.600000000000000089, 0.01000000000000000021 ) ) ;
#8533 = EDGE_CURVE ( 'NONE', #5458, #644, #10351, .T. ) ;
#8534 = LINE ( 'NONE', #2705, #8730 ) ;
#8535 = LINE ( 'NONE', #6982, #5076 ) ;
#8536 =( NAMED_UNIT ( * ) PLANE_ANGLE_UNIT ( ) SI_UNIT ( $, .RADIAN. ) );
#8537 = ADVANCED_FACE ( 'NONE', ( #6188 ), #3433, .F. ) ;
#8538 = AXIS2_PLACEMENT_3D ( 'NONE', #2419, #7514, #10003 ) ;
#8539 = CARTESIAN_POINT ( 'NONE',  ( -0.5999999999999999778, 1.239999999999999991, 0.5300000000000001377 ) ) ;
#8540 = ORIENTED_EDGE ( 'NONE', *, *, #8728, .F. ) ;
#8541 = AXIS2_PLACEMENT_3D ( 'NONE', #852, #4241, #26 ) ;
#8542 = VERTEX_POINT ( 'NONE', #6078 ) ;
#8543 = FILL_AREA_STYLE ('',( #9489 ) ) ;
#8544 = FACE_OUTER_BOUND ( 'NONE', #4819, .T. ) ;
#8545 = PRESENTATION_LAYER_ASSIGNMENT (  '', '', ( #9963 ) ) ;
#8546 = ORIENTED_EDGE ( 'NONE', *, *, #9229, .F. ) ;
#8547 = EDGE_CURVE ( 'NONE', #9195, #2512, #7864, .T. ) ;
#8548 = VECTOR ( 'NONE', #4664, 1000.000000000000000 ) ;
#8549 = ADVANCED_FACE ( 'NONE', ( #6023 ), #2810, .F. ) ;
#8550 = ORIENTED_EDGE ( 'NONE', *, *, #1496, .F. ) ;
#8551 = CARTESIAN_POINT ( 'NONE',  ( -0.1499999999999997724, -1.098928449973850086, 0.5300000000000001377 ) ) ;
#8552 = CARTESIAN_POINT ( 'NONE',  ( -0.1499999999999999667, -1.099999999999999867, 0.005000000000000000104 ) ) ;
#8553 = DIRECTION ( 'NONE',  ( -0.000000000000000000, -1.000000000000000000, -0.000000000000000000 ) ) ;
#8554 = DIRECTION ( 'NONE',  ( -1.000000000000000000, 2.581433744013109998E-16, 0.000000000000000000 ) ) ;
#8555 =( NAMED_UNIT ( * ) SI_UNIT ( $, .STERADIAN. ) SOLID_ANGLE_UNIT ( ) );
#8556 = EDGE_CURVE ( 'NONE', #8884, #2165, #6815, .T. ) ;
#8557 = VECTOR ( 'NONE', #6259, 1000.000000000000000 ) ;
#8558 = LINE ( 'NONE', #6048, #2748 ) ;
#8559 = CARTESIAN_POINT ( 'NONE',  ( 0.1499999999999989952, 1.098486643203810065, 0.5300000000000001377 ) ) ;
#8560 = VECTOR ( 'NONE', #4760, 1000.000000000000000 ) ;
#8561 = CARTESIAN_POINT ( 'NONE',  ( -0.5999999999999999778, 0.04999999999999991257, 0.7900000000000000355 ) ) ;
#8562 = DIRECTION ( 'NONE',  ( -1.000000000000000000, -0.000000000000000000, 0.000000000000000000 ) ) ;
#8563 = ADVANCED_FACE ( 'NONE', ( #10405 ), #10205, .T. ) ;
#8564 = VECTOR ( 'NONE', #1316, 1000.000000000000000 ) ;
#8565 = ORIENTED_EDGE ( 'NONE', *, *, #441, .F. ) ;
#8566 = CARTESIAN_POINT ( 'NONE',  ( -0.5350000000000000311, 1.100000000000000089, 0.01000000000000000021 ) ) ;
#8567 = VERTEX_POINT ( 'NONE', #8584 ) ;
#8568 = EDGE_CURVE ( 'NONE', #528, #5545, #4813, .T. ) ;
#8569 = DIRECTION ( 'NONE',  ( -1.000000000000000000, 0.000000000000000000, -0.000000000000000000 ) ) ;
#8570 = ORIENTED_EDGE ( 'NONE', *, *, #8474, .F. ) ;
#8571 = ORIENTED_EDGE ( 'NONE', *, *, #5783, .T. ) ;
#8572 =( LENGTH_UNIT ( ) NAMED_UNIT ( * ) SI_UNIT ( .MILLI., .METRE. ) );
#8573 = ORIENTED_EDGE ( 'NONE', *, *, #5093, .T. ) ;
#8574 = DIRECTION ( 'NONE',  ( -0.000000000000000000, 0.000000000000000000, -1.000000000000000000 ) ) ;
#8575 = SURFACE_STYLE_FILL_AREA ( #5189 ) ;
#8576 = CARTESIAN_POINT ( 'NONE',  ( -0.1199999999999999956, -0.1799999999999999933, 0.005000000000000000104 ) ) ;
#8577 = ORIENTED_EDGE ( 'NONE', *, *, #9008, .F. ) ;
#8578 = CARTESIAN_POINT ( 'NONE',  ( -0.5999999999999999778, -0.9000000000000001332, 0.8000000000000000444 ) ) ;
#8579 = EDGE_LOOP ( 'NONE', ( #9492, #440, #7030, #6152 ) ) ;
#8580 = VERTEX_POINT ( 'NONE', #115 ) ;
#8581 = VECTOR ( 'NONE', #5699, 1000.000000000000000 ) ;
#8582 = EDGE_CURVE ( 'NONE', #6376, #9301, #5250, .T. ) ;
#8583 = DIRECTION ( 'NONE',  ( 0.4788521306805733069, 0.8778955729143842479, 0.000000000000000000 ) ) ;
#8584 = CARTESIAN_POINT ( 'NONE',  ( 0.5818411998642915028, -0.5818411998642918359, -5.421010862427522170E-17 ) ) ;
#8585 = CARTESIAN_POINT ( 'NONE',  ( -0.1499999999999999667, 1.100000000000000089, 0.001000000000000000238 ) ) ;
#8586 = AXIS2_PLACEMENT_3D ( 'NONE', #5067, #5117, #4196 ) ;
#8587 = ORIENTED_EDGE ( 'NONE', *, *, #8464, .T. ) ;
#8588 = FACE_OUTER_BOUND ( 'NONE', #6134, .T. ) ;
#8589 = DIRECTION ( 'NONE',  ( 0.000000000000000000, -0.000000000000000000, -1.000000000000000000 ) ) ;
#8590 = DIRECTION ( 'NONE',  ( 0.000000000000000000, 0.000000000000000000, 1.000000000000000000 ) ) ;
#8591 = CARTESIAN_POINT ( 'NONE',  ( 0.2925934069883829869, 0.9000000000000001332, 0.01000000000000000021 ) ) ;
#8592 = CARTESIAN_POINT ( 'NONE',  ( 0.5350000000000000311, -0.9000000000000001332, 0.7900000000000000355 ) ) ;
#8593 = VERTEX_POINT ( 'NONE', #3586 ) ;
#8594 = FACE_OUTER_BOUND ( 'NONE', #9422, .T. ) ;
#8595 = VECTOR ( 'NONE', #5671, 1000.000000000000000 ) ;
#8596 = ORIENTED_EDGE ( 'NONE', *, *, #6644, .T. ) ;
#8597 = EDGE_CURVE ( 'NONE', #763, #4934, #2600, .T. ) ;
#8598 = LINE ( 'NONE', #6037, #756 ) ;
#8599 = VECTOR ( 'NONE', #9083, 1000.000000000000000 ) ;
#8600 = DIRECTION ( 'NONE',  ( -0.000000000000000000, 0.000000000000000000, -1.000000000000000000 ) ) ;
#8601 = EDGE_CURVE ( 'NONE', #9280, #10394, #9371, .T. ) ;
#8602 = VECTOR ( 'NONE', #9207, 1000.000000000000000 ) ;
#8603 = ORIENTED_EDGE ( 'NONE', *, *, #10389, .F. ) ;
#8604 = COLOUR_RGB ( '',1.000000000000000000, 1.000000000000000000, 1.000000000000000000 ) ;
#8605 = CARTESIAN_POINT ( 'NONE',  ( 0.3197770700636939911, 1.600000000000000089, 0.000000000000000000 ) ) ;
#8606 = PRODUCT_DEFINITION_SHAPE ( 'NONE', 'NONE',  #7928 ) ;
#8607 = LINE ( 'NONE', #7103, #1473 ) ;
#8608 = CARTESIAN_POINT ( 'NONE',  ( 0.5999999999999999778, 0.7495000000000000551, 0.000000000000000000 ) ) ;
#8609 = CARTESIAN_POINT ( 'NONE',  ( 0.5350000000000000311, -1.239999999999999991, 0.8000000000000000444 ) ) ;
#8610 = UNCERTAINTY_MEASURE_WITH_UNIT (LENGTH_MEASURE( 1.000000000000000082E-05 ), #7108, 'distance_accuracy_value', 'NONE');
#8611 = FACE_OUTER_BOUND ( 'NONE', #4719, .T. ) ;
#8612 = DIRECTION ( 'NONE',  ( -0.4788521306805727518, -0.8778955729143845810, 0.000000000000000000 ) ) ;
#8613 = ADVANCED_FACE ( 'NONE', ( #7696 ), #160, .T. ) ;
#8614 = VECTOR ( 'NONE', #7599, 1000.000000000000000 ) ;
#8615 = CARTESIAN_POINT ( 'NONE',  ( -0.2999999999999999889, 1.500000000000000000, 0.7900000000000000355 ) ) ;
#8616 = DIRECTION ( 'NONE',  ( 0.000000000000000000, -0.000000000000000000, -1.000000000000000000 ) ) ;
#8617 = EDGE_LOOP ( 'NONE', ( #8937, #9364, #2478, #3066 ) ) ;
#8618 = DIRECTION ( 'NONE',  ( -2.710505431213769960E-16, 1.000000000000000000, -0.000000000000000000 ) ) ;
#8619 = ORIENTED_EDGE ( 'NONE', *, *, #1966, .F. ) ;
#8620 = EDGE_CURVE ( 'NONE', #2643, #8832, #10250, .T. ) ;
#8621 = VECTOR ( 'NONE', #3437, 1000.000000000000000 ) ;
#8622 = EDGE_CURVE ( 'NONE', #1010, #8043, #4379, .T. ) ;
#8623 = SHAPE_REPRESENTATION_RELATIONSHIP ( 'NONE' , 'NONE' ,  #251, #3582 ) ;
#8624 = EDGE_CURVE ( 'NONE', #754, #6530, #2702, .T. ) ;
#8625 = CARTESIAN_POINT ( 'NONE',  ( 0.5350000000000000311, 1.239999999999999991, 0.000000000000000000 ) ) ;
#8626 = ORIENTED_EDGE ( 'NONE', *, *, #8622, .T. ) ;
#8627 = VERTEX_POINT ( 'NONE', #2867 ) ;
#8628 = CARTESIAN_POINT ( 'NONE',  ( -0.5999999999999999778, -1.239999999999999991, 0.000000000000000000 ) ) ;
#8629 = EDGE_CURVE ( 'NONE', #2957, #8383, #3029, .T. ) ;
#8630 = VECTOR ( 'NONE', #5352, 1000.000000000000000 ) ;
#8631 = ORIENTED_EDGE ( 'NONE', *, *, #2257, .T. ) ;
#8632 = EDGE_CURVE ( 'NONE', #7022, #2084, #8744, .T. ) ;
#8633 = PRESENTATION_STYLE_ASSIGNMENT (( #5290 ) ) ;
#8634 = CARTESIAN_POINT ( 'NONE',  ( 0.000000000000000000, 0.000000000000000000, 0.5300000000000001377 ) ) ;
#8635 = FILL_AREA_STYLE_COLOUR ( '', #990 ) ;
#8636 = ORIENTED_EDGE ( 'NONE', *, *, #4931, .T. ) ;
#8637 = EDGE_CURVE ( 'NONE', #5683, #2663, #5419, .T. ) ;
#8638 = PLANE ( 'NONE',  #7004 ) ;
#8639 = LINE ( 'NONE', #1988, #8214 ) ;
#8640 = EDGE_LOOP ( 'NONE', ( #7036, #9976, #9022, #10027 ) ) ;
#8641 = UNCERTAINTY_MEASURE_WITH_UNIT (LENGTH_MEASURE( 1.000000000000000082E-05 ), #4861, 'distance_accuracy_value', 'NONE');
#8642 = LINE ( 'NONE', #1047, #3562 ) ;
#8643 = CARTESIAN_POINT ( 'NONE',  ( 0.5999999999999999778, -1.399999999999999911, 0.5300000000000001377 ) ) ;
#8644 = ORIENTED_EDGE ( 'NONE', *, *, #3528, .F. ) ;
#8645 = LINE ( 'NONE', #942, #9056 ) ;
#8646 = PLANE ( 'NONE',  #3406 ) ;
#8647 = DIRECTION ( 'NONE',  ( 0.000000000000000000, 1.000000000000000000, 0.000000000000000000 ) ) ;
#8648 = DIRECTION ( 'NONE',  ( 0.000000000000000000, 0.000000000000000000, -1.000000000000000000 ) ) ;
#8649 = VECTOR ( 'NONE', #5729, 1000.000000000000000 ) ;
#8650 = DIRECTION ( 'NONE',  ( -0.000000000000000000, -0.000000000000000000, -1.000000000000000000 ) ) ;
#8651 = VERTEX_POINT ( 'NONE', #6248 ) ;
#8652 = LINE ( 'NONE', #4286, #1179 ) ;
#8653 = ORIENTED_EDGE ( 'NONE', *, *, #4740, .T. ) ;
#8654 = LINE ( 'NONE', #1779, #7672 ) ;
#8655 = AXIS2_PLACEMENT_3D ( 'NONE', #8365, #5873, #9263 ) ;
#8656 = AXIS2_PLACEMENT_3D ( 'NONE', #2036, #2853, #2915 ) ;
#8657 = DIRECTION ( 'NONE',  ( -0.000000000000000000, 0.000000000000000000, -1.000000000000000000 ) ) ;
#8658 = ORIENTED_EDGE ( 'NONE', *, *, #238, .F. ) ;
#8659 = PLANE ( 'NONE',  #3702 ) ;
#8660 = PLANE ( 'NONE',  #4656 ) ;
#8661 = CARTESIAN_POINT ( 'NONE',  ( -0.5350000000000000311, 1.239999999999999991, 0.5300000000000001377 ) ) ;
#8662 = DIRECTION ( 'NONE',  ( 0.000000000000000000, -0.000000000000000000, -1.000000000000000000 ) ) ;
#8663 = CARTESIAN_POINT ( 'NONE',  ( -0.5999999999999999778, -1.600000000000000089, 0.5200000000000000178 ) ) ;
#8664 = PLANE ( 'NONE',  #10021 ) ;
#8665 = ORIENTED_EDGE ( 'NONE', *, *, #10953, .F. ) ;
#8666 = CARTESIAN_POINT ( 'NONE',  ( -0.5999999999999999778, 0.04949999999999997458, 0.01000000000000000021 ) ) ;
#8667 = EDGE_CURVE ( 'NONE', #1611, #2008, #7250, .T. ) ;
#8668 = CARTESIAN_POINT ( 'NONE',  ( 0.5350000000000000311, -1.600000000000000089, 0.5200000000000000178 ) ) ;
#8669 = ORIENTED_EDGE ( 'NONE', *, *, #3874, .F. ) ;
#8670 = PLANE ( 'NONE',  #4424 ) ;
#8671 = EDGE_CURVE ( 'NONE', #8234, #6619, #4752, .T. ) ;
#8672 = PLANE ( 'NONE',  #5574 ) ;
#8673 = VECTOR ( 'NONE', #5420, 1000.000000000000000 ) ;
#8674 = AXIS2_PLACEMENT_3D ( 'NONE', #1300, #472, #2952 ) ;
#8675 = EDGE_CURVE ( 'NONE', #480, #2410, #2213, .T. ) ;
#8676 = ORIENTED_EDGE ( 'NONE', *, *, #7595, .T. ) ;
#8677 = DIRECTION ( 'NONE',  ( 1.000000000000000000, 0.000000000000000000, 0.000000000000000000 ) ) ;
#8678 = ORIENTED_EDGE ( 'NONE', *, *, #7334, .T. ) ;
#8679 = EDGE_LOOP ( 'NONE', ( #6419, #4994, #9333, #8081 ) ) ;
#8680 = VECTOR ( 'NONE', #2068, 1000.000000000000000 ) ;
#8681 = ORIENTED_EDGE ( 'NONE', *, *, #4796, .F. ) ;
#8682 = LINE ( 'NONE', #1150, #2464 ) ;
#8683 = CARTESIAN_POINT ( 'NONE',  ( -0.07499999999999999722, 0.000000000000000000, 0.001000000000000000021 ) ) ;
#8684 = PRESENTATION_STYLE_ASSIGNMENT (( #3474 ) ) ;
#8685 = DIRECTION ( 'NONE',  ( 1.084202172485500095E-15, -1.000000000000000000, 0.000000000000000000 ) ) ;
#8686 = ORIENTED_EDGE ( 'NONE', *, *, #1464, .T. ) ;
#8687 = CARTESIAN_POINT ( 'NONE',  ( 0.3599999999999999867, 0.000000000000000000, 0.001000000000000000021 ) ) ;
#8688 = ORIENTED_EDGE ( 'NONE', *, *, #4349, .T. ) ;
#8689 = CARTESIAN_POINT ( 'NONE',  ( -0.1499999999999999944, -0.5999999999999999778, 0.01000000000000000021 ) ) ;
#8690 = VECTOR ( 'NONE', #6844, 1000.000000000000000 ) ;
#8691 = CARTESIAN_POINT ( 'NONE',  ( 0.2100000000000000200, 0.000000000000000000, 0.001000000000000000021 ) ) ;
#8692 = DIRECTION ( 'NONE',  ( 1.807744701332710101E-16, 1.000000000000000000, 0.000000000000000000 ) ) ;
#8693 = ORIENTED_EDGE ( 'NONE', *, *, #6942, .T. ) ;
#8694 = VECTOR ( 'NONE', #10706, 1000.000000000000000 ) ;
#8695 = DIRECTION ( 'NONE',  ( 0.000000000000000000, -0.000000000000000000, 1.000000000000000000 ) ) ;
#8696 = LINE ( 'NONE', #1105, #6649 ) ;
#8697 = CARTESIAN_POINT ( 'NONE',  ( 0.5999999999999999778, -1.239999999999999769, 0.01000000000000000021 ) ) ;
#8698 = CARTESIAN_POINT ( 'NONE',  ( 0.2999999999999999334, 1.489999999999999991, 0.000000000000000000 ) ) ;
#8699 = UNCERTAINTY_MEASURE_WITH_UNIT (LENGTH_MEASURE( 1.000000000000000082E-05 ), #1587, 'distance_accuracy_value', 'NONE');
#8700 = MECHANICAL_DESIGN_GEOMETRIC_PRESENTATION_REPRESENTATION (  '', ( #4098 ), #729 ) ;
#8701 = ORIENTED_EDGE ( 'NONE', *, *, #8866, .F. ) ;
#8702 = FILL_AREA_STYLE ('',( #6146 ) ) ;
#8703 = ORIENTED_EDGE ( 'NONE', *, *, #2070, .F. ) ;
#8704 = VECTOR ( 'NONE', #6251, 1000.000000000000000 ) ;
#8705 = CARTESIAN_POINT ( 'NONE',  ( 0.5999999999999999778, -0.6971625444288770401, 0.5300000000000001377 ) ) ;
#8706 = CARTESIAN_POINT ( 'NONE',  ( 0.5999999999999999778, -0.6999999999999999556, 0.005000000000000000104 ) ) ;
#8707 = EDGE_LOOP ( 'NONE', ( #376, #10285, #2423, #5591 ) ) ;
#8708 = DIRECTION ( 'NONE',  ( 1.000000000000000000, 0.000000000000000000, 0.000000000000000000 ) ) ;
#8709 = FACE_OUTER_BOUND ( 'NONE', #5426, .T. ) ;
#8710 = LINE ( 'NONE', #7933, #5977 ) ;
#8711 = DIRECTION ( 'NONE',  ( -1.000000000000000000, -0.000000000000000000, 0.000000000000000000 ) ) ;
#8712 = CARTESIAN_POINT ( 'NONE',  ( -0.1218411998642919963, -0.1818411998642920357, 0.5300000000000001377 ) ) ;
#8713 = DIRECTION ( 'NONE',  ( -0.000000000000000000, 0.000000000000000000, 1.000000000000000000 ) ) ;
#8714 = EDGE_LOOP ( 'NONE', ( #5957, #1062, #3362, #3328 ) ) ;
#8715 = LINE ( 'NONE', #3662, #10149 ) ;
#8716 = PRESENTATION_LAYER_ASSIGNMENT (  '', '', ( #4720 ) ) ;
#8717 = DIRECTION ( 'NONE',  ( 0.000000000000000000, 0.000000000000000000, -1.000000000000000000 ) ) ;
#8718 = VECTOR ( 'NONE', #5107, 1000.000000000000000 ) ;
#8719 = DIRECTION ( 'NONE',  ( 0.000000000000000000, 0.000000000000000000, -1.000000000000000000 ) ) ;
#8720 = VERTEX_POINT ( 'NONE', #3745 ) ;
#8721 = DIRECTION ( 'NONE',  ( 0.000000000000000000, 0.000000000000000000, -1.000000000000000000 ) ) ;
#8722 = CARTESIAN_POINT ( 'NONE',  ( -0.5999999999999999778, -1.600000000000000089, 0.5200000000000000178 ) ) ;
#8723 = AXIS2_PLACEMENT_3D ( 'NONE', #1945, #5425, #3487 ) ;
#8724 = DIRECTION ( 'NONE',  ( 1.000000000000000000, 0.000000000000000000, 0.000000000000000000 ) ) ;
#8725 = EDGE_LOOP ( 'NONE', ( #2167, #1416, #7376, #1164 ) ) ;
#8726 = EDGE_LOOP ( 'NONE', ( #424, #2847, #5907, #10592 ) ) ;
#8727 = ORIENTED_EDGE ( 'NONE', *, *, #1972, .T. ) ;
#8728 = EDGE_CURVE ( 'NONE', #5643, #6794, #4535, .T. ) ;
#8729 = DIRECTION ( 'NONE',  ( -0.000000000000000000, 0.000000000000000000, -1.000000000000000000 ) ) ;
#8730 = VECTOR ( 'NONE', #165, 1000.000000000000227 ) ;
#8731 = ORIENTED_EDGE ( 'NONE', *, *, #7134, .F. ) ;
#8732 = DIRECTION ( 'NONE',  ( 1.000000000000000000, -1.807003620809169948E-16, 0.000000000000000000 ) ) ;
#8733 = CLOSED_SHELL ( 'NONE', ( #2201, #2387, #6321, #2989, #8404, #4366, #705, #1218, #5376, #8122, #8528, #6561, #8077, #886, #4873, #143, #71, #9012, #4089, #9623, #8838, #7745, #7047, #5847, #4201, #10707, #3135, #2865, #10598, #8496, #4034, #8613, #2718, #2963, #9493, #3732, #7945, #10719, #279, #1704, #4900, #10228, #4281, #4176, #5074, #10257, #6159, #10264, #1766, #307, #9071, #6085, #7930, #6805 ) ) ;
#8734 = DIRECTION ( 'NONE',  ( -1.042502088928370027E-16, -1.000000000000000000, -0.000000000000000000 ) ) ;
#8735 =( NAMED_UNIT ( * ) PLANE_ANGLE_UNIT ( ) SI_UNIT ( $, .RADIAN. ) );
#8736 = VERTEX_POINT ( 'NONE', #540 ) ;
#8737 =( NAMED_UNIT ( * ) PLANE_ANGLE_UNIT ( ) SI_UNIT ( $, .RADIAN. ) );
#8738 = PRESENTATION_STYLE_ASSIGNMENT (( #7909 ) ) ;
#8739 = ORIENTED_EDGE ( 'NONE', *, *, #10418, .T. ) ;
#8740 = ADVANCED_FACE ( 'NONE', ( #2156 ), #4704, .F. ) ;
#8741 = UNCERTAINTY_MEASURE_WITH_UNIT (LENGTH_MEASURE( 1.000000000000000082E-05 ), #6253, 'distance_accuracy_value', 'NONE');
#8742 = DIRECTION ( 'NONE',  ( 0.000000000000000000, 0.000000000000000000, 1.000000000000000000 ) ) ;
#8743 = EDGE_CURVE ( 'NONE', #6122, #7539, #1161, .T. ) ;
#8744 = LINE ( 'NONE', #4643, #4631 ) ;
#8745 = AXIS2_PLACEMENT_3D ( 'NONE', #4409, #7785, #3564 ) ;
#8746 = CARTESIAN_POINT ( 'NONE',  ( -0.1499999999999999944, 1.499754031465950099, 0.01000000000000000021 ) ) ;
#8747 = VERTEX_POINT ( 'NONE', #3804 ) ;
#8748 = CARTESIAN_POINT ( 'NONE',  ( 0.5350000000000000311, -1.239999999999999991, 0.7900000000000000355 ) ) ;
#8749 = DIRECTION ( 'NONE',  ( 0.000000000000000000, -0.000000000000000000, -1.000000000000000000 ) ) ;
#8750 = CARTESIAN_POINT ( 'NONE',  ( 0.5999999999999999778, 0.6999999999999999556, 0.001000000000000000021 ) ) ;
#8751 = LINE ( 'NONE', #4329, #3243 ) ;
#8752 = ORIENTED_EDGE ( 'NONE', *, *, #7355, .F. ) ;
#8753 = CARTESIAN_POINT ( 'NONE',  ( -0.5999999999999999778, 1.399999999999999911, 0.5200000000000000178 ) ) ;
#8754 = AXIS2_PLACEMENT_3D ( 'NONE', #4725, #8934, #3949 ) ;
#8755 = ORIENTED_EDGE ( 'NONE', *, *, #309, .T. ) ;
#8756 = ORIENTED_EDGE ( 'NONE', *, *, #9990, .F. ) ;
#8757 = VERTEX_POINT ( 'NONE', #1375 ) ;
#8758 = DIRECTION ( 'NONE',  ( 0.000000000000000000, 0.000000000000000000, -1.000000000000000000 ) ) ;
#8759 = CARTESIAN_POINT ( 'NONE',  ( 0.5999999999999999778, 1.100000000000000089, 0.001000000000000000021 ) ) ;
#8760 = VERTEX_POINT ( 'NONE', #8125 ) ;
#8761 = VECTOR ( 'NONE', #7480, 1000.000000000000000 ) ;
#8762 = ADVANCED_FACE ( 'NONE', ( #7203 ), #6468, .T. ) ;
#8763 = EDGE_CURVE ( 'NONE', #5999, #10378, #7967, .T. ) ;
#8764 = DIRECTION ( 'NONE',  ( 0.000000000000000000, 1.000000000000000000, 0.000000000000000000 ) ) ;
#8765 = CARTESIAN_POINT ( 'NONE',  ( -0.5961306949927850374, -1.600000000000000089, 0.000000000000000000 ) ) ;
#8766 = VECTOR ( 'NONE', #7999, 1000.000000000000000 ) ;
#8767 = STYLED_ITEM ( 'NONE', ( #10115 ), #5376 ) ;
#8768 = ADVANCED_FACE ( 'NONE', ( #9689 ), #7309, .T. ) ;
#8769 = DIRECTION ( 'NONE',  ( 0.000000000000000000, 0.000000000000000000, 1.000000000000000000 ) ) ;
#8770 = DIRECTION ( 'NONE',  ( -1.042502088928370027E-16, -1.000000000000000000, 0.000000000000000000 ) ) ;
#8771 = DIRECTION ( 'NONE',  ( 1.000000000000000000, 0.000000000000000000, -0.000000000000000000 ) ) ;
#8772 = ORIENTED_EDGE ( 'NONE', *, *, #4210, .F. ) ;
#8773 = CARTESIAN_POINT ( 'NONE',  ( 0.5350000000000000311, 1.102908420521089949, 0.5300000000000001377 ) ) ;
#8774 = DIRECTION ( 'NONE',  ( 0.000000000000000000, -0.000000000000000000, 1.000000000000000000 ) ) ;
#8775 = AXIS2_PLACEMENT_3D ( 'NONE', #9107, #6493, #10935 ) ;
#8776 = LINE ( 'NONE', #9041, #8694 ) ;
#8777 = VERTEX_POINT ( 'NONE', #8914 ) ;
#8778 = FACE_OUTER_BOUND ( 'NONE', #9823, .T. ) ;
#8779 = LINE ( 'NONE', #7290, #1274 ) ;
#8780 = MECHANICAL_DESIGN_GEOMETRIC_PRESENTATION_REPRESENTATION (  '', ( #5240 ), #6298 ) ;
#8781 = SURFACE_STYLE_USAGE ( .BOTH. , #146 ) ;
#8782 = ORIENTED_EDGE ( 'NONE', *, *, #5211, .F. ) ;
#8783 = VERTEX_POINT ( 'NONE', #10522 ) ;
#8784 = ORIENTED_EDGE ( 'NONE', *, *, #4530, .F. ) ;
#8785 = LINE ( 'NONE', #425, #4251 ) ;
#8786 = ORIENTED_EDGE ( 'NONE', *, *, #10093, .F. ) ;
#8787 = FACE_OUTER_BOUND ( 'NONE', #606, .T. ) ;
#8788 = CARTESIAN_POINT ( 'NONE',  ( 0.5350000000000000311, -1.600000000000000089, 0.8000000000000000444 ) ) ;
#8789 = FILL_AREA_STYLE_COLOUR ( '', #10312 ) ;
#8790 = ORIENTED_EDGE ( 'NONE', *, *, #7683, .F. ) ;
#8791 = CARTESIAN_POINT ( 'NONE',  ( 0.5961306949927850374, 0.9000000000000001332, 0.01000000000000000021 ) ) ;
#8792 = EDGE_CURVE ( 'NONE', #1868, #4956, #3091, .T. ) ;
#8793 = CARTESIAN_POINT ( 'NONE',  ( 0.5818411998642911698, 5.421010862427519705E-17, -1.084202172485504434E-16 ) ) ;
#8794 = ORIENTED_EDGE ( 'NONE', *, *, #1423, .F. ) ;
#8795 = FACE_OUTER_BOUND ( 'NONE', #7362, .T. ) ;
#8796 = VECTOR ( 'NONE', #3151, 1000.000000000000000 ) ;
#8797 = CARTESIAN_POINT ( 'NONE',  ( -0.5999999999999999778, 0.04999999999999989175, 0.7900000000000000355 ) ) ;
#8798 = CARTESIAN_POINT ( 'NONE',  ( 0.3197770700636930474, 0.5999999999999999778, 0.5200000000000000178 ) ) ;
#8799 = ORIENTED_EDGE ( 'NONE', *, *, #3873, .T. ) ;
#8800 = DIRECTION ( 'NONE',  ( -0.000000000000000000, -0.000000000000000000, -1.000000000000000000 ) ) ;
#8801 = EDGE_CURVE ( 'NONE', #8905, #7940, #5361, .T. ) ;
#8802 = SURFACE_STYLE_USAGE ( .BOTH. , #8023 ) ;
#8803 = SURFACE_STYLE_USAGE ( .BOTH. , #6357 ) ;
#8804 = DIRECTION ( 'NONE',  ( -0.000000000000000000, -0.000000000000000000, -1.000000000000000000 ) ) ;
#8805 = EDGE_CURVE ( 'NONE', #5726, #7499, #1993, .T. ) ;
#8806 = EDGE_LOOP ( 'NONE', ( #1599, #7915, #6569, #1437, #10392, #5066, #4313, #10354, #8110, #3153 ) ) ;
#8807 = PLANE ( 'NONE',  #3978 ) ;
#8808 = ADVANCED_FACE ( 'NONE', ( #1320 ), #6299, .F. ) ;
#8809 = EDGE_LOOP ( 'NONE', ( #873, #6105, #989, #5661 ) ) ;
#8810 = EDGE_LOOP ( 'NONE', ( #6349, #7556, #15, #3757 ) ) ;
#8811 = FACE_OUTER_BOUND ( 'NONE', #5518, .T. ) ;
#8812 = DIRECTION ( 'NONE',  ( 0.000000000000000000, 1.000000000000000000, 0.000000000000000000 ) ) ;
#8813 = LINE ( 'NONE', #1390, #111 ) ;
#8814 = VERTEX_POINT ( 'NONE', #1427 ) ;
#8815 = AXIS2_PLACEMENT_3D ( 'NONE', #8661, #2620, #1127 ) ;
#8816 = DIRECTION ( 'NONE',  ( 1.000000000000000000, 0.000000000000000000, -0.000000000000000000 ) ) ;
#8817 = CARTESIAN_POINT ( 'NONE',  ( 0.07499999999999998335, 1.098486643203810065, 0.5300000000000001377 ) ) ;
#8818 = CARTESIAN_POINT ( 'NONE',  ( -0.5350000000000000311, 1.098486643203810065, 0.5300000000000001377 ) ) ;
#8819 = LINE ( 'NONE', #3948, #6999 ) ;
#8820 = CARTESIAN_POINT ( 'NONE',  ( 0.5350000000000000311, 1.102908420521089949, 0.5300000000000001377 ) ) ;
#8821 = CARTESIAN_POINT ( 'NONE',  ( 0.3197770700636939911, 0.6000000000000000888, 0.01000000000000000021 ) ) ;
#8822 = ORIENTED_EDGE ( 'NONE', *, *, #5485, .T. ) ;
#8823 = CARTESIAN_POINT ( 'NONE',  ( 0.2925934069883829869, 1.600000000000000089, 0.01000000000000000021 ) ) ;
#8824 = CARTESIAN_POINT ( 'NONE',  ( -0.07500000000000006661, 1.100000000000000089, 0.001000000000000000021 ) ) ;
#8825 = EDGE_CURVE ( 'NONE', #10515, #5698, #4804, .T. ) ;
#8826 = ORIENTED_EDGE ( 'NONE', *, *, #10561, .T. ) ;
#8827 = DIRECTION ( 'NONE',  ( 0.000000000000000000, 0.000000000000000000, 1.000000000000000000 ) ) ;
#8828 = CARTESIAN_POINT ( 'NONE',  ( 0.6000000000000000888, 0.04949999999999999539, 0.000000000000000000 ) ) ;
#8829 = STYLED_ITEM ( 'NONE', ( #5654 ), #391 ) ;
#8830 = APPLICATION_PROTOCOL_DEFINITION ( 'draft international standard', 'automotive_design', 1998, #10957 ) ;
#8831 = LINE ( 'NONE', #9062, #56 ) ;
#8832 = VERTEX_POINT ( 'NONE', #5633 ) ;
#8833 = ORIENTED_EDGE ( 'NONE', *, *, #7828, .F. ) ;
#8834 = VERTEX_POINT ( 'NONE', #596 ) ;
#8835 = CARTESIAN_POINT ( 'NONE',  ( -0.5350000000000000311, 1.239999999999999991, 0.005000000000000000104 ) ) ;
#8836 = VECTOR ( 'NONE', #10190, 1000.000000000000000 ) ;
#8837 = ORIENTED_EDGE ( 'NONE', *, *, #1027, .F. ) ;
#8838 = ADVANCED_FACE ( 'NONE', ( #8243 ), #6573, .F. ) ;
#8839 = PRESENTATION_STYLE_ASSIGNMENT (( #9678 ) ) ;
#8840 = CARTESIAN_POINT ( 'NONE',  ( 0.000000000000000000, -0.5999999999999999778, 0.5200000000000000178 ) ) ;
#8841 = LINE ( 'NONE', #5573, #2870 ) ;
#8842 = ORIENTED_EDGE ( 'NONE', *, *, #3197, .T. ) ;
#8843 = CARTESIAN_POINT ( 'NONE',  ( -0.2999999999999999889, 1.489999999999999991, 0.000000000000000000 ) ) ;
#8844 = DIRECTION ( 'NONE',  ( -1.000000000000000000, -2.710505431213769960E-16, 0.000000000000000000 ) ) ;
#8845 = EDGE_LOOP ( 'NONE', ( #5700, #883, #4974, #1405 ) ) ;
#8846 =( GEOMETRIC_REPRESENTATION_CONTEXT ( 3 ) GLOBAL_UNCERTAINTY_ASSIGNED_CONTEXT ( ( #7749 ) ) GLOBAL_UNIT_ASSIGNED_CONTEXT ( ( #4790, #745, #7515 ) ) REPRESENTATION_CONTEXT ( 'NONE', 'WORKASPACE' ) );
#8847 = UNCERTAINTY_MEASURE_WITH_UNIT (LENGTH_MEASURE( 1.000000000000000082E-05 ), #10884, 'distance_accuracy_value', 'NONE');
#8848 = VECTOR ( 'NONE', #5941, 1000.000000000000000 ) ;
#8849 = CARTESIAN_POINT ( 'NONE',  ( 0.2999999999999999889, 1.489999999999999991, 0.01000000000000000021 ) ) ;
#8850 = DIRECTION ( 'NONE',  ( 0.000000000000000000, 0.000000000000000000, -1.000000000000000000 ) ) ;
#8851 =( LENGTH_UNIT ( ) NAMED_UNIT ( * ) SI_UNIT ( .MILLI., .METRE. ) );
#8852 = ORIENTED_EDGE ( 'NONE', *, *, #293, .F. ) ;
#8853 = LINE ( 'NONE', #6412, #5513 ) ;
#8854 = PRESENTATION_STYLE_ASSIGNMENT (( #8802 ) ) ;
#8855 = CARTESIAN_POINT ( 'NONE',  ( 0.5999999999999999778, 1.600000000000000089, 0.000000000000000000 ) ) ;
#8856 = CARTESIAN_POINT ( 'NONE',  ( 0.2952229299363050563, -0.6400000000000000133, 0.5300000000000001377 ) ) ;
#8857 = VERTEX_POINT ( 'NONE', #4036 ) ;
#8858 = CARTESIAN_POINT ( 'NONE',  ( -0.5999999999999999778, 0.04950000000000000233, 0.01000000000000000021 ) ) ;
#8859 = ORIENTED_EDGE ( 'NONE', *, *, #5468, .F. ) ;
#8860 = EDGE_LOOP ( 'NONE', ( #6745, #1421, #4403, #2158 ) ) ;
#8861 = VECTOR ( 'NONE', #3126, 1000.000000000000000 ) ;
#8862 = ADVANCED_FACE ( 'NONE', ( #1486 ), #3977, .F. ) ;
#8863 = CARTESIAN_POINT ( 'NONE',  ( -0.2999999999999999334, 1.489999999999999991, 0.01000000000000000021 ) ) ;
#8864 = AXIS2_PLACEMENT_3D ( 'NONE', #9028, #4708, #6302 ) ;
#8865 = FACE_OUTER_BOUND ( 'NONE', #5621, .T. ) ;
#8866 = EDGE_CURVE ( 'NONE', #8136, #4517, #8348, .T. ) ;
#8867 = ORIENTED_EDGE ( 'NONE', *, *, #10376, .T. ) ;
#8868 = ADVANCED_FACE ( 'NONE', ( #8187 ), #10745, .T. ) ;
#8869 = COLOUR_RGB ( '',0.3921568627450980338, 0.5999999999999999778, 0.3921568627450980338 ) ;
#8870 = LINE ( 'NONE', #1285, #5846 ) ;
#8871 = LINE ( 'NONE', #5655, #3572 ) ;
#8872 = DIRECTION ( 'NONE',  ( 1.000000000000000000, -0.000000000000000000, 0.000000000000000000 ) ) ;
#8874 = VECTOR ( 'NONE', #4262, 1000.000000000000000 ) ;
#8873 = CARTESIAN_POINT ( 'NONE',  ( -0.4000000000000000222, 0.02000000000000000042, 0.005000000000000000104 ) ) ;
#8875 = LINE ( 'NONE', #9602, #6094 ) ;
#8876 = ORIENTED_EDGE ( 'NONE', *, *, #2066, .F. ) ;
#8877 = DIRECTION ( 'NONE',  ( -0.000000000000000000, -0.000000000000000000, 1.000000000000000000 ) ) ;
#8878 = ORIENTED_EDGE ( 'NONE', *, *, #7956, .F. ) ;
#8879 = AXIS2_PLACEMENT_3D ( 'NONE', #10796, #7470, #9853 ) ;
#8880 = PRODUCT_DEFINITION ( 'UNKNOWN', '', #2214, #3593 ) ;
#8881 = FILL_AREA_STYLE ('',( #4013 ) ) ;
#8882 = VECTOR ( 'NONE', #493, 1000.000000000000000 ) ;
#8883 = EDGE_CURVE ( 'NONE', #4200, #7840, #6631, .T. ) ;
#8884 = VERTEX_POINT ( 'NONE', #9187 ) ;
#8885 = ADVANCED_FACE ( 'NONE', ( #2268 ), #7367, .F. ) ;
#8886 = DIRECTION ( 'NONE',  ( 1.000000000000000000, 0.000000000000000000, 0.000000000000000000 ) ) ;
#8887 = PLANE ( 'NONE',  #9358 ) ;
#8888 = AXIS2_PLACEMENT_3D ( 'NONE', #2674, #4505, #5995 ) ;
#8889 = SHAPE_DEFINITION_REPRESENTATION ( #5321, #2856 ) ;
#8890 = APPLICATION_CONTEXT ( 'automotive_design' ) ;
#8891 = FACE_OUTER_BOUND ( 'NONE', #9579, .T. ) ;
#8892 = EDGE_LOOP ( 'NONE', ( #10808, #9560, #9673, #10031 ) ) ;
#8893 = ORIENTED_EDGE ( 'NONE', *, *, #5335, .T. ) ;
#8894 = VECTOR ( 'NONE', #2517, 1000.000000000000000 ) ;
#8895 = EDGE_CURVE ( 'NONE', #3909, #9851, #8779, .T. ) ;
#8896 = VERTEX_POINT ( 'NONE', #10502 ) ;
#8897 = CARTESIAN_POINT ( 'NONE',  ( -0.4000000000000000222, -0.1799999999999999933, 0.005000000000000000104 ) ) ;
#8898 = VECTOR ( 'NONE', #8272, 1000.000000000000000 ) ;
#8899 = ORIENTED_EDGE ( 'NONE', *, *, #2986, .F. ) ;
#8900 = STYLED_ITEM ( 'NONE', ( #5942 ), #9089 ) ;
#8901 = EDGE_CURVE ( 'NONE', #5904, #2123, #7348, .T. ) ;
#8902 = FACE_OUTER_BOUND ( 'NONE', #8988, .T. ) ;
#8903 = CARTESIAN_POINT ( 'NONE',  ( -0.5350000000000000311, 1.243863872159709949, 0.01000000000000000021 ) ) ;
#8904 = CARTESIAN_POINT ( 'NONE',  ( -0.2399563975748850164, 1.600000000000000089, 0.01000000000000000021 ) ) ;
#8905 = VERTEX_POINT ( 'NONE', #4786 ) ;
#8906 =( LENGTH_UNIT ( ) NAMED_UNIT ( * ) SI_UNIT ( .MILLI., .METRE. ) );
#8907 = ADVANCED_FACE ( 'NONE', ( #1355 ), #5506, .F. ) ;
#8908 = DIRECTION ( 'NONE',  ( -0.000000000000000000, -0.000000000000000000, -1.000000000000000000 ) ) ;
#8909 = PRESENTATION_STYLE_ASSIGNMENT (( #5739 ) ) ;
#8910 = ORIENTED_EDGE ( 'NONE', *, *, #1027, .T. ) ;
#8911 = AXIS2_PLACEMENT_3D ( 'NONE', #9369, #1765, #1715 ) ;
#8912 = LINE ( 'NONE', #3803, #9244 ) ;
#8913 = AXIS2_PLACEMENT_3D ( 'NONE', #388, #3926, #10752 ) ;
#8914 = CARTESIAN_POINT ( 'NONE',  ( -0.3002762822146826105, 1.499754031465949655, 0.01000000000000000021 ) ) ;
#8915 = CARTESIAN_POINT ( 'NONE',  ( 0.2068411998642920024, -0.03184119986429190252, 0.5200000000000000178 ) ) ;
#8916 = VERTEX_POINT ( 'NONE', #419 ) ;
#8917 = FACE_OUTER_BOUND ( 'NONE', #10317, .T. ) ;
#8918 = VECTOR ( 'NONE', #6017, 1000.000000000000000 ) ;
#8919 = CARTESIAN_POINT ( 'NONE',  ( 0.5999999999999999778, 0.6999999999999999556, 0.005000000000000000104 ) ) ;
#8920 = LINE ( 'NONE', #2330, #3765 ) ;
#8921 = ORIENTED_EDGE ( 'NONE', *, *, #8281, .T. ) ;
#8922 = VERTEX_POINT ( 'NONE', #2135 ) ;
#8923 = EDGE_LOOP ( 'NONE', ( #2951, #2919, #845, #7924 ) ) ;
#8924 = LINE ( 'NONE', #2987, #5184 ) ;
#8925 = CARTESIAN_POINT ( 'NONE',  ( 0.2924999999999999822, 1.600000000000000089, 0.7900000000000000355 ) ) ;
#8926 = DIRECTION ( 'NONE',  ( 0.000000000000000000, 0.000000000000000000, 1.000000000000000000 ) ) ;
#8927 = VERTEX_POINT ( 'NONE', #582 ) ;
#8928 = CARTESIAN_POINT ( 'NONE',  ( 0.1500000000000002165, -0.5999999999999999778, 0.01000000000000000021 ) ) ;
#8929 = AXIS2_PLACEMENT_3D ( 'NONE', #145, #6060, #8677 ) ;
#8930 = CARTESIAN_POINT ( 'NONE',  ( 0.5999999999999999778, -1.600000000000000089, 0.7900000000000000355 ) ) ;
#8931 = LINE ( 'NONE', #8151, #10775 ) ;
#8932 = DIRECTION ( 'NONE',  ( -1.000000000000000000, 1.129377263005729923E-16, -0.000000000000000000 ) ) ;
#8933 = EDGE_CURVE ( 'NONE', #100, #1977, #9722, .T. ) ;
#8934 = DIRECTION ( 'NONE',  ( 0.000000000000000000, -1.000000000000000000, 0.000000000000000000 ) ) ;
#8935 = VERTEX_POINT ( 'NONE', #8052 ) ;
#8936 = CARTESIAN_POINT ( 'NONE',  ( -0.5999999999999999778, 1.399999999999999911, 0.5200000000000000178 ) ) ;
#8937 = ORIENTED_EDGE ( 'NONE', *, *, #6242, .F. ) ;
#8938 = ADVANCED_FACE ( 'NONE', ( #6506 ), #6389, .F. ) ;
#8939 = DIRECTION ( 'NONE',  ( -0.000000000000000000, -0.000000000000000000, 1.000000000000000000 ) ) ;
#8940 = DIRECTION ( 'NONE',  ( 0.000000000000000000, -0.000000000000000000, -1.000000000000000000 ) ) ;
#8941 = AXIS2_PLACEMENT_3D ( 'NONE', #9049, #1453, #8213 ) ;
#8942 = VECTOR ( 'NONE', #9836, 1000.000000000000000 ) ;
#8943 = MECHANICAL_DESIGN_GEOMETRIC_PRESENTATION_REPRESENTATION (  '', ( #8767 ), #6099 ) ;
#8944 = EDGE_LOOP ( 'NONE', ( #1713, #4059, #4902, #2985 ) ) ;
#8945 = FACE_OUTER_BOUND ( 'NONE', #10629, .T. ) ;
#8946 = EDGE_CURVE ( 'NONE', #8927, #3806, #9889, .T. ) ;
#8947 = LINE ( 'NONE', #8166, #8766 ) ;
#8948 = VECTOR ( 'NONE', #6912, 1000.000000000000000 ) ;
#8949 = ADVANCED_FACE ( 'NONE', ( #8168 ), #793, .F. ) ;
#8950 = DIRECTION ( 'NONE',  ( -1.000000000000000000, 8.260587980841929905E-16, 0.000000000000000000 ) ) ;
#8951 = DIRECTION ( 'NONE',  ( 0.000000000000000000, 0.000000000000000000, 1.000000000000000000 ) ) ;
#8952 =( LENGTH_UNIT ( ) NAMED_UNIT ( * ) SI_UNIT ( .MILLI., .METRE. ) );
#8953 = ORIENTED_EDGE ( 'NONE', *, *, #8792, .T. ) ;
#8954 =( GEOMETRIC_REPRESENTATION_CONTEXT ( 3 ) GLOBAL_UNCERTAINTY_ASSIGNED_CONTEXT ( ( #991 ) ) GLOBAL_UNIT_ASSIGNED_CONTEXT ( ( #3502, #5327, #6158 ) ) REPRESENTATION_CONTEXT ( 'NONE', 'WORKASPACE' ) );
#8955 = DIRECTION ( 'NONE',  ( 0.000000000000000000, 0.000000000000000000, -1.000000000000000000 ) ) ;
#8956 = ORIENTED_EDGE ( 'NONE', *, *, #10532, .F. ) ;
#8957 = EDGE_CURVE ( 'NONE', #1564, #8136, #3451, .T. ) ;
#8958 = COLOUR_RGB ( '',0.8705882352941176627, 0.6313725490196078205, 0.1725490196078431349 ) ;
#8959 = EDGE_CURVE ( 'NONE', #2028, #900, #5834, .T. ) ;
#8960 = CARTESIAN_POINT ( 'NONE',  ( -0.1218411998642920102, -0.1818411998642920357, 0.5300000000000001377 ) ) ;
#8961 = CARTESIAN_POINT ( 'NONE',  ( 0.000000000000000000, 1.600000000000000089, 0.001000000000000000021 ) ) ;
#8962 = FILL_AREA_STYLE_COLOUR ( '', #10843 ) ;
#8963 = ORIENTED_EDGE ( 'NONE', *, *, #6712, .T. ) ;
#8964 =( NAMED_UNIT ( * ) PLANE_ANGLE_UNIT ( ) SI_UNIT ( $, .RADIAN. ) );
#8965 = VERTEX_POINT ( 'NONE', #7668 ) ;
#8966 = ORIENTED_EDGE ( 'NONE', *, *, #9101, .F. ) ;
#8967 = UNCERTAINTY_MEASURE_WITH_UNIT (LENGTH_MEASURE( 1.000000000000000082E-05 ), #8572, 'distance_accuracy_value', 'NONE');
#8968 = DIRECTION ( 'NONE',  ( -3.820976819332179938E-16, 1.000000000000000000, 0.000000000000000000 ) ) ;
#8969 = ADVANCED_FACE ( 'NONE', ( #6836 ), #2412, .T. ) ;
#8970 = DIRECTION ( 'NONE',  ( 1.000000000000000000, 0.000000000000000000, 0.000000000000000000 ) ) ;
#8971 = PRESENTATION_STYLE_ASSIGNMENT (( #4644 ) ) ;
#8972 = VERTEX_POINT ( 'NONE', #2462 ) ;
#8973 = EDGE_CURVE ( 'NONE', #777, #4806, #5990, .T. ) ;
#8974 = LINE ( 'NONE', #4755, #3032 ) ;
#8975 = EDGE_CURVE ( 'NONE', #8857, #2410, #4120, .T. ) ;
#8976 = DIRECTION ( 'NONE',  ( -1.000000000000000000, 0.000000000000000000, 0.000000000000000000 ) ) ;
#8977 = FACE_OUTER_BOUND ( 'NONE', #4747, .T. ) ;
#8978 = DIRECTION ( 'NONE',  ( 1.000000000000000000, -0.000000000000000000, 0.000000000000000000 ) ) ;
#8979 = ORIENTED_EDGE ( 'NONE', *, *, #2651, .F. ) ;
#8980 = DIRECTION ( 'NONE',  ( 1.000000000000000000, 0.000000000000000000, -0.000000000000000000 ) ) ;
#8981 = ORIENTED_EDGE ( 'NONE', *, *, #2445, .F. ) ;
#8982 = ORIENTED_EDGE ( 'NONE', *, *, #2406, .T. ) ;
#8983 = EDGE_CURVE ( 'NONE', #7628, #8253, #1683, .T. ) ;
#8984 = VECTOR ( 'NONE', #5864, 1000.000000000000000 ) ;
#8985 = LINE ( 'NONE', #5431, #7652 ) ;
#8986 = LINE ( 'NONE', #1389, #4803 ) ;
#8987 = SURFACE_STYLE_USAGE ( .BOTH. , #3763 ) ;
#8988 = EDGE_LOOP ( 'NONE', ( #4494, #3315, #9027, #5795 ) ) ;
#8989 = DIRECTION ( 'NONE',  ( -1.000000000000000000, 0.000000000000000000, 0.000000000000000000 ) ) ;
#8990 =( GEOMETRIC_REPRESENTATION_CONTEXT ( 3 ) GLOBAL_UNCERTAINTY_ASSIGNED_CONTEXT ( ( #3634 ) ) GLOBAL_UNIT_ASSIGNED_CONTEXT ( ( #1203, #7243, #10399 ) ) REPRESENTATION_CONTEXT ( 'NONE', 'WORKASPACE' ) );
#8991 = LINE ( 'NONE', #8146, #3076 ) ;
#8992 = LINE ( 'NONE', #5548, #6734 ) ;
#8993 = DIRECTION ( 'NONE',  ( 1.000000000000000000, -0.000000000000000000, 0.000000000000000000 ) ) ;
#8994 = DIRECTION ( 'NONE',  ( -1.000000000000000000, 0.000000000000000000, -0.000000000000000000 ) ) ;
#8995 = DIRECTION ( 'NONE',  ( -0.000000000000000000, -0.000000000000000000, -1.000000000000000000 ) ) ;
#8996 = EDGE_CURVE ( 'NONE', #6706, #3554, #9340, .T. ) ;
#8997 = CARTESIAN_POINT ( 'NONE',  ( 0.4649999999999999689, 0.6000000000000000888, 0.000000000000000000 ) ) ;
#8998 = ORIENTED_EDGE ( 'NONE', *, *, #5647, .F. ) ;
#8999 = DIRECTION ( 'NONE',  ( -1.000000000000000000, 0.000000000000000000, -0.000000000000000000 ) ) ;
#9000 = ORIENTED_EDGE ( 'NONE', *, *, #6771, .T. ) ;
#9001 = CARTESIAN_POINT ( 'NONE',  ( 0.5999999999999999778, 1.600000000000000089, 0.7900000000000000355 ) ) ;
#9002 = ORIENTED_EDGE ( 'NONE', *, *, #137, .F. ) ;
#9003 = EDGE_LOOP ( 'NONE', ( #3078, #7952, #10563, #9619 ) ) ;
#9004 = PLANE ( 'NONE',  #7261 ) ;
#9005 = CARTESIAN_POINT ( 'NONE',  ( 0.3002762822146829436, -1.499754031465950099, 0.000000000000000000 ) ) ;
#9006 = PRODUCT_CONTEXT ( 'NONE', #4508, 'mechanical' ) ;
#9007 = SURFACE_STYLE_USAGE ( .BOTH. , #8229 ) ;
#9008 = EDGE_CURVE ( 'NONE', #4777, #1174, #1734, .T. ) ;
#9009 = PRESENTATION_LAYER_ASSIGNMENT (  '', '', ( #3814 ) ) ;
#9010 = AXIS2_PLACEMENT_3D ( 'NONE', #5289, #3627, #8732 ) ;
#9011 = DIRECTION ( 'NONE',  ( -1.000000000000000000, -0.000000000000000000, 0.000000000000000000 ) ) ;
#9012 = ADVANCED_FACE ( 'NONE', ( #4342 ), #3394, .F. ) ;
#9013 = ORIENTED_EDGE ( 'NONE', *, *, #4224, .F. ) ;
#9014 = EDGE_CURVE ( 'NONE', #1977, #3070, #1629, .T. ) ;
#9015 = VECTOR ( 'NONE', #8343, 1000.000000000000000 ) ;
#9016 = DIRECTION ( 'NONE',  ( -1.000000000000000000, 0.000000000000000000, -0.000000000000000000 ) ) ;
#9017 =( NAMED_UNIT ( * ) SI_UNIT ( $, .STERADIAN. ) SOLID_ANGLE_UNIT ( ) );
#9018 = VERTEX_POINT ( 'NONE', #10223 ) ;
#9019 =( NAMED_UNIT ( * ) SI_UNIT ( $, .STERADIAN. ) SOLID_ANGLE_UNIT ( ) );
#9020 = DIRECTION ( 'NONE',  ( -0.000000000000000000, 0.000000000000000000, 1.000000000000000000 ) ) ;
#9021 = CARTESIAN_POINT ( 'NONE',  ( -0.5999999999999999778, 1.600000000000000089, 0.000000000000000000 ) ) ;
#9022 = ORIENTED_EDGE ( 'NONE', *, *, #7009, .T. ) ;
#9023 = ORIENTED_EDGE ( 'NONE', *, *, #4653, .F. ) ;
#9024 = DIRECTION ( 'NONE',  ( -1.000000000000000000, 0.000000000000000000, -0.000000000000000000 ) ) ;
#9025 =( NAMED_UNIT ( * ) PLANE_ANGLE_UNIT ( ) SI_UNIT ( $, .RADIAN. ) );
#9026 = CARTESIAN_POINT ( 'NONE',  ( -0.1199999999999999817, 0.01999999999999999695, 0.001000000000000000021 ) ) ;
#9027 = ORIENTED_EDGE ( 'NONE', *, *, #2449, .T. ) ;
#9028 = CARTESIAN_POINT ( 'NONE',  ( -0.5999999999999999778, -1.600000000000000089, 0.5200000000000000178 ) ) ;
#9029 = CARTESIAN_POINT ( 'NONE',  ( 0.1499999999999989952, 0.7005555010695040385, 0.5200000000000000178 ) ) ;
#9030 = LINE ( 'NONE', #6637, #3137 ) ;
#9031 = CARTESIAN_POINT ( 'NONE',  ( 0.5999999999999999778, -0.6971625444288770401, 0.5300000000000001377 ) ) ;
#9032 = EDGE_LOOP ( 'NONE', ( #2139, #6441, #10685, #9666 ) ) ;
#9033 = VECTOR ( 'NONE', #5690, 1000.000000000000000 ) ;
#9034 = CARTESIAN_POINT ( 'NONE',  ( -0.5999999999999999778, 0.9000000000000000222, 0.8000000000000000444 ) ) ;
#9035 = AXIS2_PLACEMENT_3D ( 'NONE', #7287, #9058, #4733 ) ;
#9036 = ORIENTED_EDGE ( 'NONE', *, *, #917, .F. ) ;
#9037 = ORIENTED_EDGE ( 'NONE', *, *, #6223, .F. ) ;
#9038 = DIRECTION ( 'NONE',  ( -1.000000000000000000, 0.000000000000000000, -0.000000000000000000 ) ) ;
#9039 = LINE ( 'NONE', #7217, #4356 ) ;
#9040 = ORIENTED_EDGE ( 'NONE', *, *, #8111, .T. ) ;
#9041 = CARTESIAN_POINT ( 'NONE',  ( -0.5999999999999999778, 1.500000000000000222, 0.8000000000000000444 ) ) ;
#9042 = VECTOR ( 'NONE', #6319, 1000.000000000000000 ) ;
#9043 =( NAMED_UNIT ( * ) PLANE_ANGLE_UNIT ( ) SI_UNIT ( $, .RADIAN. ) );
#9044 = DIRECTION ( 'NONE',  ( -1.000000000000000000, 0.000000000000000000, -0.000000000000000000 ) ) ;
#9045 = LINE ( 'NONE', #6320, #6959 ) ;
#9046 = AXIS2_PLACEMENT_3D ( 'NONE', #9169, #5894, #4236 ) ;
#9047 = CARTESIAN_POINT ( 'NONE',  ( 0.1500000000000000222, -1.099999999999999867, 0.000000000000000000 ) ) ;
#9048 = DIRECTION ( 'NONE',  ( -9.293161478447170157E-16, 1.000000000000000000, 0.000000000000000000 ) ) ;
#9049 = CARTESIAN_POINT ( 'NONE',  ( 0.1499999999999999944, 0.9000000000000001332, 0.7900000000000000355 ) ) ;
#9050 = ORIENTED_EDGE ( 'NONE', *, *, #9888, .T. ) ;
#9051 = LINE ( 'NONE', #6544, #4360 ) ;
#9052 = EDGE_LOOP ( 'NONE', ( #6237, #10281, #5260, #3049, #9830, #10185, #10365, #10192, #195, #10079, #6570, #6018, #2756, #1696, #3846, #8658, #628, #519, #5068, #10536, #950, #9468, #5869, #422, #2197, #9770, #2372, #3717, #4470, #1117, #6204, #8772, #4466, #5586, #1005, #5611, #9300, #2958, #9749, #4418, #8524, #8859 ) ) ;
#9053 = DIRECTION ( 'NONE',  ( -1.000000000000000000, 0.000000000000000000, -0.000000000000000000 ) ) ;
#9054 = LINE ( 'NONE', #4675, #6382 ) ;
#9055 = ORIENTED_EDGE ( 'NONE', *, *, #5148, .F. ) ;
#9056 = VECTOR ( 'NONE', #3589, 1000.000000000000000 ) ;
#9057 = EDGE_LOOP ( 'NONE', ( #5371, #10661, #2180, #7126, #842, #1731, #10391, #577, #4676 ) ) ;
#9058 = DIRECTION ( 'NONE',  ( 0.000000000000000000, 0.000000000000000000, -1.000000000000000000 ) ) ;
#9059 = DIRECTION ( 'NONE',  ( 1.000000000000000000, 0.000000000000000000, 0.000000000000000000 ) ) ;
#9060 = STYLED_ITEM ( 'NONE', ( #7488 ), #8528 ) ;
#9061 =( NAMED_UNIT ( * ) SI_UNIT ( $, .STERADIAN. ) SOLID_ANGLE_UNIT ( ) );
#9062 = CARTESIAN_POINT ( 'NONE',  ( 0.000000000000000000, -0.5999999999999999778, 0.5200000000000000178 ) ) ;
#9063 = VECTOR ( 'NONE', #1202, 1000.000000000000000 ) ;
#9064 = FACE_OUTER_BOUND ( 'NONE', #8892, .T. ) ;
#9065 = AXIS2_PLACEMENT_3D ( 'NONE', #5584, #8970, #8850 ) ;
#9066 = ORIENTED_EDGE ( 'NONE', *, *, #176, .T. ) ;
#9067 = VECTOR ( 'NONE', #9920, 1000.000000000000000 ) ;
#9068 = DIRECTION ( 'NONE',  ( 1.000000000000000000, 1.807744701332710101E-16, 0.000000000000000000 ) ) ;
#9069 = AXIS2_PLACEMENT_3D ( 'NONE', #8904, #10624, #2204 ) ;
#9070 = ORIENTED_EDGE ( 'NONE', *, *, #3079, .T. ) ;
#9071 = ADVANCED_FACE ( 'NONE', ( #10945 ), #3337, .T. ) ;
#9072 = DIRECTION ( 'NONE',  ( 0.000000000000000000, 1.000000000000000000, 0.000000000000000000 ) ) ;
#9073 = CARTESIAN_POINT ( 'NONE',  ( 0.5999999999999999778, -1.239999999999999991, 0.000000000000000000 ) ) ;
#9074 =( NAMED_UNIT ( * ) SI_UNIT ( $, .STERADIAN. ) SOLID_ANGLE_UNIT ( ) );
#9075 = ORIENTED_EDGE ( 'NONE', *, *, #10902, .F. ) ;
#9076 = ORIENTED_EDGE ( 'NONE', *, *, #7405, .F. ) ;
#9077 = LINE ( 'NONE', #10850, #9228 ) ;
#9078 = EDGE_CURVE ( 'NONE', #7826, #9876, #7718, .T. ) ;
#9079 = AXIS2_PLACEMENT_3D ( 'NONE', #6450, #2905, #10674 ) ;
#9080 = CARTESIAN_POINT ( 'NONE',  ( -0.5350000000000000311, -1.600000000000000089, 0.5200000000000000178 ) ) ;
#9081 = LINE ( 'NONE', #8245, #10619 ) ;
#9082 = VECTOR ( 'NONE', #7932, 1000.000000000000000 ) ;
#9083 = DIRECTION ( 'NONE',  ( 1.000000000000000000, -0.000000000000000000, 0.000000000000000000 ) ) ;
#9084 = LINE ( 'NONE', #9970, #5248 ) ;
#9085 = CARTESIAN_POINT ( 'NONE',  ( -0.1499999999999999944, 0.6400000000000000133, 0.01000000000000000021 ) ) ;
#9086 = AXIS2_PLACEMENT_3D ( 'NONE', #1460, #9164, #2562 ) ;
#9087 = ORIENTED_EDGE ( 'NONE', *, *, #4707, .T. ) ;
#9088 = CARTESIAN_POINT ( 'NONE',  ( 0.4650000000000000244, 0.5999999999999999778, 0.5300000000000001377 ) ) ;
#9089 = ADVANCED_FACE ( 'NONE', ( #8441 ), #849, .F. ) ;
#9090 = VERTEX_POINT ( 'NONE', #1902 ) ;
#9091 = VERTEX_POINT ( 'NONE', #2889 ) ;
#9092 = VECTOR ( 'NONE', #8804, 1000.000000000000000 ) ;
#9093 = EDGE_CURVE ( 'NONE', #5404, #5497, #8607, .T. ) ;
#9094 = CARTESIAN_POINT ( 'NONE',  ( 0.5350000000000000311, -0.9000000000000001332, 0.01000000000000000021 ) ) ;
#9095 = LINE ( 'NONE', #662, #10416 ) ;
#9096 = ORIENTED_EDGE ( 'NONE', *, *, #1530, .F. ) ;
#9097 = LINE ( 'NONE', #8261, #8163 ) ;
#9098 = FILL_AREA_STYLE ('',( #1613 ) ) ;
#9099 = DIRECTION ( 'NONE',  ( 1.000000000000000000, -0.000000000000000000, 0.000000000000000000 ) ) ;
#9100 = DIRECTION ( 'NONE',  ( 0.000000000000000000, 0.000000000000000000, -1.000000000000000000 ) ) ;
#9101 = EDGE_CURVE ( 'NONE', #7345, #5915, #1126, .T. ) ;
#9102 = CARTESIAN_POINT ( 'NONE',  ( -0.1300000000000000044, 0.4299999999999999933, 0.001000000000000000021 ) ) ;
#9103 = DIRECTION ( 'NONE',  ( -0.4788521306805730293, -0.8778955729143845810, 0.000000000000000000 ) ) ;
#9104 = LINE ( 'NONE', #9821, #4688 ) ;
#9105 = CLOSED_SHELL ( 'NONE', ( #3346, #5747, #1557, #5168, #5054, #8969 ) ) ;
#9106 = ORIENTED_EDGE ( 'NONE', *, *, #10916, .F. ) ;
#9107 = CARTESIAN_POINT ( 'NONE',  ( -0.5350000000000000311, -0.6400000000000000133, 0.5300000000000001377 ) ) ;
#9108 = ORIENTED_EDGE ( 'NONE', *, *, #7483, .T. ) ;
#9109 = LINE ( 'NONE', #16, #4311 ) ;
#9110 = ORIENTED_EDGE ( 'NONE', *, *, #639, .T. ) ;
#9111 = VERTEX_POINT ( 'NONE', #5322 ) ;
#9112 = ADVANCED_FACE ( 'NONE', ( #1842 ), #10422, .T. ) ;
#9113 = EDGE_CURVE ( 'NONE', #1436, #4309, #9599, .T. ) ;
#9114 = EDGE_CURVE ( 'NONE', #3832, #497, #10484, .T. ) ;
#9115 = EDGE_LOOP ( 'NONE', ( #41, #6338, #2497, #3904, #5283, #8484, #6240, #1718, #4920, #6683 ) ) ;
#9116 = DIRECTION ( 'NONE',  ( 0.000000000000000000, 0.000000000000000000, 1.000000000000000000 ) ) ;
#9117 = EDGE_CURVE ( 'NONE', #7159, #5954, #401, .T. ) ;
#9118 = DIRECTION ( 'NONE',  ( 0.000000000000000000, 0.000000000000000000, -1.000000000000000000 ) ) ;
#9119 = DIRECTION ( 'NONE',  ( 1.000000000000000000, 0.000000000000000000, -0.000000000000000000 ) ) ;
#9120 = APPLICATION_PROTOCOL_DEFINITION ( 'draft international standard', 'automotive_design', 1998, #5487 ) ;
#9121 = PRESENTATION_LAYER_ASSIGNMENT (  '', '', ( #7693 ) ) ;
#9122 = CARTESIAN_POINT ( 'NONE',  ( -0.2999999999999999889, -1.489999999999999991, 0.01000000000000000021 ) ) ;
#9123 = SURFACE_STYLE_USAGE ( .BOTH. , #4074 ) ;
#9124 = ORIENTED_EDGE ( 'NONE', *, *, #5689, .T. ) ;
#9125 = VECTOR ( 'NONE', #4267, 1000.000000000000000 ) ;
#9126 = CARTESIAN_POINT ( 'NONE',  ( 0.1499999999999990230, 1.098486643203810065, 0.5200000000000000178 ) ) ;
#9127 = ORIENTED_EDGE ( 'NONE', *, *, #9921, .T. ) ;
#9128 = VECTOR ( 'NONE', #4724, 1000.000000000000000 ) ;
#9129 =( LENGTH_UNIT ( ) NAMED_UNIT ( * ) SI_UNIT ( .MILLI., .METRE. ) );
#9130 = DIRECTION ( 'NONE',  ( 1.000000000000000000, 0.000000000000000000, 0.000000000000000000 ) ) ;
#9131 = SURFACE_SIDE_STYLE ('',( #2425 ) ) ;
#9132 = ORIENTED_EDGE ( 'NONE', *, *, #7326, .F. ) ;
#9133 = EDGE_LOOP ( 'NONE', ( #3144, #6893, #1113, #2125, #3109, #4376, #7779, #8755, #10015 ) ) ;
#9134 = VECTOR ( 'NONE', #1543, 1000.000000000000000 ) ;
#9135 = CARTESIAN_POINT ( 'NONE',  ( -0.5999999999999999778, 1.239999999999999991, 0.5200000000000000178 ) ) ;
#9136 = VECTOR ( 'NONE', #2236, 1000.000000000000000 ) ;
#9137 = CARTESIAN_POINT ( 'NONE',  ( -0.5999999999999999778, -1.600000000000000089, 0.5200000000000000178 ) ) ;
#9138 = DIRECTION ( 'NONE',  ( 0.000000000000000000, 1.000000000000000000, 0.000000000000000000 ) ) ;
#9139 = AXIS2_PLACEMENT_3D ( 'NONE', #9713, #6377, #8999 ) ;
#9140 = SURFACE_STYLE_USAGE ( .BOTH. , #8247 ) ;
#9141 = CARTESIAN_POINT ( 'NONE',  ( 0.5350000000000000311, -0.6971625444288770401, 0.5300000000000001377 ) ) ;
#9142 = LINE ( 'NONE', #8410, #7741 ) ;
#9143 = LINE ( 'NONE', #5865, #6420 ) ;
#9144 = VERTEX_POINT ( 'NONE', #5382 ) ;
#9145 = DIRECTION ( 'NONE',  ( 1.000000000000000000, 0.000000000000000000, 0.000000000000000000 ) ) ;
#9146 = ORIENTED_EDGE ( 'NONE', *, *, #4577, .T. ) ;
#9147 = ORIENTED_EDGE ( 'NONE', *, *, #6995, .F. ) ;
#9148 = VECTOR ( 'NONE', #4256, 1000.000000000000000 ) ;
#9149 = SURFACE_STYLE_FILL_AREA ( #9865 ) ;
#9150 = FILL_AREA_STYLE ('',( #1 ) ) ;
#9151 = ADVANCED_FACE ( 'NONE', ( #6154 ), #8660, .T. ) ;
#9152 = PRESENTATION_STYLE_ASSIGNMENT (( #4048 ) ) ;
#9153 = ORIENTED_EDGE ( 'NONE', *, *, #6775, .F. ) ;
#9154 = EDGE_CURVE ( 'NONE', #7072, #6794, #2827, .T. ) ;
#9155 = DIRECTION ( 'NONE',  ( 0.000000000000000000, 0.000000000000000000, -1.000000000000000000 ) ) ;
#9156 = CARTESIAN_POINT ( 'NONE',  ( 0.5999999999999999778, 0.9000000000000001332, 0.7900000000000000355 ) ) ;
#9157 = EDGE_CURVE ( 'NONE', #10692, #8292, #2015, .T. ) ;
#9158 = PLANE ( 'NONE',  #6651 ) ;
#9159 = AXIS2_PLACEMENT_3D ( 'NONE', #10696, #2053, #10640 ) ;
#9160 = CARTESIAN_POINT ( 'NONE',  ( 0.3999931020004680038, -1.600000000000000089, 0.01000000000000000021 ) ) ;
#9161 = ORIENTED_EDGE ( 'NONE', *, *, #7695, .F. ) ;
#9162 = CARTESIAN_POINT ( 'NONE',  ( 0.5999999999999999778, 0.7005555010695040385, 0.5300000000000001377 ) ) ;
#9163 = ORIENTED_EDGE ( 'NONE', *, *, #9703, .F. ) ;
#9164 = DIRECTION ( 'NONE',  ( -1.000000000000000000, 0.000000000000000000, 0.000000000000000000 ) ) ;
#9165 = LINE ( 'NONE', #8487, #4283 ) ;
#9166 = ORIENTED_EDGE ( 'NONE', *, *, #7751, .T. ) ;
#9167 = ORIENTED_EDGE ( 'NONE', *, *, #6624, .F. ) ;
#9168 = CARTESIAN_POINT ( 'NONE',  ( -0.5999999999999999778, -1.239999999999999991, 0.01000000000000000021 ) ) ;
#9169 = CARTESIAN_POINT ( 'NONE',  ( 0.000000000000000000, 0.000000000000000000, 0.005000000000000000104 ) ) ;
#9170 = LINE ( 'NONE', #10889, #5273 ) ;
#9171 = LINE ( 'NONE', #3289, #4736 ) ;
#9172 = FACE_OUTER_BOUND ( 'NONE', #5613, .T. ) ;
#9173 = CYLINDRICAL_SURFACE ( 'NONE', #1109, 0.1961375929999999990 ) ;
#9174 = EDGE_CURVE ( 'NONE', #10955, #8183, #3704, .T. ) ;
#9175 = CARTESIAN_POINT ( 'NONE',  ( -0.2999999999999999889, 1.489999999999999991, 0.01000000000000000021 ) ) ;
#9176 = VERTEX_POINT ( 'NONE', #2671 ) ;
#9177 = AXIS2_PLACEMENT_3D ( 'NONE', #3551, #7831, #7719 ) ;
#9178 = LINE ( 'NONE', #749, #1163 ) ;
#9179 = ORIENTED_EDGE ( 'NONE', *, *, #1493, .T. ) ;
#9180 = SHAPE_REPRESENTATION_RELATIONSHIP ( 'NONE' , 'NONE' ,  #2856, #2264 ) ;
#9181 = DIRECTION ( 'NONE',  ( -0.000000000000000000, -1.000000000000000000, -0.000000000000000000 ) ) ;
#9182 = CARTESIAN_POINT ( 'NONE',  ( 0.5999999999999999778, -0.6400000000000000133, 0.000000000000000000 ) ) ;
#9183 = VERTEX_POINT ( 'NONE', #8817 ) ;
#9184 = ORIENTED_EDGE ( 'NONE', *, *, #3528, .T. ) ;
#9185 = AXIS2_PLACEMENT_3D ( 'NONE', #8259, #10812, #10759 ) ;
#9186 = LINE ( 'NONE', #697, #1078 ) ;
#9187 = CARTESIAN_POINT ( 'NONE',  ( -0.5999999999999999778, 1.239999999999999991, 0.7900000000000000355 ) ) ;
#9188 = LINE ( 'NONE', #2482, #175 ) ;
#9189 = EDGE_CURVE ( 'NONE', #1642, #7060, #5265, .T. ) ;
#9190 = DIRECTION ( 'NONE',  ( 0.000000000000000000, 0.000000000000000000, 1.000000000000000000 ) ) ;
#9191 = ORIENTED_EDGE ( 'NONE', *, *, #760, .T. ) ;
#9192 = LINE ( 'NONE', #821, #7710 ) ;
#9193 = DIRECTION ( 'NONE',  ( -1.000000000000000000, 2.702326263580719971E-16, 0.000000000000000000 ) ) ;
#9194 = DIRECTION ( 'NONE',  ( 0.000000000000000000, -0.000000000000000000, 1.000000000000000000 ) ) ;
#9195 = VERTEX_POINT ( 'NONE', #4392 ) ;
#9196 = DIRECTION ( 'NONE',  ( 0.000000000000000000, 1.000000000000000000, 0.000000000000000000 ) ) ;
#9197 = ORIENTED_EDGE ( 'NONE', *, *, #686, .F. ) ;
#9198 = ORIENTED_EDGE ( 'NONE', *, *, #2719, .F. ) ;
#9199 =( NAMED_UNIT ( * ) SI_UNIT ( $, .STERADIAN. ) SOLID_ANGLE_UNIT ( ) );
#9200 = CARTESIAN_POINT ( 'NONE',  ( 0.3599999999999999867, -0.03000000000000000236, 0.001000000000000000021 ) ) ;
#9201 = ORIENTED_EDGE ( 'NONE', *, *, #10055, .F. ) ;
#9202 = CARTESIAN_POINT ( 'NONE',  ( -0.2999999999999993228, -1.489999999999999325, 0.5300000000000001377 ) ) ;
#9203 = CARTESIAN_POINT ( 'NONE',  ( -0.5999999999999999778, -1.399999999999999911, 0.7900000000000000355 ) ) ;
#9204 = CARTESIAN_POINT ( 'NONE',  ( -0.5999999999999999778, 1.403900576581448956, 0.01000000000000000021 ) ) ;
#9205 = AXIS2_PLACEMENT_3D ( 'NONE', #5781, #1628, #2356 ) ;
#9206 = SURFACE_STYLE_FILL_AREA ( #5146 ) ;
#9207 = DIRECTION ( 'NONE',  ( -0.000000000000000000, -1.000000000000000000, -0.000000000000000000 ) ) ;
#9208 = DIRECTION ( 'NONE',  ( 0.000000000000000000, -0.000000000000000000, 1.000000000000000000 ) ) ;
#9209 = VERTEX_POINT ( 'NONE', #6042 ) ;
#9210 = CARTESIAN_POINT ( 'NONE',  ( -0.5999999999999999778, 1.600000000000000089, 0.01000000000000000021 ) ) ;
#9211 = ORIENTED_EDGE ( 'NONE', *, *, #9557, .F. ) ;
#9212 = CARTESIAN_POINT ( 'NONE',  ( 0.1300000000000000044, 0.4299999999999999933, 0.001000000000000000021 ) ) ;
#9213 = VECTOR ( 'NONE', #9564, 1000.000000000000000 ) ;
#9214 = PLANE ( 'NONE',  #8161 ) ;
#9215 = STYLED_ITEM ( 'NONE', ( #1013 ), #4366 ) ;
#9216 = ADVANCED_FACE ( 'NONE', ( #8709 ), #2721, .T. ) ;
#9217 = ORIENTED_EDGE ( 'NONE', *, *, #2914, .T. ) ;
#9218 = ORIENTED_EDGE ( 'NONE', *, *, #2968, .F. ) ;
#9219 = DIRECTION ( 'NONE',  ( 1.807003620809169948E-16, -1.000000000000000000, 0.000000000000000000 ) ) ;
#9220 = DIRECTION ( 'NONE',  ( -1.000000000000000000, 1.194055256041299883E-16, 0.000000000000000000 ) ) ;
#9221 = CARTESIAN_POINT ( 'NONE',  ( 0.5999999999999998668, -1.098928449973850086, 0.5300000000000001377 ) ) ;
#9222 = SURFACE_STYLE_FILL_AREA ( #4122 ) ;
#9223 = DIRECTION ( 'NONE',  ( -1.000000000000000000, 0.000000000000000000, -0.000000000000000000 ) ) ;
#9224 = DIRECTION ( 'NONE',  ( -0.000000000000000000, -0.000000000000000000, -1.000000000000000000 ) ) ;
#9225 = CONTEXT_DEPENDENT_SHAPE_REPRESENTATION ( #10746, #902 ) ;
#9226 = EDGE_CURVE ( 'NONE', #4596, #2956, #6940, .T. ) ;
#9227 = CARTESIAN_POINT ( 'NONE',  ( -0.5999999999999999778, -1.239999999999999991, 0.000000000000000000 ) ) ;
#9228 = VECTOR ( 'NONE', #8123, 1000.000000000000000 ) ;
#9229 = EDGE_CURVE ( 'NONE', #10792, #770, #3604, .T. ) ;
#9230 = VECTOR ( 'NONE', #857, 1000.000000000000000 ) ;
#9231 = EDGE_CURVE ( 'NONE', #7003, #6267, #2176, .T. ) ;
#9232 = CARTESIAN_POINT ( 'NONE',  ( 0.5999999999999999778, -1.489999999999999991, 0.01000000000000000021 ) ) ;
#9233 = VERTEX_POINT ( 'NONE', #3881 ) ;
#9234 = MECHANICAL_DESIGN_GEOMETRIC_PRESENTATION_REPRESENTATION (  '', ( #915 ), #1446 ) ;
#9235 = DIRECTION ( 'NONE',  ( 0.000000000000000000, -0.000000000000000000, 1.000000000000000000 ) ) ;
#9236 = EDGE_LOOP ( 'NONE', ( #5934, #622, #4932, #3443 ) ) ;
#9237 = VECTOR ( 'NONE', #7206, 1000.000000000000000 ) ;
#9238 = DIRECTION ( 'NONE',  ( 0.000000000000000000, 1.000000000000000000, -0.000000000000000000 ) ) ;
#9239 = LINE ( 'NONE', #9352, #7548 ) ;
#9240 = ORIENTED_EDGE ( 'NONE', *, *, #8983, .F. ) ;
#9241 = VERTEX_POINT ( 'NONE', #8265 ) ;
#9242 = AXIS2_PLACEMENT_3D ( 'NONE', #5089, #7034, #7804 ) ;
#9243 = DIRECTION ( 'NONE',  ( 0.000000000000000000, -0.000000000000000000, 1.000000000000000000 ) ) ;
#9244 = VECTOR ( 'NONE', #7143, 1000.000000000000000 ) ;
#9245 = EDGE_CURVE ( 'NONE', #4408, #7392, #1286, .T. ) ;
#9246 = EDGE_CURVE ( 'NONE', #4368, #2617, #9759, .T. ) ;
#9247 = ORIENTED_EDGE ( 'NONE', *, *, #1291, .F. ) ;
#9248 = SHAPE_REPRESENTATION ( 'Download_STP_WL-SFRW-1205 (rev1)_1', ( #608, #10181, #9465, #8929, #10341, #1679, #8745, #5566, #4331, #9635, #1851, #6986 ), #6621 ) ;
#9249 = STYLED_ITEM ( 'NONE', ( #7986 ), #10121 ) ;
#9250 = ADVANCED_FACE ( 'NONE', ( #5549 ), #9707, .T. ) ;
#9251 = CARTESIAN_POINT ( 'NONE',  ( -0.5999999999999999778, 1.600000000000000089, 0.8000000000000000444 ) ) ;
#9253 = EDGE_CURVE ( 'NONE', #5392, #8093, #9045, .T. ) ;
#9252 = CARTESIAN_POINT ( 'NONE',  ( 0.5999999999999999778, 0.04950000000000000233, 0.000000000000000000 ) ) ;
#9254 = CARTESIAN_POINT ( 'NONE',  ( 0.5350000000000000311, 0.6999999999999999556, 0.001000000000000000021 ) ) ;
#9255 = VERTEX_POINT ( 'NONE', #8095 ) ;
#9256 = CARTESIAN_POINT ( 'NONE',  ( 0.5818411998642918359, 0.5818411998642911698, -1.084202172485504434E-16 ) ) ;
#9257 = COLOUR_RGB ( '',0.3921568627450980338, 0.5999999999999999778, 0.3921568627450980338 ) ;
#9258 = ORIENTED_EDGE ( 'NONE', *, *, #8933, .F. ) ;
#9259 = VECTOR ( 'NONE', #6276, 1000.000000000000000 ) ;
#9260 = ORIENTED_EDGE ( 'NONE', *, *, #10064, .T. ) ;
#9261 = CARTESIAN_POINT ( 'NONE',  ( 0.5999999999999994227, 0.7005555010695040385, 0.5300000000000001377 ) ) ;
#9262 = VECTOR ( 'NONE', #10539, 1000.000000000000000 ) ;
#9263 = DIRECTION ( 'NONE',  ( 1.000000000000000000, 0.000000000000000000, -0.000000000000000000 ) ) ;
#9264 = ORIENTED_EDGE ( 'NONE', *, *, #4996, .F. ) ;
#9265 = DIRECTION ( 'NONE',  ( 0.000000000000000000, -0.000000000000000000, -1.000000000000000000 ) ) ;
#9266 = VECTOR ( 'NONE', #5720, 1000.000000000000000 ) ;
#9267 = LINE ( 'NONE', #3535, #2195 ) ;
#9268 = DIRECTION ( 'NONE',  ( -1.000000000000000000, -0.000000000000000000, 0.000000000000000000 ) ) ;
#9269 = UNCERTAINTY_MEASURE_WITH_UNIT (LENGTH_MEASURE( 1.000000000000000082E-05 ), #4906, 'distance_accuracy_value', 'NONE');
#9270 = DIRECTION ( 'NONE',  ( 0.000000000000000000, 0.000000000000000000, 1.000000000000000000 ) ) ;
#9271 = EDGE_LOOP ( 'NONE', ( #318, #9470, #2849, #5741 ) ) ;
#9272 = DIRECTION ( 'NONE',  ( -1.000000000000000000, 0.000000000000000000, -0.000000000000000000 ) ) ;
#9273 = ORIENTED_EDGE ( 'NONE', *, *, #1363, .F. ) ;
#9274 = LINE ( 'NONE', #4935, #6415 ) ;
#9275 = ADVANCED_BREP_SHAPE_REPRESENTATION ( '', ( #6214, #2231 ), #7888 ) ;
#9276 = SURFACE_STYLE_FILL_AREA ( #728 ) ;
#9277 = EDGE_LOOP ( 'NONE', ( #5526, #1624, #4683, #7407 ) ) ;
#9278 = AXIS2_PLACEMENT_3D ( 'NONE', #2233, #9155, #8263 ) ;
#9279 = CLOSED_SHELL ( 'NONE', ( #242, #9772, #9409, #10932, #9717, #6169, #10129, #913, #1801, #618, #5342, #10453, #2376, #1213, #5553 ) ) ;
#9280 = VERTEX_POINT ( 'NONE', #2993 ) ;
#9281 = DIRECTION ( 'NONE',  ( -1.000000000000000000, -0.000000000000000000, 0.000000000000000000 ) ) ;
#9282 = DIRECTION ( 'NONE',  ( 0.000000000000000000, 0.000000000000000000, -1.000000000000000000 ) ) ;
#9283 = DIRECTION ( 'NONE',  ( -1.000000000000000000, 0.000000000000000000, -0.000000000000000000 ) ) ;
#9284 = SURFACE_SIDE_STYLE ('',( #10948 ) ) ;
#9285 = DIRECTION ( 'NONE',  ( 1.000000000000000000, 0.000000000000000000, 0.000000000000000000 ) ) ;
#9286 = EDGE_CURVE ( 'NONE', #9975, #2679, #3946, .T. ) ;
#9287 = CARTESIAN_POINT ( 'NONE',  ( 0.3568411998642920246, -0.1818411998642920357, 0.5300000000000001377 ) ) ;
#9288 = CARTESIAN_POINT ( 'NONE',  ( -0.5350000000000000311, 0.6400000000000000133, 0.5300000000000001377 ) ) ;
#9289 = EDGE_CURVE ( 'NONE', #5868, #6921, #512, .T. ) ;
#9290 = LINE ( 'NONE', #9395, #10805 ) ;
#9291 = ADVANCED_FACE ( 'NONE', ( #7333 ), #7272, .F. ) ;
#9292 = ORIENTED_EDGE ( 'NONE', *, *, #4963, .T. ) ;
#9293 = EDGE_CURVE ( 'NONE', #5421, #8383, #10711, .T. ) ;
#9294 = DIRECTION ( 'NONE',  ( -1.355252715606879951E-15, -1.000000000000000000, -0.000000000000000000 ) ) ;
#9295 = AXIS2_PLACEMENT_3D ( 'NONE', #2794, #3513, #2631 ) ;
#9296 = EDGE_CURVE ( 'NONE', #10208, #6798, #2234, .T. ) ;
#9297 = EDGE_LOOP ( 'NONE', ( #6309, #5541, #7213, #148 ) ) ;
#9298 = PLANE ( 'NONE',  #5114 ) ;
#9299 = CARTESIAN_POINT ( 'NONE',  ( -0.5350000000000000311, -1.243863872159709949, 0.000000000000000000 ) ) ;
#9300 = ORIENTED_EDGE ( 'NONE', *, *, #9321, .F. ) ;
#9301 = VERTEX_POINT ( 'NONE', #1395 ) ;
#9302 = COLOUR_RGB ( '',0.3921568627450980338, 0.5999999999999999778, 0.3921568627450980338 ) ;
#9303 = FACE_OUTER_BOUND ( 'NONE', #8707, .T. ) ;
#9304 = EDGE_CURVE ( 'NONE', #8834, #1146, #9872, .T. ) ;
#9305 = CARTESIAN_POINT ( 'NONE',  ( 0.2400000000000000189, -1.600000000000000089, 0.8000000000000000444 ) ) ;
#9306 = ORIENTED_EDGE ( 'NONE', *, *, #4232, .F. ) ;
#9307 = VECTOR ( 'NONE', #404, 1000.000000000000000 ) ;
#9308 = DIRECTION ( 'NONE',  ( -1.445602896647379937E-15, 1.000000000000000000, 0.000000000000000000 ) ) ;
#9309 =( LENGTH_UNIT ( ) NAMED_UNIT ( * ) SI_UNIT ( .MILLI., .METRE. ) );
#9310 = LINE ( 'NONE', #9085, #1302 ) ;
#9311 = ORIENTED_EDGE ( 'NONE', *, *, #1227, .T. ) ;
#9312 = CARTESIAN_POINT ( 'NONE',  ( -0.2999999999999999889, -1.500000000000000000, 0.7900000000000000355 ) ) ;
#9313 = ORIENTED_EDGE ( 'NONE', *, *, #10104, .T. ) ;
#9314 = VERTEX_POINT ( 'NONE', #7385 ) ;
#9315 = VECTOR ( 'NONE', #8926, 1000.000000000000000 ) ;
#9316 = UNCERTAINTY_MEASURE_WITH_UNIT (LENGTH_MEASURE( 1.000000000000000082E-05 ), #8851, 'distance_accuracy_value', 'NONE');
#9317 = FILL_AREA_STYLE_COLOUR ( '', #216 ) ;
#9318 = VECTOR ( 'NONE', #2673, 1000.000000000000000 ) ;
#9319 = EDGE_CURVE ( 'NONE', #1094, #8026, #8871, .T. ) ;
#9320 = VERTEX_POINT ( 'NONE', #458 ) ;
#9321 = EDGE_CURVE ( 'NONE', #6812, #9183, #6539, .T. ) ;
#9322 = LINE ( 'NONE', #5092, #10122 ) ;
#9323 = EDGE_CURVE ( 'NONE', #1148, #10034, #561, .T. ) ;
#9324 = CARTESIAN_POINT ( 'NONE',  ( -0.5999999999999998668, 1.399999999999999911, 0.000000000000000000 ) ) ;
#9325 = CARTESIAN_POINT ( 'NONE',  ( 0.000000000000000000, 0.000000000000000000, 0.001000000000000000021 ) ) ;
#9326 = LINE ( 'NONE', #5768, #4467 ) ;
#9327 = MECHANICAL_DESIGN_GEOMETRIC_PRESENTATION_REPRESENTATION (  '', ( #10909 ), #4895 ) ;
#9328 = ADVANCED_FACE ( 'NONE', ( #10764 ), #10597, .T. ) ;
#9329 = CARTESIAN_POINT ( 'NONE',  ( 0.1318411998642919913, 0.4318411998642919802, 0.5300000000000001377 ) ) ;
#9330 = CARTESIAN_POINT ( 'NONE',  ( 0.5350000000000000311, -1.098928449973850086, 0.5300000000000001377 ) ) ;
#9331 = VERTEX_POINT ( 'NONE', #4883 ) ;
#9332 =( NAMED_UNIT ( * ) SI_UNIT ( $, .STERADIAN. ) SOLID_ANGLE_UNIT ( ) );
#9333 = ORIENTED_EDGE ( 'NONE', *, *, #3999, .T. ) ;
#9334 = DIRECTION ( 'NONE',  ( 0.000000000000000000, -0.000000000000000000, 1.000000000000000000 ) ) ;
#9335 = FACE_OUTER_BOUND ( 'NONE', #9691, .T. ) ;
#9336 = ORIENTED_EDGE ( 'NONE', *, *, #1821, .T. ) ;
#9337 = EDGE_CURVE ( 'NONE', #6376, #9437, #667, .T. ) ;
#9338 = VERTEX_POINT ( 'NONE', #2941 ) ;
#9339 = CARTESIAN_POINT ( 'NONE',  ( -0.5350000000000000311, 1.239999999999999991, 0.000000000000000000 ) ) ;
#9340 = LINE ( 'NONE', #7560, #4831 ) ;
#9341 = CARTESIAN_POINT ( 'NONE',  ( 0.5999999999999999778, 1.239999999999999991, 0.000000000000000000 ) ) ;
#9342 =( NAMED_UNIT ( * ) SI_UNIT ( $, .STERADIAN. ) SOLID_ANGLE_UNIT ( ) );
#9343 = CARTESIAN_POINT ( 'NONE',  ( 0.000000000000000000, 0.000000000000000000, 0.000000000000000000 ) ) ;
#9344 = SURFACE_STYLE_USAGE ( .BOTH. , #5165 ) ;
#9345 = DIRECTION ( 'NONE',  ( 1.649872471260939997E-15, 1.000000000000000000, 0.000000000000000000 ) ) ;
#9346 = MECHANICAL_DESIGN_GEOMETRIC_PRESENTATION_REPRESENTATION (  '', ( #660 ), #10396 ) ;
#9347 = LINE ( 'NONE', #10329, #4603 ) ;
#9348 = ORIENTED_EDGE ( 'NONE', *, *, #8124, .T. ) ;
#9349 = LINE ( 'NONE', #88, #10353 ) ;
#9350 = ORIENTED_EDGE ( 'NONE', *, *, #7460, .T. ) ;
#9351 = ADVANCED_FACE ( 'NONE', ( #6764 ), #2556, .F. ) ;
#9352 = CARTESIAN_POINT ( 'NONE',  ( 0.5999999999999999778, 0.7005555010695040385, 0.5300000000000001377 ) ) ;
#9353 = ORIENTED_EDGE ( 'NONE', *, *, #8620, .F. ) ;
#9354 = ORIENTED_EDGE ( 'NONE', *, *, #10434, .T. ) ;
#9355 = EDGE_CURVE ( 'NONE', #2076, #7345, #9326, .T. ) ;
#9356 = EDGE_CURVE ( 'NONE', #4794, #2244, #1560, .T. ) ;
#9357 = CARTESIAN_POINT ( 'NONE',  ( -0.5999999999999999778, -1.100000000000000089, 0.001000000000000000021 ) ) ;
#9358 = AXIS2_PLACEMENT_3D ( 'NONE', #6446, #2249, #6387 ) ;
#9359 = DIRECTION ( 'NONE',  ( -1.000000000000000000, 0.000000000000000000, 0.000000000000000000 ) ) ;
#9360 = ORIENTED_EDGE ( 'NONE', *, *, #4349, .F. ) ;
#9361 = DIRECTION ( 'NONE',  ( 1.000000000000000000, -0.000000000000000000, 0.000000000000000000 ) ) ;
#9362 = DIRECTION ( 'NONE',  ( 0.000000000000000000, 0.000000000000000000, 1.000000000000000000 ) ) ;
#9363 = PLANE ( 'NONE',  #3594 ) ;
#9364 = ORIENTED_EDGE ( 'NONE', *, *, #10126, .T. ) ;
#9365 = DIRECTION ( 'NONE',  ( 1.000000000000000000, 0.000000000000000000, -0.000000000000000000 ) ) ;
#9366 = ORIENTED_EDGE ( 'NONE', *, *, #8192, .F. ) ;
#9367 = VERTEX_POINT ( 'NONE', #4223 ) ;
#9368 = ADVANCED_FACE ( 'NONE', ( #3377 ), #836, .F. ) ;
#9369 = CARTESIAN_POINT ( 'NONE',  ( -0.5999999999999999778, 5.421010862427519705E-17, 0.5200000000000000178 ) ) ;
#9370 = EDGE_CURVE ( 'NONE', #7392, #522, #10817, .T. ) ;
#9371 = LINE ( 'NONE', #5138, #10109 ) ;
#9372 = ORIENTED_EDGE ( 'NONE', *, *, #304, .T. ) ;
#9373 = CARTESIAN_POINT ( 'NONE',  ( -0.1200000000000000094, -0.1799999999999999933, 0.001000000000000000021 ) ) ;
#9374 = EDGE_CURVE ( 'NONE', #5387, #8927, #6711, .T. ) ;
#9375 = DIRECTION ( 'NONE',  ( -1.000000000000000000, 0.000000000000000000, 0.000000000000000000 ) ) ;
#9376 = DIRECTION ( 'NONE',  ( -3.820976819332179938E-16, 1.000000000000000000, 0.000000000000000000 ) ) ;
#9377 = AXIS2_PLACEMENT_3D ( 'NONE', #6685, #3352, #2370 ) ;
#9378 = PLANE ( 'NONE',  #5570 ) ;
#9379 = EDGE_LOOP ( 'NONE', ( #162, #315, #2078, #5131 ) ) ;
#9380 = ORIENTED_EDGE ( 'NONE', *, *, #8257, .T. ) ;
#9381 = LINE ( 'NONE', #5377, #4290 ) ;
#9382 = EDGE_LOOP ( 'NONE', ( #3725, #9527, #9747, #3446 ) ) ;
#9383 = AXIS2_PLACEMENT_3D ( 'NONE', #496, #7148, #9636 ) ;
#9384 = ORIENTED_EDGE ( 'NONE', *, *, #6672, .T. ) ;
#9385 = FACE_OUTER_BOUND ( 'NONE', #4958, .T. ) ;
#9386 = CARTESIAN_POINT ( 'NONE',  ( -0.5350000000000000311, 1.100000000000000089, 0.005000000000000000104 ) ) ;
#9387 = DIRECTION ( 'NONE',  ( -1.000000000000000000, 0.000000000000000000, -0.000000000000000000 ) ) ;
#9388 = FILL_AREA_STYLE ('',( #3453 ) ) ;
#9389 = CARTESIAN_POINT ( 'NONE',  ( -0.1499999999999990230, 0.6400000000000000133, 0.5300000000000001377 ) ) ;
#9390 = PLANE ( 'NONE',  #5587 ) ;
#9391 = AXIS2_PLACEMENT_3D ( 'NONE', #6618, #8391, #6452 ) ;
#9392 = VECTOR ( 'NONE', #6996, 1000.000000000000000 ) ;
#9393 = LINE ( 'NONE', #6950, #10309 ) ;
#9394 = DIRECTION ( 'NONE',  ( 0.000000000000000000, 0.000000000000000000, -1.000000000000000000 ) ) ;
#9395 = CARTESIAN_POINT ( 'NONE',  ( 0.2952229299363060000, -0.6400000000000000133, 0.01000000000000000021 ) ) ;
#9396 = ORIENTED_EDGE ( 'NONE', *, *, #9651, .T. ) ;
#9397 =( NAMED_UNIT ( * ) SI_UNIT ( $, .STERADIAN. ) SOLID_ANGLE_UNIT ( ) );
#9398 = LINE ( 'NONE', #1798, #5400 ) ;
#9399 = EDGE_CURVE ( 'NONE', #10686, #10154, #782, .T. ) ;
#9400 = AXIS2_PLACEMENT_3D ( 'NONE', #2789, #356, #8774 ) ;
#9401 = VERTEX_POINT ( 'NONE', #10097 ) ;
#9402 = PRODUCT ( 'Pins_top_7', 'Pins_top_7', '', ( #1304 ) ) ;
#9403 =( LENGTH_UNIT ( ) NAMED_UNIT ( * ) SI_UNIT ( .MILLI., .METRE. ) );
#9404 = ORIENTED_EDGE ( 'NONE', *, *, #1972, .F. ) ;
#9405 = ORIENTED_EDGE ( 'NONE', *, *, #8089, .F. ) ;
#9406 = DIRECTION ( 'NONE',  ( 0.000000000000000000, -0.000000000000000000, -1.000000000000000000 ) ) ;
#9407 = ORIENTED_EDGE ( 'NONE', *, *, #2189, .T. ) ;
#9408 = AXIS2_PLACEMENT_3D ( 'NONE', #1769, #164, #10465 ) ;
#9409 = ADVANCED_FACE ( 'NONE', ( #2501 ), #6254, .F. ) ;
#9410 = CARTESIAN_POINT ( 'NONE',  ( 0.5999999999999999778, -0.6400000000000000133, 0.01000000000000000021 ) ) ;
#9411 = LINE ( 'NONE', #3520, #1021 ) ;
#9412 =( NAMED_UNIT ( * ) SI_UNIT ( $, .STERADIAN. ) SOLID_ANGLE_UNIT ( ) );
#9413 = ORIENTED_EDGE ( 'NONE', *, *, #4168, .T. ) ;
#9414 =( LENGTH_UNIT ( ) NAMED_UNIT ( * ) SI_UNIT ( .MILLI., .METRE. ) );
#9415 = EDGE_CURVE ( 'NONE', #9320, #3939, #8751, .T. ) ;
#9416 = CARTESIAN_POINT ( 'NONE',  ( -0.3002762822146830546, 1.499754031465950099, 0.01000000000000000021 ) ) ;
#9417 = ORIENTED_EDGE ( 'NONE', *, *, #8533, .F. ) ;
#9418 = UNCERTAINTY_MEASURE_WITH_UNIT (LENGTH_MEASURE( 1.000000000000000082E-05 ), #10430, 'distance_accuracy_value', 'NONE');
#9419 = FACE_OUTER_BOUND ( 'NONE', #3025, .T. ) ;
#9420 = CARTESIAN_POINT ( 'NONE',  ( -0.1499999999999999944, -1.489999999999999991, 0.000000000000000000 ) ) ;
#9421 = CARTESIAN_POINT ( 'NONE',  ( 0.1499999999999999944, 1.100000000000000089, 0.01000000000000000021 ) ) ;
#9422 = EDGE_LOOP ( 'NONE', ( #6339, #10140, #6660, #3843 ) ) ;
#9423 = CARTESIAN_POINT ( 'NONE',  ( 0.2400000000000000189, -1.600000000000000089, 0.01000000000000000021 ) ) ;
#9424 = DIRECTION ( 'NONE',  ( 1.000000000000000000, 0.000000000000000000, 0.000000000000000000 ) ) ;
#9425 = DIRECTION ( 'NONE',  ( -0.000000000000000000, -0.000000000000000000, -1.000000000000000000 ) ) ;
#9426 = DIRECTION ( 'NONE',  ( 0.000000000000000000, -0.000000000000000000, -1.000000000000000000 ) ) ;
#9427 = PRESENTATION_LAYER_ASSIGNMENT (  '', '', ( #4993 ) ) ;
#9428 = EDGE_CURVE ( 'NONE', #7576, #847, #2001, .T. ) ;
#9429 = DIRECTION ( 'NONE',  ( 1.000000000000000000, 0.000000000000000000, -0.000000000000000000 ) ) ;
#9430 = ORIENTED_EDGE ( 'NONE', *, *, #4844, .F. ) ;
#9431 = VECTOR ( 'NONE', #2642, 1000.000000000000000 ) ;
#9432 = PLANE ( 'NONE',  #10371 ) ;
#9433 = ORIENTED_EDGE ( 'NONE', *, *, #5498, .T. ) ;
#9434 = CARTESIAN_POINT ( 'NONE',  ( 0.5350000000000000311, -0.6999999999999999556, 0.000000000000000000 ) ) ;
#9435 = LINE ( 'NONE', #291, #5505 ) ;
#9436 = MECHANICAL_DESIGN_GEOMETRIC_PRESENTATION_REPRESENTATION (  '', ( #9963 ), #2358 ) ;
#9437 = VERTEX_POINT ( 'NONE', #8698 ) ;
#9438 = VECTOR ( 'NONE', #3766, 1000.000000000000000 ) ;
#9439 = EDGE_CURVE ( 'NONE', #1429, #3261, #334, .T. ) ;
#9440 = EDGE_CURVE ( 'NONE', #10386, #4837, #7759, .T. ) ;
#9441 = DIRECTION ( 'NONE',  ( 0.000000000000000000, 0.000000000000000000, -1.000000000000000000 ) ) ;
#9442 = DIRECTION ( 'NONE',  ( 0.000000000000000000, 0.000000000000000000, -1.000000000000000000 ) ) ;
#9443 = LINE ( 'NONE', #1015, #4569 ) ;
#9444 = LINE ( 'NONE', #1016, #3620 ) ;
#9445 = FACE_OUTER_BOUND ( 'NONE', #6754, .T. ) ;
#9446 = VECTOR ( 'NONE', #1223, 1000.000000000000000 ) ;
#9447 = DIRECTION ( 'NONE',  ( 0.000000000000000000, -0.000000000000000000, 1.000000000000000000 ) ) ;
#9448 = FACE_OUTER_BOUND ( 'NONE', #707, .T. ) ;
#9449 = VECTOR ( 'NONE', #3152, 1000.000000000000000 ) ;
#9450 = ADVANCED_FACE ( 'NONE', ( #2767 ), #3537, .T. ) ;
#9451 = ADVANCED_FACE ( 'NONE', ( #5311 ), #5367, .T. ) ;
#9452 = CARTESIAN_POINT ( 'NONE',  ( 0.5999999999999999778, -1.098928449973850086, 0.5300000000000001377 ) ) ;
#9453 = EDGE_CURVE ( 'NONE', #8511, #4840, #4431, .T. ) ;
#9454 = DIRECTION ( 'NONE',  ( 0.000000000000000000, 0.000000000000000000, 1.000000000000000000 ) ) ;
#9455 = VECTOR ( 'NONE', #4638, 1000.000000000000000 ) ;
#9456 = EDGE_CURVE ( 'NONE', #3886, #4764, #9482, .T. ) ;
#9457 = ORIENTED_EDGE ( 'NONE', *, *, #3054, .F. ) ;
#9458 = DIRECTION ( 'NONE',  ( 0.000000000000000000, -1.000000000000000000, 0.000000000000000000 ) ) ;
#9459 = ORIENTED_EDGE ( 'NONE', *, *, #5174, .T. ) ;
#9460 =( LENGTH_UNIT ( ) NAMED_UNIT ( * ) SI_UNIT ( .MILLI., .METRE. ) );
#9461 = DIRECTION ( 'NONE',  ( 0.000000000000000000, 1.000000000000000000, 0.000000000000000000 ) ) ;
#9462 = ORIENTED_EDGE ( 'NONE', *, *, #6526, .T. ) ;
#9463 = VERTEX_POINT ( 'NONE', #10308 ) ;
#9464 = VERTEX_POINT ( 'NONE', #10359 ) ;
#9465 = AXIS2_PLACEMENT_3D ( 'NONE', #5180, #2739, #7736 ) ;
#9466 = FACE_OUTER_BOUND ( 'NONE', #1088, .T. ) ;
#9467 = PRESENTATION_STYLE_ASSIGNMENT (( #984 ) ) ;
#9468 = ORIENTED_EDGE ( 'NONE', *, *, #6326, .F. ) ;
#9469 = CARTESIAN_POINT ( 'NONE',  ( 0.3999931019927850384, 1.600000000000000089, 0.000000000000000000 ) ) ;
#9470 = ORIENTED_EDGE ( 'NONE', *, *, #2070, .T. ) ;
#9471 = VECTOR ( 'NONE', #10425, 1000.000000000000000 ) ;
#9472 = DIRECTION ( 'NONE',  ( -1.000000000000000000, 0.000000000000000000, -0.000000000000000000 ) ) ;
#9473 = CARTESIAN_POINT ( 'NONE',  ( 0.3925934069883830202, 0.7500000000000000000, 0.000000000000000000 ) ) ;
#9474 =( NAMED_UNIT ( * ) PLANE_ANGLE_UNIT ( ) SI_UNIT ( $, .RADIAN. ) );
#9475 = VECTOR ( 'NONE', #971, 1000.000000000000000 ) ;
#9476 = ORIENTED_EDGE ( 'NONE', *, *, #3125, .T. ) ;
#9477 = AXIS2_PLACEMENT_3D ( 'NONE', #1904, #2891, #8554 ) ;
#9478 = LINE ( 'NONE', #1885, #9941 ) ;
#9479 = DIRECTION ( 'NONE',  ( -1.000000000000000000, 0.000000000000000000, 0.000000000000000000 ) ) ;
#9480 = LINE ( 'NONE', #945, #8621 ) ;
#9481 = AXIS2_PLACEMENT_3D ( 'NONE', #503, #6362, #9748 ) ;
#9482 = LINE ( 'NONE', #7919, #9616 ) ;
#9483 = CARTESIAN_POINT ( 'NONE',  ( 0.1318411998642919913, 0.1718411998642919991, 0.5200000000000000178 ) ) ;
#9484 = EDGE_LOOP ( 'NONE', ( #4593, #1283, #5540, #9264 ) ) ;
#9485 = CARTESIAN_POINT ( 'NONE',  ( 0.3925934069883830202, 0.9000000000000001332, 0.01000000000000000021 ) ) ;
#9486 = AXIS2_PLACEMENT_3D ( 'NONE', #905, #1848, #246 ) ;
#9487 = ORIENTED_EDGE ( 'NONE', *, *, #640, .F. ) ;
#9488 = ADVANCED_FACE ( 'NONE', ( #7094 ), #2055, .T. ) ;
#9489 = FILL_AREA_STYLE_COLOUR ( '', #6595 ) ;
#9490 = DIRECTION ( 'NONE',  ( 0.000000000000000000, -0.000000000000000000, -1.000000000000000000 ) ) ;
#9491 = EDGE_CURVE ( 'NONE', #9851, #7302, #1055, .T. ) ;
#9492 = ORIENTED_EDGE ( 'NONE', *, *, #4740, .F. ) ;
#9493 = ADVANCED_FACE ( 'NONE', ( #6084 ), #2878, .F. ) ;
#9494 = AXIS2_PLACEMENT_3D ( 'NONE', #9485, #170, #894 ) ;
#9495 = DIRECTION ( 'NONE',  ( 0.000000000000000000, 1.000000000000000000, -0.000000000000000000 ) ) ;
#9496 = PRODUCT ( 'Pins_Bottom_5', 'Pins_Bottom_5', '', ( #7291 ) ) ;
#9497 = CARTESIAN_POINT ( 'NONE',  ( 0.5350000000000000311, -0.6999999999999999556, 0.005000000000000000104 ) ) ;
#9498 = DIRECTION ( 'NONE',  ( 0.000000000000000000, -0.000000000000000000, -1.000000000000000000 ) ) ;
#9499 = DIRECTION ( 'NONE',  ( -1.000000000000000000, 0.000000000000000000, 0.000000000000000000 ) ) ;
#9500 = CARTESIAN_POINT ( 'NONE',  ( 0.5350000000000000311, -1.239999999999999991, 0.7900000000000000355 ) ) ;
#9501 = CARTESIAN_POINT ( 'NONE',  ( 0.4650000000000000244, 1.600000000000000089, 0.000000000000000000 ) ) ;
#9502 = EDGE_LOOP ( 'NONE', ( #8154, #7856, #568, #1403 ) ) ;
#9503 = CARTESIAN_POINT ( 'NONE',  ( -0.2400000000000000189, 1.600000000000000089, 0.01000000000000000021 ) ) ;
#9504 = VECTOR ( 'NONE', #1803, 1000.000000000000000 ) ;
#9505 = CARTESIAN_POINT ( 'NONE',  ( 0.5999999999999999778, 1.600000000000000089, 0.01000000000000000021 ) ) ;
#9506 = DIRECTION ( 'NONE',  ( -0.000000000000000000, 0.000000000000000000, -1.000000000000000000 ) ) ;
#9507 = VERTEX_POINT ( 'NONE', #2660 ) ;
#9508 = PLANE ( 'NONE',  #9035 ) ;
#9509 = PLANE ( 'NONE',  #2047 ) ;
#9510 = ORIENTED_EDGE ( 'NONE', *, *, #6657, .F. ) ;
#9511 = COLOUR_RGB ( '',0.3921568627450980338, 0.5999999999999999778, 0.3921568627450980338 ) ;
#9512 = CARTESIAN_POINT ( 'NONE',  ( -0.07499999999999998335, 1.599999999999999867, 0.5200000000000000178 ) ) ;
#9513 = ORIENTED_EDGE ( 'NONE', *, *, #8434, .F. ) ;
#9514 = ORIENTED_EDGE ( 'NONE', *, *, #1124, .F. ) ;
#9515 = DIRECTION ( 'NONE',  ( 0.000000000000000000, -1.000000000000000000, 0.000000000000000000 ) ) ;
#9516 = VECTOR ( 'NONE', #5785, 1000.000000000000000 ) ;
#9517 = VERTEX_POINT ( 'NONE', #7812 ) ;
#9518 = CARTESIAN_POINT ( 'NONE',  ( -0.3999999999999999667, -1.600000000000000089, 0.000000000000000000 ) ) ;
#9519 = LINE ( 'NONE', #7795, #1169 ) ;
#9520 = VERTEX_POINT ( 'NONE', #946 ) ;
#9521 = CARTESIAN_POINT ( 'NONE',  ( -0.1300000000000000044, 0.4299999999999999933, 0.001000000000000000021 ) ) ;
#9522 = VERTEX_POINT ( 'NONE', #7703 ) ;
#9523 = UNCERTAINTY_MEASURE_WITH_UNIT (LENGTH_MEASURE( 1.000000000000000082E-05 ), #3961, 'distance_accuracy_value', 'NONE');
#9524 = DIRECTION ( 'NONE',  ( 9.043418306825590232E-16, -1.000000000000000000, 0.000000000000000000 ) ) ;
#9525 = DIRECTION ( 'NONE',  ( -9.293161478447170157E-16, 1.000000000000000000, 0.000000000000000000 ) ) ;
#9526 = CARTESIAN_POINT ( 'NONE',  ( -0.1499999999999999944, -1.499754031465950099, 0.01000000000000000021 ) ) ;
#9527 = ORIENTED_EDGE ( 'NONE', *, *, #8428, .F. ) ;
#9528 = LINE ( 'NONE', #1166, #6746 ) ;
#9529 = DIRECTION ( 'NONE',  ( -0.000000000000000000, 0.000000000000000000, -1.000000000000000000 ) ) ;
#9530 = CARTESIAN_POINT ( 'NONE',  ( -0.4650000000000000244, 0.5999999999999999778, 0.5200000000000000178 ) ) ;
#9531 = CARTESIAN_POINT ( 'NONE',  ( 0.2399563975748849887, 1.600000000000000089, 0.000000000000000000 ) ) ;
#9532 = DIRECTION ( 'NONE',  ( -0.000000000000000000, -1.000000000000000000, 0.000000000000000000 ) ) ;
#9533 = ORIENTED_EDGE ( 'NONE', *, *, #10780, .F. ) ;
#9534 = CARTESIAN_POINT ( 'NONE',  ( -0.2999999999999999889, 1.500000000000000222, 0.8000000000000000444 ) ) ;
#9535 = ORIENTED_EDGE ( 'NONE', *, *, #3517, .T. ) ;
#9536 = DIRECTION ( 'NONE',  ( -1.000000000000000000, -0.000000000000000000, 0.000000000000000000 ) ) ;
#9537 = CIRCLE ( 'NONE', #10965, 0.05000000000000002359 ) ;
#9538 = VECTOR ( 'NONE', #10912, 1000.000000000000000 ) ;
#9539 = CARTESIAN_POINT ( 'NONE',  ( -0.2952229299363060000, -0.6400000000000000133, 0.01000000000000000021 ) ) ;
#9540 = VERTEX_POINT ( 'NONE', #9531 ) ;
#9541 = DIRECTION ( 'NONE',  ( 1.000000000000000000, -0.000000000000000000, 0.000000000000000000 ) ) ;
#9542 = DIRECTION ( 'NONE',  ( 0.000000000000000000, 0.000000000000000000, -1.000000000000000000 ) ) ;
#9543 = CARTESIAN_POINT ( 'NONE',  ( 0.3924999999999999600, 0.7500000000000000000, 0.8000000000000000444 ) ) ;
#9544 = DIRECTION ( 'NONE',  ( 0.000000000000000000, 0.000000000000000000, 1.000000000000000000 ) ) ;
#9545 = PLANE ( 'NONE',  #8006 ) ;
#9546 = ORIENTED_EDGE ( 'NONE', *, *, #1926, .T. ) ;
#9547 = EDGE_CURVE ( 'NONE', #5545, #4573, #3592, .T. ) ;
#9548 = PLANE ( 'NONE',  #8888 ) ;
#9549 = LINE ( 'NONE', #4350, #1782 ) ;
#9550 = FILL_AREA_STYLE_COLOUR ( '', #1084 ) ;
#9551 = ORIENTED_EDGE ( 'NONE', *, *, #245, .T. ) ;
#9552 = PLANE ( 'NONE',  #2481 ) ;
#9553 = DIRECTION ( 'NONE',  ( 0.000000000000000000, 0.000000000000000000, -1.000000000000000000 ) ) ;
#9554 = AXIS2_PLACEMENT_3D ( 'NONE', #3419, #6009, #10237 ) ;
#9555 = ADVANCED_FACE ( 'NONE', ( #6873 ), #10256, .T. ) ;
#9556 = AXIS2_PLACEMENT_3D ( 'NONE', #4941, #2461, #8492 ) ;
#9557 = EDGE_CURVE ( 'NONE', #10154, #6145, #167, .T. ) ;
#9558 = CARTESIAN_POINT ( 'NONE',  ( 0.000000000000000000, 0.000000000000000000, 0.000000000000000000 ) ) ;
#9559 = CARTESIAN_POINT ( 'NONE',  ( 0.1499999999999999944, 0.6400000000000000133, 0.000000000000000000 ) ) ;
#9560 = ORIENTED_EDGE ( 'NONE', *, *, #9226, .F. ) ;
#9561 = ORIENTED_EDGE ( 'NONE', *, *, #10908, .T. ) ;
#9562 = ORIENTED_EDGE ( 'NONE', *, *, #102, .F. ) ;
#9563 = MECHANICAL_DESIGN_GEOMETRIC_PRESENTATION_REPRESENTATION (  '', ( #9215 ), #4268 ) ;
#9564 = DIRECTION ( 'NONE',  ( 1.807003620809169948E-16, -1.000000000000000000, 0.000000000000000000 ) ) ;
#9565 = VERTEX_POINT ( 'NONE', #6476 ) ;
#9566 = FILL_AREA_STYLE ('',( #1256 ) ) ;
#9567 = CARTESIAN_POINT ( 'NONE',  ( -0.2999999999999999889, 1.489999999999999991, 0.5200000000000000178 ) ) ;
#9568 = ORIENTED_EDGE ( 'NONE', *, *, #6850, .T. ) ;
#9569 = FILL_AREA_STYLE_COLOUR ( '', #804 ) ;
#9570 = ORIENTED_EDGE ( 'NONE', *, *, #4214, .T. ) ;
#9571 = ORIENTED_EDGE ( 'NONE', *, *, #5433, .F. ) ;
#9572 = CARTESIAN_POINT ( 'NONE',  ( 0.1499999999999999944, -1.500000000000000000, 0.7900000000000000355 ) ) ;
#9573 = PRESENTATION_LAYER_ASSIGNMENT (  '', '', ( #7801 ) ) ;
#9574 = EDGE_CURVE ( 'NONE', #2617, #1607, #6305, .T. ) ;
#9575 = EDGE_CURVE ( 'NONE', #5190, #4097, #4649, .T. ) ;
#9576 = CARTESIAN_POINT ( 'NONE',  ( 0.1499999999999999944, 1.489999999999999991, 0.01000000000000000021 ) ) ;
#9577 = PRODUCT ( 'Pins_top_8', 'Pins_top_8', '', ( #4071 ) ) ;
#9578 = DIRECTION ( 'NONE',  ( 1.000000000000000000, -0.000000000000000000, 0.000000000000000000 ) ) ;
#9579 = EDGE_LOOP ( 'NONE', ( #2223, #4364, #5453, #8688 ) ) ;
#9580 = EDGE_CURVE ( 'NONE', #6391, #535, #7972, .T. ) ;
#9581 = VECTOR ( 'NONE', #10209, 1000.000000000000000 ) ;
#9582 = CARTESIAN_POINT ( 'NONE',  ( 0.1300000000000000044, 0.1700000000000000122, 0.001000000000000000021 ) ) ;
#9583 = DIRECTION ( 'NONE',  ( -1.000000000000000000, -0.000000000000000000, -0.000000000000000000 ) ) ;
#9584 = CARTESIAN_POINT ( 'NONE',  ( -0.5349999999999996980, -1.239999999999999991, 0.000000000000000000 ) ) ;
#9585 = DIRECTION ( 'NONE',  ( -0.000000000000000000, -0.000000000000000000, 1.000000000000000000 ) ) ;
#9586 = UNCERTAINTY_MEASURE_WITH_UNIT (LENGTH_MEASURE( 1.000000000000000082E-05 ), #8397, 'distance_accuracy_value', 'NONE');
#9587 = VECTOR ( 'NONE', #2665, 1000.000000000000000 ) ;
#9588 = ORIENTED_EDGE ( 'NONE', *, *, #9831, .T. ) ;
#9589 = VERTEX_POINT ( 'NONE', #2277 ) ;
#9590 = ORIENTED_EDGE ( 'NONE', *, *, #4562, .T. ) ;
#9591 = VECTOR ( 'NONE', #3981, 1000.000000000000000 ) ;
#9592 = CARTESIAN_POINT ( 'NONE',  ( 0.1499999999999999944, 0.9000000000000001332, 0.000000000000000000 ) ) ;
#9593 = COLOUR_RGB ( '',0.3921568627450980338, 0.5999999999999999778, 0.3921568627450980338 ) ;
#9594 = LINE ( 'NONE', #3601, #558 ) ;
#9595 = VECTOR ( 'NONE', #9800, 1000.000000000000000 ) ;
#9596 = ORIENTED_EDGE ( 'NONE', *, *, #1865, .T. ) ;
#9597 = VECTOR ( 'NONE', #2154, 1000.000000000000000 ) ;
#9598 = CARTESIAN_POINT ( 'NONE',  ( -0.5961306949927850374, -1.600000000000000089, 0.01000000000000000021 ) ) ;
#9599 = LINE ( 'NONE', #5438, #7665 ) ;
#9600 = CARTESIAN_POINT ( 'NONE',  ( 0.1499999999999999944, 0.6400000000000000133, 0.000000000000000000 ) ) ;
#9601 = CARTESIAN_POINT ( 'NONE',  ( -0.2999999999999999334, 1.500000000000000222, 0.7900000000000000355 ) ) ;
#9602 = CARTESIAN_POINT ( 'NONE',  ( 0.5999999999999999778, -1.243863872159709949, 0.01000000000000000021 ) ) ;
#9603 = CARTESIAN_POINT ( 'NONE',  ( -0.1499999999999990230, -1.489999999999999991, 0.5300000000000001377 ) ) ;
#9604 = VERTEX_POINT ( 'NONE', #7315 ) ;
#9605 = VECTOR ( 'NONE', #7207, 1000.000000000000000 ) ;
#9606 = FACE_OUTER_BOUND ( 'NONE', #4800, .T. ) ;
#9607 = VECTOR ( 'NONE', #3964, 1000.000000000000000 ) ;
#9608 = LINE ( 'NONE', #9452, #907 ) ;
#9609 = VECTOR ( 'NONE', #5161, 1000.000000000000000 ) ;
#9610 = FACE_OUTER_BOUND ( 'NONE', #2339, .T. ) ;
#9611 = ORIENTED_EDGE ( 'NONE', *, *, #2266, .F. ) ;
#9612 = PLANE ( 'NONE',  #4077 ) ;
#9613 = EDGE_CURVE ( 'NONE', #7973, #3939, #10641, .T. ) ;
#9614 = VECTOR ( 'NONE', #4778, 1000.000000000000000 ) ;
#9615 = CARTESIAN_POINT ( 'NONE',  ( -0.5999999999999999778, -1.489999999999999991, 0.000000000000000000 ) ) ;
#9616 = VECTOR ( 'NONE', #3690, 1000.000000000000000 ) ;
#9617 = DIRECTION ( 'NONE',  ( -1.807003620809169948E-16, -1.000000000000000000, 0.000000000000000000 ) ) ;
#9618 = ORIENTED_EDGE ( 'NONE', *, *, #7284, .T. ) ;
#9619 = ORIENTED_EDGE ( 'NONE', *, *, #5075, .F. ) ;
#9620 = EDGE_CURVE ( 'NONE', #8814, #10919, #3813, .T. ) ;
#9621 = EDGE_LOOP ( 'NONE', ( #4626, #7426, #9311, #359 ) ) ;
#9622 = CARTESIAN_POINT ( 'NONE',  ( 0.5999999999999999778, 1.600000000000000089, 0.01000000000000000021 ) ) ;
#9623 = ADVANCED_FACE ( 'NONE', ( #5536 ), #3098, .T. ) ;
#9624 = VERTEX_POINT ( 'NONE', #1217 ) ;
#9625 = EDGE_CURVE ( 'NONE', #4750, #1872, #7256, .T. ) ;
#9626 = CLOSED_SHELL ( 'NONE', ( #4709, #73, #7066, #4015, #8563, #10448 ) ) ;
#9627 = CARTESIAN_POINT ( 'NONE',  ( -0.1281588001357080175, 0.4318411998642919802, 0.5300000000000001377 ) ) ;
#9628 = ORIENTED_EDGE ( 'NONE', *, *, #163, .F. ) ;
#9629 = SURFACE_SIDE_STYLE ('',( #5192 ) ) ;
#9630 = DIRECTION ( 'NONE',  ( 0.000000000000000000, -1.000000000000000000, 0.000000000000000000 ) ) ;
#9631 = ORIENTED_EDGE ( 'NONE', *, *, #10517, .T. ) ;
#9632 = UNCERTAINTY_MEASURE_WITH_UNIT (LENGTH_MEASURE( 1.000000000000000082E-05 ), #5259, 'distance_accuracy_value', 'NONE');
#9633 = CARTESIAN_POINT ( 'NONE',  ( -0.5350000000000000311, -1.100000000000000089, 0.005000000000000000104 ) ) ;
#9634 = CARTESIAN_POINT ( 'NONE',  ( 0.5350000000000000311, 0.6400000000000000133, 0.5300000000000001377 ) ) ;
#9635 = AXIS2_PLACEMENT_3D ( 'NONE', #475, #7349, #10555 ) ;
#9636 = DIRECTION ( 'NONE',  ( 0.000000000000000000, 0.03489949670250088593, -0.9993908270190956511 ) ) ;
#9637 = ORIENTED_EDGE ( 'NONE', *, *, #3416, .F. ) ;
#9638 = PLANE ( 'NONE',  #5332 ) ;
#9639 = LINE ( 'NONE', #4428, #7836 ) ;
#9640 = DIRECTION ( 'NONE',  ( 0.4788521306805727518, -0.8778955729143845810, 0.000000000000000000 ) ) ;
#9641 = DIRECTION ( 'NONE',  ( 0.000000000000000000, -0.000000000000000000, -1.000000000000000000 ) ) ;
#9642 = ORIENTED_EDGE ( 'NONE', *, *, #7191, .F. ) ;
#9643 = CARTESIAN_POINT ( 'NONE',  ( 0.5999999999999999778, -1.489999999999999991, 0.000000000000000000 ) ) ;
#9644 = AXIS2_PLACEMENT_3D ( 'NONE', #7388, #2996, #3222 ) ;
#9645 = ORIENTED_EDGE ( 'NONE', *, *, #7473, .F. ) ;
#9646 = ORIENTED_EDGE ( 'NONE', *, *, #7007, .F. ) ;
#9647 = EDGE_CURVE ( 'NONE', #6402, #7796, #8025, .T. ) ;
#9648 = DIRECTION ( 'NONE',  ( 1.000000000000000000, 0.000000000000000000, -0.000000000000000000 ) ) ;
#9649 = EDGE_CURVE ( 'NONE', #7713, #8048, #7209, .T. ) ;
#9650 = DIRECTION ( 'NONE',  ( -1.000000000000000000, -1.807003620809169948E-16, 0.000000000000000000 ) ) ;
#9651 = EDGE_CURVE ( 'NONE', #9255, #7949, #1380, .T. ) ;
#9652 = DIRECTION ( 'NONE',  ( 0.000000000000000000, -1.000000000000000000, 0.000000000000000000 ) ) ;
#9653 = ORIENTED_EDGE ( 'NONE', *, *, #3004, .T. ) ;
#9654 = DIRECTION ( 'NONE',  ( 0.000000000000000000, -0.000000000000000000, 1.000000000000000000 ) ) ;
#9655 = CARTESIAN_POINT ( 'NONE',  ( 0.5999999999999999778, -1.403900576585290105, 0.01000000000000000021 ) ) ;
#9656 = VECTOR ( 'NONE', #10225, 1000.000000000000000 ) ;
#9657 = CARTESIAN_POINT ( 'NONE',  ( -0.5350000000000000311, 1.239999999999999991, 0.7900000000000000355 ) ) ;
#9658 = DIRECTION ( 'NONE',  ( 0.000000000000000000, -1.000000000000000000, 0.000000000000000000 ) ) ;
#9659 = CARTESIAN_POINT ( 'NONE',  ( 0.5350000000000000311, 0.9000000000000001332, 0.01000000000000000021 ) ) ;
#9660 = DIRECTION ( 'NONE',  ( 0.000000000000000000, -0.000000000000000000, -1.000000000000000000 ) ) ;
#9661 = EDGE_LOOP ( 'NONE', ( #5510, #10585, #2059, #5328 ) ) ;
#9662 = VECTOR ( 'NONE', #3096, 1000.000000000000000 ) ;
#9663 = CARTESIAN_POINT ( 'NONE',  ( -0.4650000000000000244, 0.6000000000000000888, 0.5200000000000000178 ) ) ;
#9664 = FACE_OUTER_BOUND ( 'NONE', #8944, .T. ) ;
#9665 = EDGE_CURVE ( 'NONE', #5911, #10919, #7155, .T. ) ;
#9666 = ORIENTED_EDGE ( 'NONE', *, *, #3120, .T. ) ;
#9667 = DIRECTION ( 'NONE',  ( 1.000000000000000000, -1.807003620809169948E-16, 0.000000000000000000 ) ) ;
#9668 = DIRECTION ( 'NONE',  ( 0.4788521306805550992, -0.8778955729143942399, 0.000000000000000000 ) ) ;
#9669 =( NAMED_UNIT ( * ) PLANE_ANGLE_UNIT ( ) SI_UNIT ( $, .RADIAN. ) );
#9670 =( GEOMETRIC_REPRESENTATION_CONTEXT ( 3 ) GLOBAL_UNCERTAINTY_ASSIGNED_CONTEXT ( ( #5415 ) ) GLOBAL_UNIT_ASSIGNED_CONTEXT ( ( #4333, #1777, #6568 ) ) REPRESENTATION_CONTEXT ( 'NONE', 'WORKASPACE' ) );
#9671 = APPLICATION_PROTOCOL_DEFINITION ( 'draft international standard', 'automotive_design', 1998, #3440 ) ;
#9672 = LINE ( 'NONE', #8003, #4115 ) ;
#9673 = ORIENTED_EDGE ( 'NONE', *, *, #1853, .F. ) ;
#9674 = ORIENTED_EDGE ( 'NONE', *, *, #7944, .F. ) ;
#9675 = ORIENTED_EDGE ( 'NONE', *, *, #7249, .F. ) ;
#9676 = CARTESIAN_POINT ( 'NONE',  ( -0.5999999999999999778, 1.243863872159709949, 0.01000000000000000021 ) ) ;
#9677 = VERTEX_POINT ( 'NONE', #1433 ) ;
#9678 = SURFACE_STYLE_USAGE ( .BOTH. , #6289 ) ;
#9679 = EDGE_CURVE ( 'NONE', #1582, #5917, #4812, .T. ) ;
#9680 = CARTESIAN_POINT ( 'NONE',  ( -0.5350000000000000311, 1.098486643203810065, 0.5200000000000000178 ) ) ;
#9681 = ORIENTED_EDGE ( 'NONE', *, *, #9399, .T. ) ;
#9682 = CARTESIAN_POINT ( 'NONE',  ( 0.3599999999999999867, -0.1799999999999999933, 0.005000000000000000104 ) ) ;
#9683 = FILL_AREA_STYLE_COLOUR ( '', #4140 ) ;
#9684 = VERTEX_POINT ( 'NONE', #546 ) ;
#9685 = EDGE_CURVE ( 'NONE', #7182, #68, #9912, .T. ) ;
#9686 = CARTESIAN_POINT ( 'NONE',  ( 0.5349999999999999201, 0.6400000000000000133, 0.01000000000000000021 ) ) ;
#9687 = EDGE_CURVE ( 'NONE', #5207, #8234, #8195, .T. ) ;
#9688 = VECTOR ( 'NONE', #1720, 1000.000000000000000 ) ;
#9689 = FACE_OUTER_BOUND ( 'NONE', #10148, .T. ) ;
#9690 = LINE ( 'NONE', #382, #10267 ) ;
#9691 = EDGE_LOOP ( 'NONE', ( #8466, #2871, #4363, #6250 ) ) ;
#9692 = CARTESIAN_POINT ( 'NONE',  ( -0.2952229299363060000, -0.6000000000000000888, 0.000000000000000000 ) ) ;
#9693 = LINE ( 'NONE', #6981, #9605 ) ;
#9694 = LINE ( 'NONE', #1325, #4378 ) ;
#9695 = CARTESIAN_POINT ( 'NONE',  ( 0.3568411998642920246, -0.03184119986429190252, 0.5300000000000001377 ) ) ;
#9696 = EDGE_LOOP ( 'NONE', ( #8215, #9714, #8636, #5344 ) ) ;
#9697 = EDGE_CURVE ( 'NONE', #7252, #8542, #2108, .T. ) ;
#9698 = ORIENTED_EDGE ( 'NONE', *, *, #5144, .F. ) ;
#9699 = VERTEX_POINT ( 'NONE', #6527 ) ;
#9700 = EDGE_CURVE ( 'NONE', #345, #4474, #8920, .T. ) ;
#9701 = LINE ( 'NONE', #3760, #9972 ) ;
#9702 = CARTESIAN_POINT ( 'NONE',  ( 0.2068411998642920024, -0.03184119986429190252, 0.5300000000000001377 ) ) ;
#9703 = EDGE_CURVE ( 'NONE', #2981, #4629, #501, .T. ) ;
#9704 = VERTEX_POINT ( 'NONE', #8856 ) ;
#9705 = VECTOR ( 'NONE', #5163, 1000.000000000000000 ) ;
#9706 = FACE_OUTER_BOUND ( 'NONE', #2182, .T. ) ;
#9707 = PLANE ( 'NONE',  #4995 ) ;
#9708 = FACE_OUTER_BOUND ( 'NONE', #4739, .T. ) ;
#9709 = CARTESIAN_POINT ( 'NONE',  ( 0.2999999999999999889, -1.500000000000000000, 0.7900000000000000355 ) ) ;
#9710 = CARTESIAN_POINT ( 'NONE',  ( 0.5350000000000000311, 1.600000000000000089, 0.5300000000000001377 ) ) ;
#9711 = VERTEX_POINT ( 'NONE', #4712 ) ;
#9712 = EDGE_CURVE ( 'NONE', #8413, #10792, #3868, .T. ) ;
#9713 = CARTESIAN_POINT ( 'NONE',  ( 0.000000000000000000, 0.000000000000000000, 0.01000000000000000021 ) ) ;
#9714 = ORIENTED_EDGE ( 'NONE', *, *, #1369, .T. ) ;
#9715 =( NAMED_UNIT ( * ) SI_UNIT ( $, .STERADIAN. ) SOLID_ANGLE_UNIT ( ) );
#9716 = CARTESIAN_POINT ( 'NONE',  ( -0.5349999999999999201, 0.6999999999999999556, 0.000000000000000000 ) ) ;
#9717 = ADVANCED_FACE ( 'NONE', ( #10082 ), #3258, .F. ) ;
#9718 = EDGE_LOOP ( 'NONE', ( #4219, #1466, #2513, #5285 ) ) ;
#9719 = EDGE_CURVE ( 'NONE', #8488, #5404, #5696, .T. ) ;
#9720 = DIRECTION ( 'NONE',  ( -0.000000000000000000, 1.000000000000000000, 0.000000000000000000 ) ) ;
#9721 = FACE_OUTER_BOUND ( 'NONE', #5182, .T. ) ;
#9722 = LINE ( 'NONE', #10730, #7991 ) ;
#9723 = ORIENTED_EDGE ( 'NONE', *, *, #5347, .T. ) ;
#9724 = ORIENTED_EDGE ( 'NONE', *, *, #10440, .T. ) ;
#9725 = ORIENTED_EDGE ( 'NONE', *, *, #443, .F. ) ;
#9726 = DIRECTION ( 'NONE',  ( 0.000000000000000000, 0.000000000000000000, 1.000000000000000000 ) ) ;
#9727 = VECTOR ( 'NONE', #5585, 1000.000000000000000 ) ;
#9728 = ORIENTED_EDGE ( 'NONE', *, *, #7150, .T. ) ;
#9729 = ADVANCED_FACE ( 'NONE', ( #6582 ), #4917, .T. ) ;
#9730 = DIRECTION ( 'NONE',  ( 1.000000000000000000, -1.355252715606879951E-15, 0.000000000000000000 ) ) ;
#9731 = LINE ( 'NONE', #487, #7569 ) ;
#9732 = ORIENTED_EDGE ( 'NONE', *, *, #7344, .T. ) ;
#9733 = LINE ( 'NONE', #8793, #10507 ) ;
#9734 = LINE ( 'NONE', #8237, #7726 ) ;
#9735 = ORIENTED_EDGE ( 'NONE', *, *, #2315, .T. ) ;
#9736 = AXIS2_PLACEMENT_3D ( 'NONE', #10954, #1023, #6846 ) ;
#9737 = VECTOR ( 'NONE', #7175, 1000.000000000000000 ) ;
#9738 = CARTESIAN_POINT ( 'NONE',  ( 0.5999999999999999778, 1.600000000000000089, 0.01000000000000000021 ) ) ;
#9739 = DIRECTION ( 'NONE',  ( 0.000000000000000000, 0.000000000000000000, -1.000000000000000000 ) ) ;
#9740 = DIRECTION ( 'NONE',  ( 1.000000000000000000, -0.000000000000000000, 0.000000000000000000 ) ) ;
#9741 = EDGE_LOOP ( 'NONE', ( #6770, #3121, #10743, #2088, #9862, #10939 ) ) ;
#9742 = EDGE_CURVE ( 'NONE', #7156, #5809, #9310, .T. ) ;
#9743 = FILL_AREA_STYLE_COLOUR ( '', #6932 ) ;
#9744 = DIRECTION ( 'NONE',  ( 2.581433744013109998E-16, 1.000000000000000000, 0.000000000000000000 ) ) ;
#9745 = DIRECTION ( 'NONE',  ( -1.000000000000000000, -0.000000000000000000, 0.000000000000000000 ) ) ;
#9746 = ADVANCED_FACE ( 'NONE', ( #3361 ), #6695, .T. ) ;
#9747 = ORIENTED_EDGE ( 'NONE', *, *, #233, .F. ) ;
#9748 = DIRECTION ( 'NONE',  ( 0.000000000000000000, -0.000000000000000000, 1.000000000000000000 ) ) ;
#9749 = ORIENTED_EDGE ( 'NONE', *, *, #6310, .F. ) ;
#9750 = ORIENTED_EDGE ( 'NONE', *, *, #2656, .T. ) ;
#9751 = VECTOR ( 'NONE', #2676, 1000.000000000000000 ) ;
#9752 = LINE ( 'NONE', #5542, #2343 ) ;
#9753 = AXIS2_PLACEMENT_3D ( 'NONE', #8367, #779, #4160 ) ;
#9754 = DIRECTION ( 'NONE',  ( 1.000000000000000000, 0.000000000000000000, -0.000000000000000000 ) ) ;
#9755 = ORIENTED_EDGE ( 'NONE', *, *, #4844, .T. ) ;
#9756 = AXIS2_PLACEMENT_3D ( 'NONE', #6203, #5986, #2010 ) ;
#9757 = EDGE_CURVE ( 'NONE', #2241, #787, #9143, .T. ) ;
#9758 = CARTESIAN_POINT ( 'NONE',  ( 0.2499999999999999445, 1.300000000000000266, 0.000000000000000000 ) ) ;
#9759 = LINE ( 'NONE', #6430, #1645 ) ;
#9760 = CARTESIAN_POINT ( 'NONE',  ( 0.1499999999999999667, 0.9000000000000001332, 0.7900000000000000355 ) ) ;
#9762 = VECTOR ( 'NONE', #10857, 1000.000000000000000 ) ;
#9761 = CARTESIAN_POINT ( 'NONE',  ( 0.5999999999999999778, 1.239999999999999991, 0.01000000000000000021 ) ) ;
#9763 = FACE_OUTER_BOUND ( 'NONE', #10102, .T. ) ;
#9764 = ORIENTED_EDGE ( 'NONE', *, *, #10841, .F. ) ;
#9765 = FACE_OUTER_BOUND ( 'NONE', #6897, .T. ) ;
#9766 = ORIENTED_EDGE ( 'NONE', *, *, #8030, .T. ) ;
#9767 = DIRECTION ( 'NONE',  ( -0.000000000000000000, 1.000000000000000000, 0.000000000000000000 ) ) ;
#9768 = VECTOR ( 'NONE', #7913, 1000.000000000000000 ) ;
#9769 = DIRECTION ( 'NONE',  ( 0.000000000000000000, 0.000000000000000000, -1.000000000000000000 ) ) ;
#9770 = ORIENTED_EDGE ( 'NONE', *, *, #2248, .F. ) ;
#9771 = VECTOR ( 'NONE', #4584, 1000.000000000000000 ) ;
#9772 = ADVANCED_FACE ( 'NONE', ( #2542 ), #8301, .F. ) ;
#9773 = EDGE_CURVE ( 'NONE', #5853, #8432, #4093, .T. ) ;
#9774 = VECTOR ( 'NONE', #80, 1000.000000000000000 ) ;
#9775 = ORIENTED_EDGE ( 'NONE', *, *, #3074, .F. ) ;
#9776 = CARTESIAN_POINT ( 'NONE',  ( -0.5999999999999999778, 1.600000000000000089, 0.01000000000000000021 ) ) ;
#9777 = CARTESIAN_POINT ( 'NONE',  ( -0.1499999999999999944, 0.9000000000000001332, 0.000000000000000000 ) ) ;
#9778 = VECTOR ( 'NONE', #584, 1000.000000000000000 ) ;
#9779 = CARTESIAN_POINT ( 'NONE',  ( -0.2400000000000000466, 1.599999999999999867, 0.5200000000000000178 ) ) ;
#9780 = EDGE_CURVE ( 'NONE', #3967, #6706, #8465, .T. ) ;
#9781 = SHAPE_DEFINITION_REPRESENTATION ( #6206, #6976 ) ;
#9782 = LINE ( 'NONE', #4624, #2352 ) ;
#9783 = EDGE_LOOP ( 'NONE', ( #2741, #10338, #6963, #6453 ) ) ;
#9784 = AXIS2_PLACEMENT_3D ( 'NONE', #9986, #10158, #1774 ) ;
#9785 = EDGE_CURVE ( 'NONE', #3490, #10792, #4971, .T. ) ;
#9786 = ADVANCED_FACE ( 'NONE', ( #8250 ), #9971, .T. ) ;
#9787 = DIRECTION ( 'NONE',  ( -0.5144957554275266798, -0.8574929257125440962, 0.000000000000000000 ) ) ;
#9788 = MECHANICAL_DESIGN_GEOMETRIC_PRESENTATION_REPRESENTATION (  '', ( #936 ), #3954 ) ;
#9789 = VERTEX_POINT ( 'NONE', #5805 ) ;
#9790 = STYLED_ITEM ( 'NONE', ( #8684 ), #9887 ) ;
#9791 = DIRECTION ( 'NONE',  ( 0.000000000000000000, 0.000000000000000000, 1.000000000000000000 ) ) ;
#9792 = ORIENTED_EDGE ( 'NONE', *, *, #4477, .T. ) ;
#9793 = PLANE ( 'NONE',  #8022 ) ;
#9794 = ORIENTED_EDGE ( 'NONE', *, *, #5751, .F. ) ;
#9795 = ORIENTED_EDGE ( 'NONE', *, *, #6117, .T. ) ;
#9796 = ADVANCED_BREP_SHAPE_REPRESENTATION ( '', ( #9887, #2231 ), #4179 ) ;
#9797 = LINE ( 'NONE', #1264, #8882 ) ;
#9798 = VECTOR ( 'NONE', #6070, 1000.000000000000000 ) ;
#9799 = VECTOR ( 'NONE', #10156, 1000.000000000000000 ) ;
#9800 = DIRECTION ( 'NONE',  ( 0.000000000000000000, -1.000000000000000000, -0.000000000000000000 ) ) ;
#9801 = CARTESIAN_POINT ( 'NONE',  ( -0.1500000000000001887, -0.5999999999999999778, 0.000000000000000000 ) ) ;
#9802 = ORIENTED_EDGE ( 'NONE', *, *, #7396, .F. ) ;
#9803 = LINE ( 'NONE', #7970, #564 ) ;
#9804 = CARTESIAN_POINT ( 'NONE',  ( -0.1300000000000000044, 0.1700000000000000122, 0.001000000000000000021 ) ) ;
#9805 = CARTESIAN_POINT ( 'NONE',  ( 0.1499999999999990230, -1.489999999999999991, 0.5300000000000001377 ) ) ;
#9806 = CARTESIAN_POINT ( 'NONE',  ( 0.5349999999999999201, 0.6999999999999999556, 0.01000000000000000021 ) ) ;
#9807 = ORIENTED_EDGE ( 'NONE', *, *, #3374, .F. ) ;
#9808 = DIRECTION ( 'NONE',  ( 0.000000000000000000, 0.000000000000000000, 1.000000000000000000 ) ) ;
#9809 = ORIENTED_EDGE ( 'NONE', *, *, #8883, .T. ) ;
#9810 = ORIENTED_EDGE ( 'NONE', *, *, #3668, .F. ) ;
#9811 = CARTESIAN_POINT ( 'NONE',  ( -0.5350000000000000311, 1.100000000000000089, 0.001000000000000000021 ) ) ;
#9812 = LINE ( 'NONE', #5650, #1792 ) ;
#9813 = DIRECTION ( 'NONE',  ( -1.000000000000000000, 0.000000000000000000, -0.000000000000000000 ) ) ;
#9814 = ORIENTED_EDGE ( 'NONE', *, *, #3860, .F. ) ;
#9815 = CARTESIAN_POINT ( 'NONE',  ( -0.5350000000000000311, 0.7005555010695040385, 0.5300000000000001377 ) ) ;
#9816 = CARTESIAN_POINT ( 'NONE',  ( 0.2399999999999999911, 1.600000000000000089, 0.8000000000000000444 ) ) ;
#9817 = APPLICATION_CONTEXT ( 'automotive_design' ) ;
#9818 = CARTESIAN_POINT ( 'NONE',  ( -0.5999999999999999778, -1.500000000000000000, 0.8000000000000000444 ) ) ;
#9819 = CARTESIAN_POINT ( 'NONE',  ( 0.07499999999999999722, -1.600000000000000089, 0.005000000000000000104 ) ) ;
#9820 = LINE ( 'NONE', #8873, #5049 ) ;
#9821 = CARTESIAN_POINT ( 'NONE',  ( 0.1499999999999999667, -0.6999999999999999556, 0.005000000000000000104 ) ) ;
#9822 = EDGE_CURVE ( 'NONE', #2667, #4437, #6607, .T. ) ;
#9823 = EDGE_LOOP ( 'NONE', ( #4045, #8275, #1145, #8693, #6092, #5159 ) ) ;
#9824 = CARTESIAN_POINT ( 'NONE',  ( -0.5999999999999999778, -1.600000000000000089, 0.8000000000000000444 ) ) ;
#9825 = ORIENTED_EDGE ( 'NONE', *, *, #5500, .T. ) ;
#9826 = FILL_AREA_STYLE ('',( #6438 ) ) ;
#9827 = EDGE_CURVE ( 'NONE', #3392, #8004, #7579, .T. ) ;
#9828 = CARTESIAN_POINT ( 'NONE',  ( -0.07499999999999998335, 1.599999999999999867, 0.5300000000000001377 ) ) ;
#9829 = VECTOR ( 'NONE', #6875, 1000.000000000000000 ) ;
#9830 = ORIENTED_EDGE ( 'NONE', *, *, #2571, .F. ) ;
#9831 = EDGE_CURVE ( 'NONE', #4596, #7845, #3092, .T. ) ;
#9832 = VECTOR ( 'NONE', #4307, 1000.000000000000000 ) ;
#9833 = VECTOR ( 'NONE', #2178, 1000.000000000000000 ) ;
#9834 = ORIENTED_EDGE ( 'NONE', *, *, #418, .F. ) ;
#9835 = CARTESIAN_POINT ( 'NONE',  ( 0.000000000000000000, -1.100000000000000089, 0.001000000000000000021 ) ) ;
#9836 = DIRECTION ( 'NONE',  ( -0.000000000000000000, -0.000000000000000000, -1.000000000000000000 ) ) ;
#9837 = AXIS2_PLACEMENT_3D ( 'NONE', #53, #5083, #3312 ) ;
#9838 = STYLED_ITEM ( 'NONE', ( #8429 ), #2206 ) ;
#9839 = DIRECTION ( 'NONE',  ( -0.000000000000000000, -0.000000000000000000, 1.000000000000000000 ) ) ;
#9840 = CARTESIAN_POINT ( 'NONE',  ( 0.3568411998642920246, -0.03184119986429190252, 0.5300000000000001377 ) ) ;
#9841 = ORIENTED_EDGE ( 'NONE', *, *, #8087, .F. ) ;
#9842 = VECTOR ( 'NONE', #8713, 1000.000000000000000 ) ;
#9843 = CARTESIAN_POINT ( 'NONE',  ( 0.5350000000000000311, -0.6400000000000000133, 0.5300000000000001377 ) ) ;
#9844 = ORIENTED_EDGE ( 'NONE', *, *, #7751, .F. ) ;
#9845 = VECTOR ( 'NONE', #6877, 1000.000000000000000 ) ;
#9846 = CARTESIAN_POINT ( 'NONE',  ( 0.5999999999999974243, 1.239999999999999991, 0.5200000000000000178 ) ) ;
#9847 = EDGE_LOOP ( 'NONE', ( #2436, #6817, #3621, #2490 ) ) ;
#9848 = PLANE ( 'NONE',  #10729 ) ;
#9849 = FACE_OUTER_BOUND ( 'NONE', #8679, .T. ) ;
#9850 = ORIENTED_EDGE ( 'NONE', *, *, #7323, .T. ) ;
#9851 = VERTEX_POINT ( 'NONE', #5081 ) ;
#9852 = PLANE ( 'NONE',  #10119 ) ;
#9853 = DIRECTION ( 'NONE',  ( -1.000000000000000000, -8.260587980841929905E-16, 0.000000000000000000 ) ) ;
#9854 = CARTESIAN_POINT ( 'NONE',  ( 0.5350000000000000311, 1.243863872159709949, 0.000000000000000000 ) ) ;
#9855 = EDGE_LOOP ( 'NONE', ( #9809, #663, #6519, #8075, #6327, #6385, #5575, #2805, #9825, #2299, #975, #6517, #5910, #9404, #7065, #8921 ) ) ;
#9856 = LINE ( 'NONE', #8128, #8170 ) ;
#9857 = LINE ( 'NONE', #5694, #3811 ) ;
#9858 = FACE_OUTER_BOUND ( 'NONE', #5410, .T. ) ;
#9859 = CARTESIAN_POINT ( 'NONE',  ( -0.5999999999999999778, 1.239999999999999991, 0.5200000000000000178 ) ) ;
#9860 = ORIENTED_EDGE ( 'NONE', *, *, #6019, .T. ) ;
#9861 = SURFACE_STYLE_FILL_AREA ( #3041 ) ;
#9862 = ORIENTED_EDGE ( 'NONE', *, *, #10594, .F. ) ;
#9863 = VERTEX_POINT ( 'NONE', #1710 ) ;
#9864 = VECTOR ( 'NONE', #9268, 1000.000000000000000 ) ;
#9865 = FILL_AREA_STYLE ('',( #10921 ) ) ;
#9866 = CARTESIAN_POINT ( 'NONE',  ( 0.2999999999999999334, -1.500000000000000000, 0.8000000000000000444 ) ) ;
#9867 = CARTESIAN_POINT ( 'NONE',  ( 0.3599999999999999867, -0.1799999999999999933, 0.001000000000000000021 ) ) ;
#9868 = ORIENTED_EDGE ( 'NONE', *, *, #3740, .F. ) ;
#9869 = SURFACE_SIDE_STYLE ('',( #9926 ) ) ;
#9870 = CARTESIAN_POINT ( 'NONE',  ( 0.5999999999999998668, 1.399999999999999911, 0.000000000000000000 ) ) ;
#9871 = CARTESIAN_POINT ( 'NONE',  ( -0.4649999999999999689, 0.6400000000000000133, 0.01000000000000000021 ) ) ;
#9872 = LINE ( 'NONE', #5709, #8548 ) ;
#9873 = FACE_OUTER_BOUND ( 'NONE', #594, .T. ) ;
#9874 = DIRECTION ( 'NONE',  ( -0.4788521306805730293, 0.8778955729143845810, 0.000000000000000000 ) ) ;
#9875 = CARTESIAN_POINT ( 'NONE',  ( 0.1499999999999999944, -1.098928449973850086, 0.5300000000000001377 ) ) ;
#9876 = VERTEX_POINT ( 'NONE', #3425 ) ;
#9877 = CARTESIAN_POINT ( 'NONE',  ( 0.5999999999999999778, -1.099999999999999645, 0.001000000000000000021 ) ) ;
#9878 = ORIENTED_EDGE ( 'NONE', *, *, #3835, .F. ) ;
#9879 = CARTESIAN_POINT ( 'NONE',  ( 0.5999999999999999778, -1.399999999999999911, 0.5300000000000001377 ) ) ;
#9880 = CARTESIAN_POINT ( 'NONE',  ( -0.4000000000000000222, -0.1799999999999999933, 0.005000000000000000104 ) ) ;
#9881 = ORIENTED_EDGE ( 'NONE', *, *, #2449, .F. ) ;
#9882 = VECTOR ( 'NONE', #4067, 1000.000000000000000 ) ;
#9883 = ADVANCED_FACE ( 'NONE', ( #10197 ), #10914, .F. ) ;
#9884 = VERTEX_POINT ( 'NONE', #3201 ) ;
#9885 =( NAMED_UNIT ( * ) PLANE_ANGLE_UNIT ( ) SI_UNIT ( $, .RADIAN. ) );
#9886 =( NAMED_UNIT ( * ) PLANE_ANGLE_UNIT ( ) SI_UNIT ( $, .RADIAN. ) );
#9887 = BREP_WITH_VOIDS ( 'NONE', #10693, ( #6574, #4012, #7732 ) );
#9888 = EDGE_CURVE ( 'NONE', #8352, #7981, #1153, .T. ) ;
#9889 = LINE ( 'NONE', #9779, #8149 ) ;
#9890 = ITEM_DEFINED_TRANSFORMATION ( 'NONE', 'NONE', #10181,  #2231 ) ;
#9891 = DIRECTION ( 'NONE',  ( -1.000000000000000000, 0.000000000000000000, -0.000000000000000000 ) ) ;
#9892 = COLOUR_RGB ( '',0.3921568627450980338, 0.5999999999999999778, 0.3921568627450980338 ) ;
#9893 = CARTESIAN_POINT ( 'NONE',  ( 0.000000000000000000, 1.100000000000000089, 0.001000000000000000021 ) ) ;
#9894 = PRODUCT_DEFINITION ( 'UNKNOWN', '', #1142, #5368 ) ;
#9895 = ORIENTED_EDGE ( 'NONE', *, *, #5445, .T. ) ;
#9896 = EDGE_CURVE ( 'NONE', #8720, #6282, #5750, .T. ) ;
#9897 = VECTOR ( 'NONE', #6796, 1000.000000000000000 ) ;
#9898 = CARTESIAN_POINT ( 'NONE',  ( 0.5350000000000000311, 1.239999999999999991, 0.5300000000000001377 ) ) ;
#9899 = ORIENTED_EDGE ( 'NONE', *, *, #7956, .T. ) ;
#9900 = CARTESIAN_POINT ( 'NONE',  ( -0.5350000000000000311, 1.239999999999999991, 0.01000000000000000021 ) ) ;
#9901 =( LENGTH_UNIT ( ) NAMED_UNIT ( * ) SI_UNIT ( .MILLI., .METRE. ) );
#9902 = ORIENTED_EDGE ( 'NONE', *, *, #2309, .T. ) ;
#9903 = ORIENTED_EDGE ( 'NONE', *, *, #9703, .T. ) ;
#9904 = MANIFOLD_SOLID_BREP ( 'Pins_Bottom', #2021 ) ;
#9905 = DIRECTION ( 'NONE',  ( 9.293161478447170157E-16, -1.000000000000000000, -0.000000000000000000 ) ) ;
#9906 = VECTOR ( 'NONE', #1980, 1000.000000000000000 ) ;
#9907 = FILL_AREA_STYLE_COLOUR ( '', #7296 ) ;
#9908 = PLANE ( 'NONE',  #3891 ) ;
#9909 =( NAMED_UNIT ( * ) SI_UNIT ( $, .STERADIAN. ) SOLID_ANGLE_UNIT ( ) );
#9910 = LINE ( 'NONE', #5129, #5228 ) ;
#9911 = DIRECTION ( 'NONE',  ( -1.000000000000000000, 0.000000000000000000, 0.000000000000000000 ) ) ;
#9912 = LINE ( 'NONE', #9695, #5359 ) ;
#9913 = ORIENTED_EDGE ( 'NONE', *, *, #5380, .T. ) ;
#9914 = CARTESIAN_POINT ( 'NONE',  ( -0.1218411998642919963, 0.01815880013570820087, 0.5300000000000001377 ) ) ;
#9915 = VECTOR ( 'NONE', #9720, 1000.000000000000000 ) ;
#9916 = ORIENTED_EDGE ( 'NONE', *, *, #233, .T. ) ;
#9917 = ORIENTED_EDGE ( 'NONE', *, *, #3253, .T. ) ;
#9918 = ADVANCED_FACE ( 'NONE', ( #266 ), #9363, .T. ) ;
#9919 = EDGE_CURVE ( 'NONE', #8972, #9940, #744, .T. ) ;
#9920 = DIRECTION ( 'NONE',  ( -1.000000000000000000, -0.000000000000000000, 0.000000000000000000 ) ) ;
#9921 = EDGE_CURVE ( 'NONE', #6381, #1199, #2803, .T. ) ;
#9922 = LINE ( 'NONE', #3264, #7459 ) ;
#9923 =( NAMED_UNIT ( * ) PLANE_ANGLE_UNIT ( ) SI_UNIT ( $, .RADIAN. ) );
#9924 = VERTEX_POINT ( 'NONE', #8576 ) ;
#9925 = EDGE_CURVE ( 'NONE', #6798, #5845, #6178, .T. ) ;
#9926 = SURFACE_STYLE_FILL_AREA ( #1445 ) ;
#9927 = AXIS2_PLACEMENT_3D ( 'NONE', #8, #8370, #3269 ) ;
#9928 = LINE ( 'NONE', #10927, #5310 ) ;
#9929 = DIRECTION ( 'NONE',  ( -1.548860246407859885E-16, 1.000000000000000000, 0.000000000000000000 ) ) ;
#9930 = ADVANCED_FACE ( 'NONE', ( #7906 ), #1985, .T. ) ;
#9931 = VECTOR ( 'NONE', #3303, 1000.000000000000000 ) ;
#9932 = CARTESIAN_POINT ( 'NONE',  ( 0.3197770700636929919, 0.6000000000000000888, 0.5300000000000001377 ) ) ;
#9933 = CARTESIAN_POINT ( 'NONE',  ( 0.3999931019927850384, -1.600000000000000089, 0.01000000000000000021 ) ) ;
#9934 = ORIENTED_EDGE ( 'NONE', *, *, #1908, .F. ) ;
#9935 = LINE ( 'NONE', #7500, #6833 ) ;
#9936 = VERTEX_POINT ( 'NONE', #3678 ) ;
#9937 = CARTESIAN_POINT ( 'NONE',  ( 0.4650000000000000244, 0.5999999999999999778, 0.5300000000000001377 ) ) ;
#9938 = PLANE ( 'NONE',  #10288 ) ;
#9939 = ORIENTED_EDGE ( 'NONE', *, *, #2841, .F. ) ;
#9940 = VERTEX_POINT ( 'NONE', #7080 ) ;
#9941 = VECTOR ( 'NONE', #6979, 1000.000000000000000 ) ;
#9942 = ORIENTED_EDGE ( 'NONE', *, *, #3050, .T. ) ;
#9943 = CARTESIAN_POINT ( 'NONE',  ( -0.5999999999999999778, -1.500000000000000000, 0.8000000000000000444 ) ) ;
#9944 = PRESENTATION_LAYER_ASSIGNMENT (  '', '', ( #9060 ) ) ;
#9945 = CARTESIAN_POINT ( 'NONE',  ( 0.4650000000000000244, 0.6400000000000000133, 0.5300000000000001377 ) ) ;
#9946 = DIRECTION ( 'NONE',  ( -0.000000000000000000, -0.000000000000000000, -1.000000000000000000 ) ) ;
#9947 = VECTOR ( 'NONE', #6077, 1000.000000000000000 ) ;
#9948 = VECTOR ( 'NONE', #3138, 1000.000000000000000 ) ;
#9949 = DIRECTION ( 'NONE',  ( 0.000000000000000000, 0.000000000000000000, 1.000000000000000000 ) ) ;
#9950 = ORIENTED_EDGE ( 'NONE', *, *, #2329, .T. ) ;
#9951 = AXIS2_PLACEMENT_3D ( 'NONE', #799, #6677, #2470 ) ;
#9952 = FACE_OUTER_BOUND ( 'NONE', #6832, .T. ) ;
#9953 = CIRCLE ( 'NONE', #8353, 0.1961375929999999990 ) ;
#9954 = ORIENTED_EDGE ( 'NONE', *, *, #5134, .T. ) ;
#9955 =( NAMED_UNIT ( * ) SI_UNIT ( $, .STERADIAN. ) SOLID_ANGLE_UNIT ( ) );
#9956 = EDGE_CURVE ( 'NONE', #6794, #5398, #5966, .T. ) ;
#9957 = DIRECTION ( 'NONE',  ( -0.000000000000000000, -0.000000000000000000, 1.000000000000000000 ) ) ;
#9958 = FILL_AREA_STYLE_COLOUR ( '', #1350 ) ;
#9959 = VERTEX_POINT ( 'NONE', #1314 ) ;
#9960 = ORIENTED_EDGE ( 'NONE', *, *, #3538, .F. ) ;
#9961 = MANIFOLD_SOLID_BREP ( 'Pins_Bottom', #2549 ) ;
#9962 = LINE ( 'NONE', #5997, #5857 ) ;
#9963 = STYLED_ITEM ( 'NONE', ( #2243 ), #6946 ) ;
#9964 = ADVANCED_FACE ( 'NONE', ( #6400 ), #10567, .T. ) ;
#9965 = EDGE_CURVE ( 'NONE', #10124, #5398, #8841, .T. ) ;
#9966 = LINE ( 'NONE', #2378, #3356 ) ;
#9967 =( GEOMETRIC_REPRESENTATION_CONTEXT ( 3 ) GLOBAL_UNCERTAINTY_ASSIGNED_CONTEXT ( ( #4959 ) ) GLOBAL_UNIT_ASSIGNED_CONTEXT ( ( #2619, #6885, #7055 ) ) REPRESENTATION_CONTEXT ( 'NONE', 'WORKASPACE' ) );
#9968 = LINE ( 'NONE', #5746, #4977 ) ;
#9969 = DIRECTION ( 'NONE',  ( -0.000000000000000000, 0.000000000000000000, -1.000000000000000000 ) ) ;
#9970 = CARTESIAN_POINT ( 'NONE',  ( -0.5350000000000000311, -0.6400000000000000133, 0.01000000000000000021 ) ) ;
#9971 = PLANE ( 'NONE',  #5902 ) ;
#9972 = VECTOR ( 'NONE', #7978, 1000.000000000000000 ) ;
#9973 = VERTEX_POINT ( 'NONE', #3085 ) ;
#9974 = CARTESIAN_POINT ( 'NONE',  ( -0.3197770700636929919, 0.6400000000000000133, 0.5300000000000001377 ) ) ;
#9975 = VERTEX_POINT ( 'NONE', #7959 ) ;
#9976 = ORIENTED_EDGE ( 'NONE', *, *, #10063, .T. ) ;
#9977 = AXIS2_PLACEMENT_3D ( 'NONE', #1545, #6638, #3310 ) ;
#9978 = SURFACE_STYLE_USAGE ( .BOTH. , #6588 ) ;
#9979 = CARTESIAN_POINT ( 'NONE',  ( -0.1499999999999999944, -0.9000000000000001332, 0.000000000000000000 ) ) ;
#9980 = PLANE ( 'NONE',  #8655 ) ;
#9981 = ORIENTED_EDGE ( 'NONE', *, *, #8946, .T. ) ;
#9982 = VECTOR ( 'NONE', #2645, 1000.000000000000000 ) ;
#9983 = CARTESIAN_POINT ( 'NONE',  ( 0.5999999999999986455, 0.04999999999999991257, 0.5200000000000000178 ) ) ;
#9984 = CARTESIAN_POINT ( 'NONE',  ( 0.5999999999999999778, -0.6999999999999999556, 0.001000000000000000021 ) ) ;
#9985 = DIRECTION ( 'NONE',  ( 1.000000000000000000, 0.000000000000000000, 0.000000000000000000 ) ) ;
#9986 = CARTESIAN_POINT ( 'NONE',  ( -0.4018411998642920091, -0.1818411998642920357, 0.5300000000000001377 ) ) ;
#9987 = DIRECTION ( 'NONE',  ( 1.000000000000000000, 0.000000000000000000, 0.000000000000000000 ) ) ;
#9988 = ORIENTED_EDGE ( 'NONE', *, *, #1152, .F. ) ;
#9989 = DIRECTION ( 'NONE',  ( 1.199963341943609962E-15, 1.000000000000000000, 0.000000000000000000 ) ) ;
#9991 = EDGE_LOOP ( 'NONE', ( #5402, #3695, #10653, #10715 ) ) ;
#9990 = EDGE_CURVE ( 'NONE', #3869, #5718, #375, .T. ) ;
#9992 = CARTESIAN_POINT ( 'NONE',  ( 0.1499999999999990230, 1.489999999999999991, 0.5200000000000000178 ) ) ;
#9993 = DIRECTION ( 'NONE',  ( 1.000000000000000000, 0.000000000000000000, -0.000000000000000000 ) ) ;
#9994 = ORIENTED_EDGE ( 'NONE', *, *, #4337, .T. ) ;
#9995 = PRODUCT_DEFINITION_FORMATION_WITH_SPECIFIED_SOURCE ( 'ANY', '', #7018, .NOT_KNOWN. ) ;
#9996 = EDGE_LOOP ( 'NONE', ( #2587, #10934, #790, #3849 ) ) ;
#9997 = CARTESIAN_POINT ( 'NONE',  ( 0.07499999999999998335, 1.600000000000000089, 0.5200000000000000178 ) ) ;
#9998 = LINE ( 'NONE', #3288, #510 ) ;
#9999 = MANIFOLD_SOLID_BREP ( 'Pins_Bottom', #8733 ) ;
#10000 = FILL_AREA_STYLE_COLOUR ( '', #8604 ) ;
#10001 = ITEM_DEFINED_TRANSFORMATION ( 'NONE', 'NONE', #10341,  #2231 ) ;
#10002 = VECTOR ( 'NONE', #1775, 1000.000000000000000 ) ;
#10003 = DIRECTION ( 'NONE',  ( 0.000000000000000000, -0.000000000000000000, 1.000000000000000000 ) ) ;
#10004 = EDGE_CURVE ( 'NONE', #7060, #8627, #6291, .T. ) ;
#10005 = VECTOR ( 'NONE', #10232, 1000.000000000000000 ) ;
#10006 = CARTESIAN_POINT ( 'NONE',  ( 0.5350000000000000311, -0.9000000000000001332, 0.7900000000000000355 ) ) ;
#10007 = ORIENTED_EDGE ( 'NONE', *, *, #9647, .F. ) ;
#10008 = VECTOR ( 'NONE', #10806, 1000.000000000000000 ) ;
#10009 = CARTESIAN_POINT ( 'NONE',  ( -0.1499999999999989952, -1.489999999999999991, 0.5200000000000000178 ) ) ;
#10010 = ORIENTED_EDGE ( 'NONE', *, *, #5985, .T. ) ;
#10011 = AXIS2_PLACEMENT_3D ( 'NONE', #8226, #4069, #1576 ) ;
#10012 = CARTESIAN_POINT ( 'NONE',  ( 0.5999999999999999778, -1.600000000000000089, 0.8000000000000000444 ) ) ;
#10013 = FACE_OUTER_BOUND ( 'NONE', #3148, .T. ) ;
#10014 = EDGE_LOOP ( 'NONE', ( #5373, #9939, #2691, #7675, #6803, #10419, #10407, #1822, #7571, #2695, #9075, #6480, #9306, #9366, #9802, #9218 ) ) ;
#10015 = ORIENTED_EDGE ( 'NONE', *, *, #4405, .F. ) ;
#10016 = AXIS2_PLACEMENT_3D ( 'NONE', #5534, #8976, #4810 ) ;
#10017 = DIRECTION ( 'NONE',  ( -1.000000000000000000, -0.000000000000000000, 0.000000000000000000 ) ) ;
#10018 = AXIS2_PLACEMENT_3D ( 'NONE', #8038, #3326, #4986 ) ;
#10019 = CARTESIAN_POINT ( 'NONE',  ( -0.4000000000000000222, -1.600000000000000089, 0.7900000000000000355 ) ) ;
#10020 = PLANE ( 'NONE',  #9554 ) ;
#10021 = AXIS2_PLACEMENT_3D ( 'NONE', #1068, #4447, #7886 ) ;
#10022 = CARTESIAN_POINT ( 'NONE',  ( 0.5999999999999999778, -1.600000000000000089, 0.000000000000000000 ) ) ;
#10023 = ADVANCED_FACE ( 'NONE', ( #10680 ), #2037, .T. ) ;
#10024 = FACE_OUTER_BOUND ( 'NONE', #10235, .T. ) ;
#10025 = FACE_OUTER_BOUND ( 'NONE', #4507, .T. ) ;
#10026 = DIRECTION ( 'NONE',  ( -1.000000000000000000, 0.000000000000000000, -0.000000000000000000 ) ) ;
#10027 = ORIENTED_EDGE ( 'NONE', *, *, #8158, .F. ) ;
#10028 = DIRECTION ( 'NONE',  ( -1.000000000000000000, -0.000000000000000000, 0.000000000000000000 ) ) ;
#10029 = EDGE_CURVE ( 'NONE', #3554, #4461, #904, .T. ) ;
#10030 = ORIENTED_EDGE ( 'NONE', *, *, #2397, .T. ) ;
#10031 = ORIENTED_EDGE ( 'NONE', *, *, #815, .F. ) ;
#10032 = LINE ( 'NONE', #8526, #2521 ) ;
#10033 = FACE_OUTER_BOUND ( 'NONE', #5032, .T. ) ;
#10034 = VERTEX_POINT ( 'NONE', #5002 ) ;
#10035 = SURFACE_SIDE_STYLE ('',( #7492 ) ) ;
#10036 = PLANE ( 'NONE',  #7851 ) ;
#10037 = ADVANCED_FACE ( 'NONE', ( #1632 ), #7671, .F. ) ;
#10038 = DIRECTION ( 'NONE',  ( 1.000000000000000000, 0.000000000000000000, -0.000000000000000000 ) ) ;
#10039 = SURFACE_STYLE_FILL_AREA ( #6822 ) ;
#10040 = EDGE_CURVE ( 'NONE', #8783, #2687, #6784, .T. ) ;
#10041 = SURFACE_SIDE_STYLE ('',( #5823 ) ) ;
#10042 = CIRCLE ( 'NONE', #6317, 0.1999999999999999833 ) ;
#10043 = DIRECTION ( 'NONE',  ( 0.5144957554275251255, 0.8574929257125449844, 0.000000000000000000 ) ) ;
#10044 = ORIENTED_EDGE ( 'NONE', *, *, #6924, .F. ) ;
#10045 = PLANE ( 'NONE',  #5770 ) ;
#10046 = ORIENTED_EDGE ( 'NONE', *, *, #10104, .F. ) ;
#10047 = ADVANCED_FACE ( 'NONE', ( #9445 ), #5993, .F. ) ;
#10048 = CARTESIAN_POINT ( 'NONE',  ( 0.1500000000000000222, -0.6000000000000000888, 0.5300000000000001377 ) ) ;
#10049 = DIRECTION ( 'NONE',  ( -1.000000000000000000, -0.000000000000000000, 0.000000000000000000 ) ) ;
#10050 = VERTEX_POINT ( 'NONE', #8609 ) ;
#10051 = VECTOR ( 'NONE', #5130, 1000.000000000000000 ) ;
#10052 = EDGE_LOOP ( 'NONE', ( #10675, #8521, #532, #8357 ) ) ;
#10053 = DIRECTION ( 'NONE',  ( 1.000000000000000000, -0.000000000000000000, 0.000000000000000000 ) ) ;
#10054 = DIRECTION ( 'NONE',  ( -0.000000000000000000, -0.000000000000000000, -1.000000000000000000 ) ) ;
#10055 = EDGE_CURVE ( 'NONE', #5270, #4537, #2467, .T. ) ;
#10056 = DIRECTION ( 'NONE',  ( 1.000000000000000000, -0.000000000000000000, 0.000000000000000000 ) ) ;
#10057 = DIRECTION ( 'NONE',  ( -1.000000000000000000, 0.000000000000000000, 0.000000000000000000 ) ) ;
#10058 = DIRECTION ( 'NONE',  ( -1.000000000000000000, 0.000000000000000000, -0.000000000000000000 ) ) ;
#10059 = UNCERTAINTY_MEASURE_WITH_UNIT (LENGTH_MEASURE( 1.000000000000000082E-05 ), #3852, 'distance_accuracy_value', 'NONE');
#10060 = SURFACE_STYLE_USAGE ( .BOTH. , #10117 ) ;
#10061 = CONTEXT_DEPENDENT_SHAPE_REPRESENTATION ( #484, #7717 ) ;
#10062 = CARTESIAN_POINT ( 'NONE',  ( -0.5350000000000000311, 0.9000000000000001332, 0.000000000000000000 ) ) ;
#10063 = EDGE_CURVE ( 'NONE', #5683, #6864, #5837, .T. ) ;
#10064 = EDGE_CURVE ( 'NONE', #9091, #5915, #9953, .T. ) ;
#10065 = ADVANCED_FACE ( 'NONE', ( #6839 ), #4345, .F. ) ;
#10066 = CARTESIAN_POINT ( 'NONE',  ( -0.5818411998642915028, -0.5818411998642919469, -7.039322343788393604E-17 ) ) ;
#10067 = ORIENTED_EDGE ( 'NONE', *, *, #8825, .T. ) ;
#10068 = CIRCLE ( 'NONE', #9177, 0.1961375929999999990 ) ;
#10069 = LINE ( 'NONE', #8566, #8046 ) ;
#10070 = EDGE_LOOP ( 'NONE', ( #3013, #9628, #10864, #259 ) ) ;
#10071 = LINE ( 'NONE', #1535, #1228 ) ;
#10072 = DIRECTION ( 'NONE',  ( 1.000000000000000000, 0.000000000000000000, 0.000000000000000000 ) ) ;
#10073 = ORIENTED_EDGE ( 'NONE', *, *, #5560, .F. ) ;
#10074 = ORIENTED_EDGE ( 'NONE', *, *, #7249, .T. ) ;
#10075 = COLOUR_RGB ( '',1.000000000000000000, 1.000000000000000000, 1.000000000000000000 ) ;
#10076 = VECTOR ( 'NONE', #870, 1000.000000000000000 ) ;
#10077 = CARTESIAN_POINT ( 'NONE',  ( 0.5350000000000000311, 0.9000000000000001332, 0.8000000000000000444 ) ) ;
#10078 = CARTESIAN_POINT ( 'NONE',  ( -0.2400000000000000466, 1.599999999999999867, 0.8000000000000000444 ) ) ;
#10079 = ORIENTED_EDGE ( 'NONE', *, *, #10063, .F. ) ;
#10080 = DIRECTION ( 'NONE',  ( 0.000000000000000000, 0.000000000000000000, -1.000000000000000000 ) ) ;
#10081 = CARTESIAN_POINT ( 'NONE',  ( 0.5999999999999997558, 0.6000000000000000888, 0.5200000000000000178 ) ) ;
#10082 = FACE_OUTER_BOUND ( 'NONE', #1092, .T. ) ;
#10083 = ORIENTED_EDGE ( 'NONE', *, *, #10376, .F. ) ;
#10084 = CARTESIAN_POINT ( 'NONE',  ( 0.5349999999999999201, 0.6999999999999999556, 0.001000000000000000238 ) ) ;
#10085 = ORIENTED_EDGE ( 'NONE', *, *, #3083, .F. ) ;
#10086 = ORIENTED_EDGE ( 'NONE', *, *, #2582, .F. ) ;
#10087 = CARTESIAN_POINT ( 'NONE',  ( 0.000000000000000000, 0.5818411998642911698, -1.084202172485504434E-16 ) ) ;
#10088 = ADVANCED_FACE ( 'NONE', ( #3501 ), #6726, .T. ) ;
#10089 = FILL_AREA_STYLE_COLOUR ( '', #8869 ) ;
#10090 = FILL_AREA_STYLE_COLOUR ( '', #9892 ) ;
#10091 = ORIENTED_EDGE ( 'NONE', *, *, #6242, .T. ) ;
#10092 = PRESENTATION_STYLE_ASSIGNMENT (( #716 ) ) ;
#10093 = EDGE_CURVE ( 'NONE', #4612, #3817, #1017, .T. ) ;
#10094 = CARTESIAN_POINT ( 'NONE',  ( -0.3999931019927850384, -1.600000000000000089, 0.01000000000000000021 ) ) ;
#10095 = DIRECTION ( 'NONE',  ( -1.000000000000000000, 0.000000000000000000, -0.000000000000000000 ) ) ;
#10096 = AXIS2_PLACEMENT_3D ( 'NONE', #3286, #7559, #9116 ) ;
#10097 = CARTESIAN_POINT ( 'NONE',  ( -0.5350000000000000311, -0.6999999999999997335, 0.005000000000000000104 ) ) ;
#10098 = SURFACE_STYLE_USAGE ( .BOTH. , #10041 ) ;
#10099 = CARTESIAN_POINT ( 'NONE',  ( -0.5999999999999999778, 1.399999999999999911, 0.5200000000000000178 ) ) ;
#10100 = ORIENTED_EDGE ( 'NONE', *, *, #6316, .T. ) ;
#10101 = FACE_OUTER_BOUND ( 'NONE', #9502, .T. ) ;
#10102 = EDGE_LOOP ( 'NONE', ( #1154, #5675, #7960, #7276 ) ) ;
#10103 = DIRECTION ( 'NONE',  ( -5.225070710773570208E-16, 1.000000000000000000, 0.000000000000000000 ) ) ;
#10104 = EDGE_CURVE ( 'NONE', #3902, #10955, #7721, .T. ) ;
#10105 = FILL_AREA_STYLE_COLOUR ( '', #1438 ) ;
#10106 = VECTOR ( 'NONE', #10038, 1000.000000000000000 ) ;
#10107 = ADVANCED_FACE ( 'NONE', ( #1845 ), #10116, .F. ) ;
#10108 = VERTEX_POINT ( 'NONE', #3398 ) ;
#10109 = VECTOR ( 'NONE', #1767, 1000.000000000000000 ) ;
#10110 = ORIENTED_EDGE ( 'NONE', *, *, #1110, .T. ) ;
#10111 = DIRECTION ( 'NONE',  ( 0.000000000000000000, 0.000000000000000000, -1.000000000000000000 ) ) ;
#10112 = PRODUCT_DEFINITION_SHAPE ( 'NONE', 'NONE',  #9894 ) ;
#10113 = CARTESIAN_POINT ( 'NONE',  ( -0.5999999999999999778, 1.239999999999999991, 0.01000000000000000021 ) ) ;
#10114 = PLANE ( 'NONE',  #4398 ) ;
#10115 = PRESENTATION_STYLE_ASSIGNMENT (( #1631 ) ) ;
#10116 = PLANE ( 'NONE',  #8541 ) ;
#10117 = SURFACE_SIDE_STYLE ('',( #3291 ) ) ;
#10118 = CYLINDRICAL_SURFACE ( 'NONE', #5707, 0.1999999999999999833 ) ;
#10119 = AXIS2_PLACEMENT_3D ( 'NONE', #4085, #4857, #8241 ) ;
#10120 = EDGE_CURVE ( 'NONE', #2008, #144, #5221, .T. ) ;
#10121 = ADVANCED_FACE ( 'NONE', ( #297 ), #6211, .F. ) ;
#10122 = VECTOR ( 'NONE', #4220, 1000.000000000000000 ) ;
#10123 = FACE_OUTER_BOUND ( 'NONE', #6418, .T. ) ;
#10124 = VERTEX_POINT ( 'NONE', #1129 ) ;
#10125 = VECTOR ( 'NONE', #9038, 1000.000000000000000 ) ;
#10126 = EDGE_CURVE ( 'NONE', #2860, #6015, #7058, .T. ) ;
#10127 = LINE ( 'NONE', #6735, #5931 ) ;
#10128 = ORIENTED_EDGE ( 'NONE', *, *, #428, .F. ) ;
#10129 = ADVANCED_FACE ( 'NONE', ( #7885 ), #9545, .F. ) ;
#10130 = MECHANICAL_DESIGN_GEOMETRIC_PRESENTATION_REPRESENTATION (  '', ( #3921 ), #203 ) ;
#10131 = FACE_OUTER_BOUND ( 'NONE', #10221, .T. ) ;
#10132 = LINE ( 'NONE', #9299, #7895 ) ;
#10133 = ORIENTED_EDGE ( 'NONE', *, *, #4233, .T. ) ;
#10134 = ORIENTED_EDGE ( 'NONE', *, *, #6187, .F. ) ;
#10135 = EDGE_CURVE ( 'NONE', #9338, #290, #3769, .T. ) ;
#10136 = AXIS2_PLACEMENT_3D ( 'NONE', #8001, #9839, #6447 ) ;
#10137 = VECTOR ( 'NONE', #4156, 1000.000000000000000 ) ;
#10138 = EDGE_CURVE ( 'NONE', #1199, #491, #2724, .T. ) ;
#10139 = DIRECTION ( 'NONE',  ( -1.000000000000000000, 0.000000000000000000, -0.000000000000000000 ) ) ;
#10140 = ORIENTED_EDGE ( 'NONE', *, *, #7435, .T. ) ;
#10141 = VECTOR ( 'NONE', #3735, 1000.000000000000000 ) ;
#10142 = CARTESIAN_POINT ( 'NONE',  ( 0.5350000000000000311, -0.9000000000000001332, 0.01000000000000000021 ) ) ;
#10143 = FILL_AREA_STYLE_COLOUR ( '', #838 ) ;
#10144 = DIRECTION ( 'NONE',  ( 1.000000000000000000, 0.000000000000000000, 0.000000000000000000 ) ) ;
#10145 = EDGE_LOOP ( 'NONE', ( #174, #9430, #8304, #9147 ) ) ;
#10146 = CARTESIAN_POINT ( 'NONE',  ( -0.5999999999999999778, -1.600000000000000089, 0.01000000000000000021 ) ) ;
#10147 = VECTOR ( 'NONE', #4590, 1000.000000000000000 ) ;
#10148 = EDGE_LOOP ( 'NONE', ( #8121, #5884, #10584, #2887 ) ) ;
#10149 = VECTOR ( 'NONE', #7837, 1000.000000000000000 ) ;
#10150 = ORIENTED_EDGE ( 'NONE', *, *, #3178, .T. ) ;
#10151 = VECTOR ( 'NONE', #10656, 1000.000000000000000 ) ;
#10152 = EDGE_CURVE ( 'NONE', #21, #10625, #5385, .T. ) ;
#10153 = DIRECTION ( 'NONE',  ( 0.000000000000000000, 0.000000000000000000, -1.000000000000000000 ) ) ;
#10154 = VERTEX_POINT ( 'NONE', #1233 ) ;
#10155 = VECTOR ( 'NONE', #5885, 1000.000000000000000 ) ;
#10156 = DIRECTION ( 'NONE',  ( 1.000000000000000000, 0.000000000000000000, 0.000000000000000000 ) ) ;
#10157 = LINE ( 'NONE', #7593, #6555 ) ;
#10158 = DIRECTION ( 'NONE',  ( -1.000000000000000000, 0.000000000000000000, 0.000000000000000000 ) ) ;
#10159 = VECTOR ( 'NONE', #8080, 1000.000000000000000 ) ;
#10160 = SURFACE_STYLE_USAGE ( .BOTH. , #7549 ) ;
#10161 = DIRECTION ( 'NONE',  ( 0.000000000000000000, -1.000000000000000000, 0.000000000000000000 ) ) ;
#10162 = EDGE_LOOP ( 'NONE', ( #5333, #3540, #5581, #8727 ) ) ;
#10163 = SURFACE_SIDE_STYLE ('',( #6988 ) ) ;
#10164 = ORIENTED_EDGE ( 'NONE', *, *, #1493, .F. ) ;
#10165 = DIRECTION ( 'NONE',  ( -0.000000000000000000, 1.000000000000000000, 0.000000000000000000 ) ) ;
#10166 = LINE ( 'NONE', #7602, #5147 ) ;
#10167 = ORIENTED_EDGE ( 'NONE', *, *, #1332, .F. ) ;
#10168 = MECHANICAL_DESIGN_GEOMETRIC_PRESENTATION_REPRESENTATION (  '', ( #8829 ), #7331 ) ;
#10169 = CLOSED_SHELL ( 'NONE', ( #2577, #10121, #2206, #6505, #5360, #408 ) ) ;
#10170 = ORIENTED_EDGE ( 'NONE', *, *, #8933, .T. ) ;
#10171 = EDGE_CURVE ( 'NONE', #1590, #5244, #4502, .T. ) ;
#10172 = CARTESIAN_POINT ( 'NONE',  ( 0.3925000000000000155, 0.9000000000000001332, 0.7900000000000000355 ) ) ;
#10173 = SURFACE_SIDE_STYLE ('',( #6781 ) ) ;
#10174 = CARTESIAN_POINT ( 'NONE',  ( 0.3197770700636929919, 1.600000000000000089, 0.5300000000000001377 ) ) ;
#10175 = CARTESIAN_POINT ( 'NONE',  ( 0.5999999999999999778, 0.6000000000000000888, 0.5300000000000001377 ) ) ;
#10176 = UNCERTAINTY_MEASURE_WITH_UNIT (LENGTH_MEASURE( 1.000000000000000082E-05 ), #10682, 'distance_accuracy_value', 'NONE');
#10177 = EDGE_CURVE ( 'NONE', #21, #777, #10324, .T. ) ;
#10178 = DIRECTION ( 'NONE',  ( -1.000000000000000000, 0.000000000000000000, -0.000000000000000000 ) ) ;
#10179 = ADVANCED_FACE ( 'NONE', ( #2122 ), #5491, .T. ) ;
#10180 = CARTESIAN_POINT ( 'NONE',  ( 0.5350000000000000311, -1.600000000000000089, 0.5300000000000001377 ) ) ;
#10181 = AXIS2_PLACEMENT_3D ( 'NONE', #9558, #1974, #8724 ) ;
#10182 = CARTESIAN_POINT ( 'NONE',  ( 0.1499999999999999944, 0.9000000000000001332, 0.01000000000000000021 ) ) ;
#10183 = ORIENTED_EDGE ( 'NONE', *, *, #9440, .F. ) ;
#10184 = DIRECTION ( 'NONE',  ( 0.000000000000000000, 0.000000000000000000, 1.000000000000000000 ) ) ;
#10185 = ORIENTED_EDGE ( 'NONE', *, *, #6021, .F. ) ;
#10186 = ORIENTED_EDGE ( 'NONE', *, *, #7353, .F. ) ;
#10187 = VERTEX_POINT ( 'NONE', #6102 ) ;
#10188 = EDGE_CURVE ( 'NONE', #4028, #2076, #8875, .T. ) ;
#10189 = VECTOR ( 'NONE', #10028, 1000.000000000000000 ) ;
#10190 = DIRECTION ( 'NONE',  ( -0.000000000000000000, -0.000000000000000000, 1.000000000000000000 ) ) ;
#10191 = LINE ( 'NONE', #1752, #1625 ) ;
#10192 = ORIENTED_EDGE ( 'NONE', *, *, #3004, .F. ) ;
#10193 = AXIS2_PLACEMENT_3D ( 'NONE', #7461, #916, #7517 ) ;
#10194 = VECTOR ( 'NONE', #795, 1000.000000000000000 ) ;
#10195 = CARTESIAN_POINT ( 'NONE',  ( 0.1500000000000002165, -0.5999999999999999778, 0.01000000000000000021 ) ) ;
#10196 = PRESENTATION_STYLE_ASSIGNMENT (( #1709 ) ) ;
#10197 = FACE_OUTER_BOUND ( 'NONE', #2280, .T. ) ;
#10198 = VERTEX_POINT ( 'NONE', #7773 ) ;
#10199 = CARTESIAN_POINT ( 'NONE',  ( 0.3999999999999999667, 1.600000000000000089, 0.5200000000000000178 ) ) ;
#10200 = EDGE_LOOP ( 'NONE', ( #3521, #712, #4705, #10133 ) ) ;
#10201 = VERTEX_POINT ( 'NONE', #9500 ) ;
#10202 = AXIS2_PLACEMENT_3D ( 'NONE', #3947, #7983, #403 ) ;
#10203 = UNCERTAINTY_MEASURE_WITH_UNIT (LENGTH_MEASURE( 1.000000000000000082E-05 ), #531, 'distance_accuracy_value', 'NONE');
#10204 = STYLED_ITEM ( 'NONE', ( #6841 ), #5847 ) ;
#10205 = PLANE ( 'NONE',  #10296 ) ;
#10206 = PRODUCT ( 'Body_1', 'Body_1', '', ( #8227 ) ) ;
#10207 = DIRECTION ( 'NONE',  ( -9.293161478447170157E-16, 1.000000000000000000, 0.000000000000000000 ) ) ;
#10208 = VERTEX_POINT ( 'NONE', #1067 ) ;
#10209 = DIRECTION ( 'NONE',  ( 1.000000000000000000, -0.000000000000000000, 0.000000000000000000 ) ) ;
#10210 = LINE ( 'NONE', #3436, #5906 ) ;
#10211 = DIRECTION ( 'NONE',  ( 0.000000000000000000, -0.000000000000000000, -1.000000000000000000 ) ) ;
#10212 =( NAMED_UNIT ( * ) PLANE_ANGLE_UNIT ( ) SI_UNIT ( $, .RADIAN. ) );
#10213 = PRESENTATION_LAYER_ASSIGNMENT (  '', '', ( #10909 ) ) ;
#10214 = LINE ( 'NONE', #2451, #3101 ) ;
#10215 = EDGE_LOOP ( 'NONE', ( #980, #4950, #3700, #1546, #4182, #9954, #10616, #7619, #314, #659, #6064 ) ) ;
#10216 = EDGE_LOOP ( 'NONE', ( #7446, #8587, #3696, #9988 ) ) ;
#10217 = DIRECTION ( 'NONE',  ( 0.000000000000000000, 1.000000000000000000, 0.000000000000000000 ) ) ;
#10218 = CARTESIAN_POINT ( 'NONE',  ( -0.1499999999999999944, -0.6971625444288770401, 0.5200000000000000178 ) ) ;
#10219 = VERTEX_POINT ( 'NONE', #4446 ) ;
#10220 = EDGE_CURVE ( 'NONE', #4287, #4354, #7833, .T. ) ;
#10221 = EDGE_LOOP ( 'NONE', ( #159, #8739, #3082, #8323 ) ) ;
#10222 = SURFACE_STYLE_USAGE ( .BOTH. , #6835 ) ;
#10223 = CARTESIAN_POINT ( 'NONE',  ( -0.5999999999999999778, 1.399999999999999911, 0.7900000000000000355 ) ) ;
#10224 = PLANE ( 'NONE',  #679 ) ;
#10225 = DIRECTION ( 'NONE',  ( 0.000000000000000000, -0.000000000000000000, 1.000000000000000000 ) ) ;
#10226 = DIRECTION ( 'NONE',  ( 0.000000000000000000, -0.000000000000000000, 1.000000000000000000 ) ) ;
#10227 = CARTESIAN_POINT ( 'NONE',  ( 0.2925934069883829869, 0.7500000000000000000, 0.01000000000000000021 ) ) ;
#10228 = ADVANCED_FACE ( 'NONE', ( #10601 ), #670, .F. ) ;
#10229 = DIRECTION ( 'NONE',  ( -0.000000000000000000, 0.000000000000000000, -1.000000000000000000 ) ) ;
#10230 = ORIENTED_EDGE ( 'NONE', *, *, #1540, .T. ) ;
#10231 = ADVANCED_FACE ( 'NONE', ( #4887 ), #5552, .F. ) ;
#10232 = DIRECTION ( 'NONE',  ( -1.000000000000000000, 0.000000000000000000, -0.000000000000000000 ) ) ;
#10233 = ORIENTED_EDGE ( 'NONE', *, *, #2656, .F. ) ;
#10234 = LINE ( 'NONE', #6626, #6666 ) ;
#10235 = EDGE_LOOP ( 'NONE', ( #9217, #10776, #1362, #1920 ) ) ;
#10236 = EDGE_LOOP ( 'NONE', ( #3026, #3127, #7046, #1979 ) ) ;
#10237 = DIRECTION ( 'NONE',  ( 1.115864326998099833E-15, 1.000000000000000000, 0.000000000000000000 ) ) ;
#10238 = VECTOR ( 'NONE', #2828, 1000.000000000000000 ) ;
#10239 = EDGE_CURVE ( 'NONE', #9091, #1549, #515, .T. ) ;
#10240 = ORIENTED_EDGE ( 'NONE', *, *, #6442, .T. ) ;
#10241 = CARTESIAN_POINT ( 'NONE',  ( 0.2100000000000000200, -0.1799999999999999933, 0.005000000000000000104 ) ) ;
#10242 = SURFACE_STYLE_FILL_AREA ( #2593 ) ;
#10243 = FILL_AREA_STYLE ('',( #1039 ) ) ;
#10244 = ORIENTED_EDGE ( 'NONE', *, *, #8533, .T. ) ;
#10245 = CARTESIAN_POINT ( 'NONE',  ( 0.1499999999999999944, -0.9000000000000001332, 0.7900000000000000355 ) ) ;
#10246 = PLANE ( 'NONE',  #10650 ) ;
#10247 = ORIENTED_EDGE ( 'NONE', *, *, #3527, .F. ) ;
#10248 = DIRECTION ( 'NONE',  ( -1.000000000000000000, 0.000000000000000000, -0.000000000000000000 ) ) ;
#10249 = EDGE_CURVE ( 'NONE', #9144, #7302, #5772, .T. ) ;
#10250 = LINE ( 'NONE', #9420, #1633 ) ;
#10251 = CARTESIAN_POINT ( 'NONE',  ( -0.1499999999999999944, 1.499754031465950099, 0.01000000000000000021 ) ) ;
#10252 = VERTEX_POINT ( 'NONE', #1344 ) ;
#10253 = LINE ( 'NONE', #118, #7106 ) ;
#10254 = DIRECTION ( 'NONE',  ( 1.000000000000000000, 0.000000000000000000, 0.000000000000000000 ) ) ;
#10255 = LINE ( 'NONE', #10357, #2949 ) ;
#10256 = PLANE ( 'NONE',  #3957 ) ;
#10257 = ADVANCED_FACE ( 'NONE', ( #3885 ), #6491, .T. ) ;
#10258 = ADVANCED_FACE ( 'NONE', ( #2179 ), #10660, .F. ) ;
#10259 = DIRECTION ( 'NONE',  ( -0.5155782475760137817, 0.8568425004786157650, 0.000000000000000000 ) ) ;
#10260 = ORIENTED_EDGE ( 'NONE', *, *, #8014, .T. ) ;
#10262 = ORIENTED_EDGE ( 'NONE', *, *, #8162, .T. ) ;
#10261 = ADVANCED_FACE ( 'NONE', ( #2345 ), #621, .T. ) ;
#10263 = SURFACE_SIDE_STYLE ('',( #6879 ) ) ;
#10264 = ADVANCED_FACE ( 'NONE', ( #9763 ), #5605, .T. ) ;
#10265 = CARTESIAN_POINT ( 'NONE',  ( 0.07499999999999999722, -1.098928449973850086, 0.5300000000000001377 ) ) ;
#10266 = ORIENTED_EDGE ( 'NONE', *, *, #3417, .F. ) ;
#10267 = VECTOR ( 'NONE', #7088, 1000.000000000000000 ) ;
#10268 = CARTESIAN_POINT ( 'NONE',  ( 0.5349999999999999201, -1.099999999999999645, 0.005000000000000000104 ) ) ;
#10269 = DIRECTION ( 'NONE',  ( 0.000000000000000000, 1.000000000000000000, 0.000000000000000000 ) ) ;
#10270 = LINE ( 'NONE', #9600, #1035 ) ;
#10271 = CARTESIAN_POINT ( 'NONE',  ( 0.1499999999999999667, -1.500000000000000000, 0.8000000000000000444 ) ) ;
#10272 = CARTESIAN_POINT ( 'NONE',  ( -0.3197770700636929919, 0.6400000000000000133, 0.5300000000000001377 ) ) ;
#10273 = CARTESIAN_POINT ( 'NONE',  ( 0.5999999999999979794, 0.7005555010695040385, 0.5200000000000000178 ) ) ;
#10274 = CIRCLE ( 'NONE', #8322, 0.1999999999999999833 ) ;
#10275 = CYLINDRICAL_SURFACE ( 'NONE', #5004, 0.1999999999999999833 ) ;
#10276 = CARTESIAN_POINT ( 'NONE',  ( -0.5999999999999999778, -1.240000000000000213, 0.01000000000000000021 ) ) ;
#10277 = CARTESIAN_POINT ( 'NONE',  ( 0.1499999999999999944, -0.5999999999999999778, 0.01000000000000000021 ) ) ;
#10278 = VERTEX_POINT ( 'NONE', #8997 ) ;
#10279 = DIRECTION ( 'NONE',  ( 1.000000000000000000, 0.000000000000000000, 0.000000000000000000 ) ) ;
#10280 = SURFACE_STYLE_USAGE ( .BOTH. , #3511 ) ;
#10281 = ORIENTED_EDGE ( 'NONE', *, *, #8973, .F. ) ;
#10282 = SHAPE_REPRESENTATION_RELATIONSHIP ( 'NONE' , 'NONE' ,  #2795, #3986 ) ;
#10283 =( NAMED_UNIT ( * ) SI_UNIT ( $, .STERADIAN. ) SOLID_ANGLE_UNIT ( ) );
#10284 = ORIENTED_EDGE ( 'NONE', *, *, #1756, .F. ) ;
#10285 = ORIENTED_EDGE ( 'NONE', *, *, #10171, .F. ) ;
#10286 = AXIS2_PLACEMENT_3D ( 'NONE', #7010, #6425, #4768 ) ;
#10287 =( NAMED_UNIT ( * ) SI_UNIT ( $, .STERADIAN. ) SOLID_ANGLE_UNIT ( ) );
#10288 = AXIS2_PLACEMENT_3D ( 'NONE', #2350, #5154, #1120 ) ;
#10289 = ORIENTED_EDGE ( 'NONE', *, *, #8507, .F. ) ;
#10290 = VECTOR ( 'NONE', #4808, 1000.000000000000000 ) ;
#10291 = PLANE ( 'NONE',  #6507 ) ;
#10292 = EDGE_CURVE ( 'NONE', #260, #1987, #5658, .T. ) ;
#10293 = EDGE_LOOP ( 'NONE', ( #4520, #9675, #1982, #10247, #1074, #2210, #8852, #5205, #156, #8399, #4559, #3764, #8837, #3791 ) ) ;
#10294 = ORIENTED_EDGE ( 'NONE', *, *, #9785, .T. ) ;
#10295 = ORIENTED_EDGE ( 'NONE', *, *, #5427, .F. ) ;
#10296 = AXIS2_PLACEMENT_3D ( 'NONE', #218, #5972, #4323 ) ;
#10297 = EDGE_CURVE ( 'NONE', #9711, #8093, #9104, .T. ) ;
#10298 = UNCERTAINTY_MEASURE_WITH_UNIT (LENGTH_MEASURE( 1.000000000000000082E-05 ), #5018, 'distance_accuracy_value', 'NONE');
#10299 = DIRECTION ( 'NONE',  ( 1.000000000000000000, -0.000000000000000000, 0.000000000000000000 ) ) ;
#10300 = EDGE_CURVE ( 'NONE', #1082, #8251, #6993, .T. ) ;
#10301 = VECTOR ( 'NONE', #4751, 1000.000000000000000 ) ;
#10302 = DIRECTION ( 'NONE',  ( -1.000000000000000000, 1.445602896647339903E-15, 0.000000000000000000 ) ) ;
#10303 = VECTOR ( 'NONE', #2831, 1000.000000000000000 ) ;
#10304 = EDGE_LOOP ( 'NONE', ( #1331, #8782, #236, #4637 ) ) ;
#10305 = CARTESIAN_POINT ( 'NONE',  ( 0.5999999999999999778, -1.399999999999999911, 0.5300000000000001377 ) ) ;
#10306 = DIRECTION ( 'NONE',  ( 1.000000000000000000, 0.000000000000000000, 0.000000000000000000 ) ) ;
#10307 = CARTESIAN_POINT ( 'NONE',  ( 0.3197770700636930474, 0.6400000000000001243, 0.5200000000000000178 ) ) ;
#10308 = CARTESIAN_POINT ( 'NONE',  ( 0.5999999999999994227, 0.7500000000000000000, 0.8000000000000000444 ) ) ;
#10309 = VECTOR ( 'NONE', #6215, 1000.000000000000000 ) ;
#10310 = FACE_OUTER_BOUND ( 'NONE', #6165, .T. ) ;
#10311 = VERTEX_POINT ( 'NONE', #2396 ) ;
#10312 = COLOUR_RGB ( '',0.8705882352941176627, 0.6313725490196078205, 0.1725490196078431349 ) ;
#10313 = VERTEX_POINT ( 'NONE', #565 ) ;
#10314 = PLANE ( 'NONE',  #5721 ) ;
#10315 = LINE ( 'NONE', #1952, #5686 ) ;
#10316 = AXIS2_PLACEMENT_3D ( 'NONE', #896, #6149, #1008 ) ;
#10317 = EDGE_LOOP ( 'NONE', ( #2056, #10490, #2048, #9562, #509, #211, #6552, #1892, #2646, #973 ) ) ;
#10318 =( REPRESENTATION_RELATIONSHIP ('NONE','NONE', #9248, #892 ) REPRESENTATION_RELATIONSHIP_WITH_TRANSFORMATION ( #5006 )SHAPE_REPRESENTATION_RELATIONSHIP( ) );
#10319 = AXIS2_PLACEMENT_3D ( 'NONE', #8765, #7770, #5216 ) ;
#10320 = CARTESIAN_POINT ( 'NONE',  ( -0.5999999999999999778, 1.600000000000000089, 0.000000000000000000 ) ) ;
#10321 = CARTESIAN_POINT ( 'NONE',  ( 0.5350000000000000311, -0.6400000000000002354, 0.5300000000000001377 ) ) ;
#10322 = CARTESIAN_POINT ( 'NONE',  ( 0.07499999999999999722, 1.600000000000000089, 0.005000000000000000104 ) ) ;
#10323 = DIRECTION ( 'NONE',  ( -0.000000000000000000, 0.000000000000000000, -1.000000000000000000 ) ) ;
#10324 = LINE ( 'NONE', #9710, #9471 ) ;
#10325 = PLANE ( 'NONE',  #9486 ) ;
#10326 = EDGE_LOOP ( 'NONE', ( #14, #7321, #1661, #4263, #5635, #5849 ) ) ;
#10327 = VECTOR ( 'NONE', #5256, 1000.000000000000000 ) ;
#10328 = DIRECTION ( 'NONE',  ( -1.000000000000000000, 0.000000000000000000, -0.000000000000000000 ) ) ;
#10329 = CARTESIAN_POINT ( 'NONE',  ( -0.5999999999999999778, 1.399999999999999911, 0.5300000000000001377 ) ) ;
#10330 = VECTOR ( 'NONE', #324, 1000.000000000000114 ) ;
#10331 = ORIENTED_EDGE ( 'NONE', *, *, #4540, .T. ) ;
#10332 = FACE_OUTER_BOUND ( 'NONE', #7680, .T. ) ;
#10333 = CARTESIAN_POINT ( 'NONE',  ( 0.2400000000000000189, 1.600000000000000089, 0.5200000000000000178 ) ) ;
#10334 = EDGE_LOOP ( 'NONE', ( #9513, #2239, #1222, #9942, #8790, #3837, #3040, #2564, #483, #2997, #2256, #6500, #8878, #4580, #3130, #8644, #8174 ) ) ;
#10335 =( NAMED_UNIT ( * ) SI_UNIT ( $, .STERADIAN. ) SOLID_ANGLE_UNIT ( ) );
#10336 = CARTESIAN_POINT ( 'NONE',  ( -0.1499999999999999667, 1.600000000000000089, 0.7900000000000000355 ) ) ;
#10337 = ORIENTED_EDGE ( 'NONE', *, *, #2271, .F. ) ;
#10338 = ORIENTED_EDGE ( 'NONE', *, *, #4842, .F. ) ;
#10339 = CARTESIAN_POINT ( 'NONE',  ( 0.5999999999999999778, 0.6999999999999999556, 0.005000000000000000104 ) ) ;
#10340 = ORIENTED_EDGE ( 'NONE', *, *, #9157, .F. ) ;
#10341 = AXIS2_PLACEMENT_3D ( 'NONE', #1860, #5234, #6898 ) ;
#10342 = SURFACE_STYLE_USAGE ( .BOTH. , #6129 ) ;
#10343 = LINE ( 'NONE', #3439, #846 ) ;
#10344 = FILL_AREA_STYLE ('',( #322 ) ) ;
#10345 = ORIENTED_EDGE ( 'NONE', *, *, #4692, .T. ) ;
#10346 = DIRECTION ( 'NONE',  ( -0.5144957554275251255, 0.8574929257125449844, 0.000000000000000000 ) ) ;
#10347 = PLANE ( 'NONE',  #5861 ) ;
#10348 = ORIENTED_EDGE ( 'NONE', *, *, #10120, .F. ) ;
#10349 = VECTOR ( 'NONE', #10043, 1000.000000000000114 ) ;
#10350 = SURFACE_STYLE_USAGE ( .BOTH. , #3479 ) ;
#10351 = LINE ( 'NONE', #7644, #924 ) ;
#10352 = LINE ( 'NONE', #5251, #2297 ) ;
#10353 = VECTOR ( 'NONE', #7570, 1000.000000000000000 ) ;
#10354 = ORIENTED_EDGE ( 'NONE', *, *, #9712, .T. ) ;
#10355 = DIRECTION ( 'NONE',  ( -0.000000000000000000, 1.000000000000000000, 0.000000000000000000 ) ) ;
#10356 = DIRECTION ( 'NONE',  ( -0.000000000000000000, -0.000000000000000000, -1.000000000000000000 ) ) ;
#10357 = CARTESIAN_POINT ( 'NONE',  ( 0.3999931020004680038, -1.600000000000000089, 0.01000000000000000021 ) ) ;
#10358 = CIRCLE ( 'NONE', #3802, 0.1961375929999999990 ) ;
#10359 = CARTESIAN_POINT ( 'NONE',  ( -0.5999999999999999778, -1.098928449973849863, 0.5200000000000000178 ) ) ;
#10360 = ADVANCED_FACE ( 'NONE', ( #4834 ), #10714, .F. ) ;
#10361 = PRODUCT_DEFINITION_CONTEXT ( 'detailed design', #10382, 'design' ) ;
#10362 = ORIENTED_EDGE ( 'NONE', *, *, #8290, .F. ) ;
#10363 = FACE_OUTER_BOUND ( 'NONE', #8456, .T. ) ;
#10364 = AXIS2_PLACEMENT_3D ( 'NONE', #6104, #10377, #9447 ) ;
#10365 = ORIENTED_EDGE ( 'NONE', *, *, #6644, .F. ) ;
#10366 = DIRECTION ( 'NONE',  ( -2.710505431213750238E-16, 1.000000000000000000, 0.000000000000000000 ) ) ;
#10367 = CARTESIAN_POINT ( 'NONE',  ( 0.000000000000000000, 0.6999999999999999556, 0.001000000000000000021 ) ) ;
#10368 = VERTEX_POINT ( 'NONE', #10767 ) ;
#10369 = PRODUCT_DEFINITION ( 'UNKNOWN', '', #9995, #4053 ) ;
#10370 = EDGE_CURVE ( 'NONE', #8834, #94, #462, .T. ) ;
#10371 = AXIS2_PLACEMENT_3D ( 'NONE', #3382, #124, #1006 ) ;
#10372 = DIRECTION ( 'NONE',  ( -0.000000000000000000, 1.000000000000000000, 0.000000000000000000 ) ) ;
#10373 = DIRECTION ( 'NONE',  ( 0.000000000000000000, 0.000000000000000000, 1.000000000000000000 ) ) ;
#10374 =( NAMED_UNIT ( * ) SI_UNIT ( $, .STERADIAN. ) SOLID_ANGLE_UNIT ( ) );
#10375 = DIRECTION ( 'NONE',  ( -0.000000000000000000, -0.000000000000000000, 1.000000000000000000 ) ) ;
#10376 = EDGE_CURVE ( 'NONE', #9320, #1899, #8040, .T. ) ;
#10377 = DIRECTION ( 'NONE',  ( 0.000000000000000000, 1.000000000000000000, 0.000000000000000000 ) ) ;
#10378 = VERTEX_POINT ( 'NONE', #6375 ) ;
#10379 = SURFACE_SIDE_STYLE ('',( #7005 ) ) ;
#10380 = COLOUR_RGB ( '',0.8705882352941176627, 0.6313725490196078205, 0.1725490196078431349 ) ;
#10381 = PLANE ( 'NONE',  #9400 ) ;
#10382 = APPLICATION_CONTEXT ( 'automotive_design' ) ;
#10383 = ORIENTED_EDGE ( 'NONE', *, *, #7815, .F. ) ;
#10384 =( LENGTH_UNIT ( ) NAMED_UNIT ( * ) SI_UNIT ( .MILLI., .METRE. ) );
#10385 = LINE ( 'NONE', #9615, #3105 ) ;
#10386 = VERTEX_POINT ( 'NONE', #5824 ) ;
#10387 = ADVANCED_FACE ( 'NONE', ( #7550 ), #10933, .F. ) ;
#10388 = VECTOR ( 'NONE', #765, 1000.000000000000000 ) ;
#10389 = EDGE_CURVE ( 'NONE', #8101, #3093, #67, .T. ) ;
#10390 = CARTESIAN_POINT ( 'NONE',  ( -0.1218411998642920102, 0.01815880013570820087, 0.5300000000000001377 ) ) ;
#10391 = ORIENTED_EDGE ( 'NONE', *, *, #4913, .T. ) ;
#10392 = ORIENTED_EDGE ( 'NONE', *, *, #3738, .F. ) ;
#10393 = ADVANCED_FACE ( 'NONE', ( #10878 ), #7597, .T. ) ;
#10394 = VERTEX_POINT ( 'NONE', #4169 ) ;
#10395 = CARTESIAN_POINT ( 'NONE',  ( 0.5350000000000000311, -0.6400000000000001243, 0.5300000000000001377 ) ) ;
#10396 =( GEOMETRIC_REPRESENTATION_CONTEXT ( 3 ) GLOBAL_UNCERTAINTY_ASSIGNED_CONTEXT ( ( #2969 ) ) GLOBAL_UNIT_ASSIGNED_CONTEXT ( ( #9309, #4415, #6012 ) ) REPRESENTATION_CONTEXT ( 'NONE', 'WORKASPACE' ) );
#10397 = ORIENTED_EDGE ( 'NONE', *, *, #4667, .T. ) ;
#10398 = EDGE_CURVE ( 'NONE', #5904, #1275, #2661, .T. ) ;
#10399 =( NAMED_UNIT ( * ) SI_UNIT ( $, .STERADIAN. ) SOLID_ANGLE_UNIT ( ) );
#10400 = ORIENTED_EDGE ( 'NONE', *, *, #1583, .F. ) ;
#10401 = LINE ( 'NONE', #2807, #4491 ) ;
#10402 = VERTEX_POINT ( 'NONE', #4930 ) ;
#10403 = UNCERTAINTY_MEASURE_WITH_UNIT (LENGTH_MEASURE( 1.000000000000000082E-05 ), #5811, 'distance_accuracy_value', 'NONE');
#10404 = DIRECTION ( 'NONE',  ( -0.000000000000000000, -0.000000000000000000, -1.000000000000000000 ) ) ;
#10405 = FACE_OUTER_BOUND ( 'NONE', #9003, .T. ) ;
#10406 = DIRECTION ( 'NONE',  ( -0.000000000000000000, -0.000000000000000000, 1.000000000000000000 ) ) ;
#10407 = ORIENTED_EDGE ( 'NONE', *, *, #3456, .F. ) ;
#10408 = DIRECTION ( 'NONE',  ( -1.000000000000000000, 0.000000000000000000, -0.000000000000000000 ) ) ;
#10409 = LINE ( 'NONE', #2814, #6829 ) ;
#10410 = CARTESIAN_POINT ( 'NONE',  ( -0.1499999999999990230, 1.489999999999999991, 0.5300000000000001377 ) ) ;
#10411 = DIRECTION ( 'NONE',  ( 0.000000000000000000, -1.000000000000000000, 0.000000000000000000 ) ) ;
#10412 = CARTESIAN_POINT ( 'NONE',  ( 0.5999999999999996447, 0.6999999999999999556, 0.001000000000000000021 ) ) ;
#10413 = ORIENTED_EDGE ( 'NONE', *, *, #1363, .T. ) ;
#10414 = EDGE_LOOP ( 'NONE', ( #6411, #6198, #9795, #3602 ) ) ;
#10415 = EDGE_LOOP ( 'NONE', ( #2763, #9407, #4825, #1309 ) ) ;
#10416 = VECTOR ( 'NONE', #3318, 1000.000000000000000 ) ;
#10417 = LINE ( 'NONE', #10265, #3917 ) ;
#10418 = EDGE_CURVE ( 'NONE', #4155, #5050, #6658, .T. ) ;
#10419 = ORIENTED_EDGE ( 'NONE', *, *, #286, .F. ) ;
#10420 = VECTOR ( 'NONE', #4136, 1000.000000000000000 ) ;
#10421 = FILL_AREA_STYLE_COLOUR ( '', #537 ) ;
#10422 = PLANE ( 'NONE',  #10319 ) ;
#10423 = CARTESIAN_POINT ( 'NONE',  ( -0.5999999999999999778, 1.243863872159709949, 0.01000000000000000021 ) ) ;
#10424 =( LENGTH_UNIT ( ) NAMED_UNIT ( * ) SI_UNIT ( .MILLI., .METRE. ) );
#10425 = DIRECTION ( 'NONE',  ( -0.000000000000000000, 1.000000000000000000, 0.000000000000000000 ) ) ;
#10426 = EDGE_CURVE ( 'NONE', #5556, #2957, #4284, .T. ) ;
#10427 = CARTESIAN_POINT ( 'NONE',  ( -0.5961306949927850374, 1.600000000000000089, 0.01000000000000000021 ) ) ;
#10428 = EDGE_CURVE ( 'NONE', #9301, #1043, #10214, .T. ) ;
#10429 = ORIENTED_EDGE ( 'NONE', *, *, #7792, .T. ) ;
#10430 =( LENGTH_UNIT ( ) NAMED_UNIT ( * ) SI_UNIT ( .MILLI., .METRE. ) );
#10431 = ADVANCED_FACE ( 'NONE', ( #5098 ), #9378, .T. ) ;
#10432 = VECTOR ( 'NONE', #5568, 1000.000000000000000 ) ;
#10433 = CARTESIAN_POINT ( 'NONE',  ( 0.1499999999999999944, 1.499754031465950099, 0.000000000000000000 ) ) ;
#10434 = EDGE_CURVE ( 'NONE', #9464, #9367, #5881, .T. ) ;
#10435 = SHAPE_REPRESENTATION ( 'Pins_Bottom_7', ( #2231 ), #7518 ) ;
#10436 = DIRECTION ( 'NONE',  ( 1.000000000000000000, 0.000000000000000000, 0.000000000000000000 ) ) ;
#10437 = VERTEX_POINT ( 'NONE', #8539 ) ;
#10438 = LINE ( 'NONE', #1856, #629 ) ;
#10439 = CIRCLE ( 'NONE', #888, 0.1999999999999999833 ) ;
#10440 = EDGE_CURVE ( 'NONE', #8071, #345, #5980, .T. ) ;
#10441 = LINE ( 'NONE', #366, #10672 ) ;
#10442 = ORIENTED_EDGE ( 'NONE', *, *, #1926, .F. ) ;
#10443 = EDGE_LOOP ( 'NONE', ( #3099, #6277, #5561, #10571, #2458, #10568, #5798, #6809, #10340, #9807, #10472, #7247, #7640 ) ) ;
#10444 = ORIENTED_EDGE ( 'NONE', *, *, #4247, .T. ) ;
#10445 = AXIS2_PLACEMENT_3D ( 'NONE', #6263, #7332, #10709 ) ;
#10446 = CARTESIAN_POINT ( 'NONE',  ( -0.5350000000000000311, 1.600000000000000089, 0.7900000000000000355 ) ) ;
#10447 = EDGE_LOOP ( 'NONE', ( #8293, #70, #4175, #6901 ) ) ;
#10448 = ADVANCED_FACE ( 'NONE', ( #722 ), #4987, .T. ) ;
#10449 = CARTESIAN_POINT ( 'NONE',  ( -0.5350000000000000311, 0.7005555010695041496, 0.5300000000000001377 ) ) ;
#10450 = CARTESIAN_POINT ( 'NONE',  ( -0.5999999999999999778, -0.6999999999999997335, 0.001000000000000000021 ) ) ;
#10451 =( NAMED_UNIT ( * ) SI_UNIT ( $, .STERADIAN. ) SOLID_ANGLE_UNIT ( ) );
#10452 = VERTEX_POINT ( 'NONE', #2558 ) ;
#10453 = ADVANCED_FACE ( 'NONE', ( #949 ), #8431, .F. ) ;
#10454 = LINE ( 'NONE', #10245, #5582 ) ;
#10455 = EDGE_CURVE ( 'NONE', #6868, #723, #6766, .T. ) ;
#10456 = VERTEX_POINT ( 'NONE', #3380 ) ;
#10457 = ADVANCED_BREP_SHAPE_REPRESENTATION ( '', ( #6328, #2231 ), #3969 ) ;
#10458 = CARTESIAN_POINT ( 'NONE',  ( 0.2924999999999999822, 0.9000000000000001332, 0.8000000000000000444 ) ) ;
#10459 = VECTOR ( 'NONE', #2729, 1000.000000000000000 ) ;
#10460 = ADVANCED_FACE ( 'NONE', ( #4225 ), #8315, .T. ) ;
#10461 = CARTESIAN_POINT ( 'NONE',  ( 0.5999999999999999778, 0.7495000000000000551, 0.000000000000000000 ) ) ;
#10462 = CARTESIAN_POINT ( 'NONE',  ( -0.1499999999999999944, -0.6971625444288769291, 0.5200000000000000178 ) ) ;
#10463 = EDGE_LOOP ( 'NONE', ( #1783, #8573, #5832, #1768, #10844, #76, #1814, #117, #1662, #8893, #9191, #10558, #9396, #6851, #4972, #9755 ) ) ;
#10464 = VECTOR ( 'NONE', #4563, 1000.000000000000000 ) ;
#10465 = DIRECTION ( 'NONE',  ( -1.807744701332710101E-16, -1.000000000000000000, 0.000000000000000000 ) ) ;
#10466 = CARTESIAN_POINT ( 'NONE',  ( 0.5999999999999992006, -0.6999999999999999556, 0.001000000000000000021 ) ) ;
#10467 = DIRECTION ( 'NONE',  ( 1.000000000000000000, -1.039645595939859972E-15, 0.000000000000000000 ) ) ;
#10468 = DIRECTION ( 'NONE',  ( 1.000000000000000000, -0.000000000000000000, 0.000000000000000000 ) ) ;
#10469 = AXIS2_PLACEMENT_3D ( 'NONE', #7379, #2550, #2338 ) ;
#10470 = VERTEX_POINT ( 'NONE', #4330 ) ;
#10471 = FILL_AREA_STYLE_COLOUR ( '', #9302 ) ;
#10472 = ORIENTED_EDGE ( 'NONE', *, *, #4946, .F. ) ;
#10473 = COLOUR_RGB ( '',1.000000000000000000, 1.000000000000000000, 1.000000000000000000 ) ;
#10474 = ORIENTED_EDGE ( 'NONE', *, *, #4026, .F. ) ;
#10475 = EDGE_CURVE ( 'NONE', #7764, #3136, #1561, .T. ) ;
#10476 = DIRECTION ( 'NONE',  ( -0.000000000000000000, 0.000000000000000000, -1.000000000000000000 ) ) ;
#10477 = AXIS2_PLACEMENT_3D ( 'NONE', #2316, #9730, #5571 ) ;
#10478 = FILL_AREA_STYLE ('',( #2171 ) ) ;
#10479 = CARTESIAN_POINT ( 'NONE',  ( 0.5999999999999999778, -1.399999999999999911, 0.7900000000000000355 ) ) ;
#10480 = AXIS2_PLACEMENT_3D ( 'NONE', #8527, #5197, #1939 ) ;
#10481 = ORIENTED_EDGE ( 'NONE', *, *, #4108, .F. ) ;
#10482 = AXIS2_PLACEMENT_3D ( 'NONE', #9122, #4899, #906 ) ;
#10483 = LINE ( 'NONE', #4606, #8680 ) ;
#10484 = LINE ( 'NONE', #7880, #1114 ) ;
#10485 = MECHANICAL_DESIGN_GEOMETRIC_PRESENTATION_REPRESENTATION (  '', ( #3231 ), #6052 ) ;
#10486 = CARTESIAN_POINT ( 'NONE',  ( 0.07499999999999999722, 1.600000000000000089, 0.005000000000000000104 ) ) ;
#10487 = DIRECTION ( 'NONE',  ( -0.8568425004786157650, -0.5155782475760137817, 0.000000000000000000 ) ) ;
#10488 = CARTESIAN_POINT ( 'NONE',  ( 0.5350000000000000311, -0.9000000000000001332, 0.7900000000000000355 ) ) ;
#10489 = LINE ( 'NONE', #6266, #3626 ) ;
#10490 = ORIENTED_EDGE ( 'NONE', *, *, #5300, .T. ) ;
#10491 = FACE_OUTER_BOUND ( 'NONE', #6511, .T. ) ;
#10492 = VECTOR ( 'NONE', #4830, 1000.000000000000000 ) ;
#10493 = EDGE_CURVE ( 'NONE', #7600, #8884, #3645, .T. ) ;
#10494 = CARTESIAN_POINT ( 'NONE',  ( -0.5999999999999999778, -0.6400000000000000133, 0.5200000000000000178 ) ) ;
#10495 = EDGE_LOOP ( 'NONE', ( #4817, #202, #6354, #2946 ) ) ;
#10496 = DIRECTION ( 'NONE',  ( -0.000000000000000000, -0.000000000000000000, -1.000000000000000000 ) ) ;
#10497 = LINE ( 'NONE', #3719, #7965 ) ;
#10498 = VECTOR ( 'NONE', #1835, 1000.000000000000000 ) ;
#10499 = ADVANCED_FACE ( 'NONE', ( #7761 ), #8807, .F. ) ;
#10500 = LINE ( 'NONE', #7731, #6098 ) ;
#10501 = EDGE_CURVE ( 'NONE', #1322, #770, #1831, .T. ) ;
#10502 = CARTESIAN_POINT ( 'NONE',  ( -0.07499999999999998335, -1.600000000000000089, 0.5300000000000001377 ) ) ;
#10503 = PRODUCT_CONTEXT ( 'NONE', #2317, 'mechanical' ) ;
#10504 = DIRECTION ( 'NONE',  ( -0.000000000000000000, 1.000000000000000000, 0.000000000000000000 ) ) ;
#10505 = VERTEX_POINT ( 'NONE', #1890 ) ;
#10506 = ORIENTED_EDGE ( 'NONE', *, *, #1073, .T. ) ;
#10507 = VECTOR ( 'NONE', #1262, 1000.000000000000000 ) ;
#10508 = EDGE_LOOP ( 'NONE', ( #2383, #2820, #9372, #1122 ) ) ;
#10509 = DIRECTION ( 'NONE',  ( 0.000000000000000000, 0.000000000000000000, -1.000000000000000000 ) ) ;
#10510 = ADVANCED_FACE ( 'NONE', ( #4487 ), #336, .T. ) ;
#10511 = EDGE_LOOP ( 'NONE', ( #6033, #3914, #6733, #10007 ) ) ;
#10512 = EDGE_CURVE ( 'NONE', #7973, #9589, #4432, .T. ) ;
#10513 = SURFACE_STYLE_FILL_AREA ( #9566 ) ;
#10514 = SURFACE_SIDE_STYLE ('',( #738 ) ) ;
#10515 = VERTEX_POINT ( 'NONE', #168 ) ;
#10516 =( LENGTH_UNIT ( ) NAMED_UNIT ( * ) SI_UNIT ( .MILLI., .METRE. ) );
#10517 = EDGE_CURVE ( 'NONE', #94, #10208, #1111, .T. ) ;
#10518 = CARTESIAN_POINT ( 'NONE',  ( -0.4650000000000000244, 0.5999999999999999778, 0.5300000000000001377 ) ) ;
#10519 = VERTEX_POINT ( 'NONE', #9483 ) ;
#10520 = UNCERTAINTY_MEASURE_WITH_UNIT (LENGTH_MEASURE( 1.000000000000000082E-05 ), #10847, 'distance_accuracy_value', 'NONE');
#10521 = PLANE ( 'NONE',  #1799 ) ;
#10522 = CARTESIAN_POINT ( 'NONE',  ( 0.5350000000000000311, 0.9000000000000002442, 0.7900000000000000355 ) ) ;
#10523 = EDGE_LOOP ( 'NONE', ( #4715, #10726, #8009, #1618, #6170, #7430, #6529, #7410, #5318, #9354, #9735, #5052, #8450, #4110, #4814, #1701, #5567, #4138, #5983, #4921, #1620, #9146, #4855, #3242, #2857, #7583 ) ) ;
#10524 = DIRECTION ( 'NONE',  ( -0.000000000000000000, -0.000000000000000000, 1.000000000000000000 ) ) ;
#10525 = DIRECTION ( 'NONE',  ( -0.000000000000000000, -1.000000000000000000, -0.000000000000000000 ) ) ;
#10526 = DIRECTION ( 'NONE',  ( -1.000000000000000000, -2.710505431213750238E-16, 0.000000000000000000 ) ) ;
#10527 = ORIENTED_EDGE ( 'NONE', *, *, #689, .F. ) ;
#10528 = DIRECTION ( 'NONE',  ( -1.000000000000000000, 0.000000000000000000, 0.000000000000000000 ) ) ;
#10529 = VECTOR ( 'NONE', #4109, 1000.000000000000000 ) ;
#10530 = EDGE_LOOP ( 'NONE', ( #455, #4414, #3576, #8703 ) ) ;
#10531 = EDGE_LOOP ( 'NONE', ( #8469, #7462, #6294, #6562 ) ) ;
#10532 = EDGE_CURVE ( 'NONE', #5387, #4764, #3694, .T. ) ;
#10533 = CARTESIAN_POINT ( 'NONE',  ( -0.5350000000000000311, 1.100000000000000089, 0.000000000000000000 ) ) ;
#10534 = DIRECTION ( 'NONE',  ( 0.000000000000000000, -0.000000000000000000, 1.000000000000000000 ) ) ;
#10535 = CARTESIAN_POINT ( 'NONE',  ( -0.5350000000000000311, -1.243863872159709949, 0.01000000000000000021 ) ) ;
#10536 = ORIENTED_EDGE ( 'NONE', *, *, #1247, .F. ) ;
#10537 = VECTOR ( 'NONE', #6752, 1000.000000000000000 ) ;
#10538 = CARTESIAN_POINT ( 'NONE',  ( 0.5999999999999999778, 1.099999999999999867, 0.001000000000000000021 ) ) ;
#10539 = DIRECTION ( 'NONE',  ( 1.000000000000000000, -0.000000000000000000, 0.000000000000000000 ) ) ;
#10540 = VECTOR ( 'NONE', #9103, 1000.000000000000227 ) ;
#10541 = DIRECTION ( 'NONE',  ( 1.000000000000000000, -0.000000000000000000, 0.000000000000000000 ) ) ;
#10542 = CARTESIAN_POINT ( 'NONE',  ( 0.5999999999999997558, -0.6999999999999999556, 0.001000000000000000021 ) ) ;
#10543 = DIRECTION ( 'NONE',  ( 1.000000000000000000, -8.260587980841929905E-16, -0.000000000000000000 ) ) ;
#10544 = DIRECTION ( 'NONE',  ( 0.4788521306805550992, 0.8778955729143942399, 0.000000000000000000 ) ) ;
#10545 = ORIENTED_EDGE ( 'NONE', *, *, #10559, .T. ) ;
#10546 = VECTOR ( 'NONE', #7373, 1000.000000000000000 ) ;
#10547 = CARTESIAN_POINT ( 'NONE',  ( -0.5350000000000000311, 1.239999999999999991, 0.7900000000000000355 ) ) ;
#10548 = AXIS2_PLACEMENT_3D ( 'NONE', #398, #1443, #4824 ) ;
#10549 = DIRECTION ( 'NONE',  ( 1.000000000000000000, 0.000000000000000000, -0.000000000000000000 ) ) ;
#10550 = ADVANCED_FACE ( 'NONE', ( #2711 ), #2769, .F. ) ;
#10551 = VECTOR ( 'NONE', #4836, 1000.000000000000000 ) ;
#10552 = EDGE_LOOP ( 'NONE', ( #5016, #2578, #3844, #10240 ) ) ;
#10553 = CARTESIAN_POINT ( 'NONE',  ( -0.3197770700636930474, 1.600000000000000089, 0.5300000000000001377 ) ) ;
#10554 =( NAMED_UNIT ( * ) SI_UNIT ( $, .STERADIAN. ) SOLID_ANGLE_UNIT ( ) );
#10555 = DIRECTION ( 'NONE',  ( 1.000000000000000000, 0.000000000000000000, 0.000000000000000000 ) ) ;
#10556 =( NAMED_UNIT ( * ) PLANE_ANGLE_UNIT ( ) SI_UNIT ( $, .RADIAN. ) );
#10557 = EDGE_LOOP ( 'NONE', ( #3727, #2321, #9766, #6484 ) ) ;
#10558 = ORIENTED_EDGE ( 'NONE', *, *, #319, .T. ) ;
#10559 = EDGE_CURVE ( 'NONE', #1564, #8935, #7974, .T. ) ;
#10560 = ORIENTED_EDGE ( 'NONE', *, *, #10860, .T. ) ;
#10561 = EDGE_CURVE ( 'NONE', #2187, #1585, #6144, .T. ) ;
#10562 = CARTESIAN_POINT ( 'NONE',  ( -0.2952229299363060000, -0.5999999999999999778, 0.01000000000000000021 ) ) ;
#10563 = ORIENTED_EDGE ( 'NONE', *, *, #890, .T. ) ;
#10564 = VECTOR ( 'NONE', #666, 1000.000000000000000 ) ;
#10565 = CARTESIAN_POINT ( 'NONE',  ( 0.1499999999999999944, 0.6999999999999999556, 0.01000000000000000021 ) ) ;
#10566 = CARTESIAN_POINT ( 'NONE',  ( 0.1318411998642919913, 0.4318411998642919802, 0.5300000000000001377 ) ) ;
#10567 = PLANE ( 'NONE',  #9069 ) ;
#10568 = ORIENTED_EDGE ( 'NONE', *, *, #2104, .F. ) ;
#10569 = LINE ( 'NONE', #7303, #10330 ) ;
#10570 =( NAMED_UNIT ( * ) PLANE_ANGLE_UNIT ( ) SI_UNIT ( $, .RADIAN. ) );
#10571 = ORIENTED_EDGE ( 'NONE', *, *, #3510, .F. ) ;
#10572 = DIRECTION ( 'NONE',  ( 0.000000000000000000, -1.000000000000000000, -0.000000000000000000 ) ) ;
#10573 = ADVANCED_FACE ( 'NONE', ( #10310 ), #1220, .F. ) ;
#10574 = MECHANICAL_DESIGN_GEOMETRIC_PRESENTATION_REPRESENTATION (  '', ( #5617 ), #8990 ) ;
#10575 = CARTESIAN_POINT ( 'NONE',  ( -0.2999999999999999889, -1.500000000000000000, 0.7900000000000000355 ) ) ;
#10576 = DIRECTION ( 'NONE',  ( 1.000000000000000000, 0.000000000000000000, 0.000000000000000000 ) ) ;
#10577 = VERTEX_POINT ( 'NONE', #6032 ) ;
#10578 = LINE ( 'NONE', #5422, #8704 ) ;
#10579 = DIRECTION ( 'NONE',  ( -0.000000000000000000, -0.000000000000000000, -1.000000000000000000 ) ) ;
#10580 = DIRECTION ( 'NONE',  ( -0.8778955729143846920, -0.4788521306805728073, 0.000000000000000000 ) ) ;
#10581 = CARTESIAN_POINT ( 'NONE',  ( 0.3002762822146826105, -1.499754031465949877, 0.01000000000000000021 ) ) ;
#10582 = ORIENTED_EDGE ( 'NONE', *, *, #6043, .F. ) ;
#10583 = LINE ( 'NONE', #6478, #6270 ) ;
#10584 = ORIENTED_EDGE ( 'NONE', *, *, #3322, .T. ) ;
#10585 = ORIENTED_EDGE ( 'NONE', *, *, #3530, .F. ) ;
#10586 = EDGE_CURVE ( 'NONE', #8488, #10788, #6086, .T. ) ;
#10587 = ADVANCED_FACE ( 'NONE', ( #4867 ), #3930, .T. ) ;
#10588 = ADVANCED_FACE ( 'NONE', ( #7319 ), #4815, .F. ) ;
#10589 = DIRECTION ( 'NONE',  ( -0.000000000000000000, -1.000000000000000000, 0.000000000000000000 ) ) ;
#10590 = DIRECTION ( 'NONE',  ( 1.000000000000000000, 0.000000000000000000, -0.000000000000000000 ) ) ;
#10591 = DIRECTION ( 'NONE',  ( 0.000000000000000000, 0.000000000000000000, -1.000000000000000000 ) ) ;
#10592 = ORIENTED_EDGE ( 'NONE', *, *, #7351, .F. ) ;
#10593 = VECTOR ( 'NONE', #4186, 1000.000000000000000 ) ;
#10594 = EDGE_CURVE ( 'NONE', #4956, #2687, #8199, .T. ) ;
#10595 = LINE ( 'NONE', #7219, #2322 ) ;
#10596 = APPLICATION_CONTEXT ( 'automotive_design' ) ;
#10597 = PLANE ( 'NONE',  #6598 ) ;
#10598 = ADVANCED_FACE ( 'NONE', ( #10754 ), #5642, .F. ) ;
#10599 = DIRECTION ( 'NONE',  ( 0.000000000000000000, 1.000000000000000000, 0.000000000000000000 ) ) ;
#10600 = DIRECTION ( 'NONE',  ( 0.000000000000000000, -1.000000000000000000, 0.000000000000000000 ) ) ;
#10601 = FACE_OUTER_BOUND ( 'NONE', #1201, .T. ) ;
#10602 = ORIENTED_EDGE ( 'NONE', *, *, #10771, .F. ) ;
#10603 = PRESENTATION_LAYER_ASSIGNMENT (  '', '', ( #2977 ) ) ;
#10604 = FACE_OUTER_BOUND ( 'NONE', #10717, .T. ) ;
#10606 = ORIENTED_EDGE ( 'NONE', *, *, #2325, .T. ) ;
#10605 = EDGE_CURVE ( 'NONE', #1585, #7764, #10583, .T. ) ;
#10607 = CARTESIAN_POINT ( 'NONE',  ( 0.4650000000000000244, 0.6000000000000000888, 0.5300000000000001377 ) ) ;
#10608 = SURFACE_SIDE_STYLE ('',( #570 ) ) ;
#10609 = VERTEX_POINT ( 'NONE', #2332 ) ;
#10610 = CARTESIAN_POINT ( 'NONE',  ( -0.5350000000000000311, -0.9000000000000001332, 0.01000000000000000021 ) ) ;
#10611 = CARTESIAN_POINT ( 'NONE',  ( -0.2999999999999999889, 1.489999999999999991, 0.01000000000000000021 ) ) ;
#10612 = DIRECTION ( 'NONE',  ( 1.807744701332710101E-16, 1.000000000000000000, -0.000000000000000000 ) ) ;
#10613 = APPLICATION_PROTOCOL_DEFINITION ( 'draft international standard', 'automotive_design', 1998, #1112 ) ;
#10614 = CARTESIAN_POINT ( 'NONE',  ( -0.2999999999999999889, -1.489999999999999991, 0.01000000000000000021 ) ) ;
#10615 = ORIENTED_EDGE ( 'NONE', *, *, #3417, .T. ) ;
#10616 = ORIENTED_EDGE ( 'NONE', *, *, #1568, .F. ) ;
#10617 = ORIENTED_EDGE ( 'NONE', *, *, #576, .T. ) ;
#10618 = PLANE ( 'NONE',  #2307 ) ;
#10619 = VECTOR ( 'NONE', #817, 1000.000000000000000 ) ;
#10620 = EDGE_LOOP ( 'NONE', ( #5413, #4651, #6665, #3441 ) ) ;
#10621 = MECHANICAL_DESIGN_GEOMETRIC_PRESENTATION_REPRESENTATION (  '', ( #2134 ), #6371 ) ;
#10622 = PLANE ( 'NONE',  #8172 ) ;
#10623 = CARTESIAN_POINT ( 'NONE',  ( 0.2068411998642920024, -0.03184119986429190252, 0.5300000000000001377 ) ) ;
#10624 = DIRECTION ( 'NONE',  ( 0.8568425004786157650, -0.5155782475760137817, 0.000000000000000000 ) ) ;
#10625 = VERTEX_POINT ( 'NONE', #8252 ) ;
#10626 =( NAMED_UNIT ( * ) PLANE_ANGLE_UNIT ( ) SI_UNIT ( $, .RADIAN. ) );
#10627 = LINE ( 'NONE', #5524, #955 ) ;
#10628 = LINE ( 'NONE', #2208, #6843 ) ;
#10629 = EDGE_LOOP ( 'NONE', ( #8631, #566, #2216, #10617, #6861, #6054, #4565, #8118, #648, #5723, #6987, #3354, #3996 ) ) ;
#10630 = ORIENTED_EDGE ( 'NONE', *, *, #7664, .T. ) ;
#10631 = UNCERTAINTY_MEASURE_WITH_UNIT (LENGTH_MEASURE( 1.000000000000000082E-05 ), #8015, 'distance_accuracy_value', 'NONE');
#10632 = VECTOR ( 'NONE', #8147, 1000.000000000000000 ) ;
#10633 = LINE ( 'NONE', #9738, #9597 ) ;
#10634 = DIRECTION ( 'NONE',  ( 0.000000000000000000, -0.000000000000000000, -1.000000000000000000 ) ) ;
#10635 = DIRECTION ( 'NONE',  ( -0.000000000000000000, 0.000000000000000000, -1.000000000000000000 ) ) ;
#10636 = ORIENTED_EDGE ( 'NONE', *, *, #638, .T. ) ;
#10637 = CARTESIAN_POINT ( 'NONE',  ( 0.2999999999999999889, 1.300000000000000266, 0.01000000000000000021 ) ) ;
#10638 = ADVANCED_FACE ( 'NONE', ( #7424 ), #6307, .F. ) ;
#10639 = LINE ( 'NONE', #6474, #8599 ) ;
#10640 = DIRECTION ( 'NONE',  ( -0.4788521306805719746, 0.8778955729143851361, 0.000000000000000000 ) ) ;
#10641 = LINE ( 'NONE', #5640, #7144 ) ;
#10642 = EDGE_CURVE ( 'NONE', #9195, #2933, #4043, .T. ) ;
#10643 = EDGE_LOOP ( 'NONE', ( #10233, #7506, #985, #9674 ) ) ;
#10644 = CARTESIAN_POINT ( 'NONE',  ( 0.2399563975748849887, 1.600000000000000089, 0.01000000000000000021 ) ) ;
#10645 = ADVANCED_FACE ( 'NONE', ( #448 ), #2982, .F. ) ;
#10646 = ORIENTED_EDGE ( 'NONE', *, *, #3759, .T. ) ;
#10647 = ORIENTED_EDGE ( 'NONE', *, *, #418, .T. ) ;
#10648 = VECTOR ( 'NONE', #7228, 1000.000000000000000 ) ;
#10649 = CARTESIAN_POINT ( 'NONE',  ( 0.1499999999999998557, -1.098928449973850086, 0.5200000000000000178 ) ) ;
#10650 = AXIS2_PLACEMENT_3D ( 'NONE', #158, #8523, #3578 ) ;
#10651 = LINE ( 'NONE', #3047, #1623 ) ;
#10652 = LINE ( 'NONE', #6423, #4879 ) ;
#10653 = ORIENTED_EDGE ( 'NONE', *, *, #3888, .T. ) ;
#10654 = VECTOR ( 'NONE', #3388, 1000.000000000000000 ) ;
#10655 = LINE ( 'NONE', #3055, #3710 ) ;
#10656 = DIRECTION ( 'NONE',  ( 0.5155782475760174455, 0.8568425004786136556, 0.000000000000000000 ) ) ;
#10657 = PLANE ( 'NONE',  #327 ) ;
#10659 = PRESENTATION_LAYER_ASSIGNMENT (  '', '', ( #3921 ) ) ;
#10658 = PLANE ( 'NONE',  #6279 ) ;
#10660 = PLANE ( 'NONE',  #3270 ) ;
#10661 = ORIENTED_EDGE ( 'NONE', *, *, #1627, .T. ) ;
#10662 = DIRECTION ( 'NONE',  ( -0.000000000000000000, -1.000000000000000000, -0.000000000000000000 ) ) ;
#10663 = EDGE_LOOP ( 'NONE', ( #2443, #8571, #3772, #1804 ) ) ;
#10664 = CARTESIAN_POINT ( 'NONE',  ( 0.5999999999999999778, 1.600000000000000089, 0.01000000000000000021 ) ) ;
#10665 = VECTOR ( 'NONE', #2429, 1000.000000000000000 ) ;
#10666 = AXIS2_PLACEMENT_3D ( 'NONE', #9633, #8968, #273 ) ;
#10667 = VECTOR ( 'NONE', #5111, 1000.000000000000000 ) ;
#10668 = ORIENTED_EDGE ( 'NONE', *, *, #917, .T. ) ;
#10669 = CARTESIAN_POINT ( 'NONE',  ( -0.5999999999999999778, -1.600000000000000089, 0.5200000000000000178 ) ) ;
#10670 = CARTESIAN_POINT ( 'NONE',  ( 0.3568411998642920246, -0.1818411998642920357, 0.5300000000000001377 ) ) ;
#10671 = MECHANICAL_DESIGN_GEOMETRIC_PRESENTATION_REPRESENTATION (  '', ( #5886 ), #2052 ) ;
#10672 = VECTOR ( 'NONE', #5235, 1000.000000000000000 ) ;
#10673 = SHAPE_DEFINITION_REPRESENTATION ( #7541, #2795 ) ;
#10674 = DIRECTION ( 'NONE',  ( 0.000000000000000000, -0.000000000000000000, -1.000000000000000000 ) ) ;
#10675 = ORIENTED_EDGE ( 'NONE', *, *, #5349, .T. ) ;
#10676 = STYLED_ITEM ( 'NONE', ( #720 ), #9368 ) ;
#10677 = DIRECTION ( 'NONE',  ( 0.000000000000000000, 1.000000000000000000, 0.000000000000000000 ) ) ;
#10678 = ORIENTED_EDGE ( 'NONE', *, *, #8281, .F. ) ;
#10679 = FACE_OUTER_BOUND ( 'NONE', #1347, .T. ) ;
#10680 = FACE_OUTER_BOUND ( 'NONE', #10070, .T. ) ;
#10681 = ORIENTED_EDGE ( 'NONE', *, *, #6840, .T. ) ;
#10682 =( LENGTH_UNIT ( ) NAMED_UNIT ( * ) SI_UNIT ( .MILLI., .METRE. ) );
#10683 = CARTESIAN_POINT ( 'NONE',  ( -0.1499999999999989952, 1.098486643203810065, 0.5300000000000001377 ) ) ;
#10684 =( NAMED_UNIT ( * ) SI_UNIT ( $, .STERADIAN. ) SOLID_ANGLE_UNIT ( ) );
#10685 = ORIENTED_EDGE ( 'NONE', *, *, #6311, .T. ) ;
#10686 = VERTEX_POINT ( 'NONE', #2166 ) ;
#10687 = DIRECTION ( 'NONE',  ( -1.000000000000000000, -0.000000000000000000, 0.000000000000000000 ) ) ;
#10688 = PRESENTATION_LAYER_ASSIGNMENT (  '', '', ( #1663 ) ) ;
#10689 = AXIS2_PLACEMENT_3D ( 'NONE', #1393, #665, #1558 ) ;
#10690 = DIRECTION ( 'NONE',  ( 0.000000000000000000, -1.000000000000000000, 0.000000000000000000 ) ) ;
#10691 = SURFACE_SIDE_STYLE ('',( #5466 ) ) ;
#10692 = VERTEX_POINT ( 'NONE', #10644 ) ;
#10693 = CLOSED_SHELL ( 'NONE', ( #405, #9216, #4367, #5238, #7994, #1157, #2246, #7950, #10940, #7740, #8113, #3882, #651, #4158, #2207, #3183, #10360, #10431, #4884, #9151, #3344, #5949, #7123, #8762, #6125, #7447, #7216, #2834, #7452, #8768, #2773, #3928, #574, #2998, #3653, #4150, #2580, #10023, #7189, #2409, #10645, #5158, #6124, #4217, #5003, #959, #346, #10959, #6176, #7107, #1924, #3313, #6659, #5169, #141, #5414, #10047, #10065, #5507, #3464, #10231, #10387, #10588, #3923, #5378, #3431, #7854, #9555, #3581, #6599, #10088, #7474, #5858, #7987, #5719, #7403, #1459, #3994, #5790, #6103, #7050, #6630, #5892, #4174, #1508, #8150, #1239, #7863, #8294, #8868, #10258, #1177, #6801, #5830, #1474, #6980, #6938, #10573, #3347, #6426, #10393, #6994, #7153, #2728, #7371, #4072, #10037, #810, #6800, #10179, #9250, #5623, #10942, #5776, #8808, #9883, #3496, #2198, #2908, #4689, #748, #9451, #10510, #4802, #7491, #6708, #9786, #6869 ) ) ;
#10694 = DIRECTION ( 'NONE',  ( 1.000000000000000000, -9.043418306825600092E-16, 0.000000000000000000 ) ) ;
#10695 = LINE ( 'NONE', #3150, #9662 ) ;
#10696 = CARTESIAN_POINT ( 'NONE',  ( 0.2400000000000000189, 1.600000000000000089, 0.01000000000000000021 ) ) ;
#10697 = CARTESIAN_POINT ( 'NONE',  ( -0.3002762822146830546, -1.499754031465950099, 0.01000000000000000021 ) ) ;
#10698 = ORIENTED_EDGE ( 'NONE', *, *, #10902, .T. ) ;
#10699 = DIRECTION ( 'NONE',  ( 0.000000000000000000, 0.000000000000000000, 1.000000000000000000 ) ) ;
#10700 = ORIENTED_EDGE ( 'NONE', *, *, #2144, .T. ) ;
#10701 = ORIENTED_EDGE ( 'NONE', *, *, #7145, .F. ) ;
#10702 = CARTESIAN_POINT ( 'NONE',  ( -0.2952229299363050563, -0.5999999999999999778, 0.5300000000000001377 ) ) ;
#10703 = LINE ( 'NONE', #6313, #10125 ) ;
#10704 = LINE ( 'NONE', #4718, #3461 ) ;
#10705 = ORIENTED_EDGE ( 'NONE', *, *, #2519, .F. ) ;
#10706 = DIRECTION ( 'NONE',  ( -1.000000000000000000, 0.000000000000000000, -0.000000000000000000 ) ) ;
#10707 = ADVANCED_FACE ( 'NONE', ( #1328 ), #3870, .F. ) ;
#10708 = DIRECTION ( 'NONE',  ( -1.000000000000000000, -0.000000000000000000, -0.000000000000000000 ) ) ;
#10709 = DIRECTION ( 'NONE',  ( -1.000000000000000000, 0.000000000000000000, -0.000000000000000000 ) ) ;
#10710 = MECHANICAL_DESIGN_GEOMETRIC_PRESENTATION_REPRESENTATION (  '', ( #7878 ), #7172 ) ;
#10711 = LINE ( 'NONE', #9818, #2362 ) ;
#10712 = DIRECTION ( 'NONE',  ( 0.000000000000000000, 0.000000000000000000, -1.000000000000000000 ) ) ;
#10713 = CARTESIAN_POINT ( 'NONE',  ( 0.2999999999999999889, 1.489999999999999991, 0.01000000000000000021 ) ) ;
#10714 = PLANE ( 'NONE',  #8941 ) ;
#10715 = ORIENTED_EDGE ( 'NONE', *, *, #7792, .F. ) ;
#10716 = CARTESIAN_POINT ( 'NONE',  ( 0.2924999999999999822, 0.9000000000000001332, 0.7900000000000000355 ) ) ;
#10717 = EDGE_LOOP ( 'NONE', ( #220, #6696, #1626, #2717, #3330, #6692, #10044, #692, #1307 ) ) ;
#10718 = LINE ( 'NONE', #10547, #6244 ) ;
#10719 = ADVANCED_FACE ( 'NONE', ( #8133 ), #2544, .F. ) ;
#10720 = CARTESIAN_POINT ( 'NONE',  ( 0.5350000000000000311, -1.243863872159709949, 0.01000000000000000021 ) ) ;
#10721 = AXIS2_PLACEMENT_3D ( 'NONE', #8663, #7002, #1184 ) ;
#10722 = VERTEX_POINT ( 'NONE', #2384 ) ;
#10723 = EDGE_CURVE ( 'NONE', #2975, #2684, #5753, .T. ) ;
#10724 = VECTOR ( 'NONE', #3960, 1000.000000000000000 ) ;
#10725 = VECTOR ( 'NONE', #2943, 1000.000000000000000 ) ;
#10726 = ORIENTED_EDGE ( 'NONE', *, *, #9773, .T. ) ;
#10727 = SURFACE_STYLE_FILL_AREA ( #6332 ) ;
#10728 = CARTESIAN_POINT ( 'NONE',  ( 0.4000000000000000222, 1.600000000000000089, 0.01000000000000000021 ) ) ;
#10729 = AXIS2_PLACEMENT_3D ( 'NONE', #8119, #9072, #5577 ) ;
#10730 = CARTESIAN_POINT ( 'NONE',  ( -0.5999999999999999778, 0.5999999999999999778, 0.5200000000000000178 ) ) ;
#10731 = CARTESIAN_POINT ( 'NONE',  ( -0.2400000000000000189, -1.600000000000000089, 0.8000000000000000444 ) ) ;
#10732 = AXIS2_PLACEMENT_3D ( 'NONE', #8100, #2832, #7988 ) ;
#10733 = PLANE ( 'NONE',  #9391 ) ;
#10734 = EDGE_LOOP ( 'NONE', ( #2209, #5116, #9913, #2351 ) ) ;
#10735 = STYLED_ITEM ( 'NONE', ( #3442 ), #6214 ) ;
#10736 = EDGE_CURVE ( 'NONE', #491, #10955, #7537, .T. ) ;
#10737 = EDGE_CURVE ( 'NONE', #6479, #2092, #1339, .T. ) ;
#10738 = DIRECTION ( 'NONE',  ( 0.000000000000000000, -0.000000000000000000, 1.000000000000000000 ) ) ;
#10739 = ORIENTED_EDGE ( 'NONE', *, *, #7124, .T. ) ;
#10740 = EDGE_CURVE ( 'NONE', #9517, #480, #5807, .T. ) ;
#10741 = CARTESIAN_POINT ( 'NONE',  ( 0.2999999999999992673, 1.489999999999999325, 0.5200000000000000178 ) ) ;
#10742 = ORIENTED_EDGE ( 'NONE', *, *, #2776, .T. ) ;
#10743 = ORIENTED_EDGE ( 'NONE', *, *, #8200, .F. ) ;
#10744 = CARTESIAN_POINT ( 'NONE',  ( 0.5350000000000000311, -1.243863872159709949, 0.01000000000000000021 ) ) ;
#10745 = PLANE ( 'NONE',  #2518 ) ;
#10746 =( REPRESENTATION_RELATIONSHIP ('NONE','NONE', #9248, #6976 ) REPRESENTATION_RELATIONSHIP_WITH_TRANSFORMATION ( #10001 )SHAPE_REPRESENTATION_RELATIONSHIP( ) );
#10747 = FACE_OUTER_BOUND ( 'NONE', #2800, .T. ) ;
#10748 = ORIENTED_EDGE ( 'NONE', *, *, #604, .F. ) ;
#10749 = LINE ( 'NONE', #652, #4100 ) ;
#10750 = CARTESIAN_POINT ( 'NONE',  ( 0.000000000000000000, 1.100000000000000089, 0.001000000000000000021 ) ) ;
#10751 = CARTESIAN_POINT ( 'NONE',  ( -0.4000000000000000222, 0.02000000000000000042, 0.001000000000000000021 ) ) ;
#10752 = DIRECTION ( 'NONE',  ( 0.000000000000000000, 0.000000000000000000, -1.000000000000000000 ) ) ;
#10753 = ORIENTED_EDGE ( 'NONE', *, *, #8629, .F. ) ;
#10754 = FACE_OUTER_BOUND ( 'NONE', #7574, .T. ) ;
#10755 = ORIENTED_EDGE ( 'NONE', *, *, #6501, .T. ) ;
#10756 = EDGE_LOOP ( 'NONE', ( #9698, #2348, #5874, #1906, #3031, #5554, #3674, #9000, #10768, #2932 ) ) ;
#10757 = LINE ( 'NONE', #10087, #7827 ) ;
#10758 = SURFACE_STYLE_USAGE ( .BOTH. , #4218 ) ;
#10759 = DIRECTION ( 'NONE',  ( 0.4788521306805550992, -0.8778955729143942399, 0.000000000000000000 ) ) ;
#10760 = ORIENTED_EDGE ( 'NONE', *, *, #9453, .F. ) ;
#10761 = CARTESIAN_POINT ( 'NONE',  ( -0.5350000000000000311, -1.098928449973850086, 0.5300000000000001377 ) ) ;
#10762 = CARTESIAN_POINT ( 'NONE',  ( -0.3197770700636939911, 0.5999999999999999778, 0.01000000000000000021 ) ) ;
#10763 = FACE_OUTER_BOUND ( 'NONE', #2391, .T. ) ;
#10764 = FACE_OUTER_BOUND ( 'NONE', #5740, .T. ) ;
#10765 = DIRECTION ( 'NONE',  ( 1.042502088928370027E-16, 1.000000000000000000, 0.000000000000000000 ) ) ;
#10766 = LINE ( 'NONE', #3166, #8408 ) ;
#10767 = CARTESIAN_POINT ( 'NONE',  ( -0.07499999999999999722, 1.600000000000000089, 0.001000000000000000021 ) ) ;
#10768 = ORIENTED_EDGE ( 'NONE', *, *, #732, .F. ) ;
#10769 = CARTESIAN_POINT ( 'NONE',  ( -0.5999999999999999778, -1.600000000000000089, 0.5200000000000000178 ) ) ;
#10770 = ORIENTED_EDGE ( 'NONE', *, *, #5560, .T. ) ;
#10771 = EDGE_CURVE ( 'NONE', #1399, #6687, #709, .T. ) ;
#10772 = FACE_OUTER_BOUND ( 'NONE', #4373, .T. ) ;
#10773 = CARTESIAN_POINT ( 'NONE',  ( 0.000000000000000000, 0.7495000000000000551, 0.01000000000000000021 ) ) ;
#10774 = EDGE_LOOP ( 'NONE', ( #3692, #2095, #1306, #672 ) ) ;
#10775 = VECTOR ( 'NONE', #10541, 1000.000000000000000 ) ;
#10776 = ORIENTED_EDGE ( 'NONE', *, *, #6523, .T. ) ;
#10777 = EDGE_CURVE ( 'NONE', #2956, #1748, #1660, .T. ) ;
#10778 = DIRECTION ( 'NONE',  ( 0.000000000000000000, 0.000000000000000000, 1.000000000000000000 ) ) ;
#10779 = CARTESIAN_POINT ( 'NONE',  ( 0.2925934069883829869, 0.9000000000000001332, 0.000000000000000000 ) ) ;
#10780 = EDGE_CURVE ( 'NONE', #10936, #2460, #10358, .T. ) ;
#10781 = DIRECTION ( 'NONE',  ( 1.000000000000000000, 0.000000000000000000, -0.000000000000000000 ) ) ;
#10782 = ADVANCED_FACE ( 'NONE', ( #8303 ), #768, .F. ) ;
#10783 = DIRECTION ( 'NONE',  ( 0.000000000000000000, -0.000000000000000000, -1.000000000000000000 ) ) ;
#10784 = LINE ( 'NONE', #3240, #362 ) ;
#10785 = ORIENTED_EDGE ( 'NONE', *, *, #10740, .T. ) ;
#10786 = VECTOR ( 'NONE', #10961, 1000.000000000000000 ) ;
#10787 = DIRECTION ( 'NONE',  ( 0.000000000000000000, 0.000000000000000000, 1.000000000000000000 ) ) ;
#10788 = VERTEX_POINT ( 'NONE', #6697 ) ;
#10789 = DIRECTION ( 'NONE',  ( 0.000000000000000000, 0.000000000000000000, 1.000000000000000000 ) ) ;
#10790 = DIRECTION ( 'NONE',  ( -1.000000000000000000, 0.000000000000000000, -0.000000000000000000 ) ) ;
#10791 = CARTESIAN_POINT ( 'NONE',  ( -0.1499999999999989952, 0.7005555010695040385, 0.5200000000000000178 ) ) ;
#10792 = VERTEX_POINT ( 'NONE', #10084 ) ;
#10793 = EDGE_LOOP ( 'NONE', ( #8540, #8596, #8338, #2128 ) ) ;
#10794 = DIRECTION ( 'NONE',  ( 0.000000000000000000, -1.000000000000000000, -0.000000000000000000 ) ) ;
#10795 = AXIS2_PLACEMENT_3D ( 'NONE', #6742, #4202, #8297 ) ;
#10796 = CARTESIAN_POINT ( 'NONE',  ( 0.07499999999999999722, -1.100000000000000089, 0.001000000000000000021 ) ) ;
#10797 = DIRECTION ( 'NONE',  ( 0.000000000000000000, 0.000000000000000000, -1.000000000000000000 ) ) ;
#10798 = LINE ( 'NONE', #3306, #8874 ) ;
#10799 = ADVANCED_FACE ( 'NONE', ( #1759 ), #3203, .T. ) ;
#10800 = FACE_OUTER_BOUND ( 'NONE', #9052, .T. ) ;
#10801 = CARTESIAN_POINT ( 'NONE',  ( -0.1300000000000000044, 0.4299999999999999933, 0.005000000000000000104 ) ) ;
#10802 = EDGE_CURVE ( 'NONE', #10187, #4228, #4919, .T. ) ;
#10803 = DIRECTION ( 'NONE',  ( 0.000000000000000000, -0.000000000000000000, 1.000000000000000000 ) ) ;
#10804 = ORIENTED_EDGE ( 'NONE', *, *, #479, .T. ) ;
#10805 = VECTOR ( 'NONE', #5173, 1000.000000000000000 ) ;
#10806 = DIRECTION ( 'NONE',  ( -0.000000000000000000, -0.000000000000000000, -1.000000000000000000 ) ) ;
#10807 = AXIS2_PLACEMENT_3D ( 'NONE', #6055, #9458, #4455 ) ;
#10808 = ORIENTED_EDGE ( 'NONE', *, *, #10777, .F. ) ;
#10809 = ORIENTED_EDGE ( 'NONE', *, *, #5514, .T. ) ;
#10810 = CARTESIAN_POINT ( 'NONE',  ( -0.5999999999999999778, 0.6000000000000000888, 0.01000000000000000021 ) ) ;
#10811 = CARTESIAN_POINT ( 'NONE',  ( 0.3999999999999999667, -1.600000000000000089, 0.000000000000000000 ) ) ;
#10812 = DIRECTION ( 'NONE',  ( -0.8778955729143942399, -0.4788521306805550992, 0.000000000000000000 ) ) ;
#10813 = ORIENTED_EDGE ( 'NONE', *, *, #7146, .T. ) ;
#10814 = LINE ( 'NONE', #7648, #7985 ) ;
#10815 = CARTESIAN_POINT ( 'NONE',  ( -0.2399563975748850164, 1.600000000000000089, 0.01000000000000000021 ) ) ;
#10816 = CARTESIAN_POINT ( 'NONE',  ( 0.4649999999999999689, 0.6400000000000000133, 0.000000000000000000 ) ) ;
#10817 = LINE ( 'NONE', #889, #6247 ) ;
#10818 = VECTOR ( 'NONE', #7342, 1000.000000000000000 ) ;
#10819 = DIRECTION ( 'NONE',  ( 0.000000000000000000, 0.000000000000000000, 1.000000000000000000 ) ) ;
#10820 = EDGE_CURVE ( 'NONE', #4687, #2923, #825, .T. ) ;
#10821 = CARTESIAN_POINT ( 'NONE',  ( -0.3197770700636939911, 0.5999999999999999778, 0.01000000000000000021 ) ) ;
#10822 = EDGE_LOOP ( 'NONE', ( #2812, #8686, #1655, #2714 ) ) ;
#10823 = CARTESIAN_POINT ( 'NONE',  ( -0.1300000000000000044, 0.4299999999999999933, 0.005000000000000000104 ) ) ;
#10824 = ORIENTED_EDGE ( 'NONE', *, *, #6972, .T. ) ;
#10825 = DIRECTION ( 'NONE',  ( -1.000000000000000000, -5.225070710773570208E-16, 0.000000000000000000 ) ) ;
#10826 = LINE ( 'NONE', #4178, #1973 ) ;
#10827 = VERTEX_POINT ( 'NONE', #1605 ) ;
#10828 = VECTOR ( 'NONE', #6191, 1000.000000000000000 ) ;
#10829 = ORIENTED_EDGE ( 'NONE', *, *, #3759, .F. ) ;
#10830 = CARTESIAN_POINT ( 'NONE',  ( -0.2400000000000000189, -1.600000000000000089, 0.7900000000000000355 ) ) ;
#10831 = LINE ( 'NONE', #3234, #2098 ) ;
#10832 = DIRECTION ( 'NONE',  ( 0.000000000000000000, 1.000000000000000000, 0.000000000000000000 ) ) ;
#10833 =( GEOMETRIC_REPRESENTATION_CONTEXT ( 3 ) GLOBAL_UNCERTAINTY_ASSIGNED_CONTEXT ( ( #9523 ) ) GLOBAL_UNIT_ASSIGNED_CONTEXT ( ( #3961, #3722, #10554 ) ) REPRESENTATION_CONTEXT ( 'NONE', 'WORKASPACE' ) );
#10834 = PRESENTATION_STYLE_ASSIGNMENT (( #10060 ) ) ;
#10835 = CONTEXT_DEPENDENT_SHAPE_REPRESENTATION ( #1817, #6919 ) ;
#10836 = DIRECTION ( 'NONE',  ( -0.000000000000000000, -1.000000000000000000, -0.000000000000000000 ) ) ;
#10837 = VECTOR ( 'NONE', #10404, 1000.000000000000000 ) ;
#10838 = EDGE_CURVE ( 'NONE', #1642, #5593, #4095, .T. ) ;
#10839 = EDGE_CURVE ( 'NONE', #8896, #5967, #10863, .T. ) ;
#10840 = ORIENTED_EDGE ( 'NONE', *, *, #2539, .F. ) ;
#10841 = EDGE_CURVE ( 'NONE', #3005, #868, #10917, .T. ) ;
#10842 = CARTESIAN_POINT ( 'NONE',  ( 0.2100000000000000200, -0.03000000000000000236, 0.001000000000000000021 ) ) ;
#10843 = COLOUR_RGB ( '',0.8705882352941176627, 0.6313725490196078205, 0.1725490196078431349 ) ;
#10844 = ORIENTED_EDGE ( 'NONE', *, *, #1297, .T. ) ;
#10845 = SHAPE_REPRESENTATION_RELATIONSHIP ( 'NONE' , 'NONE' ,  #8104, #5287 ) ;
#10846 = LINE ( 'NONE', #6738, #7943 ) ;
#10847 =( LENGTH_UNIT ( ) NAMED_UNIT ( * ) SI_UNIT ( .MILLI., .METRE. ) );
#10848 = ORIENTED_EDGE ( 'NONE', *, *, #3208, .F. ) ;
#10849 = VERTEX_POINT ( 'NONE', #9256 ) ;
#10850 = CARTESIAN_POINT ( 'NONE',  ( 0.1499999999999990230, 1.098486643203810065, 0.5300000000000001377 ) ) ;
#10851 = AXIS2_PLACEMENT_3D ( 'NONE', #4449, #7725, #300 ) ;
#10852 = SURFACE_STYLE_FILL_AREA ( #4858 ) ;
#10853 = PRODUCT_RELATED_PRODUCT_CATEGORY ( 'part', '', ( #9496 ) ) ;
#10854 = FACE_OUTER_BOUND ( 'NONE', #3742, .T. ) ;
#10855 = VECTOR ( 'NONE', #5058, 1000.000000000000000 ) ;
#10856 = EDGE_CURVE ( 'NONE', #10219, #7748, #8522, .T. ) ;
#10857 = DIRECTION ( 'NONE',  ( 0.000000000000000000, 1.000000000000000000, -0.000000000000000000 ) ) ;
#10858 = LINE ( 'NONE', #7254, #3459 ) ;
#10859 = LINE ( 'NONE', #5027, #2609 ) ;
#10860 = EDGE_CURVE ( 'NONE', #5545, #1521, #7638, .T. ) ;
#10861 = CARTESIAN_POINT ( 'NONE',  ( 0.2400000000000000189, -1.600000000000000089, 0.7900000000000000355 ) ) ;
#10862 = EDGE_LOOP ( 'NONE', ( #8491, #7479, #7325, #1858 ) ) ;
#10863 = LINE ( 'NONE', #6640, #7702 ) ;
#10864 = ORIENTED_EDGE ( 'NONE', *, *, #2253, .T. ) ;
#10865 = ORIENTED_EDGE ( 'NONE', *, *, #6917, .T. ) ;
#10866 = VECTOR ( 'NONE', #10468, 1000.000000000000000 ) ;
#10867 = CARTESIAN_POINT ( 'NONE',  ( 0.5349999999999999201, -1.239999999999999991, 0.000000000000000000 ) ) ;
#10868 =( NAMED_UNIT ( * ) SI_UNIT ( $, .STERADIAN. ) SOLID_ANGLE_UNIT ( ) );
#10869 = DIRECTION ( 'NONE',  ( 1.000000000000000000, 0.000000000000000000, -0.000000000000000000 ) ) ;
#10870 = EDGE_CURVE ( 'NONE', #10577, #6643, #6810, .T. ) ;
#10871 = ORIENTED_EDGE ( 'NONE', *, *, #3822, .T. ) ;
#10872 = AXIS2_PLACEMENT_3D ( 'NONE', #3912, #5578, #2859 ) ;
#10873 = CARTESIAN_POINT ( 'NONE',  ( -0.2999999999999999889, -1.489999999999999991, 0.000000000000000000 ) ) ;
#10874 = CARTESIAN_POINT ( 'NONE',  ( 0.5350000000000000311, 1.239999999999999991, 0.000000000000000000 ) ) ;
#10875 = CARTESIAN_POINT ( 'NONE',  ( 0.07499999999999999722, -1.100000000000000089, 0.001000000000000000021 ) ) ;
#10876 = EDGE_CURVE ( 'NONE', #6015, #7012, #6971, .T. ) ;
#10877 =( LENGTH_UNIT ( ) NAMED_UNIT ( * ) SI_UNIT ( .MILLI., .METRE. ) );
#10878 = FACE_OUTER_BOUND ( 'NONE', #7624, .T. ) ;
#10879 = ORIENTED_EDGE ( 'NONE', *, *, #8494, .T. ) ;
#10880 = FACE_OUTER_BOUND ( 'NONE', #7095, .T. ) ;
#10881 = EDGE_LOOP ( 'NONE', ( #3588, #10905, #5882, #7354 ) ) ;
#10882 = EDGE_CURVE ( 'NONE', #6471, #10609, #3631, .T. ) ;
#10883 = PLANE ( 'NONE',  #410 ) ;
#10884 =( LENGTH_UNIT ( ) NAMED_UNIT ( * ) SI_UNIT ( .MILLI., .METRE. ) );
#10885 = ORIENTED_EDGE ( 'NONE', *, *, #4210, .T. ) ;
#10886 = ORIENTED_EDGE ( 'NONE', *, *, #9229, .T. ) ;
#10887 = PLANE ( 'NONE',  #7790 ) ;
#10888 = DIRECTION ( 'NONE',  ( 0.000000000000000000, 0.000000000000000000, -1.000000000000000000 ) ) ;
#10889 = CARTESIAN_POINT ( 'NONE',  ( 0.5961306949927850374, -1.499754031465950099, 0.000000000000000000 ) ) ;
#10890 = CARTESIAN_POINT ( 'NONE',  ( 0.5349999999999996980, -1.239999999999999991, 0.01000000000000000021 ) ) ;
#10891 = LINE ( 'NONE', #6786, #8246 ) ;
#10892 = AXIS2_PLACEMENT_3D ( 'NONE', #3119, #4774, #4056 ) ;
#10893 =( REPRESENTATION_RELATIONSHIP ('NONE','NONE', #9248, #4302 ) REPRESENTATION_RELATIONSHIP_WITH_TRANSFORMATION ( #4244 )SHAPE_REPRESENTATION_RELATIONSHIP( ) );
#10894 = DIRECTION ( 'NONE',  ( -0.000000000000000000, 1.000000000000000000, 0.000000000000000000 ) ) ;
#10895 = VECTOR ( 'NONE', #2681, 1000.000000000000000 ) ;
#10896 = LINE ( 'NONE', #9175, #5123 ) ;
#10897 = ORIENTED_EDGE ( 'NONE', *, *, #9757, .F. ) ;
#10898 = AXIS2_PLACEMENT_3D ( 'NONE', #8358, #8468, #1499 ) ;
#10899 = LINE ( 'NONE', #5848, #9832 ) ;
#10900 = ORIENTED_EDGE ( 'NONE', *, *, #7039, .F. ) ;
#10901 = COLOUR_RGB ( '',0.3921568627450980338, 0.5999999999999999778, 0.3921568627450980338 ) ;
#10902 = EDGE_CURVE ( 'NONE', #8580, #5726, #1205, .T. ) ;
#10903 = CARTESIAN_POINT ( 'NONE',  ( 0.1499999999999999667, 1.499754031465950099, 0.01000000000000000021 ) ) ;
#10904 = DIRECTION ( 'NONE',  ( 0.000000000000000000, -0.000000000000000000, 1.000000000000000000 ) ) ;
#10905 = ORIENTED_EDGE ( 'NONE', *, *, #9428, .F. ) ;
#10906 = EDGE_LOOP ( 'NONE', ( #1330, #9184, #4102, #1675 ) ) ;
#10907 = LINE ( 'NONE', #7416, #10301 ) ;
#10908 = EDGE_CURVE ( 'NONE', #6514, #4851, #10454, .T. ) ;
#10909 = STYLED_ITEM ( 'NONE', ( #8181 ), #6233 ) ;
#10910 = DIRECTION ( 'NONE',  ( -2.436409376371920126E-16, -1.000000000000000000, 0.000000000000000000 ) ) ;
#10911 = EDGE_LOOP ( 'NONE', ( #2786, #9108, #6750, #9353, #3665, #6287, #9013, #2117, #8577, #6973 ) ) ;
#10912 = DIRECTION ( 'NONE',  ( -1.000000000000000000, 1.807003620809169948E-16, -0.000000000000000000 ) ) ;
#10913 = FACE_OUTER_BOUND ( 'NONE', #5104, .T. ) ;
#10914 = PLANE ( 'NONE',  #8380 ) ;
#10915 = ORIENTED_EDGE ( 'NONE', *, *, #6455, .T. ) ;
#10916 = EDGE_CURVE ( 'NONE', #4461, #2241, #1093, .T. ) ;
#10917 = LINE ( 'NONE', #5867, #10189 ) ;
#10918 = ORIENTED_EDGE ( 'NONE', *, *, #10029, .T. ) ;
#10919 = VERTEX_POINT ( 'NONE', #2039 ) ;
#10920 = EDGE_CURVE ( 'NONE', #7390, #1761, #2644, .T. ) ;
#10921 = FILL_AREA_STYLE_COLOUR ( '', #5157 ) ;
#10922 = CARTESIAN_POINT ( 'NONE',  ( 0.000000000000000000, 0.000000000000000000, 0.005000000000000000104 ) ) ;
#10923 = DIRECTION ( 'NONE',  ( 0.000000000000000000, 1.000000000000000000, 0.000000000000000000 ) ) ;
#10924 = ORIENTED_EDGE ( 'NONE', *, *, #8946, .F. ) ;
#10925 = CARTESIAN_POINT ( 'NONE',  ( -0.4018411998642920091, 0.01815880013570820087, 0.5300000000000001377 ) ) ;
#10926 = CARTESIAN_POINT ( 'NONE',  ( -0.5999999999999999778, -1.098928449973850086, 0.5200000000000000178 ) ) ;
#10927 = CARTESIAN_POINT ( 'NONE',  ( -0.1499999999999999667, 0.7000000000000000666, 0.001000000000000000021 ) ) ;
#10928 = DIRECTION ( 'NONE',  ( 0.5144957554275263467, 0.8574929257125443183, 0.000000000000000000 ) ) ;
#10929 = EDGE_CURVE ( 'NONE', #2058, #5232, #108, .T. ) ;
#10930 = PLANE ( 'NONE',  #283 ) ;
#10931 = VECTOR ( 'NONE', #2393, 1000.000000000000000 ) ;
#10932 = ADVANCED_FACE ( 'NONE', ( #268 ), #1813, .F. ) ;
#10933 = PLANE ( 'NONE',  #3614 ) ;
#10934 = ORIENTED_EDGE ( 'NONE', *, *, #6577, .F. ) ;
#10935 = DIRECTION ( 'NONE',  ( -3.793400672828790074E-15, 1.000000000000000000, 0.000000000000000000 ) ) ;
#10936 = VERTEX_POINT ( 'NONE', #9469 ) ;
#10937 = DIRECTION ( 'NONE',  ( -1.000000000000000000, 0.000000000000000000, -0.000000000000000000 ) ) ;
#10938 = SURFACE_STYLE_USAGE ( .BOTH. , #3333 ) ;
#10939 = ORIENTED_EDGE ( 'NONE', *, *, #8792, .F. ) ;
#10940 = ADVANCED_FACE ( 'NONE', ( #1934 ), #8638, .T. ) ;
#10941 = COLOUR_RGB ( '',1.000000000000000000, 1.000000000000000000, 1.000000000000000000 ) ;
#10942 = ADVANCED_FACE ( 'NONE', ( #7797 ), #5355, .F. ) ;
#10943 = ORIENTED_EDGE ( 'NONE', *, *, #7664, .F. ) ;
#10944 = DIRECTION ( 'NONE',  ( 7.608436298143890073E-16, -1.000000000000000000, 0.000000000000000000 ) ) ;
#10945 = FACE_OUTER_BOUND ( 'NONE', #2654, .T. ) ;
#10946 = EDGE_CURVE ( 'NONE', #7949, #4334, #3476, .T. ) ;
#10947 = CARTESIAN_POINT ( 'NONE',  ( 0.5999999999999999778, -1.239999999999999991, 0.7900000000000000355 ) ) ;
#10948 = SURFACE_STYLE_FILL_AREA ( #9388 ) ;
#10949 = DIRECTION ( 'NONE',  ( 0.000000000000000000, -0.000000000000000000, -1.000000000000000000 ) ) ;
#10950 = UNCERTAINTY_MEASURE_WITH_UNIT (LENGTH_MEASURE( 1.000000000000000082E-05 ), #5060, 'distance_accuracy_value', 'NONE');
#10951 = CARTESIAN_POINT ( 'NONE',  ( -0.5350000000000000311, -0.9000000000000001332, 0.8000000000000000444 ) ) ;
#10952 = LINE ( 'NONE', #2727, #1808 ) ;
#10953 = EDGE_CURVE ( 'NONE', #3188, #5956, #1155, .T. ) ;
#10954 = CARTESIAN_POINT ( 'NONE',  ( -0.5350000000000000311, 1.239999999999999991, 0.01000000000000000021 ) ) ;
#10955 = VERTEX_POINT ( 'NONE', #2858 ) ;
#10956 = DIRECTION ( 'NONE',  ( 0.000000000000000000, -0.000000000000000000, 1.000000000000000000 ) ) ;
#10957 = APPLICATION_CONTEXT ( 'automotive_design' ) ;
#10958 = EDGE_LOOP ( 'NONE', ( #5630, #2738, #9211, #2386 ) ) ;
#10959 = ADVANCED_FACE ( 'NONE', ( #6241 ), #9848, .F. ) ;
#10960 =( NAMED_UNIT ( * ) PLANE_ANGLE_UNIT ( ) SI_UNIT ( $, .RADIAN. ) );
#10961 = DIRECTION ( 'NONE',  ( 0.000000000000000000, -0.000000000000000000, -1.000000000000000000 ) ) ;
#10962 = LINE ( 'NONE', #8455, #9148 ) ;
#10963 = ORIENTED_EDGE ( 'NONE', *, *, #953, .F. ) ;
#10964 = ORIENTED_EDGE ( 'NONE', *, *, #1418, .F. ) ;
#10965 = AXIS2_PLACEMENT_3D ( 'NONE', #3434, #5198, #6189 ) ;
#10966 = DIRECTION ( 'NONE',  ( 0.000000000000000000, -1.000000000000000000, 0.000000000000000000 ) ) ;
#10967 = NEXT_ASSEMBLY_USAGE_OCCURRENCE ( 'NAUO1', ' ', ' ', #7260, #4475, $ ) ;
#10968 = NEXT_ASSEMBLY_USAGE_OCCURRENCE ( 'NAUO2', ' ', ' ', #7260, #2185, $ ) ;
#10969 = NEXT_ASSEMBLY_USAGE_OCCURRENCE ( 'NAUO3', ' ', ' ', #7260, #355, $ ) ;
#10970 = NEXT_ASSEMBLY_USAGE_OCCURRENCE ( 'NAUO4', ' ', ' ', #7260, #4292, $ ) ;
#10971 = NEXT_ASSEMBLY_USAGE_OCCURRENCE ( 'NAUO5', ' ', ' ', #7260, #8880, $ ) ;
#10972 = NEXT_ASSEMBLY_USAGE_OCCURRENCE ( 'NAUO6', ' ', ' ', #7260, #8060, $ ) ;
#10973 = NEXT_ASSEMBLY_USAGE_OCCURRENCE ( 'NAUO7', ' ', ' ', #7260, #7928, $ ) ;
#10974 = NEXT_ASSEMBLY_USAGE_OCCURRENCE ( 'NAUO8', ' ', ' ', #7260, #10369, $ ) ;
#10975 = NEXT_ASSEMBLY_USAGE_OCCURRENCE ( 'NAUO9', ' ', ' ', #7260, #1839, $ ) ;
#10976 = NEXT_ASSEMBLY_USAGE_OCCURRENCE ( 'NAUO10', ' ', ' ', #7260, #9894, $ ) ;
#10977 = NEXT_ASSEMBLY_USAGE_OCCURRENCE ( 'NAUO11', ' ', ' ', #7260, #4614, $ ) ;
ENDSEC;
END-ISO-10303-21;
