ISO-10303-21;
HEADER;
FILE_DESCRIPTION (( 'STEP AP214' ),
    '1' );
FILE_NAME ('SN74HCS541RKSR.STEP',
    '2025-02-19T04:43:09',
    ( '' ),
    ( '' ),
    'SwSTEP 2.0',
    'SolidWorks 2023',
    '' );
FILE_SCHEMA (( 'AUTOMOTIVE_DESIGN' ));
ENDSEC;

DATA;
#1 = DIRECTION ( 'NONE',  ( -1.000000000000000000, 0.000000000000000000, 0.000000000000000000 ) ) ;
#2 = CARTESIAN_POINT ( 'NONE',  ( 0.000000000000000000, 0.000000000000000000, -1.375000000000000000 ) ) ;
#3 = ORIENTED_EDGE ( 'NONE', *, *, #5031, .F. ) ;
#4 = MECHANICAL_DESIGN_GEOMETRIC_PRESENTATION_REPRESENTATION (  '', ( #1913 ), #6254 ) ;
#5 = AXIS2_PLACEMENT_3D ( 'NONE', #9592, #1940, #8885 ) ;
#6 = ORIENTED_EDGE ( 'NONE', *, *, #1856, .F. ) ;
#7 = EDGE_CURVE ( 'NONE', #4475, #9337, #6120, .T. ) ;
#8 = CARTESIAN_POINT ( 'NONE',  ( -0.9749999999999999778, -0.04000000000000000083, -0.1250000000000000000 ) ) ;
#9 = ORIENTED_EDGE ( 'NONE', *, *, #9672, .T. ) ;
#10 = PRESENTATION_STYLE_ASSIGNMENT (( #2576 ) ) ;
#11 = SURFACE_STYLE_FILL_AREA ( #6118 ) ;
#12 = LINE ( 'NONE', #2242, #1742 ) ;
#13 = ORIENTED_EDGE ( 'NONE', *, *, #1081, .T. ) ;
#14 = CARTESIAN_POINT ( 'NONE',  ( 0.9749999999999999778, 0.000000000000000000, 1.625000000000000222 ) ) ;
#15 = CARTESIAN_POINT ( 'NONE',  ( 0.9749999999999999778, 0.000000000000000000, 0.1250000000000000000 ) ) ;
#16 = ORIENTED_EDGE ( 'NONE', *, *, #206, .T. ) ;
#17 = CARTESIAN_POINT ( 'NONE',  ( 0.9749999999999999778, 0.2000000000000000111, -1.125000000000000222 ) ) ;
#18 = AXIS2_PLACEMENT_3D ( 'NONE', #1812, #7931, #9563 ) ;
#19 = ORIENTED_EDGE ( 'NONE', *, *, #5779, .F. ) ;
#20 = DIRECTION ( 'NONE',  ( 0.000000000000000000, 0.000000000000000000, 1.000000000000000000 ) ) ;
#21 = CARTESIAN_POINT ( 'NONE',  ( -0.9749999999999999778, 0.1749999999999999889, 1.875000000000000000 ) ) ;
#22 = SURFACE_SIDE_STYLE ('',( #9800 ) ) ;
#23 = LINE ( 'NONE', #710, #9805 ) ;
#24 = PRESENTATION_STYLE_ASSIGNMENT (( #7630 ) ) ;
#25 = VERTEX_POINT ( 'NONE', #108 ) ;
#26 = CARTESIAN_POINT ( 'NONE',  ( -0.1250000000000000000, 0.000000000000000000, 1.975000000000000089 ) ) ;
#27 = VERTEX_POINT ( 'NONE', #5807 ) ;
#28 =( NAMED_UNIT ( * ) PLANE_ANGLE_UNIT ( ) SI_UNIT ( $, .RADIAN. ) );
#29 = ORIENTED_EDGE ( 'NONE', *, *, #5365, .F. ) ;
#30 = DIRECTION ( 'NONE',  ( 0.000000000000000000, 0.000000000000000000, 1.000000000000000000 ) ) ;
#31 =( NAMED_UNIT ( * ) PLANE_ANGLE_UNIT ( ) SI_UNIT ( $, .RADIAN. ) );
#32 = DIRECTION ( 'NONE',  ( 0.000000000000000000, 0.000000000000000000, 1.000000000000000000 ) ) ;
#33 = EDGE_CURVE ( 'NONE', #4023, #8370, #1701, .T. ) ;
#34 = EDGE_CURVE ( 'NONE', #7253, #5930, #4222, .T. ) ;
#35 = SURFACE_SIDE_STYLE ('',( #3699 ) ) ;
#36 = LINE ( 'NONE', #3090, #9562 ) ;
#37 = CARTESIAN_POINT ( 'NONE',  ( -1.149999999999999911, 0.8750000000000000000, 2.149999999999999911 ) ) ;
#38 = DIRECTION ( 'NONE',  ( -0.000000000000000000, -1.000000000000000000, 0.000000000000000000 ) ) ;
#39 = CARTESIAN_POINT ( 'NONE',  ( -1.250000000000000000, 0.000000000000000000, -1.125000000000000222 ) ) ;
#40 = ORIENTED_EDGE ( 'NONE', *, *, #3266, .F. ) ;
#41 = DIRECTION ( 'NONE',  ( 0.000000000000000000, 1.000000000000000000, -0.000000000000000000 ) ) ;
#42 = LINE ( 'NONE', #2375, #8449 ) ;
#43 = CARTESIAN_POINT ( 'NONE',  ( -1.250000000000000000, 0.2000000000000000111, 1.875000000000000000 ) ) ;
#44 = ORIENTED_EDGE ( 'NONE', *, *, #8958, .F. ) ;
#45 = UNCERTAINTY_MEASURE_WITH_UNIT (LENGTH_MEASURE( 1.000000000000000082E-05 ), #3575, 'distance_accuracy_value', 'NONE');
#46 = DIRECTION ( 'NONE',  ( -0.000000000000000000, 1.000000000000000000, 0.000000000000000000 ) ) ;
#47 = ADVANCED_FACE ( 'NONE', ( #3511 ), #7259, .F. ) ;
#48 = PRODUCT_DEFINITION_SHAPE ( 'NONE', 'NONE',  #9293 ) ;
#49 = DIRECTION ( 'NONE',  ( 0.000000000000000000, 0.000000000000000000, 1.000000000000000000 ) ) ;
#50 = VERTEX_POINT ( 'NONE', #1789 ) ;
#51 = AXIS2_PLACEMENT_3D ( 'NONE', #765, #8513, #3170 ) ;
#52 = ORIENTED_EDGE ( 'NONE', *, *, #4268, .T. ) ;
#53 = DIRECTION ( 'NONE',  ( 1.000000000000000000, -0.000000000000000000, 0.000000000000000000 ) ) ;
#54 = AXIS2_PLACEMENT_3D ( 'NONE', #3251, #5499, #291 ) ;
#55 = FILL_AREA_STYLE ('',( #7611 ) ) ;
#56 = SURFACE_SIDE_STYLE ('',( #700 ) ) ;
#57 = UNCERTAINTY_MEASURE_WITH_UNIT (LENGTH_MEASURE( 1.000000000000000082E-05 ), #244, 'distance_accuracy_value', 'NONE');
#58 = ORIENTED_EDGE ( 'NONE', *, *, #7279, .F. ) ;
#59 = EDGE_CURVE ( 'NONE', #3556, #9153, #5011, .T. ) ;
#60 = CARTESIAN_POINT ( 'NONE',  ( -0.1250000000000000000, 0.000000000000000000, 2.250000000000000444 ) ) ;
#61 = EDGE_CURVE ( 'NONE', #9206, #4454, #1206, .T. ) ;
#62 = FILL_AREA_STYLE ('',( #6920 ) ) ;
#63 = VECTOR ( 'NONE', #6731, 1000.000000000000000 ) ;
#64 = CARTESIAN_POINT ( 'NONE',  ( -1.250000000000000000, 0.000000000000000000, 1.375000000000000222 ) ) ;
#65 = PLANE ( 'NONE',  #5334 ) ;
#66 = AXIS2_PLACEMENT_3D ( 'NONE', #818, #2978, #4633 ) ;
#67 = ORIENTED_EDGE ( 'NONE', *, *, #5045, .T. ) ;
#68 = LINE ( 'NONE', #6177, #6995 ) ;
#69 = ORIENTED_EDGE ( 'NONE', *, *, #4185, .F. ) ;
#70 = FACE_OUTER_BOUND ( 'NONE', #8201, .T. ) ;
#71 = EDGE_CURVE ( 'NONE', #7409, #3546, #3958, .T. ) ;
#72 = CARTESIAN_POINT ( 'NONE',  ( 0.000000000000000000, 0.1749999999999999889, -0.6250000000000000000 ) ) ;
#73 = VECTOR ( 'NONE', #46, 1000.000000000000000 ) ;
#74 = VERTEX_POINT ( 'NONE', #2747 ) ;
#75 = ORIENTED_EDGE ( 'NONE', *, *, #4195, .T. ) ;
#76 = ORIENTED_EDGE ( 'NONE', *, *, #3169, .F. ) ;
#77 =( NAMED_UNIT ( * ) PLANE_ANGLE_UNIT ( ) SI_UNIT ( $, .RADIAN. ) );
#78 = CARTESIAN_POINT ( 'NONE',  ( -0.1250000000000000000, 0.2000000000000000111, -2.250000000000000444 ) ) ;
#79 = SURFACE_SIDE_STYLE ('',( #3792 ) ) ;
#80 = ORIENTED_EDGE ( 'NONE', *, *, #4922, .T. ) ;
#81 = MECHANICAL_DESIGN_GEOMETRIC_PRESENTATION_REPRESENTATION (  '', ( #6946 ), #4413 ) ;
#82 = FACE_OUTER_BOUND ( 'NONE', #1305, .T. ) ;
#83 = AXIS2_PLACEMENT_3D ( 'NONE', #7390, #7232, #519 ) ;
#84 = CARTESIAN_POINT ( 'NONE',  ( -1.250000000000000000, 0.2000000000000000111, 0.1250000000000000000 ) ) ;
#85 = VECTOR ( 'NONE', #3065, 1000.000000000000000 ) ;
#86 =( NAMED_UNIT ( * ) PLANE_ANGLE_UNIT ( ) SI_UNIT ( $, .RADIAN. ) );
#87 = ADVANCED_FACE ( 'NONE', ( #4068 ), #246, .T. ) ;
#88 = ORIENTED_EDGE ( 'NONE', *, *, #7324, .F. ) ;
#89 = EDGE_CURVE ( 'NONE', #4843, #7136, #405, .T. ) ;
#90 = VECTOR ( 'NONE', #6145, 1000.000000000000000 ) ;
#91 = DIRECTION ( 'NONE',  ( 0.000000000000000000, 0.000000000000000000, 1.000000000000000000 ) ) ;
#92 = LINE ( 'NONE', #6151, #9723 ) ;
#93 = EDGE_LOOP ( 'NONE', ( #7010, #8360, #8829, #3551 ) ) ;
#94 =( GEOMETRIC_REPRESENTATION_CONTEXT ( 3 ) GLOBAL_UNCERTAINTY_ASSIGNED_CONTEXT ( ( #8540 ) ) GLOBAL_UNIT_ASSIGNED_CONTEXT ( ( #3979, #7371, #8067 ) ) REPRESENTATION_CONTEXT ( 'NONE', 'WORKASPACE' ) );
#95 = VECTOR ( 'NONE', #6197, 1000.000000000000000 ) ;
#96 = DIRECTION ( 'NONE',  ( 1.000000000000000000, 0.000000000000000000, 0.000000000000000000 ) ) ;
#97 = PRESENTATION_LAYER_ASSIGNMENT (  '', '', ( #3780 ) ) ;
#98 = EDGE_LOOP ( 'NONE', ( #1891, #1027, #1811, #4707 ) ) ;
#99 = CARTESIAN_POINT ( 'NONE',  ( 1.250000000000000000, 0.000000000000000000, 0.8750000000000000000 ) ) ;
#100 = VERTEX_POINT ( 'NONE', #3470 ) ;
#101 = CYLINDRICAL_SURFACE ( 'NONE', #4257, 0.1249999999999998890 ) ;
#102 = CARTESIAN_POINT ( 'NONE',  ( 0.000000000000000000, 0.000000000000000000, 1.875000000000000000 ) ) ;
#103 = SURFACE_STYLE_FILL_AREA ( #55 ) ;
#104 = ORIENTED_EDGE ( 'NONE', *, *, #5742, .F. ) ;
#105 = AXIS2_PLACEMENT_3D ( 'NONE', #225, #755, #8634 ) ;
#106 = EDGE_CURVE ( 'NONE', #1204, #6666, #392, .T. ) ;
#107 = CARTESIAN_POINT ( 'NONE',  ( 1.250000000000000000, 0.000000000000000000, 0.000000000000000000 ) ) ;
#108 = CARTESIAN_POINT ( 'NONE',  ( -0.3750000000000000555, 0.000000000000000000, 2.250000000000000444 ) ) ;
#109 = PLANE ( 'NONE',  #1740 ) ;
#110 = DIRECTION ( 'NONE',  ( 0.000000000000000000, -0.000000000000000000, 1.000000000000000000 ) ) ;
#111 = AXIS2_PLACEMENT_3D ( 'NONE', #1182, #3541, #3581 ) ;
#112 = COLOUR_RGB ( '',0.8313725490196077761, 0.8313725490196077761, 0.8313725490196077761 ) ;
#113 = SURFACE_STYLE_FILL_AREA ( #8561 ) ;
#114 = FACE_OUTER_BOUND ( 'NONE', #212, .T. ) ;
#115 = ORIENTED_EDGE ( 'NONE', *, *, #9729, .F. ) ;
#116 = ORIENTED_EDGE ( 'NONE', *, *, #1505, .F. ) ;
#117 = EDGE_CURVE ( 'NONE', #4756, #2153, #2638, .T. ) ;
#118 =( GEOMETRIC_REPRESENTATION_CONTEXT ( 3 ) GLOBAL_UNCERTAINTY_ASSIGNED_CONTEXT ( ( #1636 ) ) GLOBAL_UNIT_ASSIGNED_CONTEXT ( ( #8835, #1002, #4827 ) ) REPRESENTATION_CONTEXT ( 'NONE', 'WORKASPACE' ) );
#119 = MECHANICAL_DESIGN_GEOMETRIC_PRESENTATION_REPRESENTATION (  '', ( #1243 ), #1547 ) ;
#120 = DIRECTION ( 'NONE',  ( 1.000000000000000000, -0.000000000000000000, 0.000000000000000000 ) ) ;
#121 = VECTOR ( 'NONE', #4053, 1000.000000000000000 ) ;
#122 = DIRECTION ( 'NONE',  ( 0.000000000000000000, 0.000000000000000000, 1.000000000000000000 ) ) ;
#123 = STYLED_ITEM ( 'NONE', ( #6499 ), #216 ) ;
#124 = AXIS2_PLACEMENT_3D ( 'NONE', #8917, #2776, #9464 ) ;
#125 = ORIENTED_EDGE ( 'NONE', *, *, #4992, .F. ) ;
#126 = CARTESIAN_POINT ( 'NONE',  ( 1.207735026918962395, 0.9327350269189628174, 2.207735026918962618 ) ) ;
#127 = ORIENTED_EDGE ( 'NONE', *, *, #1007, .T. ) ;
#128 = EDGE_CURVE ( 'NONE', #427, #1889, #1838, .T. ) ;
#129 = VERTEX_POINT ( 'NONE', #4768 ) ;
#130 =( LENGTH_UNIT ( ) NAMED_UNIT ( * ) SI_UNIT ( .MILLI., .METRE. ) );
#131 = SURFACE_STYLE_USAGE ( .BOTH. , #3949 ) ;
#132 = VERTEX_POINT ( 'NONE', #6421 ) ;
#133 = COLOUR_RGB ( '',0.8313725490196077761, 0.8313725490196077761, 0.8313725490196077761 ) ;
#134 = FILL_AREA_STYLE ('',( #1533 ) ) ;
#135 = VERTEX_POINT ( 'NONE', #9283 ) ;
#136 = CARTESIAN_POINT ( 'NONE',  ( -0.3750000000000000000, 0.2000000000000000111, -2.250000000000000444 ) ) ;
#137 = CARTESIAN_POINT ( 'NONE',  ( -0.1499999999999999667, 0.1000000000000000194, -1.500000000000000000 ) ) ;
#138 = ORIENTED_EDGE ( 'NONE', *, *, #5128, .T. ) ;
#139 = UNCERTAINTY_MEASURE_WITH_UNIT (LENGTH_MEASURE( 1.000000000000000082E-05 ), #5247, 'distance_accuracy_value', 'NONE');
#140 =( NAMED_UNIT ( * ) PLANE_ANGLE_UNIT ( ) SI_UNIT ( $, .RADIAN. ) );
#141 = AXIS2_PLACEMENT_3D ( 'NONE', #2084, #3657, #1307 ) ;
#142 = STYLED_ITEM ( 'NONE', ( #7889 ), #7689 ) ;
#143 = EDGE_CURVE ( 'NONE', #3316, #7182, #6517, .T. ) ;
#144 = DIRECTION ( 'NONE',  ( 1.000000000000000000, 0.000000000000000000, 0.000000000000000000 ) ) ;
#145 = EDGE_CURVE ( 'NONE', #9153, #2400, #4065, .T. ) ;
#146 = VERTEX_POINT ( 'NONE', #4825 ) ;
#147 = DIRECTION ( 'NONE',  ( 0.000000000000000000, 0.000000000000000000, -1.000000000000000000 ) ) ;
#148 = ORIENTED_EDGE ( 'NONE', *, *, #7212, .F. ) ;
#149 = CARTESIAN_POINT ( 'NONE',  ( -0.9749999999999999778, 0.2000000000000000111, -0.6250000000000000000 ) ) ;
#150 = ORIENTED_EDGE ( 'NONE', *, *, #6608, .F. ) ;
#151 =( GEOMETRIC_REPRESENTATION_CONTEXT ( 3 ) GLOBAL_UNCERTAINTY_ASSIGNED_CONTEXT ( ( #856 ) ) GLOBAL_UNIT_ASSIGNED_CONTEXT ( ( #8848, #5078, #1318 ) ) REPRESENTATION_CONTEXT ( 'NONE', 'WORKASPACE' ) );
#152 = UNCERTAINTY_MEASURE_WITH_UNIT (LENGTH_MEASURE( 1.000000000000000082E-05 ), #6428, 'distance_accuracy_value', 'NONE');
#153 = EDGE_LOOP ( 'NONE', ( #1601, #630, #5338, #2521 ) ) ;
#154 = AXIS2_PLACEMENT_3D ( 'NONE', #4291, #3675, #4343 ) ;
#155 = SURFACE_STYLE_FILL_AREA ( #4870 ) ;
#156 = SURFACE_STYLE_FILL_AREA ( #196 ) ;
#157 = CYLINDRICAL_SURFACE ( 'NONE', #1061, 0.1249999999999998890 ) ;
#158 = CYLINDRICAL_SURFACE ( 'NONE', #3771, 0.1250000000000000000 ) ;
#159 = AXIS2_PLACEMENT_3D ( 'NONE', #8719, #9511, #8183 ) ;
#160 = EDGE_CURVE ( 'NONE', #3447, #5444, #7854, .T. ) ;
#161 = DIRECTION ( 'NONE',  ( 0.000000000000000000, 0.000000000000000000, -1.000000000000000000 ) ) ;
#162 = VECTOR ( 'NONE', #6405, 1000.000000000000000 ) ;
#163 = EDGE_CURVE ( 'NONE', #983, #7585, #193, .T. ) ;
#164 = CARTESIAN_POINT ( 'NONE',  ( 0.3750000000000000000, 0.000000000000000000, -1.975000000000000089 ) ) ;
#165 = CARTESIAN_POINT ( 'NONE',  ( -1.149999999999999911, 0.000000000000000000, 2.149999999999999911 ) ) ;
#166 =( GEOMETRIC_REPRESENTATION_CONTEXT ( 3 ) GLOBAL_UNCERTAINTY_ASSIGNED_CONTEXT ( ( #6370 ) ) GLOBAL_UNIT_ASSIGNED_CONTEXT ( ( #6156, #3104, #9132 ) ) REPRESENTATION_CONTEXT ( 'NONE', 'WORKASPACE' ) );
#167 = SURFACE_STYLE_USAGE ( .BOTH. , #5427 ) ;
#168 = DIRECTION ( 'NONE',  ( 0.000000000000000000, 0.000000000000000000, 1.000000000000000000 ) ) ;
#169 = VECTOR ( 'NONE', #7725, 1000.000000000000000 ) ;
#170 = EDGE_CURVE ( 'NONE', #1204, #6011, #9365, .T. ) ;
#171 = DIRECTION ( 'NONE',  ( 0.000000000000000000, 0.000000000000000000, 1.000000000000000000 ) ) ;
#172 = AXIS2_PLACEMENT_3D ( 'NONE', #9809, #4513, #4553 ) ;
#173 = VERTEX_POINT ( 'NONE', #6462 ) ;
#174 = CARTESIAN_POINT ( 'NONE',  ( 1.307966438303960421, 0.7741910341373193782, 2.192030276237607378 ) ) ;
#175 = ORIENTED_EDGE ( 'NONE', *, *, #8133, .T. ) ;
#176 = FILL_AREA_STYLE_COLOUR ( '', #7453 ) ;
#177 = CARTESIAN_POINT ( 'NONE',  ( -1.207735026918962173, 0.9327350269189627063, -2.207735026918962618 ) ) ;
#178 = EDGE_CURVE ( 'NONE', #8546, #7432, #3166, .T. ) ;
#179 = VERTEX_POINT ( 'NONE', #1000 ) ;
#180 = DIRECTION ( 'NONE',  ( -0.000000000000000000, 0.000000000000000000, -1.000000000000000000 ) ) ;
#181 = FILL_AREA_STYLE_COLOUR ( '', #5739 ) ;
#182 = CARTESIAN_POINT ( 'NONE',  ( 1.149999999999999911, 0.8749999999999998890, -2.150000000000000355 ) ) ;
#183 = PRESENTATION_STYLE_ASSIGNMENT (( #3099 ) ) ;
#184 = VERTEX_POINT ( 'NONE', #4172 ) ;
#185 = ADVANCED_FACE ( 'NONE', ( #7102 ), #8743, .T. ) ;
#186 = FACE_OUTER_BOUND ( 'NONE', #5650, .T. ) ;
#187 = LINE ( 'NONE', #2629, #300 ) ;
#188 = VERTEX_POINT ( 'NONE', #5892 ) ;
#189 = CARTESIAN_POINT ( 'NONE',  ( 0.000000000000000000, 0.000000000000000000, 1.625000000000000222 ) ) ;
#190 = ORIENTED_EDGE ( 'NONE', *, *, #390, .T. ) ;
#191 = DIRECTION ( 'NONE',  ( -0.000000000000000000, -0.000000000000000000, 1.000000000000000000 ) ) ;
#192 = ORIENTED_EDGE ( 'NONE', *, *, #1299, .F. ) ;
#193 = LINE ( 'NONE', #1158, #6688 ) ;
#194 = CARTESIAN_POINT ( 'NONE',  ( 0.5000000000000000000, 0.06000000000000000472, -1.500000000000000000 ) ) ;
#195 = ORIENTED_EDGE ( 'NONE', *, *, #8246, .F. ) ;
#196 = FILL_AREA_STYLE ('',( #2547 ) ) ;
#197 = CARTESIAN_POINT ( 'NONE',  ( -1.250000000000000000, 0.000000000000000000, 0.000000000000000000 ) ) ;
#198 = PRESENTATION_LAYER_ASSIGNMENT (  '', '', ( #3566 ) ) ;
#199 = DIRECTION ( 'NONE',  ( 0.000000000000000000, 0.000000000000000000, -1.000000000000000000 ) ) ;
#200 = CARTESIAN_POINT ( 'NONE',  ( 0.9749999999999999778, 0.2000000000000000111, 1.250000000000000000 ) ) ;
#201 = CARTESIAN_POINT ( 'NONE',  ( -0.9749999999999999778, 0.000000000000000000, -0.8750000000000000000 ) ) ;
#202 = VERTEX_POINT ( 'NONE', #3547 ) ;
#203 = CARTESIAN_POINT ( 'NONE',  ( 1.250000000000000000, 0.000000000000000000, 0.000000000000000000 ) ) ;
#204 = ORIENTED_EDGE ( 'NONE', *, *, #886, .F. ) ;
#205 = EDGE_CURVE ( 'NONE', #5198, #3250, #3588, .T. ) ;
#206 = EDGE_CURVE ( 'NONE', #953, #5606, #7444, .T. ) ;
#207 = CARTESIAN_POINT ( 'NONE',  ( 1.250000000000000000, 0.2000000000000000111, 1.125000000000000222 ) ) ;
#208 = MECHANICAL_DESIGN_GEOMETRIC_PRESENTATION_REPRESENTATION (  '', ( #7081 ), #2937 ) ;
#209 = DIRECTION ( 'NONE',  ( 0.000000000000000000, -1.000000000000000000, -0.000000000000000000 ) ) ;
#210 = DIRECTION ( 'NONE',  ( 0.000000000000000000, -0.000000000000000000, 1.000000000000000000 ) ) ;
#211 =( BOUNDED_SURFACE ( )  B_SPLINE_SURFACE ( 3, 3, ( 
 ( #7207, #2640, #2793, #394 ),
 ( #3456, #5061, #6521, #9536 ),
 ( #5108, #2689, #1205, #9590 ),
 ( #2746, #5806, #8834, #1266 ) ),
 .UNSPECIFIED., .F., .F., .F. ) 
 B_SPLINE_SURFACE_WITH_KNOTS ( ( 4, 4 ),
 ( 4, 4 ),
 ( 0.000000000000000000, 1.000000000000000000 ),
 ( 0.000000000000000000, 1.000000000000000000 ),
 .UNSPECIFIED. ) 
 GEOMETRIC_REPRESENTATION_ITEM ( )  RATIONAL_B_SPLINE_SURFACE ( (
 ( 1.000000000000000000, 0.3333333333333292070, 0.3333333333333292070, 1.000000000000000000),
 ( 0.9245018060306380292, 0.3081672686768755498, 0.3081672686768755498, 0.9245018060306380292),
 ( 0.9245018060306380292, 0.3081672686768755498, 0.3081672686768755498, 0.9245018060306380292),
 ( 1.000000000000000000, 0.3333333333333292070, 0.3333333333333292070, 1.000000000000000000) ) ) 
 REPRESENTATION_ITEM ( '' )  SURFACE ( )  );
#212 = EDGE_LOOP ( 'NONE', ( #2398, #3818, #4102, #5239 ) ) ;
#213 = AXIS2_PLACEMENT_3D ( 'NONE', #9644, #1366, #4429 ) ;
#214 =( NAMED_UNIT ( * ) SI_UNIT ( $, .STERADIAN. ) SOLID_ANGLE_UNIT ( ) );
#215 = ORIENTED_EDGE ( 'NONE', *, *, #4397, .T. ) ;
#216 = ADVANCED_FACE ( 'NONE', ( #428 ), #5943, .T. ) ;
#217 = MECHANICAL_DESIGN_GEOMETRIC_PRESENTATION_REPRESENTATION (  '', ( #2451 ), #4398 ) ;
#218 = CARTESIAN_POINT ( 'NONE',  ( 0.000000000000000000, 0.2000000000000000111, 0.000000000000000000 ) ) ;
#219 = FACE_OUTER_BOUND ( 'NONE', #2158, .T. ) ;
#220 = VECTOR ( 'NONE', #4801, 1000.000000000000000 ) ;
#221 = ORIENTED_EDGE ( 'NONE', *, *, #275, .T. ) ;
#222 = ADVANCED_FACE ( 'NONE', ( #678 ), #4555, .F. ) ;
#223 = LINE ( 'NONE', #5487, #5837 ) ;
#224 = DIRECTION ( 'NONE',  ( 1.000000000000000000, -0.000000000000000000, 0.000000000000000000 ) ) ;
#226 = ORIENTED_EDGE ( 'NONE', *, *, #769, .T. ) ;
#225 = CARTESIAN_POINT ( 'NONE',  ( -1.149999999999999911, 0.8750000000000000000, 2.149999999999999911 ) ) ;
#227 = ORIENTED_EDGE ( 'NONE', *, *, #4091, .F. ) ;
#228 = ADVANCED_FACE ( 'NONE', ( #6797 ), #1386, .T. ) ;
#229 = DIRECTION ( 'NONE',  ( 1.000000000000000000, 0.000000000000000000, 0.000000000000000000 ) ) ;
#230 = LINE ( 'NONE', #6352, #7138 ) ;
#231 = FACE_OUTER_BOUND ( 'NONE', #4719, .T. ) ;
#232 = VERTEX_POINT ( 'NONE', #7637 ) ;
#233 =( LENGTH_UNIT ( ) NAMED_UNIT ( * ) SI_UNIT ( .MILLI., .METRE. ) );
#234 = VECTOR ( 'NONE', #3874, 1000.000000000000000 ) ;
#235 = DIRECTION ( 'NONE',  ( 1.000000000000000000, 0.000000000000000000, -0.000000000000000000 ) ) ;
#236 = ORIENTED_EDGE ( 'NONE', *, *, #784, .F. ) ;
#237 = FACE_OUTER_BOUND ( 'NONE', #9377, .T. ) ;
#238 = EDGE_LOOP ( 'NONE', ( #150, #8690, #6, #1777, #3638 ) ) ;
#239 = STYLED_ITEM ( 'NONE', ( #627 ), #2668 ) ;
#240 =( NAMED_UNIT ( * ) PLANE_ANGLE_UNIT ( ) SI_UNIT ( $, .RADIAN. ) );
#241 = VERTEX_POINT ( 'NONE', #780 ) ;
#242 = ORIENTED_EDGE ( 'NONE', *, *, #6110, .F. ) ;
#243 = CARTESIAN_POINT ( 'NONE',  ( -0.9749999999999999778, -0.04000000000000000083, 1.875000000000000000 ) ) ;
#244 =( LENGTH_UNIT ( ) NAMED_UNIT ( * ) SI_UNIT ( .MILLI., .METRE. ) );
#245 = UNCERTAINTY_MEASURE_WITH_UNIT (LENGTH_MEASURE( 1.000000000000000082E-05 ), #1487, 'distance_accuracy_value', 'NONE');
#246 = PLANE ( 'NONE',  #5384 ) ;
#247 = AXIS2_PLACEMENT_3D ( 'NONE', #5418, #5565, #862 ) ;
#248 = PRESENTATION_LAYER_ASSIGNMENT (  '', '', ( #6976 ) ) ;
#249 = CARTESIAN_POINT ( 'NONE',  ( 0.2500000000000000000, -0.04000000000000000083, 1.975000000000000089 ) ) ;
#250 = PLANE ( 'NONE',  #1762 ) ;
#251 = CARTESIAN_POINT ( 'NONE',  ( 0.9749999999999999778, 0.000000000000000000, -1.875000000000000000 ) ) ;
#252 = VECTOR ( 'NONE', #3094, 1000.000000000000000 ) ;
#253 = CYLINDRICAL_SURFACE ( 'NONE', #8240, 0.1250000000000001110 ) ;
#254 = CARTESIAN_POINT ( 'NONE',  ( 0.1249999999999998890, 0.000000000000000000, -2.250000000000000444 ) ) ;
#255 = AXIS2_PLACEMENT_3D ( 'NONE', #2394, #7673, #3885 ) ;
#256 = VECTOR ( 'NONE', #1832, 1000.000000000000000 ) ;
#257 = PLANE ( 'NONE',  #7891 ) ;
#258 = FACE_OUTER_BOUND ( 'NONE', #779, .T. ) ;
#259 = EDGE_LOOP ( 'NONE', ( #80, #3235, #1343, #5752 ) ) ;
#260 = SURFACE_STYLE_FILL_AREA ( #4930 ) ;
#261 = VECTOR ( 'NONE', #3230, 1000.000000000000000 ) ;
#262 = DIRECTION ( 'NONE',  ( 0.000000000000000000, 1.000000000000000000, 0.000000000000000000 ) ) ;
#263 = FACE_OUTER_BOUND ( 'NONE', #3404, .T. ) ;
#264 = EDGE_CURVE ( 'NONE', #3057, #8046, #9154, .T. ) ;
#265 = EDGE_CURVE ( 'NONE', #4051, #6450, #5286, .T. ) ;
#266 = CARTESIAN_POINT ( 'NONE',  ( -0.9749999999999999778, 0.2000000000000000111, 0.8750000000000000000 ) ) ;
#267 = ORIENTED_EDGE ( 'NONE', *, *, #314, .F. ) ;
#268 = ORIENTED_EDGE ( 'NONE', *, *, #2983, .F. ) ;
#269 = ORIENTED_EDGE ( 'NONE', *, *, #2610, .T. ) ;
#270 = PRESENTATION_STYLE_ASSIGNMENT (( #2667 ) ) ;
#271 = DIRECTION ( 'NONE',  ( 0.000000000000000000, -1.000000000000000000, -0.000000000000000000 ) ) ;
#272 = SURFACE_STYLE_FILL_AREA ( #7129 ) ;
#273 = VECTOR ( 'NONE', #53, 1000.000000000000000 ) ;
#274 = VECTOR ( 'NONE', #1576, 1000.000000000000000 ) ;
#275 = EDGE_CURVE ( 'NONE', #7615, #5652, #4455, .T. ) ;
#276 = SURFACE_STYLE_USAGE ( .BOTH. , #7132 ) ;
#277 = CIRCLE ( 'NONE', #439, 0.1000000000000001582 ) ;
#279 = ORIENTED_EDGE ( 'NONE', *, *, #2696, .F. ) ;
#278 = FILL_AREA_STYLE_COLOUR ( '', #7127 ) ;
#280 = CIRCLE ( 'NONE', #1566, 0.1249999999999998890 ) ;
#281 = DIRECTION ( 'NONE',  ( 0.000000000000000000, -0.000000000000000000, -1.000000000000000000 ) ) ;
#282 = CARTESIAN_POINT ( 'NONE',  ( 0.000000000000000000, 0.000000000000000000, 0.8750000000000000000 ) ) ;
#283 = VERTEX_POINT ( 'NONE', #9812 ) ;
#284 = DIRECTION ( 'NONE',  ( 0.000000000000000000, -0.000000000000000000, -1.000000000000000000 ) ) ;
#285 = UNCERTAINTY_MEASURE_WITH_UNIT (LENGTH_MEASURE( 1.000000000000000082E-05 ), #9571, 'distance_accuracy_value', 'NONE');
#286 = FILL_AREA_STYLE_COLOUR ( '', #7496 ) ;
#287 = FILL_AREA_STYLE_COLOUR ( '', #2043 ) ;
#288 = AXIS2_PLACEMENT_3D ( 'NONE', #689, #848, #1543 ) ;
#289 = EDGE_CURVE ( 'NONE', #4714, #5741, #7504, .T. ) ;
#290 = ORIENTED_EDGE ( 'NONE', *, *, #5136, .F. ) ;
#291 = DIRECTION ( 'NONE',  ( 1.000000000000000000, 0.000000000000000000, -0.000000000000000000 ) ) ;
#292 = ORIENTED_EDGE ( 'NONE', *, *, #7697, .F. ) ;
#293 = SURFACE_SIDE_STYLE ('',( #4961 ) ) ;
#294 = LINE ( 'NONE', #9434, #1871 ) ;
#295 = ORIENTED_EDGE ( 'NONE', *, *, #8852, .T. ) ;
#296 = ORIENTED_EDGE ( 'NONE', *, *, #7742, .F. ) ;
#297 = PLANE ( 'NONE',  #9564 ) ;
#298 = DIRECTION ( 'NONE',  ( 1.000000000000000000, 0.000000000000000000, 0.000000000000000000 ) ) ;
#299 = CIRCLE ( 'NONE', #1115, 0.1250000000000001110 ) ;
#300 = VECTOR ( 'NONE', #7846, 1000.000000000000000 ) ;
#301 = CARTESIAN_POINT ( 'NONE',  ( -1.250000000000000000, 0.1749999999999999889, -2.250000000000000444 ) ) ;
#302 = FACE_OUTER_BOUND ( 'NONE', #924, .T. ) ;
#303 = DIRECTION ( 'NONE',  ( 0.000000000000000000, -0.000000000000000000, -1.000000000000000000 ) ) ;
#304 = EDGE_CURVE ( 'NONE', #2400, #7090, #6042, .T. ) ;
#305 = LINE ( 'NONE', #3611, #5562 ) ;
#306 = DIRECTION ( 'NONE',  ( 0.000000000000000000, -1.000000000000000000, 0.000000000000000000 ) ) ;
#307 = CIRCLE ( 'NONE', #4803, 0.1250000000000000000 ) ;
#308 = CYLINDRICAL_SURFACE ( 'NONE', #4726, 0.1249999999999998890 ) ;
#309 = VERTEX_POINT ( 'NONE', #9062 ) ;
#310 =( NAMED_UNIT ( * ) PLANE_ANGLE_UNIT ( ) SI_UNIT ( $, .RADIAN. ) );
#311 = ORIENTED_EDGE ( 'NONE', *, *, #6455, .F. ) ;
#312 = DIRECTION ( 'NONE',  ( 0.000000000000000000, -1.000000000000000000, -0.000000000000000000 ) ) ;
#313 = DIRECTION ( 'NONE',  ( 0.000000000000000000, 0.000000000000000000, -1.000000000000000000 ) ) ;
#314 = EDGE_CURVE ( 'NONE', #7517, #5606, #5324, .T. ) ;
#315 = PLANE ( 'NONE',  #375 ) ;
#316 = DIRECTION ( 'NONE',  ( 1.000000000000000000, -0.000000000000000000, 0.000000000000000000 ) ) ;
#317 = ORIENTED_EDGE ( 'NONE', *, *, #9794, .F. ) ;
#318 = VECTOR ( 'NONE', #2278, 1000.000000000000000 ) ;
#319 = DIRECTION ( 'NONE',  ( -0.000000000000000000, 1.000000000000000000, 0.000000000000000000 ) ) ;
#320 = VECTOR ( 'NONE', #4517, 1000.000000000000000 ) ;
#321 = ORIENTED_EDGE ( 'NONE', *, *, #3384, .T. ) ;
#322 = DIRECTION ( 'NONE',  ( 0.000000000000000000, -1.000000000000000000, 0.000000000000000000 ) ) ;
#323 = ORIENTED_EDGE ( 'NONE', *, *, #3954, .F. ) ;
#324 = FACE_OUTER_BOUND ( 'NONE', #3506, .T. ) ;
#325 =( NAMED_UNIT ( * ) SI_UNIT ( $, .STERADIAN. ) SOLID_ANGLE_UNIT ( ) );
#326 = CARTESIAN_POINT ( 'NONE',  ( -0.3750000000000000555, 0.1749999999999999889, 2.250000000000000444 ) ) ;
#327 = SURFACE_STYLE_FILL_AREA ( #4951 ) ;
#328 = ORIENTED_EDGE ( 'NONE', *, *, #7031, .T. ) ;
#329 = EDGE_CURVE ( 'NONE', #2725, #9206, #6898, .T. ) ;
#330 = UNCERTAINTY_MEASURE_WITH_UNIT (LENGTH_MEASURE( 1.000000000000000082E-05 ), #2802, 'distance_accuracy_value', 'NONE');
#331 = SURFACE_SIDE_STYLE ('',( #2781 ) ) ;
#332 =( NAMED_UNIT ( * ) PLANE_ANGLE_UNIT ( ) SI_UNIT ( $, .RADIAN. ) );
#333 = CARTESIAN_POINT ( 'NONE',  ( 0.000000000000000000, 0.000000000000000000, 0.000000000000000000 ) ) ;
#334 = EDGE_LOOP ( 'NONE', ( #9771, #9634, #5482, #4007 ) ) ;
#335 = LINE ( 'NONE', #2030, #4063 ) ;
#337 = ORIENTED_EDGE ( 'NONE', *, *, #6990, .T. ) ;
#336 = DIRECTION ( 'NONE',  ( 0.000000000000000000, 0.000000000000000000, -1.000000000000000000 ) ) ;
#338 = CARTESIAN_POINT ( 'NONE',  ( -1.250000000000000000, 0.000000000000000000, -2.250000000000000444 ) ) ;
#339 = ORIENTED_EDGE ( 'NONE', *, *, #8222, .T. ) ;
#340 = LINE ( 'NONE', #4022, #2665 ) ;
#341 = ORIENTED_EDGE ( 'NONE', *, *, #9305, .F. ) ;
#342 = CARTESIAN_POINT ( 'NONE',  ( 1.250000000000000000, 0.1749999999999999889, -2.250000000000000444 ) ) ;
#343 = VERTEX_POINT ( 'NONE', #9869 ) ;
#344 = UNCERTAINTY_MEASURE_WITH_UNIT (LENGTH_MEASURE( 1.000000000000000082E-05 ), #7098, 'distance_accuracy_value', 'NONE');
#345 = UNCERTAINTY_MEASURE_WITH_UNIT (LENGTH_MEASURE( 1.000000000000000082E-05 ), #2209, 'distance_accuracy_value', 'NONE');
#346 = EDGE_CURVE ( 'NONE', #50, #2131, #8332, .T. ) ;
#347 = DIRECTION ( 'NONE',  ( 0.000000000000000000, 0.000000000000000000, 1.000000000000000000 ) ) ;
#348 = FACE_OUTER_BOUND ( 'NONE', #7901, .T. ) ;
#349 = FACE_OUTER_BOUND ( 'NONE', #6329, .T. ) ;
#350 =( LENGTH_UNIT ( ) NAMED_UNIT ( * ) SI_UNIT ( .MILLI., .METRE. ) );
#351 = CARTESIAN_POINT ( 'NONE',  ( 1.250000000000000000, 0.000000000000000000, -1.875000000000000000 ) ) ;
#352 = FACE_OUTER_BOUND ( 'NONE', #4487, .T. ) ;
#353 = DIRECTION ( 'NONE',  ( 0.000000000000000000, -1.000000000000000000, 0.000000000000000000 ) ) ;
#354 = EDGE_CURVE ( 'NONE', #5910, #6396, #5392, .T. ) ;
#355 = ORIENTED_EDGE ( 'NONE', *, *, #5683, .F. ) ;
#356 = CARTESIAN_POINT ( 'NONE',  ( 0.5999999999999999778, 0.06000000000000000472, 1.600000000000000089 ) ) ;
#357 = ORIENTED_EDGE ( 'NONE', *, *, #6164, .F. ) ;
#358 = ORIENTED_EDGE ( 'NONE', *, *, #5031, .T. ) ;
#359 = EDGE_CURVE ( 'NONE', #146, #9532, #2311, .T. ) ;
#360 = CARTESIAN_POINT ( 'NONE',  ( -1.250000000000000000, 0.1749999999999999889, -0.1250000000000000833 ) ) ;
#361 = DIRECTION ( 'NONE',  ( 1.000000000000000000, 0.000000000000000000, -0.000000000000000000 ) ) ;
#362 = FACE_OUTER_BOUND ( 'NONE', #8328, .T. ) ;
#363 = DIRECTION ( 'NONE',  ( -1.000000000000000000, -0.000000000000000000, -0.000000000000000000 ) ) ;
#364 = LINE ( 'NONE', #1955, #2432 ) ;
#365 = DIRECTION ( 'NONE',  ( 0.000000000000000000, 1.000000000000000000, 0.000000000000000000 ) ) ;
#366 = VECTOR ( 'NONE', #1104, 1000.000000000000000 ) ;
#367 = ORIENTED_EDGE ( 'NONE', *, *, #6038, .T. ) ;
#368 = ADVANCED_FACE ( 'NONE', ( #6095 ), #9109, .F. ) ;
#369 = CARTESIAN_POINT ( 'NONE',  ( 1.250000000000000000, -0.04000000000000000083, 1.625000000000000222 ) ) ;
#370 = LINE ( 'NONE', #8722, #7902 ) ;
#371 = VECTOR ( 'NONE', #7479, 1000.000000000000000 ) ;
#372 = COLOUR_RGB ( '',0.8313725490196077761, 0.8313725490196077761, 0.8313725490196077761 ) ;
#373 = SURFACE_SIDE_STYLE ('',( #1185 ) ) ;
#374 = ORIENTED_EDGE ( 'NONE', *, *, #8178, .T. ) ;
#375 = AXIS2_PLACEMENT_3D ( 'NONE', #3939, #122, #6391 ) ;
#376 = SURFACE_STYLE_FILL_AREA ( #942 ) ;
#377 = VERTEX_POINT ( 'NONE', #8994 ) ;
#378 = LINE ( 'NONE', #7241, #5266 ) ;
#379 = CARTESIAN_POINT ( 'NONE',  ( -1.250000000000000000, 0.000000000000000000, -2.250000000000000444 ) ) ;
#380 = ORIENTED_EDGE ( 'NONE', *, *, #5210, .T. ) ;
#381 =( NAMED_UNIT ( * ) SI_UNIT ( $, .STERADIAN. ) SOLID_ANGLE_UNIT ( ) );
#382 = UNCERTAINTY_MEASURE_WITH_UNIT (LENGTH_MEASURE( 1.000000000000000082E-05 ), #6649, 'distance_accuracy_value', 'NONE');
#383 = CIRCLE ( 'NONE', #6633, 0.1249999999999998890 ) ;
#384 = FILL_AREA_STYLE ('',( #5004 ) ) ;
#385 = VERTEX_POINT ( 'NONE', #5219 ) ;
#386 = EDGE_CURVE ( 'NONE', #6565, #4471, #7429, .T. ) ;
#388 = ORIENTED_EDGE ( 'NONE', *, *, #4032, .T. ) ;
#387 = CARTESIAN_POINT ( 'NONE',  ( 0.9749999999999999778, 0.1749999999999999889, -0.1250000000000000000 ) ) ;
#389 = VECTOR ( 'NONE', #9638, 1000.000000000000000 ) ;
#390 = EDGE_CURVE ( 'NONE', #4131, #2040, #512, .T. ) ;
#391 = ORIENTED_EDGE ( 'NONE', *, *, #3914, .T. ) ;
#392 = LINE ( 'NONE', #1890, #6200 ) ;
#393 = VERTEX_POINT ( 'NONE', #9653 ) ;
#394 = CARTESIAN_POINT ( 'NONE',  ( -1.207735026918962173, 0.9327350269189628174, -2.207735026918962173 ) ) ;
#395 = SURFACE_SIDE_STYLE ('',( #5760 ) ) ;
#396 = ORIENTED_EDGE ( 'NONE', *, *, #2597, .F. ) ;
#397 = LINE ( 'NONE', #2644, #3201 ) ;
#398 = SURFACE_STYLE_USAGE ( .BOTH. , #1942 ) ;
#399 = DIRECTION ( 'NONE',  ( 0.000000000000000000, 1.000000000000000000, 0.000000000000000000 ) ) ;
#400 =( GEOMETRIC_REPRESENTATION_CONTEXT ( 3 ) GLOBAL_UNCERTAINTY_ASSIGNED_CONTEXT ( ( #3552 ) ) GLOBAL_UNIT_ASSIGNED_CONTEXT ( ( #8356, #7015, #8458 ) ) REPRESENTATION_CONTEXT ( 'NONE', 'WORKASPACE' ) );
#401 =( GEOMETRIC_REPRESENTATION_CONTEXT ( 3 ) GLOBAL_UNCERTAINTY_ASSIGNED_CONTEXT ( ( #6672 ) ) GLOBAL_UNIT_ASSIGNED_CONTEXT ( ( #3743, #7400, #8196 ) ) REPRESENTATION_CONTEXT ( 'NONE', 'WORKASPACE' ) );
#402 = PLANE ( 'NONE',  #2486 ) ;
#403 = DIRECTION ( 'NONE',  ( 0.000000000000000000, -0.000000000000000000, 1.000000000000000000 ) ) ;
#404 = CARTESIAN_POINT ( 'NONE',  ( 0.000000000000000000, 0.000000000000000000, -1.125000000000000222 ) ) ;
#405 = LINE ( 'NONE', #4834, #590 ) ;
#406 = DIRECTION ( 'NONE',  ( 1.000000000000000000, 0.000000000000000000, 0.000000000000000000 ) ) ;
#407 = ADVANCED_FACE ( 'NONE', ( #4438 ), #4349, .T. ) ;
#408 = ORIENTED_EDGE ( 'NONE', *, *, #5968, .T. ) ;
#409 = MECHANICAL_DESIGN_GEOMETRIC_PRESENTATION_REPRESENTATION (  '', ( #4099 ), #8557 ) ;
#410 = SURFACE_STYLE_USAGE ( .BOTH. , #6479 ) ;
#411 = PRESENTATION_STYLE_ASSIGNMENT (( #9651 ) ) ;
#412 = MECHANICAL_DESIGN_GEOMETRIC_PRESENTATION_REPRESENTATION (  '', ( #1066 ), #2987 ) ;
#413 = FILL_AREA_STYLE_COLOUR ( '', #7423 ) ;
#414 = MECHANICAL_DESIGN_GEOMETRIC_PRESENTATION_REPRESENTATION (  '', ( #5213 ), #7292 ) ;
#415 = ADVANCED_FACE ( 'NONE', ( #8131 ), #6634, .F. ) ;
#416 = COLOUR_RGB ( '',0.8313725490196077761, 0.8313725490196077761, 0.8313725490196077761 ) ;
#417 = CARTESIAN_POINT ( 'NONE',  ( -0.1250000000000000000, 0.1749999999999999889, -1.975000000000000089 ) ) ;
#418 = VECTOR ( 'NONE', #2564, 1000.000000000000000 ) ;
#419 = STYLED_ITEM ( 'NONE', ( #5233 ), #6309 ) ;
#420 = DIRECTION ( 'NONE',  ( 1.000000000000000000, 0.000000000000000000, 0.000000000000000000 ) ) ;
#421 = DIRECTION ( 'NONE',  ( -0.000000000000000000, -1.000000000000000000, 0.000000000000000000 ) ) ;
#422 = DIRECTION ( 'NONE',  ( 0.000000000000000000, 0.000000000000000000, 1.000000000000000000 ) ) ;
#423 =( NAMED_UNIT ( * ) PLANE_ANGLE_UNIT ( ) SI_UNIT ( $, .RADIAN. ) );
#424 = LINE ( 'NONE', #3980, #9698 ) ;
#425 = PRESENTATION_LAYER_ASSIGNMENT (  '', '', ( #5385 ) ) ;
#426 = EDGE_CURVE ( 'NONE', #179, #3655, #8908, .T. ) ;
#427 = VERTEX_POINT ( 'NONE', #4243 ) ;
#428 = FACE_OUTER_BOUND ( 'NONE', #8938, .T. ) ;
#429 = ORIENTED_EDGE ( 'NONE', *, *, #7474, .T. ) ;
#430 = CARTESIAN_POINT ( 'NONE',  ( -0.9749999999999999778, 0.000000000000000000, 1.375000000000000000 ) ) ;
#431 = VECTOR ( 'NONE', #1442, 1000.000000000000000 ) ;
#432 = CARTESIAN_POINT ( 'NONE',  ( -1.250000000000000000, 0.000000000000000000, -1.125000000000000222 ) ) ;
#433 = ORIENTED_EDGE ( 'NONE', *, *, #9305, .T. ) ;
#434 = UNCERTAINTY_MEASURE_WITH_UNIT (LENGTH_MEASURE( 1.000000000000000082E-05 ), #6416, 'distance_accuracy_value', 'NONE');
#435 = VECTOR ( 'NONE', #5453, 1000.000000000000000 ) ;
#436 = DIRECTION ( 'NONE',  ( -0.000000000000000000, -1.000000000000000000, -0.000000000000000000 ) ) ;
#437 =( NAMED_UNIT ( * ) SI_UNIT ( $, .STERADIAN. ) SOLID_ANGLE_UNIT ( ) );
#438 = ORIENTED_EDGE ( 'NONE', *, *, #1910, .F. ) ;
#439 = AXIS2_PLACEMENT_3D ( 'NONE', #2651, #7770, #7912 ) ;
#440 = FILL_AREA_STYLE ('',( #7304 ) ) ;
#441 = MECHANICAL_DESIGN_GEOMETRIC_PRESENTATION_REPRESENTATION (  '', ( #3984 ), #8759 ) ;
#442 = DIRECTION ( 'NONE',  ( 1.000000000000000000, 0.000000000000000000, -0.000000000000000000 ) ) ;
#443 = EDGE_LOOP ( 'NONE', ( #3600, #9606, #2326, #5703 ) ) ;
#444 = VERTEX_POINT ( 'NONE', #8180 ) ;
#445 = DIRECTION ( 'NONE',  ( 0.000000000000000000, 0.000000000000000000, 1.000000000000000000 ) ) ;
#446 = SURFACE_STYLE_USAGE ( .BOTH. , #395 ) ;
#447 = CARTESIAN_POINT ( 'NONE',  ( -0.9749999999999999778, 0.000000000000000000, -1.750000000000000000 ) ) ;
#448 = ORIENTED_EDGE ( 'NONE', *, *, #8699, .F. ) ;
#449 = UNCERTAINTY_MEASURE_WITH_UNIT (LENGTH_MEASURE( 1.000000000000000082E-05 ), #882, 'distance_accuracy_value', 'NONE');
#450 = CARTESIAN_POINT ( 'NONE',  ( 0.3750000000000000000, 0.2000000000000000111, -1.975000000000000089 ) ) ;
#451 = FILL_AREA_STYLE_COLOUR ( '', #7114 ) ;
#452 = PRESENTATION_STYLE_ASSIGNMENT (( #4972 ) ) ;
#453 = AXIS2_PLACEMENT_3D ( 'NONE', #5766, #5914, #9640 ) ;
#454 = EDGE_CURVE ( 'NONE', #9275, #4384, #1324, .T. ) ;
#455 = DIRECTION ( 'NONE',  ( 0.000000000000000000, 0.000000000000000000, -1.000000000000000000 ) ) ;
#456 = DIRECTION ( 'NONE',  ( 0.000000000000000000, 1.000000000000000000, 0.000000000000000000 ) ) ;
#457 = DIRECTION ( 'NONE',  ( 0.000000000000000000, 0.000000000000000000, -1.000000000000000000 ) ) ;
#458 = ORIENTED_EDGE ( 'NONE', *, *, #1726, .F. ) ;
#459 = LINE ( 'NONE', #1416, #371 ) ;
#460 = CARTESIAN_POINT ( 'NONE',  ( -0.5000000000000000000, 0.000000000000000000, 0.000000000000000000 ) ) ;
#461 = ORIENTED_EDGE ( 'NONE', *, *, #6833, .F. ) ;
#462 = LINE ( 'NONE', #4382, #9822 ) ;
#463 = CIRCLE ( 'NONE', #453, 0.09999999999999982514 ) ;
#464 = MECHANICAL_DESIGN_GEOMETRIC_PRESENTATION_REPRESENTATION (  '', ( #9064 ), #9685 ) ;
#465 = SURFACE_STYLE_USAGE ( .BOTH. , #7330 ) ;
#466 = EDGE_LOOP ( 'NONE', ( #3664, #76, #4913, #2223 ) ) ;
#467 = FACE_OUTER_BOUND ( 'NONE', #7837, .T. ) ;
#468 = EDGE_CURVE ( 'NONE', #8402, #3349, #4585, .T. ) ;
#469 = EDGE_CURVE ( 'NONE', #9475, #1351, #7621, .T. ) ;
#470 = AXIS2_PLACEMENT_3D ( 'NONE', #8998, #5371, #7682 ) ;
#471 = AXIS2_PLACEMENT_3D ( 'NONE', #5149, #1196, #3649 ) ;
#472 = LINE ( 'NONE', #3532, #6137 ) ;
#473 = CARTESIAN_POINT ( 'NONE',  ( 0.5000000000000000000, 0.06000000000000000472, -1.500000000000000000 ) ) ;
#474 = COLOUR_RGB ( '',0.8313725490196077761, 0.8313725490196077761, 0.8313725490196077761 ) ;
#475 = VECTOR ( 'NONE', #5924, 1000.000000000000000 ) ;
#476 = DIRECTION ( 'NONE',  ( 0.000000000000000000, 0.000000000000000000, -1.000000000000000000 ) ) ;
#477 = ADVANCED_FACE ( 'NONE', ( #668 ), #819, .T. ) ;
#478 = CARTESIAN_POINT ( 'NONE',  ( -0.5999999999999999778, 0.1749999999999999889, -1.600000000000000089 ) ) ;
#479 = STYLED_ITEM ( 'NONE', ( #9582 ), #9367 ) ;
#480 = FACE_OUTER_BOUND ( 'NONE', #5653, .T. ) ;
#481 = VECTOR ( 'NONE', #3098, 1000.000000000000000 ) ;
#482 = ORIENTED_EDGE ( 'NONE', *, *, #2114, .F. ) ;
#483 = SURFACE_STYLE_FILL_AREA ( #5890 ) ;
#484 = CARTESIAN_POINT ( 'NONE',  ( 1.250000000000000000, 0.000000000000000000, -1.625000000000000222 ) ) ;
#485 = CARTESIAN_POINT ( 'NONE',  ( 1.250000000000000000, 0.000000000000000000, 1.875000000000000000 ) ) ;
#486 = VERTEX_POINT ( 'NONE', #15 ) ;
#487 = VECTOR ( 'NONE', #2069, 1000.000000000000000 ) ;
#488 = ADVANCED_FACE ( 'NONE', ( #114 ), #6975, .F. ) ;
#489 = CARTESIAN_POINT ( 'NONE',  ( 0.000000000000000000, 0.000000000000000000, 1.875000000000000000 ) ) ;
#490 = FACE_OUTER_BOUND ( 'NONE', #8260, .T. ) ;
#491 = ORIENTED_EDGE ( 'NONE', *, *, #8472, .T. ) ;
#492 = VERTEX_POINT ( 'NONE', #1426 ) ;
#493 = DIRECTION ( 'NONE',  ( 0.000000000000000000, -0.000000000000000000, -1.000000000000000000 ) ) ;
#494 = ORIENTED_EDGE ( 'NONE', *, *, #9055, .F. ) ;
#495 = ORIENTED_EDGE ( 'NONE', *, *, #1655, .T. ) ;
#496 = SURFACE_SIDE_STYLE ('',( #8691 ) ) ;
#497 = CARTESIAN_POINT ( 'NONE',  ( 0.000000000000000000, 0.1749999999999999889, 1.875000000000000000 ) ) ;
#498 = ORIENTED_EDGE ( 'NONE', *, *, #690, .F. ) ;
#500 = EDGE_CURVE ( 'NONE', #3011, #6167, #6782, .T. ) ;
#499 =( NAMED_UNIT ( * ) PLANE_ANGLE_UNIT ( ) SI_UNIT ( $, .RADIAN. ) );
#501 = DIRECTION ( 'NONE',  ( 0.000000000000000000, -1.000000000000000000, 0.000000000000000000 ) ) ;
#502 = DIRECTION ( 'NONE',  ( -1.000000000000000000, 0.000000000000000000, -0.000000000000000000 ) ) ;
#503 = CARTESIAN_POINT ( 'NONE',  ( -1.250000000000000000, 0.8750000000000000000, -2.149999999999999911 ) ) ;
#504 = ORIENTED_EDGE ( 'NONE', *, *, #5317, .F. ) ;
#505 = PLANE ( 'NONE',  #1497 ) ;
#506 = DIRECTION ( 'NONE',  ( 1.000000000000000000, 0.000000000000000000, -0.000000000000000000 ) ) ;
#507 = DIRECTION ( 'NONE',  ( 0.000000000000000000, 0.000000000000000000, 1.000000000000000000 ) ) ;
#508 = SURFACE_STYLE_USAGE ( .BOTH. , #5308 ) ;
#509 = VERTEX_POINT ( 'NONE', #6020 ) ;
#510 = LINE ( 'NONE', #9649, #2371 ) ;
#511 = FILL_AREA_STYLE ('',( #413 ) ) ;
#512 = LINE ( 'NONE', #8270, #9044 ) ;
#513 =( LENGTH_UNIT ( ) NAMED_UNIT ( * ) SI_UNIT ( .MILLI., .METRE. ) );
#514 = ADVANCED_FACE ( 'NONE', ( #3028 ), #9047, .T. ) ;
#515 = ADVANCED_FACE ( 'NONE', ( #1654 ), #7975, .F. ) ;
#516 = PLANE ( 'NONE',  #8175 ) ;
#517 = DIRECTION ( 'NONE',  ( 0.000000000000000000, 0.000000000000000000, -1.000000000000000000 ) ) ;
#518 = CARTESIAN_POINT ( 'NONE',  ( 0.9749999999999999778, 0.000000000000000000, -1.125000000000000222 ) ) ;
#519 = DIRECTION ( 'NONE',  ( 0.000000000000000000, 0.000000000000000000, -1.000000000000000000 ) ) ;
#520 = DIRECTION ( 'NONE',  ( 0.000000000000000000, -1.000000000000000000, 0.000000000000000000 ) ) ;
#521 = LINE ( 'NONE', #7350, #4779 ) ;
#522 = ORIENTED_EDGE ( 'NONE', *, *, #9671, .T. ) ;
#523 = COLOUR_RGB ( '',0.8313725490196077761, 0.8313725490196077761, 0.8313725490196077761 ) ;
#524 = SURFACE_SIDE_STYLE ('',( #483 ) ) ;
#525 = VECTOR ( 'NONE', #3523, 1000.000000000000000 ) ;
#526 = DIRECTION ( 'NONE',  ( -0.000000000000000000, -0.000000000000000000, 1.000000000000000000 ) ) ;
#527 = DIRECTION ( 'NONE',  ( 0.000000000000000000, -1.000000000000000000, 0.000000000000000000 ) ) ;
#528 = ORIENTED_EDGE ( 'NONE', *, *, #6592, .T. ) ;
#529 =( NAMED_UNIT ( * ) PLANE_ANGLE_UNIT ( ) SI_UNIT ( $, .RADIAN. ) );
#530 = APPLICATION_PROTOCOL_DEFINITION ( 'draft international standard', 'automotive_design', 1998, #3591 ) ;
#531 = STYLED_ITEM ( 'NONE', ( #2498 ), #1327 ) ;
#532 = MECHANICAL_DESIGN_GEOMETRIC_PRESENTATION_REPRESENTATION (  '', ( #5659 ), #1187 ) ;
#533 = VERTEX_POINT ( 'NONE', #7865 ) ;
#534 = ORIENTED_EDGE ( 'NONE', *, *, #5195, .T. ) ;
#535 = ADVANCED_FACE ( 'NONE', ( #352 ), #4447, .T. ) ;
#536 = CARTESIAN_POINT ( 'NONE',  ( -0.9749999999999999778, 0.1749999999999999889, -1.875000000000000000 ) ) ;
#537 = EDGE_LOOP ( 'NONE', ( #8945, #6627, #4236, #718 ) ) ;
#538 = ORIENTED_EDGE ( 'NONE', *, *, #4347, .T. ) ;
#539 = FILL_AREA_STYLE_COLOUR ( '', #1733 ) ;
#540 = DIRECTION ( 'NONE',  ( 0.000000000000000000, 0.000000000000000000, -1.000000000000000000 ) ) ;
#541 = ORIENTED_EDGE ( 'NONE', *, *, #6471, .F. ) ;
#542 = CYLINDRICAL_SURFACE ( 'NONE', #2220, 0.1250000000000001110 ) ;
#543 = FACE_OUTER_BOUND ( 'NONE', #2391, .T. ) ;
#544 = PLANE ( 'NONE',  #3178 ) ;
#545 = MECHANICAL_DESIGN_GEOMETRIC_PRESENTATION_REPRESENTATION (  '', ( #1817 ), #7433 ) ;
#546 = LINE ( 'NONE', #3468, #5496 ) ;
#547 = ORIENTED_EDGE ( 'NONE', *, *, #1007, .F. ) ;
#548 =( NAMED_UNIT ( * ) PLANE_ANGLE_UNIT ( ) SI_UNIT ( $, .RADIAN. ) );
#549 = ADVANCED_FACE ( 'NONE', ( #967 ), #1012, .F. ) ;
#550 =( NAMED_UNIT ( * ) PLANE_ANGLE_UNIT ( ) SI_UNIT ( $, .RADIAN. ) );
#551 = CARTESIAN_POINT ( 'NONE',  ( -0.9749999999999999778, 0.2000000000000000111, 1.125000000000000222 ) ) ;
#552 = DIRECTION ( 'NONE',  ( -0.000000000000000000, 1.000000000000000000, 0.000000000000000000 ) ) ;
#553 = PRESENTATION_STYLE_ASSIGNMENT (( #465 ) ) ;
#554 = VERTEX_POINT ( 'NONE', #4833 ) ;
#555 = PRESENTATION_LAYER_ASSIGNMENT (  '', '', ( #9158 ) ) ;
#556 = SURFACE_SIDE_STYLE ('',( #8951 ) ) ;
#557 = UNCERTAINTY_MEASURE_WITH_UNIT (LENGTH_MEASURE( 1.000000000000000082E-05 ), #1397, 'distance_accuracy_value', 'NONE');
#558 =( GEOMETRIC_REPRESENTATION_CONTEXT ( 3 ) GLOBAL_UNCERTAINTY_ASSIGNED_CONTEXT ( ( #2327 ) ) GLOBAL_UNIT_ASSIGNED_CONTEXT ( ( #9860, #4593, #2505 ) ) REPRESENTATION_CONTEXT ( 'NONE', 'WORKASPACE' ) );
#559 = CARTESIAN_POINT ( 'NONE',  ( 0.9749999999999999778, 0.000000000000000000, 1.375000000000000000 ) ) ;
#560 = MECHANICAL_DESIGN_GEOMETRIC_PRESENTATION_REPRESENTATION (  '', ( #7916 ), #8708 ) ;
#561 = DIRECTION ( 'NONE',  ( 0.000000000000000000, -1.000000000000000000, -0.000000000000000000 ) ) ;
#562 = VECTOR ( 'NONE', #420, 1000.000000000000000 ) ;
#563 = DIRECTION ( 'NONE',  ( -1.000000000000000000, -0.000000000000000000, -0.000000000000000000 ) ) ;
#564 = EDGE_CURVE ( 'NONE', #3183, #6417, #6470, .T. ) ;
#565 = EDGE_CURVE ( 'NONE', #1889, #4017, #2595, .T. ) ;
#566 = AXIS2_PLACEMENT_3D ( 'NONE', #8141, #4354, #1247 ) ;
#567 = CARTESIAN_POINT ( 'NONE',  ( -1.250000000000000000, 0.2000000000000000111, -0.3750000000000000555 ) ) ;
#568 = CARTESIAN_POINT ( 'NONE',  ( -0.2500000000000000000, 0.000000000000000000, 1.975000000000000089 ) ) ;
#569 =( NAMED_UNIT ( * ) PLANE_ANGLE_UNIT ( ) SI_UNIT ( $, .RADIAN. ) );
#570 =( GEOMETRIC_REPRESENTATION_CONTEXT ( 3 ) GLOBAL_UNCERTAINTY_ASSIGNED_CONTEXT ( ( #4264 ) ) GLOBAL_UNIT_ASSIGNED_CONTEXT ( ( #350, #8023, #1988 ) ) REPRESENTATION_CONTEXT ( 'NONE', 'WORKASPACE' ) );
#571 = FILL_AREA_STYLE ('',( #7500 ) ) ;
#572 = CARTESIAN_POINT ( 'NONE',  ( 0.9749999999999999778, 0.2000000000000000111, 0.2500000000000000000 ) ) ;
#573 = MECHANICAL_DESIGN_GEOMETRIC_PRESENTATION_REPRESENTATION (  '', ( #9666 ), #1697 ) ;
#574 = SURFACE_STYLE_FILL_AREA ( #8964 ) ;
#575 = CARTESIAN_POINT ( 'NONE',  ( -1.149999999999999911, 0.000000000000000000, 2.250000000000000444 ) ) ;
#576 = CARTESIAN_POINT ( 'NONE',  ( 1.250000000000000000, 0.000000000000000000, -0.1250000000000000000 ) ) ;
#577 = DIRECTION ( 'NONE',  ( 1.000000000000000000, 0.000000000000000000, 0.000000000000000000 ) ) ;
#578 = ORIENTED_EDGE ( 'NONE', *, *, #6291, .T. ) ;
#579 = SURFACE_STYLE_USAGE ( .BOTH. , #3043 ) ;
#580 = AXIS2_PLACEMENT_3D ( 'NONE', #9001, #7498, #3896 ) ;
#581 = AXIS2_PLACEMENT_3D ( 'NONE', #3705, #8972, #6102 ) ;
#582 = EDGE_CURVE ( 'NONE', #4115, #74, #277, .T. ) ;
#583 = LINE ( 'NONE', #9724, #6216 ) ;
#584 = ORIENTED_EDGE ( 'NONE', *, *, #2933, .F. ) ;
#585 = FILL_AREA_STYLE_COLOUR ( '', #4231 ) ;
#587 = EDGE_LOOP ( 'NONE', ( #3983, #8501, #914, #7326 ) ) ;
#586 = FILL_AREA_STYLE ('',( #7457 ) ) ;
#588 = PRESENTATION_STYLE_ASSIGNMENT (( #9676 ) ) ;
#589 = FACE_OUTER_BOUND ( 'NONE', #9604, .T. ) ;
#590 = VECTOR ( 'NONE', #7867, 1000.000000000000000 ) ;
#591 = ORIENTED_EDGE ( 'NONE', *, *, #4672, .F. ) ;
#592 = EDGE_LOOP ( 'NONE', ( #8899, #7351, #2585, #9473 ) ) ;
#593 = CIRCLE ( 'NONE', #2664, 0.1249999999999998890 ) ;
#594 = FACE_OUTER_BOUND ( 'NONE', #9633, .T. ) ;
#595 = LINE ( 'NONE', #2848, #5102 ) ;
#596 = DIRECTION ( 'NONE',  ( -1.000000000000000000, -0.000000000000000000, -0.000000000000000000 ) ) ;
#597 = ORIENTED_EDGE ( 'NONE', *, *, #8769, .T. ) ;
#598 = SURFACE_STYLE_FILL_AREA ( #2645 ) ;
#599 = EDGE_CURVE ( 'NONE', #4901, #9225, #7816, .T. ) ;
#600 = CARTESIAN_POINT ( 'NONE',  ( 0.2500000000000000000, 0.1749999999999999889, -1.850000000000000089 ) ) ;
#601 = MECHANICAL_DESIGN_GEOMETRIC_PRESENTATION_REPRESENTATION (  '', ( #4297 ), #5723 ) ;
#602 = VECTOR ( 'NONE', #998, 1000.000000000000000 ) ;
#603 = DIRECTION ( 'NONE',  ( -1.000000000000000000, -0.000000000000000000, -0.000000000000000000 ) ) ;
#604 = AXIS2_PLACEMENT_3D ( 'NONE', #2262, #1483, #4000 ) ;
#605 = ORIENTED_EDGE ( 'NONE', *, *, #8062, .T. ) ;
#606 = DIRECTION ( 'NONE',  ( 0.000000000000000000, -1.000000000000000000, -0.000000000000000000 ) ) ;
#607 = DIRECTION ( 'NONE',  ( 0.000000000000000000, 0.000000000000000000, 1.000000000000000000 ) ) ;
#608 = CARTESIAN_POINT ( 'NONE',  ( -0.9749999999999999778, 0.000000000000000000, -0.6250000000000000000 ) ) ;
#609 = DIRECTION ( 'NONE',  ( 0.000000000000000000, 0.000000000000000000, -1.000000000000000000 ) ) ;
#610 = CIRCLE ( 'NONE', #9048, 0.1000000000000000472 ) ;
#611 = VECTOR ( 'NONE', #6708, 1000.000000000000000 ) ;
#612 = MECHANICAL_DESIGN_GEOMETRIC_PRESENTATION_REPRESENTATION (  '', ( #6847 ), #935 ) ;
#613 = FACE_OUTER_BOUND ( 'NONE', #5983, .T. ) ;
#614 = EDGE_CURVE ( 'NONE', #5980, #6962, #6045, .T. ) ;
#615 = CARTESIAN_POINT ( 'NONE',  ( 1.250000000000000000, 0.000000000000000000, -1.625000000000000222 ) ) ;
#616 =( NAMED_UNIT ( * ) SI_UNIT ( $, .STERADIAN. ) SOLID_ANGLE_UNIT ( ) );
#617 = AXIS2_PLACEMENT_3D ( 'NONE', #333, #1881, #1101 ) ;
#618 = DIRECTION ( 'NONE',  ( -0.000000000000000000, -1.000000000000000000, -0.000000000000000000 ) ) ;
#619 = CARTESIAN_POINT ( 'NONE',  ( -1.250000000000000000, 0.000000000000000000, 2.149999999999999911 ) ) ;
#620 = CARTESIAN_POINT ( 'NONE',  ( -0.9749999999999999778, 0.000000000000000000, -1.625000000000000222 ) ) ;
#621 = CYLINDRICAL_SURFACE ( 'NONE', #3463, 0.1250000000000001110 ) ;
#622 = LINE ( 'NONE', #4443, #7352 ) ;
#623 = STYLED_ITEM ( 'NONE', ( #6196 ), #8502 ) ;
#624 = VECTOR ( 'NONE', #4809, 1000.000000000000000 ) ;
#625 = VECTOR ( 'NONE', #8490, 1000.000000000000000 ) ;
#626 = EDGE_CURVE ( 'NONE', #9337, #486, #5885, .T. ) ;
#627 = PRESENTATION_STYLE_ASSIGNMENT (( #2200 ) ) ;
#628 = LINE ( 'NONE', #4794, #261 ) ;
#629 = PRESENTATION_STYLE_ASSIGNMENT (( #9713 ) ) ;
#630 = ORIENTED_EDGE ( 'NONE', *, *, #2367, .F. ) ;
#631 = AXIS2_PLACEMENT_3D ( 'NONE', #1983, #4591, #4640 ) ;
#632 = STYLED_ITEM ( 'NONE', ( #553 ), #7764 ) ;
#633 = ORIENTED_EDGE ( 'NONE', *, *, #6291, .F. ) ;
#634 = CARTESIAN_POINT ( 'NONE',  ( 0.000000000000000000, 0.000000000000000000, -1.500000000000000000 ) ) ;
#635 = LINE ( 'NONE', #575, #3862 ) ;
#636 = DIRECTION ( 'NONE',  ( -0.000000000000000000, -1.000000000000000000, -0.000000000000000000 ) ) ;
#637 = EDGE_LOOP ( 'NONE', ( #5153, #8757, #7480, #684 ) ) ;
#638 = SURFACE_SIDE_STYLE ('',( #8334 ) ) ;
#639 = STYLED_ITEM ( 'NONE', ( #6969 ), #9214 ) ;
#640 = CIRCLE ( 'NONE', #3202, 0.1000000000000001582 ) ;
#641 =( LENGTH_UNIT ( ) NAMED_UNIT ( * ) SI_UNIT ( .MILLI., .METRE. ) );
#642 = CARTESIAN_POINT ( 'NONE',  ( 1.250000000000000000, 0.000000000000000000, -0.8750000000000000000 ) ) ;
#643 = ORIENTED_EDGE ( 'NONE', *, *, #2144, .F. ) ;
#644 = ORIENTED_EDGE ( 'NONE', *, *, #2912, .T. ) ;
#645 = FILL_AREA_STYLE_COLOUR ( '', #4624 ) ;
#646 = ORIENTED_EDGE ( 'NONE', *, *, #4208, .T. ) ;
#647 = EDGE_CURVE ( 'NONE', #8747, #5150, #8512, .T. ) ;
#648 = ORIENTED_EDGE ( 'NONE', *, *, #8620, .F. ) ;
#649 = EDGE_CURVE ( 'NONE', #6654, #3522, #1796, .T. ) ;
#650 = DIRECTION ( 'NONE',  ( 0.000000000000000000, 0.000000000000000000, -1.000000000000000000 ) ) ;
#651 =( LENGTH_UNIT ( ) NAMED_UNIT ( * ) SI_UNIT ( .MILLI., .METRE. ) );
#652 = ORIENTED_EDGE ( 'NONE', *, *, #663, .T. ) ;
#653 = UNCERTAINTY_MEASURE_WITH_UNIT (LENGTH_MEASURE( 1.000000000000000082E-05 ), #8506, 'distance_accuracy_value', 'NONE');
#654 =( NAMED_UNIT ( * ) SI_UNIT ( $, .STERADIAN. ) SOLID_ANGLE_UNIT ( ) );
#655 =( NAMED_UNIT ( * ) SI_UNIT ( $, .STERADIAN. ) SOLID_ANGLE_UNIT ( ) );
#656 = COLOUR_RGB ( '',0.2862745098039215508, 0.2862745098039215508, 0.2862745098039215508 ) ;
#657 = FACE_OUTER_BOUND ( 'NONE', #5649, .T. ) ;
#658 = VERTEX_POINT ( 'NONE', #3312 ) ;
#659 = CARTESIAN_POINT ( 'NONE',  ( -0.9749999999999999778, 0.000000000000000000, -1.875000000000000000 ) ) ;
#660 = ORIENTED_EDGE ( 'NONE', *, *, #7566, .F. ) ;
#661 = DIRECTION ( 'NONE',  ( -1.000000000000000000, 0.000000000000000000, 0.000000000000000000 ) ) ;
#662 = FACE_OUTER_BOUND ( 'NONE', #6252, .T. ) ;
#663 = EDGE_CURVE ( 'NONE', #5329, #3208, #4303, .T. ) ;
#664 = SURFACE_STYLE_FILL_AREA ( #7536 ) ;
#665 = PRODUCT_DEFINITION_CONTEXT ( 'detailed design', #2558, 'design' ) ;
#666 = ORIENTED_EDGE ( 'NONE', *, *, #9113, .F. ) ;
#667 = SURFACE_STYLE_FILL_AREA ( #5215 ) ;
#668 = FACE_OUTER_BOUND ( 'NONE', #9728, .T. ) ;
#669 = EDGE_CURVE ( 'NONE', #4812, #8673, #5620, .T. ) ;
#670 = EDGE_CURVE ( 'NONE', #5652, #1191, #305, .T. ) ;
#671 = PLANE ( 'NONE',  #470 ) ;
#672 = CARTESIAN_POINT ( 'NONE',  ( -1.250000000000000000, 0.2000000000000000111, -1.125000000000000222 ) ) ;
#673 = DIRECTION ( 'NONE',  ( 1.000000000000000000, 0.000000000000000000, 0.000000000000000000 ) ) ;
#674 = ORIENTED_EDGE ( 'NONE', *, *, #34, .F. ) ;
#675 = ORIENTED_EDGE ( 'NONE', *, *, #3273, .T. ) ;
#676 = EDGE_CURVE ( 'NONE', #4962, #4567, #8842, .T. ) ;
#677 = EDGE_LOOP ( 'NONE', ( #2386, #5315, #9078, #9387 ) ) ;
#678 = FACE_OUTER_BOUND ( 'NONE', #9498, .T. ) ;
#679 = CARTESIAN_POINT ( 'NONE',  ( -0.9749999999999999778, 0.2000000000000000111, 0.3750000000000000000 ) ) ;
#680 = ORIENTED_EDGE ( 'NONE', *, *, #4956, .T. ) ;
#681 = PRESENTATION_STYLE_ASSIGNMENT (( #6715 ) ) ;
#682 = ADVANCED_BREP_SHAPE_REPRESENTATION ( '', ( #9543, #4985 ), #9752 ) ;
#683 = SURFACE_STYLE_USAGE ( .BOTH. , #9020 ) ;
#684 = ORIENTED_EDGE ( 'NONE', *, *, #5844, .F. ) ;
#685 = DIRECTION ( 'NONE',  ( 0.000000000000000000, -1.000000000000000000, 0.000000000000000000 ) ) ;
#686 = DIRECTION ( 'NONE',  ( 0.000000000000000000, 0.000000000000000000, 1.000000000000000000 ) ) ;
#687 = VERTEX_POINT ( 'NONE', #7375 ) ;
#688 = EDGE_CURVE ( 'NONE', #5398, #2074, #1364, .T. ) ;
#689 = CARTESIAN_POINT ( 'NONE',  ( -0.9749999999999999778, 0.000000000000000000, 0.2500000000000000000 ) ) ;
#690 = EDGE_CURVE ( 'NONE', #7235, #1452, #8944, .T. ) ;
#691 = ORIENTED_EDGE ( 'NONE', *, *, #8062, .F. ) ;
#692 = PLANE ( 'NONE',  #6446 ) ;
#693 = AXIS2_PLACEMENT_3D ( 'NONE', #6591, #6635, #2142 ) ;
#694 = ORIENTED_EDGE ( 'NONE', *, *, #7131, .F. ) ;
#695 = DIRECTION ( 'NONE',  ( -0.000000000000000000, 1.000000000000000000, 0.000000000000000000 ) ) ;
#696 = CYLINDRICAL_SURFACE ( 'NONE', #7631, 0.1249999999999998890 ) ;
#697 = CARTESIAN_POINT ( 'NONE',  ( -1.207735026918962618, 0.9327350269189623733, 2.207735026918962173 ) ) ;
#698 = SURFACE_STYLE_USAGE ( .BOTH. , #7570 ) ;
#699 = FACE_OUTER_BOUND ( 'NONE', #4548, .T. ) ;
#700 = SURFACE_STYLE_FILL_AREA ( #5309 ) ;
#701 = ORIENTED_EDGE ( 'NONE', *, *, #1006, .T. ) ;
#702 =( GEOMETRIC_REPRESENTATION_CONTEXT ( 3 ) GLOBAL_UNCERTAINTY_ASSIGNED_CONTEXT ( ( #7051 ) ) GLOBAL_UNIT_ASSIGNED_CONTEXT ( ( #8617, #4978, #9549 ) ) REPRESENTATION_CONTEXT ( 'NONE', 'WORKASPACE' ) );
#703 = CARTESIAN_POINT ( 'NONE',  ( 0.5000000000000000000, 0.000000000000000000, 1.500000000000000000 ) ) ;
#704 = EDGE_CURVE ( 'NONE', #9456, #7615, #9547, .T. ) ;
#705 = FILL_AREA_STYLE_COLOUR ( '', #4872 ) ;
#706 = CIRCLE ( 'NONE', #6472, 0.1250000000000000000 ) ;
#707 = DIRECTION ( 'NONE',  ( 0.000000000000000000, 0.000000000000000000, -1.000000000000000000 ) ) ;
#708 = DIRECTION ( 'NONE',  ( -0.000000000000000000, -1.000000000000000000, -0.000000000000000000 ) ) ;
#709 = CARTESIAN_POINT ( 'NONE',  ( -1.250000000000000000, 0.000000000000000000, -1.875000000000000000 ) ) ;
#710 = CARTESIAN_POINT ( 'NONE',  ( 1.250000000000000000, 0.000000000000000000, 1.625000000000000222 ) ) ;
#711 = LINE ( 'NONE', #9861, #1235 ) ;
#712 = VECTOR ( 'NONE', #7495, 1000.000000000000000 ) ;
#713 = ORIENTED_EDGE ( 'NONE', *, *, #2871, .T. ) ;
#714 = CARTESIAN_POINT ( 'NONE',  ( 0.000000000000000000, 0.1749999999999999889, 1.375000000000000000 ) ) ;
#715 = EDGE_LOOP ( 'NONE', ( #8597, #666, #9807, #3144 ) ) ;
#716 = CARTESIAN_POINT ( 'NONE',  ( 1.192030276237607822, 0.7741910341373189341, -2.307966438303960199 ) ) ;
#717 = DIRECTION ( 'NONE',  ( -1.000000000000000000, -0.000000000000000000, 0.000000000000000000 ) ) ;
#718 = ORIENTED_EDGE ( 'NONE', *, *, #205, .F. ) ;
#719 = CARTESIAN_POINT ( 'NONE',  ( -0.9749999999999999778, 0.000000000000000000, 0.7500000000000000000 ) ) ;
#720 = COLOUR_RGB ( '',0.8313725490196077761, 0.8313725490196077761, 0.8313725490196077761 ) ;
#721 = PRESENTATION_LAYER_ASSIGNMENT (  '', '', ( #5366 ) ) ;
#722 = CARTESIAN_POINT ( 'NONE',  ( 0.9749999999999999778, 0.2000000000000000111, 1.750000000000000000 ) ) ;
#723 = ORIENTED_EDGE ( 'NONE', *, *, #7679, .F. ) ;
#724 = AXIS2_PLACEMENT_3D ( 'NONE', #760, #6877, #6121 ) ;
#725 = UNCERTAINTY_MEASURE_WITH_UNIT (LENGTH_MEASURE( 1.000000000000000082E-05 ), #2842, 'distance_accuracy_value', 'NONE');
#726 = COLOUR_RGB ( '',0.8313725490196077761, 0.8313725490196077761, 0.8313725490196077761 ) ;
#727 = EDGE_CURVE ( 'NONE', #1923, #909, #610, .T. ) ;
#728 = PRESENTATION_LAYER_ASSIGNMENT (  '', '', ( #5062 ) ) ;
#729 = DIRECTION ( 'NONE',  ( -0.000000000000000000, -1.000000000000000000, 0.000000000000000000 ) ) ;
#730 = FILL_AREA_STYLE_COLOUR ( '', #7680 ) ;
#731 = PRESENTATION_STYLE_ASSIGNMENT (( #4610 ) ) ;
#732 = PRESENTATION_LAYER_ASSIGNMENT (  '', '', ( #3947 ) ) ;
#733 = DIRECTION ( 'NONE',  ( -0.000000000000000000, -1.000000000000000000, 0.000000000000000000 ) ) ;
#734 = EDGE_LOOP ( 'NONE', ( #7610, #7362, #6511, #7227 ) ) ;
#735 = CARTESIAN_POINT ( 'NONE',  ( -1.250000000000000000, 0.000000000000000000, -1.375000000000000000 ) ) ;
#736 = MECHANICAL_DESIGN_GEOMETRIC_PRESENTATION_REPRESENTATION (  '', ( #5216 ), #6985 ) ;
#737 = FACE_OUTER_BOUND ( 'NONE', #5670, .T. ) ;
#738 = SURFACE_STYLE_USAGE ( .BOTH. , #4847 ) ;
#739 = EDGE_LOOP ( 'NONE', ( #5599, #8640, #4436, #6361 ) ) ;
#740 = UNCERTAINTY_MEASURE_WITH_UNIT (LENGTH_MEASURE( 1.000000000000000082E-05 ), #4028, 'distance_accuracy_value', 'NONE');
#741 = MECHANICAL_DESIGN_GEOMETRIC_PRESENTATION_REPRESENTATION (  '', ( #6987 ), #2488 ) ;
#742 = PLANE ( 'NONE',  #4937 ) ;
#743 = DIRECTION ( 'NONE',  ( 0.000000000000000000, 1.000000000000000000, 0.000000000000000000 ) ) ;
#744 = DIRECTION ( 'NONE',  ( 0.000000000000000000, -1.000000000000000000, 0.000000000000000000 ) ) ;
#745 = ORIENTED_EDGE ( 'NONE', *, *, #9155, .F. ) ;
#746 = CARTESIAN_POINT ( 'NONE',  ( 0.5999999999999999778, 0.06000000000000000472, -1.600000000000000089 ) ) ;
#747 = VECTOR ( 'NONE', #7857, 1000.000000000000000 ) ;
#748 = ORIENTED_EDGE ( 'NONE', *, *, #2874, .F. ) ;
#749 = AXIS2_PLACEMENT_3D ( 'NONE', #4888, #8080, #1957 ) ;
#750 = FILL_AREA_STYLE ('',( #7609 ) ) ;
#751 = SURFACE_STYLE_FILL_AREA ( #6222 ) ;
#752 = LINE ( 'NONE', #6067, #273 ) ;
#753 = VERTEX_POINT ( 'NONE', #6676 ) ;
#754 = CARTESIAN_POINT ( 'NONE',  ( 0.000000000000000000, 0.9749999999999999778, 2.149999999999999911 ) ) ;
#755 = DIRECTION ( 'NONE',  ( -0.000000000000000000, -0.000000000000000000, -1.000000000000000000 ) ) ;
#756 =( LENGTH_UNIT ( ) NAMED_UNIT ( * ) SI_UNIT ( .MILLI., .METRE. ) );
#757 = FACE_OUTER_BOUND ( 'NONE', #3940, .T. ) ;
#758 = UNCERTAINTY_MEASURE_WITH_UNIT (LENGTH_MEASURE( 1.000000000000000082E-05 ), #5026, 'distance_accuracy_value', 'NONE');
#759 = ORIENTED_EDGE ( 'NONE', *, *, #5968, .F. ) ;
#760 = CARTESIAN_POINT ( 'NONE',  ( 1.149999999999999911, 0.8750000000000000000, 2.149999999999999911 ) ) ;
#761 = AXIS2_PLACEMENT_3D ( 'NONE', #719, #4515, #6136 ) ;
#762 = PRESENTATION_LAYER_ASSIGNMENT (  '', '', ( #2502 ) ) ;
#763 = CARTESIAN_POINT ( 'NONE',  ( 0.1250000000000000000, 0.000000000000000000, 1.975000000000000089 ) ) ;
#764 = ORIENTED_EDGE ( 'NONE', *, *, #5633, .F. ) ;
#765 = CARTESIAN_POINT ( 'NONE',  ( 0.9749999999999999778, -0.04000000000000000083, 1.375000000000000000 ) ) ;
#766 = LINE ( 'NONE', #3833, #9681 ) ;
#767 = AXIS2_PLACEMENT_3D ( 'NONE', #1770, #2414, #7885 ) ;
#768 = PRESENTATION_LAYER_ASSIGNMENT (  '', '', ( #6047 ) ) ;
#769 = EDGE_CURVE ( 'NONE', #3057, #7715, #2177, .T. ) ;
#770 = EDGE_CURVE ( 'NONE', #1157, #9532, #5768, .T. ) ;
#771 = LINE ( 'NONE', #709, #4821 ) ;
#772 = FACE_OUTER_BOUND ( 'NONE', #1455, .T. ) ;
#773 = CIRCLE ( 'NONE', #6384, 0.09999999999999982514 ) ;
#774 =( LENGTH_UNIT ( ) NAMED_UNIT ( * ) SI_UNIT ( .MILLI., .METRE. ) );
#775 = EDGE_LOOP ( 'NONE', ( #1647, #7419, #4944, #5000 ) ) ;
#776 = ORIENTED_EDGE ( 'NONE', *, *, #1560, .F. ) ;
#777 = CARTESIAN_POINT ( 'NONE',  ( 1.307966438303961088, 0.7741910341373196003, -2.192030276237607378 ) ) ;
#779 = EDGE_LOOP ( 'NONE', ( #4284, #7853, #8106, #40 ) ) ;
#778 = LINE ( 'NONE', #3040, #2320 ) ;
#780 = CARTESIAN_POINT ( 'NONE',  ( 1.250000000000000000, 0.000000000000000000, 0.8750000000000000000 ) ) ;
#781 = CIRCLE ( 'NONE', #2858, 0.1250000000000001110 ) ;
#782 = STYLED_ITEM ( 'NONE', ( #5799 ), #7510 ) ;
#783 = VECTOR ( 'NONE', #9419, 1000.000000000000000 ) ;
#784 = EDGE_CURVE ( 'NONE', #9679, #1758, #6582, .T. ) ;
#785 = SURFACE_STYLE_USAGE ( .BOTH. , #1520 ) ;
#786 = DIRECTION ( 'NONE',  ( 0.000000000000000000, 0.000000000000000000, 1.000000000000000000 ) ) ;
#787 =( NAMED_UNIT ( * ) SI_UNIT ( $, .STERADIAN. ) SOLID_ANGLE_UNIT ( ) );
#788 = FILL_AREA_STYLE ('',( #5991 ) ) ;
#789 =( GEOMETRIC_REPRESENTATION_CONTEXT ( 3 ) GLOBAL_UNCERTAINTY_ASSIGNED_CONTEXT ( ( #9439 ) ) GLOBAL_UNIT_ASSIGNED_CONTEXT ( ( #7072, #1659, #1710 ) ) REPRESENTATION_CONTEXT ( 'NONE', 'WORKASPACE' ) );
#790 = SURFACE_STYLE_USAGE ( .BOTH. , #3091 ) ;
#791 =( NAMED_UNIT ( * ) SI_UNIT ( $, .STERADIAN. ) SOLID_ANGLE_UNIT ( ) );
#792 = ORIENTED_EDGE ( 'NONE', *, *, #9761, .T. ) ;
#793 = EDGE_CURVE ( 'NONE', #7802, #3612, #2855, .T. ) ;
#794 = DIRECTION ( 'NONE',  ( 0.000000000000000000, 0.000000000000000000, 1.000000000000000000 ) ) ;
#795 = CARTESIAN_POINT ( 'NONE',  ( -1.250000000000000000, 0.000000000000000000, -0.8749999999999998890 ) ) ;
#796 = SURFACE_SIDE_STYLE ('',( #7654 ) ) ;
#797 = ORIENTED_EDGE ( 'NONE', *, *, #7270, .F. ) ;
#798 = VECTOR ( 'NONE', #8694, 1000.000000000000000 ) ;
#799 = VECTOR ( 'NONE', #6905, 1000.000000000000000 ) ;
#800 = LINE ( 'NONE', #7606, #5097 ) ;
#801 = PLANE ( 'NONE',  #8470 ) ;
#802 = ORIENTED_EDGE ( 'NONE', *, *, #2844, .F. ) ;
#803 = LINE ( 'NONE', #5405, #8810 ) ;
#804 = VECTOR ( 'NONE', #3292, 1000.000000000000000 ) ;
#805 = ORIENTED_EDGE ( 'NONE', *, *, #9773, .T. ) ;
#806 =( GEOMETRIC_REPRESENTATION_CONTEXT ( 3 ) GLOBAL_UNCERTAINTY_ASSIGNED_CONTEXT ( ( #8837 ) ) GLOBAL_UNIT_ASSIGNED_CONTEXT ( ( #7775, #8321, #7070 ) ) REPRESENTATION_CONTEXT ( 'NONE', 'WORKASPACE' ) );
#807 = SURFACE_SIDE_STYLE ('',( #751 ) ) ;
#808 = DIRECTION ( 'NONE',  ( -1.000000000000000000, 0.000000000000000000, -0.000000000000000000 ) ) ;
#809 = CARTESIAN_POINT ( 'NONE',  ( -1.243309800894466743, 0.9238392649474669316, 2.154368729000466054 ) ) ;
#810 = FACE_OUTER_BOUND ( 'NONE', #3985, .T. ) ;
#811 = ADVANCED_FACE ( 'NONE', ( #2090 ), #7475, .F. ) ;
#812 = DIRECTION ( 'NONE',  ( -1.000000000000000000, -0.000000000000000000, -0.000000000000000000 ) ) ;
#813 = ORIENTED_EDGE ( 'NONE', *, *, #2401, .F. ) ;
#814 = SURFACE_STYLE_FILL_AREA ( #4385 ) ;
#815 = DIRECTION ( 'NONE',  ( 0.000000000000000000, 0.000000000000000000, 1.000000000000000000 ) ) ;
#816 = PRESENTATION_LAYER_ASSIGNMENT (  '', '', ( #1460 ) ) ;
#817 = DIRECTION ( 'NONE',  ( 1.000000000000000000, -0.000000000000000000, 0.000000000000000000 ) ) ;
#818 = CARTESIAN_POINT ( 'NONE',  ( 0.2500000000000000000, 0.000000000000000000, -1.975000000000000089 ) ) ;
#819 = CYLINDRICAL_SURFACE ( 'NONE', #3324, 0.1250000000000000000 ) ;
#820 = VERTEX_POINT ( 'NONE', #503 ) ;
#821 = CARTESIAN_POINT ( 'NONE',  ( -0.5000000000000000000, 0.1000000000000000056, -1.149999999999999911 ) ) ;
#822 = CARTESIAN_POINT ( 'NONE',  ( 1.250000000000000000, 0.000000000000000000, -1.375000000000000222 ) ) ;
#823 = DIRECTION ( 'NONE',  ( 0.000000000000000000, 0.000000000000000000, -1.000000000000000000 ) ) ;
#824 = CARTESIAN_POINT ( 'NONE',  ( -0.9749999999999999778, 0.000000000000000000, 1.125000000000000222 ) ) ;
#825 = CARTESIAN_POINT ( 'NONE',  ( 1.239442719099991708, 0.9197213595499954542, 2.149999999999999911 ) ) ;
#826 = EDGE_CURVE ( 'NONE', #3712, #5535, #2800, .T. ) ;
#827 =( NAMED_UNIT ( * ) SI_UNIT ( $, .STERADIAN. ) SOLID_ANGLE_UNIT ( ) );
#828 = EDGE_CURVE ( 'NONE', #2181, #8784, #8069, .T. ) ;
#829 = ORIENTED_EDGE ( 'NONE', *, *, #3595, .T. ) ;
#830 =( NAMED_UNIT ( * ) PLANE_ANGLE_UNIT ( ) SI_UNIT ( $, .RADIAN. ) );
#831 = ORIENTED_EDGE ( 'NONE', *, *, #9041, .T. ) ;
#832 = VERTEX_POINT ( 'NONE', #2753 ) ;
#833 = EDGE_LOOP ( 'NONE', ( #6096, #7750, #1418, #7055 ) ) ;
#834 = DIRECTION ( 'NONE',  ( -0.000000000000000000, 0.000000000000000000, -1.000000000000000000 ) ) ;
#835 = DIRECTION ( 'NONE',  ( -0.000000000000000000, -1.000000000000000000, -0.000000000000000000 ) ) ;
#836 = LINE ( 'NONE', #2412, #5514 ) ;
#837 =( NAMED_UNIT ( * ) PLANE_ANGLE_UNIT ( ) SI_UNIT ( $, .RADIAN. ) );
#838 = EDGE_CURVE ( 'NONE', #5166, #5910, #8119, .T. ) ;
#839 = SURFACE_STYLE_FILL_AREA ( #1585 ) ;
#840 = ORIENTED_EDGE ( 'NONE', *, *, #3501, .T. ) ;
#841 = SURFACE_STYLE_USAGE ( .BOTH. , #8536 ) ;
#842 = DIRECTION ( 'NONE',  ( -0.000000000000000000, -1.000000000000000000, -0.000000000000000000 ) ) ;
#843 = ORIENTED_EDGE ( 'NONE', *, *, #5674, .F. ) ;
#844 = UNCERTAINTY_MEASURE_WITH_UNIT (LENGTH_MEASURE( 1.000000000000000082E-05 ), #3545, 'distance_accuracy_value', 'NONE');
#845 = SURFACE_STYLE_USAGE ( .BOTH. , #1687 ) ;
#846 = EDGE_CURVE ( 'NONE', #1825, #9679, #7266, .T. ) ;
#847 = VECTOR ( 'NONE', #5160, 1000.000000000000000 ) ;
#848 = DIRECTION ( 'NONE',  ( 0.000000000000000000, -1.000000000000000000, 0.000000000000000000 ) ) ;
#849 = EDGE_CURVE ( 'NONE', #2991, #8159, #7230, .T. ) ;
#850 = FILL_AREA_STYLE_COLOUR ( '', #1628 ) ;
#851 = ORIENTED_EDGE ( 'NONE', *, *, #7123, .T. ) ;
#852 = CARTESIAN_POINT ( 'NONE',  ( -0.9749999999999999778, 0.000000000000000000, -1.750000000000000000 ) ) ;
#853 = SURFACE_SIDE_STYLE ('',( #9235 ) ) ;
#854 = ORIENTED_EDGE ( 'NONE', *, *, #9695, .F. ) ;
#855 = CARTESIAN_POINT ( 'NONE',  ( -1.207735026918962173, 0.9327350269189623733, 2.207735026918963062 ) ) ;
#856 = UNCERTAINTY_MEASURE_WITH_UNIT (LENGTH_MEASURE( 1.000000000000000082E-05 ), #8848, 'distance_accuracy_value', 'NONE');
#857 = ORIENTED_EDGE ( 'NONE', *, *, #6674, .T. ) ;
#858 = ORIENTED_EDGE ( 'NONE', *, *, #5940, .T. ) ;
#859 = DIRECTION ( 'NONE',  ( -1.000000000000000000, 0.000000000000000000, 0.000000000000000000 ) ) ;
#860 = DIRECTION ( 'NONE',  ( 0.000000000000000000, -0.000000000000000000, 1.000000000000000000 ) ) ;
#861 = CARTESIAN_POINT ( 'NONE',  ( -0.9749999999999999778, 0.2000000000000000111, 0.1250000000000000000 ) ) ;
#862 = DIRECTION ( 'NONE',  ( 0.000000000000000000, -0.000000000000000000, -1.000000000000000000 ) ) ;
#863 = PRESENTATION_LAYER_ASSIGNMENT (  '', '', ( #9304 ) ) ;
#864 = LINE ( 'NONE', #7720, #1876 ) ;
#865 = EDGE_CURVE ( 'NONE', #9153, #8427, #1950, .T. ) ;
#866 = DIRECTION ( 'NONE',  ( 1.000000000000000000, -0.000000000000000000, 0.000000000000000000 ) ) ;
#867 = CARTESIAN_POINT ( 'NONE',  ( 1.250000000000000000, 0.000000000000000000, 1.375000000000000222 ) ) ;
#868 = VERTEX_POINT ( 'NONE', #2045 ) ;
#869 = CARTESIAN_POINT ( 'NONE',  ( 0.5999999999999999778, 0.1749999999999999889, 1.600000000000000089 ) ) ;
#870 = ORIENTED_EDGE ( 'NONE', *, *, #1498, .T. ) ;
#871 = LINE ( 'NONE', #3129, #3646 ) ;
#872 = SURFACE_STYLE_FILL_AREA ( #4881 ) ;
#873 = CARTESIAN_POINT ( 'NONE',  ( -0.9749999999999999778, 0.000000000000000000, -0.6250000000000000000 ) ) ;
#874 = PLANE ( 'NONE',  #7262 ) ;
#875 = SURFACE_SIDE_STYLE ('',( #5834 ) ) ;
#876 = COLOUR_RGB ( '',0.8313725490196077761, 0.8313725490196077761, 0.8313725490196077761 ) ;
#877 = ORIENTED_EDGE ( 'NONE', *, *, #468, .T. ) ;
#878 = CARTESIAN_POINT ( 'NONE',  ( 1.207735026918961063, 0.9327350269189632614, 2.207735026918963062 ) ) ;
#879 = ORIENTED_EDGE ( 'NONE', *, *, #8592, .F. ) ;
#880 = CARTESIAN_POINT ( 'NONE',  ( 1.258521061192350521, 0.8783027194376282765, -2.211381300126908922 ) ) ;
#881 = ORIENTED_EDGE ( 'NONE', *, *, #9450, .F. ) ;
#882 =( LENGTH_UNIT ( ) NAMED_UNIT ( * ) SI_UNIT ( .MILLI., .METRE. ) );
#883 =( LENGTH_UNIT ( ) NAMED_UNIT ( * ) SI_UNIT ( .MILLI., .METRE. ) );
#884 = EDGE_CURVE ( 'NONE', #129, #8727, #5118, .T. ) ;
#885 =( GEOMETRIC_REPRESENTATION_CONTEXT ( 3 ) GLOBAL_UNCERTAINTY_ASSIGNED_CONTEXT ( ( #3458 ) ) GLOBAL_UNIT_ASSIGNED_CONTEXT ( ( #6097, #529, #5530 ) ) REPRESENTATION_CONTEXT ( 'NONE', 'WORKASPACE' ) );
#886 = EDGE_CURVE ( 'NONE', #1951, #1309, #546, .T. ) ;
#887 = FACE_OUTER_BOUND ( 'NONE', #715, .T. ) ;
#888 = PRESENTATION_LAYER_ASSIGNMENT (  '', '', ( #2139 ) ) ;
#889 = AXIS2_PLACEMENT_3D ( 'NONE', #4030, #4723, #9290 ) ;
#890 = COLOUR_RGB ( '',0.8313725490196077761, 0.8313725490196077761, 0.8313725490196077761 ) ;
#891 = LINE ( 'NONE', #8296, #90 ) ;
#892 = ORIENTED_EDGE ( 'NONE', *, *, #7454, .F. ) ;
#893 = PRESENTATION_LAYER_ASSIGNMENT (  '', '', ( #8398 ) ) ;
#894 = SURFACE_STYLE_FILL_AREA ( #4704 ) ;
#895 = FILL_AREA_STYLE ('',( #4660 ) ) ;
#896 = CARTESIAN_POINT ( 'NONE',  ( -1.149999999999999911, 0.8750000000000000000, 2.149999999999999911 ) ) ;
#897 = DIRECTION ( 'NONE',  ( 0.000000000000000000, 0.000000000000000000, 1.000000000000000000 ) ) ;
#898 = ORIENTED_EDGE ( 'NONE', *, *, #8528, .T. ) ;
#899 = ADVANCED_FACE ( 'NONE', ( #3663 ), #3106, .F. ) ;
#900 = EDGE_CURVE ( 'NONE', #132, #6461, #803, .T. ) ;
#901 = SURFACE_STYLE_FILL_AREA ( #1637 ) ;
#902 = CARTESIAN_POINT ( 'NONE',  ( 0.000000000000000000, 0.2000000000000000111, 0.000000000000000000 ) ) ;
#903 = MECHANICAL_DESIGN_GEOMETRIC_PRESENTATION_REPRESENTATION (  '', ( #5859 ), #570 ) ;
#904 = CARTESIAN_POINT ( 'NONE',  ( 1.250000000000000000, 0.1749999999999999889, 1.625000000000000444 ) ) ;
#905 = PLANE ( 'NONE',  #9071 ) ;
#906 = AXIS2_PLACEMENT_3D ( 'NONE', #9572, #6701, #2728 ) ;
#907 = SURFACE_STYLE_USAGE ( .BOTH. , #2232 ) ;
#908 = CARTESIAN_POINT ( 'NONE',  ( 0.1250000000000000000, -0.04000000000000000083, -1.975000000000000089 ) ) ;
#909 = VERTEX_POINT ( 'NONE', #3018 ) ;
#910 = PLANE ( 'NONE',  #7201 ) ;
#911 =( NAMED_UNIT ( * ) PLANE_ANGLE_UNIT ( ) SI_UNIT ( $, .RADIAN. ) );
#912 = CIRCLE ( 'NONE', #4750, 0.1250000000000000000 ) ;
#913 = CARTESIAN_POINT ( 'NONE',  ( -1.154368729000466276, 0.9238392649474657103, 2.243309800894466743 ) ) ;
#914 = ORIENTED_EDGE ( 'NONE', *, *, #2294, .F. ) ;
#915 = PRESENTATION_LAYER_ASSIGNMENT (  '', '', ( #1237 ) ) ;
#916 = DIRECTION ( 'NONE',  ( 0.000000000000000000, 0.000000000000000000, 1.000000000000000000 ) ) ;
#917 = ADVANCED_FACE ( 'NONE', ( #5260 ), #692, .T. ) ;
#918 =( NAMED_UNIT ( * ) PLANE_ANGLE_UNIT ( ) SI_UNIT ( $, .RADIAN. ) );
#919 = DIRECTION ( 'NONE',  ( 0.000000000000000000, 0.000000000000000000, 1.000000000000000000 ) ) ;
#920 = CARTESIAN_POINT ( 'NONE',  ( 0.9749999999999999778, 0.000000000000000000, 1.750000000000000000 ) ) ;
#921 = VECTOR ( 'NONE', #4917, 1000.000000000000000 ) ;
#922 = DIRECTION ( 'NONE',  ( 0.000000000000000000, 0.000000000000000000, 1.000000000000000000 ) ) ;
#923 = CARTESIAN_POINT ( 'NONE',  ( 1.231304907451683306, 0.9327350269189622622, -2.184165146386241485 ) ) ;
#924 = EDGE_LOOP ( 'NONE', ( #8142, #115, #7888, #2688, #2489, #8170, #996, #2408, #7839, #461, #9467, #6395, #2850, #9061, #4421, #2537, #6724, #1875, #643, #7926, #7521, #2259, #6281, #494, #8478, #7587, #69, #9824, #961, #4864, #6796, #5693, #4233, #5389, #6419, #7203, #2754, #3961, #6178, #3100, #2347, #3231, #7461, #5635, #9778, #1686, #5355, #9868, #9151, #5380, #1544, #1781, #1694, #2804, #8145, #4342, #4982, #1439, #4511, #4671, #9133, #8815, #3064, #1589, #8586, #4682, #3721, #1153, #2081, #8862, #8202, #997, #2122, #204, #504, #7408, #5139, #323, #5448, #1992, #6754, #7050, #9694, #5297, #7518, #8648, #7039, #7982, #6772, #357, #9730, #6132 ) ) ;
#925 =( NAMED_UNIT ( * ) SI_UNIT ( $, .STERADIAN. ) SOLID_ANGLE_UNIT ( ) );
#926 = AXIS2_PLACEMENT_3D ( 'NONE', #4600, #8233, #2997 ) ;
#927 = VECTOR ( 'NONE', #3774, 1000.000000000000000 ) ;
#928 = VECTOR ( 'NONE', #3020, 1000.000000000000000 ) ;
#929 = ADVANCED_FACE ( 'NONE', ( #6064 ), #6158, .F. ) ;
#930 =( NAMED_UNIT ( * ) SI_UNIT ( $, .STERADIAN. ) SOLID_ANGLE_UNIT ( ) );
#931 =( LENGTH_UNIT ( ) NAMED_UNIT ( * ) SI_UNIT ( .MILLI., .METRE. ) );
#932 = FACE_OUTER_BOUND ( 'NONE', #2965, .T. ) ;
#933 = LINE ( 'NONE', #5432, #7619 ) ;
#934 = VECTOR ( 'NONE', #1119, 1000.000000000000000 ) ;
#935 =( GEOMETRIC_REPRESENTATION_CONTEXT ( 3 ) GLOBAL_UNCERTAINTY_ASSIGNED_CONTEXT ( ( #9012 ) ) GLOBAL_UNIT_ASSIGNED_CONTEXT ( ( #7282, #3964, #325 ) ) REPRESENTATION_CONTEXT ( 'NONE', 'WORKASPACE' ) );
#936 = ORIENTED_EDGE ( 'NONE', *, *, #1099, .T. ) ;
#937 =( NAMED_UNIT ( * ) PLANE_ANGLE_UNIT ( ) SI_UNIT ( $, .RADIAN. ) );
#938 = ORIENTED_EDGE ( 'NONE', *, *, #8138, .T. ) ;
#939 = SURFACE_STYLE_USAGE ( .BOTH. , #3851 ) ;
#940 = DIRECTION ( 'NONE',  ( 0.000000000000000000, 0.000000000000000000, -1.000000000000000000 ) ) ;
#941 = CIRCLE ( 'NONE', #5579, 0.1250000000000001110 ) ;
#942 = FILL_AREA_STYLE ('',( #5690 ) ) ;
#943 = ORIENTED_EDGE ( 'NONE', *, *, #6990, .F. ) ;
#944 = LINE ( 'NONE', #4156, #5585 ) ;
#945 = CARTESIAN_POINT ( 'NONE',  ( 0.9749999999999999778, 0.000000000000000000, -0.8750000000000000000 ) ) ;
#946 = DIRECTION ( 'NONE',  ( 0.000000000000000000, -1.000000000000000000, 0.000000000000000000 ) ) ;
#947 = EDGE_LOOP ( 'NONE', ( #5791, #3761, #7376, #547 ) ) ;
#948 = UNCERTAINTY_MEASURE_WITH_UNIT (LENGTH_MEASURE( 1.000000000000000082E-05 ), #756, 'distance_accuracy_value', 'NONE');
#949 = MECHANICAL_DESIGN_GEOMETRIC_PRESENTATION_REPRESENTATION (  '', ( #9069 ), #9237 ) ;
#950 =( LENGTH_UNIT ( ) NAMED_UNIT ( * ) SI_UNIT ( .MILLI., .METRE. ) );
#951 = ORIENTED_EDGE ( 'NONE', *, *, #2001, .F. ) ;
#952 = ADVANCED_FACE ( 'NONE', ( #5203 ), #8258, .F. ) ;
#953 = VERTEX_POINT ( 'NONE', #3758 ) ;
#954 = EDGE_CURVE ( 'NONE', #5903, #1077, #6112, .T. ) ;
#955 = CARTESIAN_POINT ( 'NONE',  ( -0.9749999999999999778, 0.000000000000000000, 0.7500000000000000000 ) ) ;
#956 = CIRCLE ( 'NONE', #6561, 0.1250000000000000000 ) ;
#957 = DIRECTION ( 'NONE',  ( 0.000000000000000000, -1.000000000000000000, -0.000000000000000000 ) ) ;
#958 = COLOUR_RGB ( '',0.8313725490196077761, 0.8313725490196077761, 0.8313725490196077761 ) ;
#959 = DIRECTION ( 'NONE',  ( -1.000000000000000000, 0.000000000000000000, -0.000000000000000000 ) ) ;
#960 = UNCERTAINTY_MEASURE_WITH_UNIT (LENGTH_MEASURE( 1.000000000000000082E-05 ), #4919, 'distance_accuracy_value', 'NONE');
#961 = ORIENTED_EDGE ( 'NONE', *, *, #9190, .F. ) ;
#962 = CARTESIAN_POINT ( 'NONE',  ( -0.9749999999999999778, 0.2000000000000000111, -1.625000000000000222 ) ) ;
#963 = CARTESIAN_POINT ( 'NONE',  ( -1.250000000000000000, 0.000000000000000000, -0.8749999999999998890 ) ) ;
#964 = CARTESIAN_POINT ( 'NONE',  ( 1.250000000000000000, 0.1749999999999999889, 0.3749999999999998890 ) ) ;
#965 =( GEOMETRIC_REPRESENTATION_CONTEXT ( 3 ) GLOBAL_UNCERTAINTY_ASSIGNED_CONTEXT ( ( #3163 ) ) GLOBAL_UNIT_ASSIGNED_CONTEXT ( ( #8051, #7302, #3648 ) ) REPRESENTATION_CONTEXT ( 'NONE', 'WORKASPACE' ) );
#966 = VECTOR ( 'NONE', #4054, 1000.000000000000000 ) ;
#967 = FACE_OUTER_BOUND ( 'NONE', #6271, .T. ) ;
#968 = PLANE ( 'NONE',  #6738 ) ;
#969 = FILL_AREA_STYLE_COLOUR ( '', #3097 ) ;
#970 = ORIENTED_EDGE ( 'NONE', *, *, #2862, .T. ) ;
#971 = CARTESIAN_POINT ( 'NONE',  ( -1.250000000000000000, 0.1749999999999999889, -2.250000000000000444 ) ) ;
#972 = AXIS2_PLACEMENT_3D ( 'NONE', #8286, #8965, #1339 ) ;
#973 = LINE ( 'NONE', #6386, #5767 ) ;
#974 = PLANE ( 'NONE',  #4641 ) ;
#975 = DIRECTION ( 'NONE',  ( 0.000000000000000000, 0.000000000000000000, 1.000000000000000000 ) ) ;
#976 = ADVANCED_FACE ( 'NONE', ( #657 ), #2180, .T. ) ;
#977 = CARTESIAN_POINT ( 'NONE',  ( 1.250000000000000000, 0.000000000000000000, -2.250000000000000444 ) ) ;
#978 = VECTOR ( 'NONE', #6692, 1000.000000000000000 ) ;
#979 = LINE ( 'NONE', #266, #1958 ) ;
#980 = EDGE_CURVE ( 'NONE', #5105, #8186, #7143, .T. ) ;
#981 = VERTEX_POINT ( 'NONE', #6312 ) ;
#982 = DIRECTION ( 'NONE',  ( 0.000000000000000000, 0.000000000000000000, -1.000000000000000000 ) ) ;
#983 = VERTEX_POINT ( 'NONE', #9279 ) ;
#984 = SURFACE_SIDE_STYLE ('',( #7181 ) ) ;
#985 = ORIENTED_EDGE ( 'NONE', *, *, #6444, .T. ) ;
#986 = SURFACE_SIDE_STYLE ('',( #3811 ) ) ;
#987 = CARTESIAN_POINT ( 'NONE',  ( 0.000000000000000000, 0.1749999999999999889, -1.600000000000000089 ) ) ;
#988 = CARTESIAN_POINT ( 'NONE',  ( -0.3750000000000000555, 0.000000000000000000, 2.250000000000000444 ) ) ;
#989 = ORIENTED_EDGE ( 'NONE', *, *, #8620, .T. ) ;
#990 = VERTEX_POINT ( 'NONE', #7954 ) ;
#991 = CARTESIAN_POINT ( 'NONE',  ( 0.000000000000000000, 0.000000000000000000, -0.8750000000000000000 ) ) ;
#992 =( LENGTH_UNIT ( ) NAMED_UNIT ( * ) SI_UNIT ( .MILLI., .METRE. ) );
#993 = PRESENTATION_STYLE_ASSIGNMENT (( #6107 ) ) ;
#994 = ORIENTED_EDGE ( 'NONE', *, *, #1446, .T. ) ;
#995 = MECHANICAL_DESIGN_GEOMETRIC_PRESENTATION_REPRESENTATION (  '', ( #3238 ), #8345 ) ;
#996 = ORIENTED_EDGE ( 'NONE', *, *, #5873, .F. ) ;
#997 = ORIENTED_EDGE ( 'NONE', *, *, #9865, .F. ) ;
#998 = DIRECTION ( 'NONE',  ( -0.000000000000000000, -1.000000000000000000, -0.000000000000000000 ) ) ;
#999 = ORIENTED_EDGE ( 'NONE', *, *, #7437, .T. ) ;
#1000 = CARTESIAN_POINT ( 'NONE',  ( 0.9749999999999999778, 0.1749999999999999889, -1.625000000000000222 ) ) ;
#1001 = LINE ( 'NONE', #107, #8615 ) ;
#1002 =( NAMED_UNIT ( * ) PLANE_ANGLE_UNIT ( ) SI_UNIT ( $, .RADIAN. ) );
#1003 =( NAMED_UNIT ( * ) SI_UNIT ( $, .STERADIAN. ) SOLID_ANGLE_UNIT ( ) );
#1004 = CARTESIAN_POINT ( 'NONE',  ( 0.000000000000000000, 0.000000000000000000, 0.000000000000000000 ) ) ;
#1005 = SURFACE_STYLE_USAGE ( .BOTH. , #7860 ) ;
#1006 = EDGE_CURVE ( 'NONE', #3105, #6565, #2384, .T. ) ;
#1007 = EDGE_CURVE ( 'NONE', #7414, #4554, #3206, .T. ) ;
#1008 = LINE ( 'NONE', #1702, #4104 ) ;
#1009 = COLOUR_RGB ( '',0.8313725490196077761, 0.8313725490196077761, 0.8313725490196077761 ) ;
#1010 = PLANE ( 'NONE',  #7811 ) ;
#1011 =( NAMED_UNIT ( * ) SI_UNIT ( $, .STERADIAN. ) SOLID_ANGLE_UNIT ( ) );
#1012 = PLANE ( 'NONE',  #4621 ) ;
#1013 = CARTESIAN_POINT ( 'NONE',  ( 0.000000000000000000, 0.000000000000000000, 0.000000000000000000 ) ) ;
#1014 = DIRECTION ( 'NONE',  ( 0.000000000000000000, 1.000000000000000000, 0.000000000000000000 ) ) ;
#1015 = EDGE_LOOP ( 'NONE', ( #1106, #6248, #2686, #8931 ) ) ;
#1016 = ORIENTED_EDGE ( 'NONE', *, *, #9450, .T. ) ;
#1017 = MECHANICAL_DESIGN_GEOMETRIC_PRESENTATION_REPRESENTATION (  '', ( #9765 ), #7879 ) ;
#1018 = LINE ( 'NONE', #2450, #6397 ) ;
#1019 = EDGE_CURVE ( 'NONE', #9243, #4207, #4109, .T. ) ;
#1020 = DIRECTION ( 'NONE',  ( 0.000000000000000000, 1.000000000000000000, 0.000000000000000000 ) ) ;
#1021 = STYLED_ITEM ( 'NONE', ( #1952 ), #2253 ) ;
#1022 = CARTESIAN_POINT ( 'NONE',  ( 0.000000000000000000, 0.000000000000000000, 1.875000000000000000 ) ) ;
#1023 = ORIENTED_EDGE ( 'NONE', *, *, #2658, .F. ) ;
#1024 = CIRCLE ( 'NONE', #693, 0.1249999999999998890 ) ;
#1025 = CARTESIAN_POINT ( 'NONE',  ( 0.1250000000000000000, -0.04000000000000000083, 1.975000000000000089 ) ) ;
#1026 = SURFACE_SIDE_STYLE ('',( #3184 ) ) ;
#1027 = ORIENTED_EDGE ( 'NONE', *, *, #7140, .T. ) ;
#1028 = ADVANCED_FACE ( 'NONE', ( #2431 ), #4018, .F. ) ;
#1029 = LINE ( 'NONE', #7128, #6651 ) ;
#1030 = DIRECTION ( 'NONE',  ( 1.000000000000000000, 0.000000000000000000, 0.000000000000000000 ) ) ;
#1031 = COLOUR_RGB ( '',0.8313725490196077761, 0.8313725490196077761, 0.8313725490196077761 ) ;
#1032 =( NAMED_UNIT ( * ) PLANE_ANGLE_UNIT ( ) SI_UNIT ( $, .RADIAN. ) );
#1033 = EDGE_LOOP ( 'NONE', ( #7101, #9105, #8525, #6792 ) ) ;
#1034 = ORIENTED_EDGE ( 'NONE', *, *, #4224, .F. ) ;
#1035 = CIRCLE ( 'NONE', #6642, 0.1250000000000001110 ) ;
#1036 = FACE_OUTER_BOUND ( 'NONE', #587, .T. ) ;
#1037 = ORIENTED_EDGE ( 'NONE', *, *, #329, .F. ) ;
#1038 = UNCERTAINTY_MEASURE_WITH_UNIT (LENGTH_MEASURE( 1.000000000000000082E-05 ), #3481, 'distance_accuracy_value', 'NONE');
#1039 = ADVANCED_FACE ( 'NONE', ( #237 ), #9384, .T. ) ;
#1040 = AXIS2_PLACEMENT_3D ( 'NONE', #7543, #5225, #6696 ) ;
#1041 = CARTESIAN_POINT ( 'NONE',  ( -1.250000000000000000, 0.000000000000000000, -2.149999999999999911 ) ) ;
#1042 = CARTESIAN_POINT ( 'NONE',  ( 1.250000000000000000, 0.000000000000000000, 0.1250000000000001110 ) ) ;
#1043 = CARTESIAN_POINT ( 'NONE',  ( 0.5000000000000000000, 0.1000000000000000056, 1.500000000000000000 ) ) ;
#1044 = COLOUR_RGB ( '',0.8313725490196077761, 0.8313725490196077761, 0.8313725490196077761 ) ;
#1045 = ORIENTED_EDGE ( 'NONE', *, *, #426, .F. ) ;
#1046 = CARTESIAN_POINT ( 'NONE',  ( -0.2500000000000000000, 0.000000000000000000, 1.975000000000000089 ) ) ;
#1047 = ORIENTED_EDGE ( 'NONE', *, *, #6283, .F. ) ;
#1048 = CYLINDRICAL_SURFACE ( 'NONE', #7372, 0.1249999999999998890 ) ;
#1049 = ORIENTED_EDGE ( 'NONE', *, *, #8840, .T. ) ;
#1050 = ORIENTED_EDGE ( 'NONE', *, *, #9629, .T. ) ;
#1051 = DIRECTION ( 'NONE',  ( 0.5773502691896247319, 0.5773502691896279515, -0.5773502691896247319 ) ) ;
#1052 = EDGE_LOOP ( 'NONE', ( #9220, #2708, #8297, #7851 ) ) ;
#1053 = CARTESIAN_POINT ( 'NONE',  ( 0.000000000000000000, 0.1749999999999999889, 0.000000000000000000 ) ) ;
#1054 = UNCERTAINTY_MEASURE_WITH_UNIT (LENGTH_MEASURE( 1.000000000000000082E-05 ), #3858, 'distance_accuracy_value', 'NONE');
#1055 = CARTESIAN_POINT ( 'NONE',  ( -0.6250000000000000000, 0.8750000000000000000, 2.250000000000000000 ) ) ;
#1056 = ORIENTED_EDGE ( 'NONE', *, *, #2415, .F. ) ;
#1057 = SURFACE_STYLE_USAGE ( .BOTH. , #6319 ) ;
#1058 = EDGE_CURVE ( 'NONE', #7243, #7253, #5970, .T. ) ;
#1059 = CARTESIAN_POINT ( 'NONE',  ( 0.9749999999999999778, 0.1749999999999999889, 0.2500000000000000000 ) ) ;
#1060 = DIRECTION ( 'NONE',  ( 0.000000000000000000, -1.000000000000000000, 0.000000000000000000 ) ) ;
#1061 = AXIS2_PLACEMENT_3D ( 'NONE', #920, #9395, #3214 ) ;
#1062 = MECHANICAL_DESIGN_GEOMETRIC_PRESENTATION_REPRESENTATION (  '', ( #3780 ), #7459 ) ;
#1063 = DIRECTION ( 'NONE',  ( -0.000000000000000000, 1.000000000000000000, 0.000000000000000000 ) ) ;
#1064 = CARTESIAN_POINT ( 'NONE',  ( 1.250000000000000000, 0.1749999999999999889, 2.250000000000000444 ) ) ;
#1065 = FACE_OUTER_BOUND ( 'NONE', #8440, .T. ) ;
#1066 = STYLED_ITEM ( 'NONE', ( #10 ), #6066 ) ;
#1067 = DIRECTION ( 'NONE',  ( 0.000000000000000000, -1.000000000000000000, -0.000000000000000000 ) ) ;
#1068 = DIRECTION ( 'NONE',  ( 0.000000000000000000, -0.000000000000000000, -1.000000000000000000 ) ) ;
#1069 = ORIENTED_EDGE ( 'NONE', *, *, #6952, .F. ) ;
#1070 = CARTESIAN_POINT ( 'NONE',  ( -0.9749999999999999778, 0.000000000000000000, -0.8750000000000000000 ) ) ;
#1071 = SURFACE_STYLE_FILL_AREA ( #3267 ) ;
#1072 = COLOUR_RGB ( '',0.8313725490196077761, 0.8313725490196077761, 0.8313725490196077761 ) ;
#1073 = DIRECTION ( 'NONE',  ( -0.000000000000000000, -1.000000000000000000, -0.000000000000000000 ) ) ;
#1074 = PRESENTATION_LAYER_ASSIGNMENT (  '', '', ( #9354 ) ) ;
#1075 = CARTESIAN_POINT ( 'NONE',  ( -0.9749999999999999778, 0.000000000000000000, 1.250000000000000000 ) ) ;
#1076 = CARTESIAN_POINT ( 'NONE',  ( 1.250000000000000000, 0.000000000000000000, 1.875000000000000000 ) ) ;
#1077 = VERTEX_POINT ( 'NONE', #1693 ) ;
#1078 = DIRECTION ( 'NONE',  ( 0.000000000000000000, -0.000000000000000000, 1.000000000000000000 ) ) ;
#1079 = ADVANCED_FACE ( 'NONE', ( #9329 ), #4762, .T. ) ;
#1080 = LINE ( 'NONE', #7180, #8108 ) ;
#1081 = EDGE_CURVE ( 'NONE', #753, #241, #1831, .T. ) ;
#1082 = CARTESIAN_POINT ( 'NONE',  ( -0.9749999999999999778, 0.1749999999999999889, 1.375000000000000000 ) ) ;
#1083 = EDGE_LOOP ( 'NONE', ( #2337, #279, #6924, #2843 ) ) ;
#1084 = VECTOR ( 'NONE', #1295, 1000.000000000000000 ) ;
#1085 =( LENGTH_UNIT ( ) NAMED_UNIT ( * ) SI_UNIT ( .MILLI., .METRE. ) );
#1086 = PRESENTATION_LAYER_ASSIGNMENT (  '', '', ( #9200 ) ) ;
#1087 = MECHANICAL_DESIGN_GEOMETRIC_PRESENTATION_REPRESENTATION (  '', ( #4614 ), #5881 ) ;
#1088 = SURFACE_SIDE_STYLE ('',( #7935 ) ) ;
#1089 =( GEOMETRIC_REPRESENTATION_CONTEXT ( 3 ) GLOBAL_UNCERTAINTY_ASSIGNED_CONTEXT ( ( #6575 ) ) GLOBAL_UNIT_ASSIGNED_CONTEXT ( ( #130, #31, #7387 ) ) REPRESENTATION_CONTEXT ( 'NONE', 'WORKASPACE' ) );
#1090 = VERTEX_POINT ( 'NONE', #9233 ) ;
#1091 = EDGE_CURVE ( 'NONE', #1783, #7405, #8496, .T. ) ;
#1092 = CARTESIAN_POINT ( 'NONE',  ( 1.250000000000000000, 0.000000000000000000, 0.6250000000000001110 ) ) ;
#1093 = AXIS2_PLACEMENT_3D ( 'NONE', #4034, #7066, #9346 ) ;
#1094 = ORIENTED_EDGE ( 'NONE', *, *, #6493, .T. ) ;
#1095 = MECHANICAL_DESIGN_GEOMETRIC_PRESENTATION_REPRESENTATION (  '', ( #4472 ), #9212 ) ;
#1096 = LINE ( 'NONE', #1249, #4642 ) ;
#1097 = ORIENTED_EDGE ( 'NONE', *, *, #2844, .T. ) ;
#1098 = DIRECTION ( 'NONE',  ( 1.000000000000000000, 0.000000000000000000, -0.000000000000000000 ) ) ;
#1099 = EDGE_CURVE ( 'NONE', #5857, #4097, #7758, .T. ) ;
#1100 = EDGE_CURVE ( 'NONE', #9449, #7715, #1976, .T. ) ;
#1101 = DIRECTION ( 'NONE',  ( 0.000000000000000000, -0.000000000000000000, -1.000000000000000000 ) ) ;
#1102 = AXIS2_PLACEMENT_3D ( 'NONE', #2751, #1362, #502 ) ;
#1103 = SURFACE_STYLE_USAGE ( .BOTH. , #6452 ) ;
#1104 = DIRECTION ( 'NONE',  ( 0.000000000000000000, 0.000000000000000000, 1.000000000000000000 ) ) ;
#1106 = ORIENTED_EDGE ( 'NONE', *, *, #9618, .F. ) ;
#1105 = SURFACE_STYLE_USAGE ( .BOTH. , #9470 ) ;
#1107 = EDGE_CURVE ( 'NONE', #3849, #8784, #335, .T. ) ;
#1108 = FACE_OUTER_BOUND ( 'NONE', #3921, .T. ) ;
#1109 = ORIENTED_EDGE ( 'NONE', *, *, #7943, .T. ) ;
#1110 = EDGE_LOOP ( 'NONE', ( #5194, #9007, #1168, #7122, #5477, #8927, #8689, #429, #1570, #1821, #1097, #2759, #9534, #3125, #8896, #4862, #1049, #9782, #4851, #3212, #8636, #491, #1766, #936, #5411, #5800, #1666, #3411, #9667, #2906, #1532, #8284, #388, #8254, #337, #2654 ) ) ;
#1111 = CARTESIAN_POINT ( 'NONE',  ( 1.149999999999999911, 0.8750000000000000000, -2.149999999999999911 ) ) ;
#1112 = VERTEX_POINT ( 'NONE', #6453 ) ;
#1113 = CARTESIAN_POINT ( 'NONE',  ( 0.3750000000000000000, 0.2000000000000000111, -2.250000000000000444 ) ) ;
#1114 = ORIENTED_EDGE ( 'NONE', *, *, #359, .F. ) ;
#1115 = AXIS2_PLACEMENT_3D ( 'NONE', #9578, #8045, #8094 ) ;
#1116 = AXIS2_PLACEMENT_3D ( 'NONE', #9527, #7463, #6668 ) ;
#1117 = LINE ( 'NONE', #2795, #3757 ) ;
#1118 = SURFACE_STYLE_FILL_AREA ( #5566 ) ;
#1119 = DIRECTION ( 'NONE',  ( -0.000000000000000000, -1.000000000000000000, -0.000000000000000000 ) ) ;
#1120 = VECTOR ( 'NONE', #4950, 1000.000000000000000 ) ;
#1121 =( NAMED_UNIT ( * ) SI_UNIT ( $, .STERADIAN. ) SOLID_ANGLE_UNIT ( ) );
#1122 = VECTOR ( 'NONE', #2922, 1000.000000000000000 ) ;
#1123 = ORIENTED_EDGE ( 'NONE', *, *, #33, .F. ) ;
#1124 = DIRECTION ( 'NONE',  ( 1.000000000000000000, 0.000000000000000000, 0.000000000000000000 ) ) ;
#1125 = ORIENTED_EDGE ( 'NONE', *, *, #4659, .F. ) ;
#1126 = SURFACE_STYLE_USAGE ( .BOTH. , #7983 ) ;
#1127 = FILL_AREA_STYLE_COLOUR ( '', #6249 ) ;
#1128 = AXIS2_PLACEMENT_3D ( 'NONE', #4277, #8019, #5658 ) ;
#1129 =( NAMED_UNIT ( * ) SI_UNIT ( $, .STERADIAN. ) SOLID_ANGLE_UNIT ( ) );
#1130 = VECTOR ( 'NONE', #6980, 1000.000000000000000 ) ;
#1131 = VERTEX_POINT ( 'NONE', #8789 ) ;
#1132 = DIRECTION ( 'NONE',  ( 1.000000000000000000, 0.000000000000000000, 0.000000000000000000 ) ) ;
#1133 = LINE ( 'NONE', #3424, #1846 ) ;
#1134 = CARTESIAN_POINT ( 'NONE',  ( -0.3750000000000000000, 0.000000000000000000, 2.250000000000000444 ) ) ;
#1135 = DIRECTION ( 'NONE',  ( 0.000000000000000000, 0.000000000000000000, 1.000000000000000000 ) ) ;
#1136 = VECTOR ( 'NONE', #6842, 1000.000000000000000 ) ;
#1137 = ADVANCED_FACE ( 'NONE', ( #1883 ), #8099, .F. ) ;
#1138 = ADVANCED_FACE ( 'NONE', ( #5581 ), #4842, .T. ) ;
#1139 = FILL_AREA_STYLE_COLOUR ( '', #1072 ) ;
#1140 =( NAMED_UNIT ( * ) SI_UNIT ( $, .STERADIAN. ) SOLID_ANGLE_UNIT ( ) );
#1141 =( LENGTH_UNIT ( ) NAMED_UNIT ( * ) SI_UNIT ( .MILLI., .METRE. ) );
#1142 = CARTESIAN_POINT ( 'NONE',  ( 1.250000000000000000, 0.000000000000000000, 0.6250000000000000000 ) ) ;
#1143 = DIRECTION ( 'NONE',  ( 1.000000000000000000, 0.000000000000000000, 0.000000000000000000 ) ) ;
#1144 = PLANE ( 'NONE',  #6202 ) ;
#1145 = LINE ( 'NONE', #9466, #8776 ) ;
#1146 = ORIENTED_EDGE ( 'NONE', *, *, #2079, .T. ) ;
#1147 = UNCERTAINTY_MEASURE_WITH_UNIT (LENGTH_MEASURE( 1.000000000000000082E-05 ), #6142, 'distance_accuracy_value', 'NONE');
#1148 = FACE_OUTER_BOUND ( 'NONE', #9601, .T. ) ;
#1149 = EDGE_CURVE ( 'NONE', #7150, #232, #1174, .T. ) ;
#1150 = CARTESIAN_POINT ( 'NONE',  ( 0.000000000000000000, 0.000000000000000000, 1.375000000000000000 ) ) ;
#1151 = FACE_OUTER_BOUND ( 'NONE', #5569, .T. ) ;
#1152 = ORIENTED_EDGE ( 'NONE', *, *, #8102, .F. ) ;
#1153 = ORIENTED_EDGE ( 'NONE', *, *, #647, .F. ) ;
#1154 = CARTESIAN_POINT ( 'NONE',  ( 0.9749999999999999778, 0.000000000000000000, -1.750000000000000000 ) ) ;
#1155 = EDGE_LOOP ( 'NONE', ( #1928, #3873, #6902, #8797 ) ) ;
#1156 = DIRECTION ( 'NONE',  ( 0.000000000000000000, 1.000000000000000000, 0.000000000000000000 ) ) ;
#1157 = VERTEX_POINT ( 'NONE', #4244 ) ;
#1158 = CARTESIAN_POINT ( 'NONE',  ( -0.3750000000000000000, -0.04000000000000000083, 1.975000000000000089 ) ) ;
#1159 = ORIENTED_EDGE ( 'NONE', *, *, #8277, .F. ) ;
#1160 = PRESENTATION_STYLE_ASSIGNMENT (( #1982 ) ) ;
#1161 = CARTESIAN_POINT ( 'NONE',  ( -1.250000000000000000, 0.000000000000000000, 1.625000000000000222 ) ) ;
#1162 = PLANE ( 'NONE',  #9648 ) ;
#1163 = ADVANCED_FACE ( 'NONE', ( #4885 ), #4084, .F. ) ;
#1164 = CARTESIAN_POINT ( 'NONE',  ( -0.9749999999999999778, 0.2000000000000000111, -1.750000000000000000 ) ) ;
#1165 = CARTESIAN_POINT ( 'NONE',  ( 1.250000000000000000, 0.1749999999999999889, 0.1250000000000000000 ) ) ;
#1166 = DIRECTION ( 'NONE',  ( 0.000000000000000000, -1.000000000000000000, 0.000000000000000000 ) ) ;
#1167 = CARTESIAN_POINT ( 'NONE',  ( -0.9749999999999999778, -0.04000000000000000083, 1.250000000000000000 ) ) ;
#1168 = ORIENTED_EDGE ( 'NONE', *, *, #9099, .F. ) ;
#1169 = ORIENTED_EDGE ( 'NONE', *, *, #3704, .T. ) ;
#1170 = CARTESIAN_POINT ( 'NONE',  ( 1.250000000000000000, 0.000000000000000000, 0.000000000000000000 ) ) ;
#1171 = PRESENTATION_LAYER_ASSIGNMENT (  '', '', ( #4218 ) ) ;
#1172 = DIRECTION ( 'NONE',  ( 0.000000000000000000, 0.000000000000000000, 1.000000000000000000 ) ) ;
#1173 = EDGE_CURVE ( 'NONE', #2535, #3955, #5730, .T. ) ;
#1174 = LINE ( 'NONE', #1022, #9780 ) ;
#1175 = DIRECTION ( 'NONE',  ( -0.000000000000000000, 0.000000000000000000, -1.000000000000000000 ) ) ;
#1176 = FILL_AREA_STYLE ('',( #9506 ) ) ;
#1177 = PRESENTATION_LAYER_ASSIGNMENT (  '', '', ( #9765 ) ) ;
#1178 = CARTESIAN_POINT ( 'NONE',  ( 0.000000000000000000, 0.1749999999999999889, 0.000000000000000000 ) ) ;
#1179 = FILL_AREA_STYLE ('',( #2720 ) ) ;
#1180 = DIRECTION ( 'NONE',  ( -1.000000000000000000, 0.000000000000000000, -0.000000000000000000 ) ) ;
#1181 =( GEOMETRIC_REPRESENTATION_CONTEXT ( 3 ) GLOBAL_UNCERTAINTY_ASSIGNED_CONTEXT ( ( #4558 ) ) GLOBAL_UNIT_ASSIGNED_CONTEXT ( ( #8946, #550, #5920 ) ) REPRESENTATION_CONTEXT ( 'NONE', 'WORKASPACE' ) );
#1182 = CARTESIAN_POINT ( 'NONE',  ( 1.149999999999999911, 0.8750000000000000000, 2.149999999999999911 ) ) ;
#1183 = PRESENTATION_LAYER_ASSIGNMENT (  '', '', ( #531 ) ) ;
#1184 = STYLED_ITEM ( 'NONE', ( #3872 ), #917 ) ;
#1185 = SURFACE_STYLE_FILL_AREA ( #2724 ) ;
#1186 = DIRECTION ( 'NONE',  ( -0.000000000000000000, 0.000000000000000000, -1.000000000000000000 ) ) ;
#1187 =( GEOMETRIC_REPRESENTATION_CONTEXT ( 3 ) GLOBAL_UNCERTAINTY_ASSIGNED_CONTEXT ( ( #1732 ) ) GLOBAL_UNIT_ASSIGNED_CONTEXT ( ( #4584, #2292, #5927 ) ) REPRESENTATION_CONTEXT ( 'NONE', 'WORKASPACE' ) );
#1188 = DIRECTION ( 'NONE',  ( 0.000000000000000000, -0.000000000000000000, 1.000000000000000000 ) ) ;
#1189 = ORIENTED_EDGE ( 'NONE', *, *, #5270, .T. ) ;
#1190 = FILL_AREA_STYLE_COLOUR ( '', #2024 ) ;
#1191 = VERTEX_POINT ( 'NONE', #1763 ) ;
#1192 = EDGE_CURVE ( 'NONE', #4223, #1669, #7121, .T. ) ;
#1193 = DIRECTION ( 'NONE',  ( 1.000000000000000000, 0.000000000000000000, 0.000000000000000000 ) ) ;
#1194 = DIRECTION ( 'NONE',  ( 0.000000000000000000, 1.000000000000000000, 0.000000000000000000 ) ) ;
#1195 = ORIENTED_EDGE ( 'NONE', *, *, #8122, .T. ) ;
#1196 = DIRECTION ( 'NONE',  ( 0.000000000000000000, -1.000000000000000000, 0.000000000000000000 ) ) ;
#1197 = VERTEX_POINT ( 'NONE', #1076 ) ;
#1198 = FACE_OUTER_BOUND ( 'NONE', #466, .T. ) ;
#1199 = STYLED_ITEM ( 'NONE', ( #452 ), #5349 ) ;
#1200 = DIRECTION ( 'NONE',  ( 0.000000000000000000, 0.000000000000000000, 1.000000000000000000 ) ) ;
#1201 = ORIENTED_EDGE ( 'NONE', *, *, #7741, .T. ) ;
#1202 = ORIENTED_EDGE ( 'NONE', *, *, #2333, .F. ) ;
#1203 = EDGE_CURVE ( 'NONE', #6535, #3011, #9298, .T. ) ;
#1204 = VERTEX_POINT ( 'NONE', #7828 ) ;
#1205 = CARTESIAN_POINT ( 'NONE',  ( -1.103018577200449712, 1.026539568547498060, -2.191959649094450846 ) ) ;
#1206 = LINE ( 'NONE', #9440, #6353 ) ;
#1207 = PLANE ( 'NONE',  #1128 ) ;
#1208 = PRESENTATION_STYLE_ASSIGNMENT (( #398 ) ) ;
#1209 = LINE ( 'NONE', #7317, #5507 ) ;
#1210 = STYLED_ITEM ( 'NONE', ( #4800 ), #5639 ) ;
#1211 = CARTESIAN_POINT ( 'NONE',  ( 0.9749999999999999778, 0.2000000000000000111, 0.3750000000000000000 ) ) ;
#1212 = AXIS2_PLACEMENT_3D ( 'NONE', #5886, #5785, #2013 ) ;
#1213 = DIRECTION ( 'NONE',  ( 1.000000000000000000, 0.000000000000000000, 0.000000000000000000 ) ) ;
#1214 = ORIENTED_EDGE ( 'NONE', *, *, #6432, .T. ) ;
#1215 = CARTESIAN_POINT ( 'NONE',  ( 0.5000000000000000000, 0.1000000000000000056, 1.500000000000000000 ) ) ;
#1216 = PLANE ( 'NONE',  #6955 ) ;
#1217 = ORIENTED_EDGE ( 'NONE', *, *, #2983, .T. ) ;
#1218 = PRESENTATION_STYLE_ASSIGNMENT (( #7870 ) ) ;
#1219 = AXIS2_PLACEMENT_3D ( 'NONE', #5959, #4477, #6762 ) ;
#1220 = EDGE_CURVE ( 'NONE', #6417, #7671, #979, .T. ) ;
#1221 = DIRECTION ( 'NONE',  ( -0.000000000000000000, 1.000000000000000000, 0.000000000000000000 ) ) ;
#1222 = COLOUR_RGB ( '',0.8313725490196077761, 0.8313725490196077761, 0.8313725490196077761 ) ;
#1223 = VERTEX_POINT ( 'NONE', #1911 ) ;
#1224 = AXIS2_PLACEMENT_3D ( 'NONE', #7838, #3239, #1679 ) ;
#1225 =( NAMED_UNIT ( * ) SI_UNIT ( $, .STERADIAN. ) SOLID_ANGLE_UNIT ( ) );
#1226 = VECTOR ( 'NONE', #9810, 1000.000000000000000 ) ;
#1227 = DIRECTION ( 'NONE',  ( 0.000000000000000000, 1.000000000000000000, 0.000000000000000000 ) ) ;
#1228 = DIRECTION ( 'NONE',  ( -0.000000000000000000, 0.000000000000000000, -1.000000000000000000 ) ) ;
#1229 = VECTOR ( 'NONE', #4676, 1000.000000000000000 ) ;
#1230 = PRESENTATION_STYLE_ASSIGNMENT (( #4502 ) ) ;
#1231 =( GEOMETRIC_REPRESENTATION_CONTEXT ( 3 ) GLOBAL_UNCERTAINTY_ASSIGNED_CONTEXT ( ( #844 ) ) GLOBAL_UNIT_ASSIGNED_CONTEXT ( ( #3545, #2070, #3637 ) ) REPRESENTATION_CONTEXT ( 'NONE', 'WORKASPACE' ) );
#1232 =( NAMED_UNIT ( * ) PLANE_ANGLE_UNIT ( ) SI_UNIT ( $, .RADIAN. ) );
#1233 =( NAMED_UNIT ( * ) SI_UNIT ( $, .STERADIAN. ) SOLID_ANGLE_UNIT ( ) );
#1234 = EDGE_CURVE ( 'NONE', #1764, #3095, #7277, .T. ) ;
#1235 = VECTOR ( 'NONE', #1434, 1000.000000000000000 ) ;
#1236 = CARTESIAN_POINT ( 'NONE',  ( -1.250000000000000000, 0.2000000000000000111, -0.3750000000000000000 ) ) ;
#1237 = STYLED_ITEM ( 'NONE', ( #2120 ), #6238 ) ;
#1238 = CYLINDRICAL_SURFACE ( 'NONE', #2467, 0.1250000000000001110 ) ;
#1239 = DIRECTION ( 'NONE',  ( 0.000000000000000000, 0.000000000000000000, 1.000000000000000000 ) ) ;
#1240 = FACE_OUTER_BOUND ( 'NONE', #8425, .T. ) ;
#1241 = CLOSED_SHELL ( 'NONE', ( #4345, #4657, #5611, #3432, #2545, #7764 ) ) ;
#1242 = FACE_OUTER_BOUND ( 'NONE', #1052, .T. ) ;
#1243 = STYLED_ITEM ( 'NONE', ( #3224 ), #6482 ) ;
#1244 = VECTOR ( 'NONE', #1926, 1000.000000000000000 ) ;
#1245 = LINE ( 'NONE', #4310, #4285 ) ;
#1246 = EDGE_CURVE ( 'NONE', #9420, #2238, #3271, .T. ) ;
#1247 = DIRECTION ( 'NONE',  ( 0.000000000000000000, -0.000000000000000000, 1.000000000000000000 ) ) ;
#1248 = SURFACE_SIDE_STYLE ('',( #574 ) ) ;
#1249 = CARTESIAN_POINT ( 'NONE',  ( 0.000000000000000000, 0.1749999999999999889, -1.375000000000000000 ) ) ;
#1250 = LINE ( 'NONE', #484, #8111 ) ;
#1251 =( GEOMETRIC_REPRESENTATION_CONTEXT ( 3 ) GLOBAL_UNCERTAINTY_ASSIGNED_CONTEXT ( ( #45 ) ) GLOBAL_UNIT_ASSIGNED_CONTEXT ( ( #3575, #1953, #5173 ) ) REPRESENTATION_CONTEXT ( 'NONE', 'WORKASPACE' ) );
#1252 = CARTESIAN_POINT ( 'NONE',  ( 1.250000000000000000, 0.000000000000000000, 2.250000000000000444 ) ) ;
#1253 = ORIENTED_EDGE ( 'NONE', *, *, #4482, .T. ) ;
#1254 = UNCERTAINTY_MEASURE_WITH_UNIT (LENGTH_MEASURE( 1.000000000000000082E-05 ), #7676, 'distance_accuracy_value', 'NONE');
#1255 = AXIS2_PLACEMENT_3D ( 'NONE', #2600, #8758, #6383 ) ;
#1256 = PLANE ( 'NONE',  #3929 ) ;
#1257 = DIRECTION ( 'NONE',  ( 0.000000000000000000, -1.000000000000000000, -0.000000000000000000 ) ) ;
#1258 = ORIENTED_EDGE ( 'NONE', *, *, #2554, .T. ) ;
#1259 = VECTOR ( 'NONE', #7418, 1000.000000000000000 ) ;
#1260 = ORIENTED_EDGE ( 'NONE', *, *, #8190, .F. ) ;
#1261 = MECHANICAL_DESIGN_GEOMETRIC_PRESENTATION_REPRESENTATION (  '', ( #4305 ), #3172 ) ;
#1262 = PRESENTATION_LAYER_ASSIGNMENT (  '', '', ( #2841 ) ) ;
#1263 = ORIENTED_EDGE ( 'NONE', *, *, #2582, .F. ) ;
#1264 = ORIENTED_EDGE ( 'NONE', *, *, #4271, .F. ) ;
#1265 = VERTEX_POINT ( 'NONE', #2566 ) ;
#1266 = CARTESIAN_POINT ( 'NONE',  ( -1.125094501859785101, 0.9080625828929627108, -2.241030663926138811 ) ) ;
#1267 = LINE ( 'NONE', #7464, #9228 ) ;
#1268 = ORIENTED_EDGE ( 'NONE', *, *, #676, .T. ) ;
#1269 =( LENGTH_UNIT ( ) NAMED_UNIT ( * ) SI_UNIT ( .MILLI., .METRE. ) );
#1270 = DIRECTION ( 'NONE',  ( 0.000000000000000000, 1.000000000000000000, -0.000000000000000000 ) ) ;
#1271 = VECTOR ( 'NONE', #8611, 1000.000000000000000 ) ;
#1272 = FILL_AREA_STYLE_COLOUR ( '', #6495 ) ;
#1273 = EDGE_CURVE ( 'NONE', #2097, #9240, #9455, .T. ) ;
#1274 = CARTESIAN_POINT ( 'NONE',  ( 0.9749999999999999778, -0.04000000000000000083, -1.875000000000000000 ) ) ;
#1275 = EDGE_CURVE ( 'NONE', #2744, #4716, #8054, .T. ) ;
#1276 = DIRECTION ( 'NONE',  ( 0.000000000000000000, -1.000000000000000000, 0.000000000000000000 ) ) ;
#1277 = ORIENTED_EDGE ( 'NONE', *, *, #5431, .F. ) ;
#1278 = CARTESIAN_POINT ( 'NONE',  ( -0.1250000000000000000, 0.2000000000000000111, 2.250000000000000444 ) ) ;
#1279 = CARTESIAN_POINT ( 'NONE',  ( 1.250000000000000000, 0.000000000000000000, -0.6250000000000001110 ) ) ;
#1280 = CIRCLE ( 'NONE', #6863, 0.1249999999999998890 ) ;
#1281 = VECTOR ( 'NONE', #6510, 1000.000000000000000 ) ;
#1282 = EDGE_LOOP ( 'NONE', ( #764, #3625, #1477, #5491 ) ) ;
#1283 = CARTESIAN_POINT ( 'NONE',  ( -0.5999999999999999778, 0.1000000000000000056, -1.600000000000000089 ) ) ;
#1284 = VECTOR ( 'NONE', #1631, 1000.000000000000000 ) ;
#1285 = VECTOR ( 'NONE', #4493, 1000.000000000000000 ) ;
#1286 = EDGE_CURVE ( 'NONE', #6406, #8747, #3583, .T. ) ;
#1287 = PLANE ( 'NONE',  #6468 ) ;
#1288 = SURFACE_STYLE_FILL_AREA ( #3681 ) ;
#1289 = PRESENTATION_LAYER_ASSIGNMENT (  '', '', ( #6728 ) ) ;
#1290 = SURFACE_SIDE_STYLE ('',( #8134 ) ) ;
#1291 = LINE ( 'NONE', #9614, #5847 ) ;
#1292 = ADVANCED_FACE ( 'NONE', ( #5928 ), #7430, .F. ) ;
#1293 = AXIS2_PLACEMENT_3D ( 'NONE', #2748, #4370, #8978 ) ;
#1294 = ORIENTED_EDGE ( 'NONE', *, *, #2057, .T. ) ;
#1295 = DIRECTION ( 'NONE',  ( -0.000000000000000000, 0.000000000000000000, -1.000000000000000000 ) ) ;
#1296 = DIRECTION ( 'NONE',  ( 0.000000000000000000, 0.000000000000000000, 1.000000000000000000 ) ) ;
#1297 = VECTOR ( 'NONE', #2422, 1000.000000000000000 ) ;
#1298 = SHAPE_DEFINITION_REPRESENTATION ( #48, #7061 ) ;
#1299 = EDGE_CURVE ( 'NONE', #5951, #5287, #1024, .T. ) ;
#1300 = ORIENTED_EDGE ( 'NONE', *, *, #2933, .T. ) ;
#1301 = AXIS2_PLACEMENT_3D ( 'NONE', #6027, #6887, #2194 ) ;
#1302 = ORIENTED_EDGE ( 'NONE', *, *, #9099, .T. ) ;
#1303 = SURFACE_SIDE_STYLE ('',( #9021 ) ) ;
#1304 = ORIENTED_EDGE ( 'NONE', *, *, #5904, .F. ) ;
#1305 = EDGE_LOOP ( 'NONE', ( #3706, #4059, #6299, #4120 ) ) ;
#1306 =( NAMED_UNIT ( * ) PLANE_ANGLE_UNIT ( ) SI_UNIT ( $, .RADIAN. ) );
#1307 = DIRECTION ( 'NONE',  ( 0.000000000000000000, -0.000000000000000000, -1.000000000000000000 ) ) ;
#1308 = CARTESIAN_POINT ( 'NONE',  ( 1.250000000000000000, 0.000000000000000000, -1.875000000000000000 ) ) ;
#1309 = VERTEX_POINT ( 'NONE', #1428 ) ;
#1310 = CARTESIAN_POINT ( 'NONE',  ( 0.9749999999999999778, 0.000000000000000000, 1.125000000000000222 ) ) ;
#1311 = DIRECTION ( 'NONE',  ( 1.000000000000000000, 0.000000000000000000, 0.000000000000000000 ) ) ;
#1312 = PLANE ( 'NONE',  #3783 ) ;
#1313 = CARTESIAN_POINT ( 'NONE',  ( -0.9628654280788481179, 0.9749999999999999778, -1.753597252407242513 ) ) ;
#1314 = DIRECTION ( 'NONE',  ( 1.000000000000000000, 0.000000000000000000, -0.000000000000000000 ) ) ;
#1315 = ORIENTED_EDGE ( 'NONE', *, *, #7079, .F. ) ;
#1316 = LINE ( 'NONE', #3613, #3093 ) ;
#1317 = DIRECTION ( 'NONE',  ( 0.000000000000000000, -0.000000000000000000, 1.000000000000000000 ) ) ;
#1318 =( NAMED_UNIT ( * ) SI_UNIT ( $, .STERADIAN. ) SOLID_ANGLE_UNIT ( ) );
#1319 = ORIENTED_EDGE ( 'NONE', *, *, #838, .F. ) ;
#1320 = EDGE_CURVE ( 'NONE', #5150, #8488, #9253, .T. ) ;
#1321 = EDGE_CURVE ( 'NONE', #5398, #8215, #8664, .T. ) ;
#1322 = PRESENTATION_STYLE_ASSIGNMENT (( #9607 ) ) ;
#1323 = SURFACE_SIDE_STYLE ('',( #5129 ) ) ;
#1324 = LINE ( 'NONE', #4386, #7490 ) ;
#1325 = PRESENTATION_LAYER_ASSIGNMENT (  '', '', ( #6326 ) ) ;
#1326 = AXIS2_PLACEMENT_3D ( 'NONE', #2135, #3764, #609 ) ;
#1327 = ADVANCED_FACE ( 'NONE', ( #4783 ), #257, .T. ) ;
#1328 = CARTESIAN_POINT ( 'NONE',  ( 0.000000000000000000, 0.9749999999999999778, 0.000000000000000000 ) ) ;
#1329 = PLANE ( 'NONE',  #7923 ) ;
#1330 = CARTESIAN_POINT ( 'NONE',  ( -0.3750000000000000000, 0.1749999999999999889, 0.000000000000000000 ) ) ;
#1331 = CARTESIAN_POINT ( 'NONE',  ( -0.9749999999999999778, 0.000000000000000000, -0.7500000000000000000 ) ) ;
#1332 = DIRECTION ( 'NONE',  ( 0.000000000000000000, 0.000000000000000000, 1.000000000000000000 ) ) ;
#1333 =( NAMED_UNIT ( * ) SI_UNIT ( $, .STERADIAN. ) SOLID_ANGLE_UNIT ( ) );
#1334 = FILL_AREA_STYLE_COLOUR ( '', #5715 ) ;
#1335 = CARTESIAN_POINT ( 'NONE',  ( -0.3750000000000000000, 0.000000000000000000, 2.250000000000000444 ) ) ;
#1336 = SURFACE_STYLE_USAGE ( .BOTH. , #524 ) ;
#1337 =( NAMED_UNIT ( * ) PLANE_ANGLE_UNIT ( ) SI_UNIT ( $, .RADIAN. ) );
#1338 =( NAMED_UNIT ( * ) SI_UNIT ( $, .STERADIAN. ) SOLID_ANGLE_UNIT ( ) );
#1339 = DIRECTION ( 'NONE',  ( 0.000000000000000000, 0.000000000000000000, -1.000000000000000000 ) ) ;
#1340 = ADVANCED_FACE ( 'NONE', ( #5205 ), #505, .T. ) ;
#1341 = DIRECTION ( 'NONE',  ( 0.000000000000000000, 1.000000000000000000, 0.000000000000000000 ) ) ;
#1342 = DIRECTION ( 'NONE',  ( -0.000000000000000000, -1.000000000000000000, -0.000000000000000000 ) ) ;
#1343 = ORIENTED_EDGE ( 'NONE', *, *, #8629, .F. ) ;
#1344 = CARTESIAN_POINT ( 'NONE',  ( 0.5999999999999999778, 0.06000000000000000472, -1.600000000000000089 ) ) ;
#1345 = DIRECTION ( 'NONE',  ( 0.000000000000000000, 0.000000000000000000, 1.000000000000000000 ) ) ;
#1346 = COLOUR_RGB ( '',0.8313725490196077761, 0.8313725490196077761, 0.8313725490196077761 ) ;
#1347 =( LENGTH_UNIT ( ) NAMED_UNIT ( * ) SI_UNIT ( .MILLI., .METRE. ) );
#1348 = CYLINDRICAL_SURFACE ( 'NONE', #3515, 0.09999999999999982514 ) ;
#1349 = COLOUR_RGB ( '',0.8313725490196077761, 0.8313725490196077761, 0.8313725490196077761 ) ;
#1350 = DIRECTION ( 'NONE',  ( 0.000000000000000000, -1.000000000000000000, -0.000000000000000000 ) ) ;
#1351 = VERTEX_POINT ( 'NONE', #2857 ) ;
#1352 =( NAMED_UNIT ( * ) PLANE_ANGLE_UNIT ( ) SI_UNIT ( $, .RADIAN. ) );
#1353 = ORIENTED_EDGE ( 'NONE', *, *, #3371, .F. ) ;
#1354 = ORIENTED_EDGE ( 'NONE', *, *, #6658, .F. ) ;
#1355 = ADVANCED_FACE ( 'NONE', ( #5121 ), #2047, .F. ) ;
#1356 = DIRECTION ( 'NONE',  ( -1.000000000000000000, -0.000000000000000000, 0.000000000000000000 ) ) ;
#1357 = DIRECTION ( 'NONE',  ( -1.000000000000000000, -0.000000000000000000, -0.000000000000000000 ) ) ;
#1358 = VERTEX_POINT ( 'NONE', #1278 ) ;
#1359 = UNCERTAINTY_MEASURE_WITH_UNIT (LENGTH_MEASURE( 1.000000000000000082E-05 ), #883, 'distance_accuracy_value', 'NONE');
#1360 = CARTESIAN_POINT ( 'NONE',  ( -0.9749999999999999778, 0.000000000000000000, -0.3750000000000000000 ) ) ;
#1361 = FACE_OUTER_BOUND ( 'NONE', #4869, .T. ) ;
#1362 = DIRECTION ( 'NONE',  ( 0.000000000000000000, 0.000000000000000000, -1.000000000000000000 ) ) ;
#1363 = AXIS2_PLACEMENT_3D ( 'NONE', #5960, #5913, #7470 ) ;
#1364 = LINE ( 'NONE', #8755, #6845 ) ;
#1365 = VERTEX_POINT ( 'NONE', #1215 ) ;
#1366 = DIRECTION ( 'NONE',  ( 0.000000000000000000, -1.000000000000000000, 0.000000000000000000 ) ) ;
#1367 = PLANE ( 'NONE',  #2942 ) ;
#1368 = FACE_OUTER_BOUND ( 'NONE', #1015, .T. ) ;
#1369 = LINE ( 'NONE', #1466, #5112 ) ;
#1370 = MECHANICAL_DESIGN_GEOMETRIC_PRESENTATION_REPRESENTATION (  '', ( #9162 ), #400 ) ;
#1371 = PRESENTATION_LAYER_ASSIGNMENT (  '', '', ( #7445 ) ) ;
#1372 = STYLED_ITEM ( 'NONE', ( #4350 ), #2559 ) ;
#1373 = VECTOR ( 'NONE', #3970, 1000.000000000000000 ) ;
#1374 = AXIS2_PLACEMENT_3D ( 'NONE', #4519, #6802, #9722 ) ;
#1375 = ORIENTED_EDGE ( 'NONE', *, *, #3937, .F. ) ;
#1376 = AXIS2_PLACEMENT_3D ( 'NONE', #9163, #2321, #5391 ) ;
#1377 = FACE_OUTER_BOUND ( 'NONE', #739, .T. ) ;
#1378 =( NAMED_UNIT ( * ) SI_UNIT ( $, .STERADIAN. ) SOLID_ANGLE_UNIT ( ) );
#1379 = LINE ( 'NONE', #3893, #8293 ) ;
#1380 = CIRCLE ( 'NONE', #3286, 0.1250000000000001110 ) ;
#1381 = EDGE_CURVE ( 'NONE', #6935, #5166, #459, .T. ) ;
#1382 = EDGE_CURVE ( 'NONE', #5582, #4259, #6584, .T. ) ;
#1383 = ORIENTED_EDGE ( 'NONE', *, *, #6952, .T. ) ;
#1384 = PRESENTATION_LAYER_ASSIGNMENT (  '', '', ( #1066 ) ) ;
#1385 = SURFACE_STYLE_USAGE ( .BOTH. , #2107 ) ;
#1386 = PLANE ( 'NONE',  #5227 ) ;
#1387 = CARTESIAN_POINT ( 'NONE',  ( -0.9749999999999999778, 0.000000000000000000, 0.2500000000000000000 ) ) ;
#1388 = DIRECTION ( 'NONE',  ( 0.000000000000000000, -1.000000000000000000, 0.000000000000000000 ) ) ;
#1389 = EDGE_LOOP ( 'NONE', ( #4564, #759, #7026, #9836 ) ) ;
#1390 = DIRECTION ( 'NONE',  ( 0.000000000000000000, -1.000000000000000000, -0.000000000000000000 ) ) ;
#1391 = CIRCLE ( 'NONE', #4283, 0.1000000000000000472 ) ;
#1392 = VECTOR ( 'NONE', #1186, 1000.000000000000000 ) ;
#1393 = DIRECTION ( 'NONE',  ( -0.000000000000000000, -1.000000000000000000, -0.000000000000000000 ) ) ;
#1394 = FILL_AREA_STYLE_COLOUR ( '', #9530 ) ;
#1395 = EDGE_CURVE ( 'NONE', #9400, #5857, #4286, .T. ) ;
#1396 = ORIENTED_EDGE ( 'NONE', *, *, #669, .F. ) ;
#1397 =( LENGTH_UNIT ( ) NAMED_UNIT ( * ) SI_UNIT ( .MILLI., .METRE. ) );
#1398 = MECHANICAL_DESIGN_GEOMETRIC_PRESENTATION_REPRESENTATION (  '', ( #5081 ), #118 ) ;
#1399 = ORIENTED_EDGE ( 'NONE', *, *, #7777, .F. ) ;
#1400 = ORIENTED_EDGE ( 'NONE', *, *, #6087, .T. ) ;
#1401 = VECTOR ( 'NONE', #3890, 999.9999999999998863 ) ;
#1402 = VECTOR ( 'NONE', #1156, 1000.000000000000000 ) ;
#1403 = LINE ( 'NONE', #9825, #3998 ) ;
#1404 = LINE ( 'NONE', #5063, #9558 ) ;
#1405 = CARTESIAN_POINT ( 'NONE',  ( 0.1250000000000000000, 0.000000000000000000, -1.975000000000000089 ) ) ;
#1406 = ORIENTED_EDGE ( 'NONE', *, *, #7617, .T. ) ;
#1407 = VECTOR ( 'NONE', #4516, 1000.000000000000000 ) ;
#1408 = DIRECTION ( 'NONE',  ( 0.000000000000000000, -0.000000000000000000, 1.000000000000000000 ) ) ;
#1409 = DIRECTION ( 'NONE',  ( 0.000000000000000000, 0.000000000000000000, 1.000000000000000000 ) ) ;
#1410 = VECTOR ( 'NONE', #7588, 1000.000000000000000 ) ;
#1411 = DIRECTION ( 'NONE',  ( 0.000000000000000000, 0.000000000000000000, 1.000000000000000000 ) ) ;
#1412 =( GEOMETRIC_REPRESENTATION_CONTEXT ( 3 ) GLOBAL_UNCERTAINTY_ASSIGNED_CONTEXT ( ( #5555 ) ) GLOBAL_UNIT_ASSIGNED_CONTEXT ( ( #8028, #310, #7113 ) ) REPRESENTATION_CONTEXT ( 'NONE', 'WORKASPACE' ) );
#1413 = EDGE_CURVE ( 'NONE', #2611, #202, #2132, .T. ) ;
#1414 = DIRECTION ( 'NONE',  ( -0.000000000000000000, 1.000000000000000000, -0.000000000000000000 ) ) ;
#1415 = ORIENTED_EDGE ( 'NONE', *, *, #3704, .F. ) ;
#1416 = CARTESIAN_POINT ( 'NONE',  ( -1.250000000000000000, 0.000000000000000000, 0.000000000000000000 ) ) ;
#1417 = DIRECTION ( 'NONE',  ( -1.000000000000000000, -0.000000000000000000, -0.000000000000000000 ) ) ;
#1418 = ORIENTED_EDGE ( 'NONE', *, *, #1107, .T. ) ;
#1419 = CARTESIAN_POINT ( 'NONE',  ( 0.9749999999999999778, 0.1749999999999999889, 1.625000000000000222 ) ) ;
#1420 =( LENGTH_UNIT ( ) NAMED_UNIT ( * ) SI_UNIT ( .MILLI., .METRE. ) );
#1421 = CARTESIAN_POINT ( 'NONE',  ( 0.000000000000000000, 0.000000000000000000, 1.375000000000000000 ) ) ;
#1422 = COLOUR_RGB ( '',0.8313725490196077761, 0.8313725490196077761, 0.8313725490196077761 ) ;
#1423 = CARTESIAN_POINT ( 'NONE',  ( 0.000000000000000000, 0.2000000000000000111, 0.000000000000000000 ) ) ;
#1424 = ADVANCED_FACE ( 'NONE', ( #5073 ), #5165, .F. ) ;
#1425 = SURFACE_SIDE_STYLE ('',( #5312 ) ) ;
#1426 = CARTESIAN_POINT ( 'NONE',  ( -0.9749999999999999778, 0.000000000000000000, 0.8750000000000000000 ) ) ;
#1427 = VECTOR ( 'NONE', #2277, 1000.000000000000000 ) ;
#1428 = CARTESIAN_POINT ( 'NONE',  ( 0.9749999999999999778, 0.000000000000000000, -0.1250000000000000000 ) ) ;
#1429 = ORIENTED_EDGE ( 'NONE', *, *, #3733, .T. ) ;
#1430 = CARTESIAN_POINT ( 'NONE',  ( 0.000000000000000000, 0.000000000000000000, 0.1250000000000000000 ) ) ;
#1431 =( NAMED_UNIT ( * ) SI_UNIT ( $, .STERADIAN. ) SOLID_ANGLE_UNIT ( ) );
#1432 = AXIS2_PLACEMENT_3D ( 'NONE', #1567, #823, #3730 ) ;
#1433 = CARTESIAN_POINT ( 'NONE',  ( -0.9749999999999999778, 0.000000000000000000, 0.8750000000000000000 ) ) ;
#1434 = DIRECTION ( 'NONE',  ( 0.000000000000000000, 0.000000000000000000, -1.000000000000000000 ) ) ;
#1435 = ORIENTED_EDGE ( 'NONE', *, *, #3642, .T. ) ;
#1436 = MECHANICAL_DESIGN_GEOMETRIC_PRESENTATION_REPRESENTATION (  '', ( #3838 ), #789 ) ;
#1437 = SURFACE_SIDE_STYLE ('',( #2938 ) ) ;
#1438 = STYLED_ITEM ( 'NONE', ( #7481 ), #7880 ) ;
#1439 = ORIENTED_EDGE ( 'NONE', *, *, #6749, .F. ) ;
#1440 =( LENGTH_UNIT ( ) NAMED_UNIT ( * ) SI_UNIT ( .MILLI., .METRE. ) );
#1441 = EDGE_LOOP ( 'NONE', ( #5536, #1841, #7249, #2482 ) ) ;
#1442 = DIRECTION ( 'NONE',  ( -0.000000000000000000, 0.000000000000000000, -1.000000000000000000 ) ) ;
#1443 = CARTESIAN_POINT ( 'NONE',  ( 1.250000000000000000, 0.2000000000000000111, -1.375000000000000000 ) ) ;
#1444 = CARTESIAN_POINT ( 'NONE',  ( 0.9749999999999999778, 0.000000000000000000, -1.875000000000000000 ) ) ;
#1445 = EDGE_CURVE ( 'NONE', #100, #5287, #9548, .T. ) ;
#1446 = EDGE_CURVE ( 'NONE', #6195, #9400, #9747, .T. ) ;
#1447 = PRESENTATION_STYLE_ASSIGNMENT (( #579 ) ) ;
#1448 = VECTOR ( 'NONE', #5884, 1000.000000000000000 ) ;
#1449 = MECHANICAL_DESIGN_GEOMETRIC_PRESENTATION_REPRESENTATION (  '', ( #4504 ), #7366 ) ;
#1450 =( NAMED_UNIT ( * ) PLANE_ANGLE_UNIT ( ) SI_UNIT ( $, .RADIAN. ) );
#1451 = ORIENTED_EDGE ( 'NONE', *, *, #5365, .T. ) ;
#1452 = VERTEX_POINT ( 'NONE', #5769 ) ;
#1453 =( LENGTH_UNIT ( ) NAMED_UNIT ( * ) SI_UNIT ( .MILLI., .METRE. ) );
#1454 = PRESENTATION_LAYER_ASSIGNMENT (  '', '', ( #5281 ) ) ;
#1455 = EDGE_LOOP ( 'NONE', ( #2567, #6757, #2786, #9585 ) ) ;
#1456 = UNCERTAINTY_MEASURE_WITH_UNIT (LENGTH_MEASURE( 1.000000000000000082E-05 ), #3280, 'distance_accuracy_value', 'NONE');
#1457 = ADVANCED_FACE ( 'NONE', ( #8803 ), #1948, .F. ) ;
#1458 = CARTESIAN_POINT ( 'NONE',  ( 0.9749999999999999778, -0.04000000000000000083, -0.6250000000000000000 ) ) ;
#1459 =( NAMED_UNIT ( * ) PLANE_ANGLE_UNIT ( ) SI_UNIT ( $, .RADIAN. ) );
#1460 = STYLED_ITEM ( 'NONE', ( #7710 ), #9488 ) ;
#1461 = CARTESIAN_POINT ( 'NONE',  ( -1.125094501859785101, 0.9080625828929618226, 2.241030663926139699 ) ) ;
#1462 = ORIENTED_EDGE ( 'NONE', *, *, #565, .T. ) ;
#1463 = DIRECTION ( 'NONE',  ( 0.000000000000000000, 0.000000000000000000, -1.000000000000000000 ) ) ;
#1464 = CARTESIAN_POINT ( 'NONE',  ( -0.9749999999999999778, -0.04000000000000000083, 0.7500000000000000000 ) ) ;
#1465 = EDGE_CURVE ( 'NONE', #7547, #7962, #6869, .T. ) ;
#1466 = CARTESIAN_POINT ( 'NONE',  ( 0.000000000000000000, 0.000000000000000000, -1.125000000000000222 ) ) ;
#1467 = UNCERTAINTY_MEASURE_WITH_UNIT (LENGTH_MEASURE( 1.000000000000000082E-05 ), #9102, 'distance_accuracy_value', 'NONE');
#1468 = MECHANICAL_DESIGN_GEOMETRIC_PRESENTATION_REPRESENTATION (  '', ( #8622 ), #8149 ) ;
#1469 = LINE ( 'NONE', #3826, #2647 ) ;
#1470 =( LENGTH_UNIT ( ) NAMED_UNIT ( * ) SI_UNIT ( .MILLI., .METRE. ) );
#1471 = LINE ( 'NONE', #7577, #2018 ) ;
#1472 = ADVANCED_FACE ( 'NONE', ( #2182 ), #101, .T. ) ;
#1473 = FILL_AREA_STYLE_COLOUR ( '', #9581 ) ;
#1474 = DIRECTION ( 'NONE',  ( -1.000000000000000000, -0.000000000000000000, 0.000000000000000000 ) ) ;
#1475 = LINE ( 'NONE', #4545, #1297 ) ;
#1476 = SURFACE_SIDE_STYLE ('',( #1509 ) ) ;
#1477 = ORIENTED_EDGE ( 'NONE', *, *, #3334, .F. ) ;
#1478 =( GEOMETRIC_REPRESENTATION_CONTEXT ( 3 ) GLOBAL_UNCERTAINTY_ASSIGNED_CONTEXT ( ( #9226 ) ) GLOBAL_UNIT_ASSIGNED_CONTEXT ( ( #2512, #937, #3995 ) ) REPRESENTATION_CONTEXT ( 'NONE', 'WORKASPACE' ) );
#1479 = LINE ( 'NONE', #3993, #8883 ) ;
#1480 = ORIENTED_EDGE ( 'NONE', *, *, #4977, .T. ) ;
#1481 = CARTESIAN_POINT ( 'NONE',  ( 1.250000000000000000, 0.2000000000000000111, 0.8750000000000000000 ) ) ;
#1482 = DIRECTION ( 'NONE',  ( 1.000000000000000000, 0.000000000000000000, -0.000000000000000000 ) ) ;
#1483 = DIRECTION ( 'NONE',  ( -0.000000000000000000, 1.000000000000000000, 0.000000000000000000 ) ) ;
#1484 = EDGE_LOOP ( 'NONE', ( #6928, #8667, #4363, #892 ) ) ;
#1485 = SURFACE_STYLE_USAGE ( .BOTH. , #638 ) ;
#1486 = DIRECTION ( 'NONE',  ( -0.000000000000000000, -1.000000000000000000, -0.000000000000000000 ) ) ;
#1487 =( LENGTH_UNIT ( ) NAMED_UNIT ( * ) SI_UNIT ( .MILLI., .METRE. ) );
#1488 = EDGE_CURVE ( 'NONE', #2761, #2019, #3760, .T. ) ;
#1489 = SURFACE_STYLE_USAGE ( .BOTH. , #6853 ) ;
#1490 =( NAMED_UNIT ( * ) PLANE_ANGLE_UNIT ( ) SI_UNIT ( $, .RADIAN. ) );
#1491 = VERTEX_POINT ( 'NONE', #8455 ) ;
#1492 = CARTESIAN_POINT ( 'NONE',  ( -0.2500000000000000000, 0.2000000000000000111, -1.975000000000000089 ) ) ;
#1493 = CARTESIAN_POINT ( 'NONE',  ( 0.3750000000000000000, 0.000000000000000000, 1.975000000000000089 ) ) ;
#1494 = CIRCLE ( 'NONE', #6307, 0.1249999999999998890 ) ;
#1495 = CARTESIAN_POINT ( 'NONE',  ( -1.241030663926139477, 0.9080625828929624888, 2.125094501859785101 ) ) ;
#1496 = SURFACE_SIDE_STYLE ('',( #8352 ) ) ;
#1497 = AXIS2_PLACEMENT_3D ( 'NONE', #9692, #8897, #5816 ) ;
#1498 = EDGE_CURVE ( 'NONE', #27, #6911, #3919, .T. ) ;
#1499 = ORIENTED_EDGE ( 'NONE', *, *, #163, .F. ) ;
#1500 = DIRECTION ( 'NONE',  ( -0.000000000000000000, 0.000000000000000000, -1.000000000000000000 ) ) ;
#1501 = ORIENTED_EDGE ( 'NONE', *, *, #8519, .T. ) ;
#1502 = CARTESIAN_POINT ( 'NONE',  ( 0.9749999999999999778, 0.1749999999999999889, -1.125000000000000222 ) ) ;
#1503 = PRESENTATION_STYLE_ASSIGNMENT (( #2869 ) ) ;
#1504 = CARTESIAN_POINT ( 'NONE',  ( 1.250000000000000000, 0.000000000000000000, 2.250000000000000444 ) ) ;
#1505 = EDGE_CURVE ( 'NONE', #4340, #2000, #1677, .T. ) ;
#1506 = DIRECTION ( 'NONE',  ( -1.000000000000000000, 0.000000000000000000, -0.000000000000000000 ) ) ;
#1507 = CARTESIAN_POINT ( 'NONE',  ( -0.5000000000000000000, 0.06000000000000000472, -1.500000000000000000 ) ) ;
#1508 = EDGE_CURVE ( 'NONE', #4716, #4812, #223, .T. ) ;
#1509 = SURFACE_STYLE_FILL_AREA ( #8276 ) ;
#1510 = AXIS2_PLACEMENT_3D ( 'NONE', #4092, #7882, #2515 ) ;
#1511 = SURFACE_STYLE_FILL_AREA ( #8369 ) ;
#1512 = ADVANCED_FACE ( 'NONE', ( #1771 ), #4850, .T. ) ;
#1513 = AXIS2_PLACEMENT_3D ( 'NONE', #9711, #5319, #6086 ) ;
#1514 = ORIENTED_EDGE ( 'NONE', *, *, #5940, .F. ) ;
#1515 = ORIENTED_EDGE ( 'NONE', *, *, #6624, .T. ) ;
#1516 = SURFACE_STYLE_FILL_AREA ( #5982 ) ;
#1517 = EDGE_LOOP ( 'NONE', ( #6515, #5204, #6626, #44 ) ) ;
#1518 = CARTESIAN_POINT ( 'NONE',  ( -0.3750000000000000000, -0.04000000000000000083, 2.250000000000000444 ) ) ;
#1519 = MECHANICAL_DESIGN_GEOMETRIC_PRESENTATION_REPRESENTATION (  '', ( #6976 ), #7118 ) ;
#1520 = SURFACE_SIDE_STYLE ('',( #8378 ) ) ;
#1521 = VECTOR ( 'NONE', #1751, 1000.000000000000000 ) ;
#1522 = CARTESIAN_POINT ( 'NONE',  ( -1.149999999999999911, 0.8750000000000000000, -2.149999999999999911 ) ) ;
#1523 = PRESENTATION_STYLE_ASSIGNMENT (( #8380 ) ) ;
#1524 = ORIENTED_EDGE ( 'NONE', *, *, #8292, .T. ) ;
#1525 = UNCERTAINTY_MEASURE_WITH_UNIT (LENGTH_MEASURE( 1.000000000000000082E-05 ), #3197, 'distance_accuracy_value', 'NONE');
#1526 = STYLED_ITEM ( 'NONE', ( #2221 ), #2808 ) ;
#1527 = DIRECTION ( 'NONE',  ( 0.000000000000000000, 0.000000000000000000, -1.000000000000000000 ) ) ;
#1528 = PRESENTATION_LAYER_ASSIGNMENT (  '', '', ( #5859 ) ) ;
#1529 = FACE_OUTER_BOUND ( 'NONE', #4319, .T. ) ;
#1530 = CARTESIAN_POINT ( 'NONE',  ( 0.000000000000000000, 0.000000000000000000, -1.375000000000000000 ) ) ;
#1531 = EDGE_CURVE ( 'NONE', #8742, #6237, #2341, .T. ) ;
#1532 = ORIENTED_EDGE ( 'NONE', *, *, #669, .T. ) ;
#1533 = FILL_AREA_STYLE_COLOUR ( '', #6490 ) ;
#1534 = ORIENTED_EDGE ( 'NONE', *, *, #8231, .T. ) ;
#1535 = CARTESIAN_POINT ( 'NONE',  ( -0.9749999999999999778, -0.04000000000000000083, -0.7500000000000000000 ) ) ;
#1536 = DIRECTION ( 'NONE',  ( 1.000000000000000000, 0.000000000000000000, 0.000000000000000000 ) ) ;
#1537 = VECTOR ( 'NONE', #6088, 1000.000000000000000 ) ;
#1538 = EDGE_LOOP ( 'NONE', ( #644, #5321, #9011, #8657 ) ) ;
#1539 = UNCERTAINTY_MEASURE_WITH_UNIT (LENGTH_MEASURE( 1.000000000000000082E-05 ), #7693, 'distance_accuracy_value', 'NONE');
#1540 =( GEOMETRIC_REPRESENTATION_CONTEXT ( 3 ) GLOBAL_UNCERTAINTY_ASSIGNED_CONTEXT ( ( #557 ) ) GLOBAL_UNIT_ASSIGNED_CONTEXT ( ( #1397, #2167, #3049 ) ) REPRESENTATION_CONTEXT ( 'NONE', 'WORKASPACE' ) );
#1541 =( NAMED_UNIT ( * ) SI_UNIT ( $, .STERADIAN. ) SOLID_ANGLE_UNIT ( ) );
#1542 = SURFACE_STYLE_USAGE ( .BOTH. , #5199 ) ;
#1543 = DIRECTION ( 'NONE',  ( 0.000000000000000000, 0.000000000000000000, -1.000000000000000000 ) ) ;
#1544 = ORIENTED_EDGE ( 'NONE', *, *, #4079, .F. ) ;
#1545 = SURFACE_STYLE_FILL_AREA ( #2913 ) ;
#1546 = VERTEX_POINT ( 'NONE', #8403 ) ;
#1547 =( GEOMETRIC_REPRESENTATION_CONTEXT ( 3 ) GLOBAL_UNCERTAINTY_ASSIGNED_CONTEXT ( ( #7057 ) ) GLOBAL_UNIT_ASSIGNED_CONTEXT ( ( #1657, #7773, #925 ) ) REPRESENTATION_CONTEXT ( 'NONE', 'WORKASPACE' ) );
#1548 =( NAMED_UNIT ( * ) SI_UNIT ( $, .STERADIAN. ) SOLID_ANGLE_UNIT ( ) );
#1549 = CARTESIAN_POINT ( 'NONE',  ( -0.9749999999999999778, 0.000000000000000000, -1.250000000000000000 ) ) ;
#1550 = ORIENTED_EDGE ( 'NONE', *, *, #9379, .F. ) ;
#1551 = DIRECTION ( 'NONE',  ( 0.000000000000000000, -1.000000000000000000, 0.000000000000000000 ) ) ;
#1552 = LINE ( 'NONE', #2285, #6185 ) ;
#1553 = PLANE ( 'NONE',  #9079 ) ;
#1554 = UNCERTAINTY_MEASURE_WITH_UNIT (LENGTH_MEASURE( 1.000000000000000082E-05 ), #2429, 'distance_accuracy_value', 'NONE');
#1555 = ORIENTED_EDGE ( 'NONE', *, *, #7324, .T. ) ;
#1556 = LINE ( 'NONE', #14, #1229 ) ;
#1557 = STYLED_ITEM ( 'NONE', ( #9755 ), #415 ) ;
#1558 = EDGE_CURVE ( 'NONE', #3052, #7150, #8384, .T. ) ;
#1559 = COLOUR_RGB ( '',0.8313725490196077761, 0.8313725490196077761, 0.8313725490196077761 ) ;
#1560 = EDGE_CURVE ( 'NONE', #2743, #8601, #4733, .T. ) ;
#1561 =( GEOMETRIC_REPRESENTATION_CONTEXT ( 3 ) GLOBAL_UNCERTAINTY_ASSIGNED_CONTEXT ( ( #9721 ) ) GLOBAL_UNIT_ASSIGNED_CONTEXT ( ( #5608, #7899, #4863 ) ) REPRESENTATION_CONTEXT ( 'NONE', 'WORKASPACE' ) );
#1562 = LINE ( 'NONE', #3260, #6966 ) ;
#1563 = VECTOR ( 'NONE', #7589, 1000.000000000000000 ) ;
#1564 = SURFACE_STYLE_FILL_AREA ( #2396 ) ;
#1565 = LINE ( 'NONE', #6431, #5019 ) ;
#1566 = AXIS2_PLACEMENT_3D ( 'NONE', #5092, #3428, #7392 ) ;
#1567 = CARTESIAN_POINT ( 'NONE',  ( -0.9749999999999999778, -0.04000000000000000083, -1.625000000000000222 ) ) ;
#1568 = SURFACE_SIDE_STYLE ('',( #3078 ) ) ;
#1569 = CARTESIAN_POINT ( 'NONE',  ( 1.250000000000000000, 0.2000000000000000111, -0.1250000000000000000 ) ) ;
#1570 = ORIENTED_EDGE ( 'NONE', *, *, #4138, .T. ) ;
#1571 = PRESENTATION_STYLE_ASSIGNMENT (( #8479 ) ) ;
#1572 = ORIENTED_EDGE ( 'NONE', *, *, #8881, .T. ) ;
#1573 = CARTESIAN_POINT ( 'NONE',  ( -0.9749999999999999778, 0.1749999999999999889, -0.7500000000000000000 ) ) ;
#1574 = PRESENTATION_LAYER_ASSIGNMENT (  '', '', ( #623 ) ) ;
#1575 = STYLED_ITEM ( 'NONE', ( #3806 ), #7555 ) ;
#1576 = DIRECTION ( 'NONE',  ( 1.000000000000000000, 0.000000000000000000, 0.000000000000000000 ) ) ;
#1577 = DIRECTION ( 'NONE',  ( 0.000000000000000000, 0.000000000000000000, 1.000000000000000000 ) ) ;
#1578 = FILL_AREA_STYLE_COLOUR ( '', #890 ) ;
#1579 = ORIENTED_EDGE ( 'NONE', *, *, #884, .T. ) ;
#1580 = EDGE_CURVE ( 'NONE', #9811, #4131, #6961, .T. ) ;
#1581 = FACE_OUTER_BOUND ( 'NONE', #1517, .T. ) ;
#1582 = PRESENTATION_STYLE_ASSIGNMENT (( #8336 ) ) ;
#1583 = AXIS2_PLACEMENT_3D ( 'NONE', #3988, #1073, #9195 ) ;
#1584 = AXIS2_PLACEMENT_3D ( 'NONE', #6684, #6538, #3620 ) ;
#1585 = FILL_AREA_STYLE ('',( #8439 ) ) ;
#1586 = VERTEX_POINT ( 'NONE', #6914 ) ;
#1587 = FILL_AREA_STYLE ('',( #9318 ) ) ;
#1588 = LINE ( 'NONE', #7748, #799 ) ;
#1589 = ORIENTED_EDGE ( 'NONE', *, *, #7381, .F. ) ;
#1590 = AXIS2_PLACEMENT_3D ( 'NONE', #518, #6639, #9657 ) ;
#1591 = AXIS2_PLACEMENT_3D ( 'NONE', #1602, #7714, #6369 ) ;
#1592 = EDGE_CURVE ( 'NONE', #6965, #4764, #5460, .T. ) ;
#1593 = DIRECTION ( 'NONE',  ( -0.000000000000000000, 1.000000000000000000, 0.000000000000000000 ) ) ;
#1594 = CARTESIAN_POINT ( 'NONE',  ( -1.207735026918962395, 0.9327350269189628174, 2.207735026918962618 ) ) ;
#1595 = STYLED_ITEM ( 'NONE', ( #7142 ), #9465 ) ;
#1596 = VECTOR ( 'NONE', #577, 1000.000000000000000 ) ;
#1597 = ORIENTED_EDGE ( 'NONE', *, *, #386, .T. ) ;
#1598 = CARTESIAN_POINT ( 'NONE',  ( -1.250000000000000000, 0.000000000000000000, 0.1250000000000000000 ) ) ;
#1599 = PLANE ( 'NONE',  #6690 ) ;
#1600 = ORIENTED_EDGE ( 'NONE', *, *, #4165, .T. ) ;
#1601 = ORIENTED_EDGE ( 'NONE', *, *, #6601, .T. ) ;
#1602 = CARTESIAN_POINT ( 'NONE',  ( 0.9749999999999999778, 0.1749999999999999889, -0.7500000000000000000 ) ) ;
#1603 = VERTEX_POINT ( 'NONE', #3822 ) ;
#1604 = ORIENTED_EDGE ( 'NONE', *, *, #6301, .T. ) ;
#1605 = DIRECTION ( 'NONE',  ( 0.000000000000000000, -0.000000000000000000, 1.000000000000000000 ) ) ;
#1606 = PRESENTATION_LAYER_ASSIGNMENT (  '', '', ( #2222 ) ) ;
#1607 = DIRECTION ( 'NONE',  ( -1.000000000000000000, 0.000000000000000000, -0.000000000000000000 ) ) ;
#1608 =( NAMED_UNIT ( * ) PLANE_ANGLE_UNIT ( ) SI_UNIT ( $, .RADIAN. ) );
#1609 = MECHANICAL_DESIGN_GEOMETRIC_PRESENTATION_REPRESENTATION (  '', ( #2230 ), #5135 ) ;
#1610 = EDGE_CURVE ( 'NONE', #9286, #4023, #6069, .T. ) ;
#1611 = LINE ( 'NONE', #869, #3007 ) ;
#1612 = ORIENTED_EDGE ( 'NONE', *, *, #1855, .F. ) ;
#1613 = ADVANCED_FACE ( 'NONE', ( #7667 ), #3285, .T. ) ;
#1614 = LINE ( 'NONE', #21, #8935 ) ;
#1615 = DIRECTION ( 'NONE',  ( 0.000000000000000000, -0.000000000000000000, 1.000000000000000000 ) ) ;
#1616 = DIRECTION ( 'NONE',  ( -1.000000000000000000, 0.000000000000000000, -0.000000000000000000 ) ) ;
#1617 = CARTESIAN_POINT ( 'NONE',  ( 0.000000000000000000, 0.9749999999999999778, 0.000000000000000000 ) ) ;
#1618 =( NAMED_UNIT ( * ) SI_UNIT ( $, .STERADIAN. ) SOLID_ANGLE_UNIT ( ) );
#1619 = ORIENTED_EDGE ( 'NONE', *, *, #582, .F. ) ;
#1620 = EDGE_CURVE ( 'NONE', #7757, #3596, #1645, .T. ) ;
#1621 = PRESENTATION_STYLE_ASSIGNMENT (( #6190 ) ) ;
#1622 = ADVANCED_FACE ( 'NONE', ( #6161 ), #158, .F. ) ;
#1623 = EDGE_LOOP ( 'NONE', ( #9057, #2631, #7194, #6929 ) ) ;
#1624 = PRESENTATION_STYLE_ASSIGNMENT (( #785 ) ) ;
#1625 =( NAMED_UNIT ( * ) PLANE_ANGLE_UNIT ( ) SI_UNIT ( $, .RADIAN. ) );
#1626 = DIRECTION ( 'NONE',  ( 0.000000000000000000, 0.000000000000000000, -1.000000000000000000 ) ) ;
#1627 = COLOUR_RGB ( '',0.8313725490196077761, 0.8313725490196077761, 0.8313725490196077761 ) ;
#1628 = COLOUR_RGB ( '',0.8313725490196077761, 0.8313725490196077761, 0.8313725490196077761 ) ;
#1629 = ORIENTED_EDGE ( 'NONE', *, *, #1508, .T. ) ;
#1630 = LINE ( 'NONE', #7840, #6236 ) ;
#1631 = DIRECTION ( 'NONE',  ( -1.000000000000000000, -0.000000000000000000, -0.000000000000000000 ) ) ;
#1632 = DIRECTION ( 'NONE',  ( 0.000000000000000000, 0.000000000000000000, -1.000000000000000000 ) ) ;
#1633 = LINE ( 'NONE', #6859, #7529 ) ;
#1634 = CARTESIAN_POINT ( 'NONE',  ( 1.250000000000000000, 0.000000000000000000, -0.6250000000000000000 ) ) ;
#1635 = VERTEX_POINT ( 'NONE', #4677 ) ;
#1636 = UNCERTAINTY_MEASURE_WITH_UNIT (LENGTH_MEASURE( 1.000000000000000082E-05 ), #8835, 'distance_accuracy_value', 'NONE');
#1637 = FILL_AREA_STYLE ('',( #8493 ) ) ;
#1638 = PRESENTATION_STYLE_ASSIGNMENT (( #845 ) ) ;
#1639 = CARTESIAN_POINT ( 'NONE',  ( 0.9749999999999999778, 0.000000000000000000, 0.3750000000000000000 ) ) ;
#1640 = ORIENTED_EDGE ( 'NONE', *, *, #7918, .T. ) ;
#1641 = EDGE_CURVE ( 'NONE', #6035, #6776, #1562, .T. ) ;
#1642 = FACE_OUTER_BOUND ( 'NONE', #2571, .T. ) ;
#1643 = AXIS2_PLACEMENT_3D ( 'NONE', #8547, #5604, #7803 ) ;
#1644 = ORIENTED_EDGE ( 'NONE', *, *, #8647, .T. ) ;
#1645 = LINE ( 'NONE', #4717, #1373 ) ;
#1646 = UNCERTAINTY_MEASURE_WITH_UNIT (LENGTH_MEASURE( 1.000000000000000082E-05 ), #7953, 'distance_accuracy_value', 'NONE');
#1647 = ORIENTED_EDGE ( 'NONE', *, *, #7638, .T. ) ;
#1648 = FACE_OUTER_BOUND ( 'NONE', #7045, .T. ) ;
#1649 =( LENGTH_UNIT ( ) NAMED_UNIT ( * ) SI_UNIT ( .MILLI., .METRE. ) );
#1650 = DIRECTION ( 'NONE',  ( -0.7071067811865475727, 0.000000000000000000, -0.7071067811865475727 ) ) ;
#1651 = DIRECTION ( 'NONE',  ( 0.7071067811865475727, 0.000000000000000000, -0.7071067811865475727 ) ) ;
#1652 = STYLED_ITEM ( 'NONE', ( #6531 ), #1424 ) ;
#1653 = DIRECTION ( 'NONE',  ( 0.000000000000000000, 1.000000000000000000, 0.000000000000000000 ) ) ;
#1654 = FACE_OUTER_BOUND ( 'NONE', #8849, .T. ) ;
#1655 = EDGE_CURVE ( 'NONE', #2917, #7517, #9344, .T. ) ;
#1656 = AXIS2_PLACEMENT_3D ( 'NONE', #5082, #5776, #3418 ) ;
#1657 =( LENGTH_UNIT ( ) NAMED_UNIT ( * ) SI_UNIT ( .MILLI., .METRE. ) );
#1658 = PLANE ( 'NONE',  #7374 ) ;
#1659 =( NAMED_UNIT ( * ) PLANE_ANGLE_UNIT ( ) SI_UNIT ( $, .RADIAN. ) );
#1660 = SURFACE_STYLE_FILL_AREA ( #9355 ) ;
#1661 = DIRECTION ( 'NONE',  ( 0.000000000000000000, 0.000000000000000000, -1.000000000000000000 ) ) ;
#1662 =( GEOMETRIC_REPRESENTATION_CONTEXT ( 3 ) GLOBAL_UNCERTAINTY_ASSIGNED_CONTEXT ( ( #8164 ) ) GLOBAL_UNIT_ASSIGNED_CONTEXT ( ( #233, #3102, #5452 ) ) REPRESENTATION_CONTEXT ( 'NONE', 'WORKASPACE' ) );
#1663 =( LENGTH_UNIT ( ) NAMED_UNIT ( * ) SI_UNIT ( .MILLI., .METRE. ) );
#1664 = ORIENTED_EDGE ( 'NONE', *, *, #8323, .T. ) ;
#1665 = CARTESIAN_POINT ( 'NONE',  ( 1.205718880800480619, 0.8211389613474360250, 2.294659952694483085 ) ) ;
#1666 = ORIENTED_EDGE ( 'NONE', *, *, #3465, .T. ) ;
#1667 = CIRCLE ( 'NONE', #8853, 0.1250000000000001110 ) ;
#1668 = CARTESIAN_POINT ( 'NONE',  ( -0.3750000000000000000, 0.000000000000000000, -1.975000000000000089 ) ) ;
#1669 = VERTEX_POINT ( 'NONE', #2495 ) ;
#1670 = AXIS2_PLACEMENT_3D ( 'NONE', #7713, #9137, #3762 ) ;
#1671 = FILL_AREA_STYLE ('',( #1578 ) ) ;
#1672 = SURFACE_SIDE_STYLE ('',( #3189 ) ) ;
#1673 = CARTESIAN_POINT ( 'NONE',  ( -1.211381300126908922, 0.8783027194376277214, -2.258521061192351187 ) ) ;
#1674 = ADVANCED_FACE ( 'NONE', ( #7106 ), #6230, .T. ) ;
#1675 = EDGE_CURVE ( 'NONE', #7615, #1131, #2628, .T. ) ;
#1676 = AXIS2_PLACEMENT_3D ( 'NONE', #3731, #2932, #4444 ) ;
#1677 = LINE ( 'NONE', #2416, #8696 ) ;
#1678 = PRESENTATION_LAYER_ASSIGNMENT (  '', '', ( #5364 ) ) ;
#1679 = DIRECTION ( 'NONE',  ( 0.000000000000000000, 0.000000000000000000, -1.000000000000000000 ) ) ;
#1680 = EDGE_LOOP ( 'NONE', ( #75, #3036, #2322, #88 ) ) ;
#1681 = VERTEX_POINT ( 'NONE', #964 ) ;
#1682 = SURFACE_SIDE_STYLE ('',( #9221 ) ) ;
#1683 = PLANE ( 'NONE',  #7987 ) ;
#1684 = DIRECTION ( 'NONE',  ( 0.000000000000000000, -0.000000000000000000, -1.000000000000000000 ) ) ;
#1685 = DIRECTION ( 'NONE',  ( 0.000000000000000000, 0.000000000000000000, -1.000000000000000000 ) ) ;
#1686 = ORIENTED_EDGE ( 'NONE', *, *, #4195, .F. ) ;
#1687 = SURFACE_SIDE_STYLE ('',( #6265 ) ) ;
#1688 = PRESENTATION_LAYER_ASSIGNMENT (  '', '', ( #8717 ) ) ;
#1689 = EDGE_CURVE ( 'NONE', #5175, #4155, #3140, .T. ) ;
#1690 = LINE ( 'NONE', #3344, #435 ) ;
#1691 = CARTESIAN_POINT ( 'NONE',  ( 0.000000000000000000, 0.000000000000000000, -1.875000000000000000 ) ) ;
#1692 = VERTEX_POINT ( 'NONE', #8610 ) ;
#1693 = CARTESIAN_POINT ( 'NONE',  ( -1.250000000000000000, 0.1749999999999999889, 1.875000000000000000 ) ) ;
#1694 = ORIENTED_EDGE ( 'NONE', *, *, #5722, .F. ) ;
#1695 = FILL_AREA_STYLE ('',( #4715 ) ) ;
#1696 = VERTEX_POINT ( 'NONE', #1752 ) ;
#1697 =( GEOMETRIC_REPRESENTATION_CONTEXT ( 3 ) GLOBAL_UNCERTAINTY_ASSIGNED_CONTEXT ( ( #3659 ) ) GLOBAL_UNIT_ASSIGNED_CONTEXT ( ( #7250, #7361, #1884 ) ) REPRESENTATION_CONTEXT ( 'NONE', 'WORKASPACE' ) );
#1698 = EDGE_CURVE ( 'NONE', #5741, #7843, #1008, .T. ) ;
#1699 = DIRECTION ( 'NONE',  ( 0.000000000000000000, 1.000000000000000000, 0.000000000000000000 ) ) ;
#1700 = ADVANCED_FACE ( 'NONE', ( #8558 ), #2350, .F. ) ;
#1701 = CIRCLE ( 'NONE', #2494, 0.1250000000000000000 ) ;
#1702 = CARTESIAN_POINT ( 'NONE',  ( 0.5000000000000000000, 0.1000000000000000056, -1.500000000000000000 ) ) ;
#1703 = CARTESIAN_POINT ( 'NONE',  ( 0.000000000000000000, 0.000000000000000000, 1.125000000000000222 ) ) ;
#1704 = CARTESIAN_POINT ( 'NONE',  ( 0.9749999999999999778, -0.04000000000000000083, 0.8750000000000000000 ) ) ;
#1705 = ORIENTED_EDGE ( 'NONE', *, *, #9259, .T. ) ;
#1706 = ORIENTED_EDGE ( 'NONE', *, *, #8418, .T. ) ;
#1707 = AXIS2_PLACEMENT_3D ( 'NONE', #8652, #3399, #1741 ) ;
#1708 = VECTOR ( 'NONE', #2381, 1000.000000000000000 ) ;
#1709 = DIRECTION ( 'NONE',  ( -1.000000000000000000, 0.000000000000000000, 0.000000000000000000 ) ) ;
#1710 =( NAMED_UNIT ( * ) SI_UNIT ( $, .STERADIAN. ) SOLID_ANGLE_UNIT ( ) );
#1711 = VECTOR ( 'NONE', #6043, 1000.000000000000000 ) ;
#1712 = ADVANCED_FACE ( 'NONE', ( #4070 ), #253, .F. ) ;
#1713 = CARTESIAN_POINT ( 'NONE',  ( -0.3750000000000000000, -0.04000000000000000083, -2.250000000000000444 ) ) ;
#1714 = DIRECTION ( 'NONE',  ( -0.000000000000000000, 1.000000000000000000, 0.000000000000000000 ) ) ;
#1715 = AXIS2_PLACEMENT_3D ( 'NONE', #2700, #8211, #6727 ) ;
#1716 = CARTESIAN_POINT ( 'NONE',  ( 0.000000000000000000, 0.000000000000000000, -0.3750000000000000000 ) ) ;
#1717 = MECHANICAL_DESIGN_GEOMETRIC_PRESENTATION_REPRESENTATION (  '', ( #8905 ), #9531 ) ;
#1718 = ORIENTED_EDGE ( 'NONE', *, *, #2010, .F. ) ;
#1719 =( NAMED_UNIT ( * ) PLANE_ANGLE_UNIT ( ) SI_UNIT ( $, .RADIAN. ) );
#1720 = LINE ( 'NONE', #1668, #9608 ) ;
#1721 = EDGE_LOOP ( 'NONE', ( #5378, #1304, #2601, #311 ) ) ;
#1722 = DIRECTION ( 'NONE',  ( 0.000000000000000000, 0.000000000000000000, 1.000000000000000000 ) ) ;
#1723 = VECTOR ( 'NONE', #7473, 1000.000000000000000 ) ;
#1724 = FACE_OUTER_BOUND ( 'NONE', #1110, .T. ) ;
#1725 = ORIENTED_EDGE ( 'NONE', *, *, #9617, .T. ) ;
#1726 = EDGE_CURVE ( 'NONE', #9733, #8249, #8863, .T. ) ;
#1727 = ORIENTED_EDGE ( 'NONE', *, *, #4689, .T. ) ;
#1728 = ADVANCED_FACE ( 'NONE', ( #7769 ), #6973, .T. ) ;
#1729 = DIRECTION ( 'NONE',  ( 0.5773502691896236216, 0.5773502691896257311, -0.5773502691896279515 ) ) ;
#1730 = DIRECTION ( 'NONE',  ( -0.000000000000000000, -1.000000000000000000, 0.000000000000000000 ) ) ;
#1731 = ORIENTED_EDGE ( 'NONE', *, *, #9618, .T. ) ;
#1732 = UNCERTAINTY_MEASURE_WITH_UNIT (LENGTH_MEASURE( 1.000000000000000082E-05 ), #4584, 'distance_accuracy_value', 'NONE');
#1733 = COLOUR_RGB ( '',0.8313725490196077761, 0.8313725490196077761, 0.8313725490196077761 ) ;
#1734 = VECTOR ( 'NONE', #7007, 1000.000000000000000 ) ;
#1735 = FILL_AREA_STYLE ('',( #286 ) ) ;
#1736 = ORIENTED_EDGE ( 'NONE', *, *, #1413, .F. ) ;
#1737 =( NAMED_UNIT ( * ) SI_UNIT ( $, .STERADIAN. ) SOLID_ANGLE_UNIT ( ) );
#1738 = ORIENTED_EDGE ( 'NONE', *, *, #2480, .T. ) ;
#1739 = ORIENTED_EDGE ( 'NONE', *, *, #5195, .F. ) ;
#1740 = AXIS2_PLACEMENT_3D ( 'NONE', #3306, #5464, #2546 ) ;
#1741 = DIRECTION ( 'NONE',  ( 0.000000000000000000, 0.000000000000000000, -1.000000000000000000 ) ) ;
#1742 = VECTOR ( 'NONE', #8406, 1000.000000000000000 ) ;
#1743 = ADVANCED_FACE ( 'NONE', ( #7320 ), #9598, .T. ) ;
#1744 = SURFACE_SIDE_STYLE ('',( #3211 ) ) ;
#1745 = UNCERTAINTY_MEASURE_WITH_UNIT (LENGTH_MEASURE( 1.000000000000000082E-05 ), #3113, 'distance_accuracy_value', 'NONE');
#1746 = VERTEX_POINT ( 'NONE', #8660 ) ;
#1747 = SURFACE_STYLE_USAGE ( .BOTH. , #6466 ) ;
#1748 = MECHANICAL_DESIGN_GEOMETRIC_PRESENTATION_REPRESENTATION (  '', ( #4501 ), #9082 ) ;
#1749 = DIRECTION ( 'NONE',  ( 0.000000000000000000, 0.000000000000000000, -1.000000000000000000 ) ) ;
#1750 = LINE ( 'NONE', #8554, #1918 ) ;
#1751 = DIRECTION ( 'NONE',  ( -0.000000000000000000, -0.000000000000000000, 1.000000000000000000 ) ) ;
#1752 = CARTESIAN_POINT ( 'NONE',  ( 1.149999999999999911, 0.9197213595499957872, -2.239442719099991486 ) ) ;
#1753 = VECTOR ( 'NONE', #9772, 1000.000000000000000 ) ;
#1754 = FILL_AREA_STYLE_COLOUR ( '', #6228 ) ;
#1755 = AXIS2_PLACEMENT_3D ( 'NONE', #5696, #7842, #1684 ) ;
#1756 = DIRECTION ( 'NONE',  ( 0.000000000000000000, 0.000000000000000000, 1.000000000000000000 ) ) ;
#1757 = VERTEX_POINT ( 'NONE', #4280 ) ;
#1758 = VERTEX_POINT ( 'NONE', #5662 ) ;
#1759 = ADVANCED_FACE ( 'NONE', ( #6580 ), #2750, .T. ) ;
#1760 =( LENGTH_UNIT ( ) NAMED_UNIT ( * ) SI_UNIT ( .MILLI., .METRE. ) );
#1761 = DIRECTION ( 'NONE',  ( 0.000000000000000000, -1.000000000000000000, 0.000000000000000000 ) ) ;
#1762 = AXIS2_PLACEMENT_3D ( 'NONE', #7060, #4121, #3977 ) ;
#1763 = CARTESIAN_POINT ( 'NONE',  ( -0.3750000000000000555, 0.000000000000000000, -2.250000000000000444 ) ) ;
#1764 = VERTEX_POINT ( 'NONE', #4183 ) ;
#1765 = PRESENTATION_STYLE_ASSIGNMENT (( #5827 ) ) ;
#1766 = ORIENTED_EDGE ( 'NONE', *, *, #1395, .T. ) ;
#1767 = EDGE_CURVE ( 'NONE', #8497, #687, #3464, .T. ) ;
#1768 = FILL_AREA_STYLE ('',( #8630 ) ) ;
#1769 = PLANE ( 'NONE',  #4248 ) ;
#1770 = CARTESIAN_POINT ( 'NONE',  ( 0.9749999999999999778, 0.000000000000000000, -1.625000000000000222 ) ) ;
#1771 = FACE_OUTER_BOUND ( 'NONE', #3061, .T. ) ;
#1772 = DIRECTION ( 'NONE',  ( 0.000000000000000000, -1.000000000000000000, -0.000000000000000000 ) ) ;
#1773 = ORIENTED_EDGE ( 'NONE', *, *, #7594, .F. ) ;
#1774 = SURFACE_STYLE_USAGE ( .BOTH. , #1682 ) ;
#1775 = DIRECTION ( 'NONE',  ( -0.000000000000000000, -1.000000000000000000, -0.000000000000000000 ) ) ;
#1776 = LINE ( 'NONE', #2525, #966 ) ;
#1777 = ORIENTED_EDGE ( 'NONE', *, *, #7998, .T. ) ;
#1778 = DIRECTION ( 'NONE',  ( -1.000000000000000000, 0.000000000000000000, 0.000000000000000000 ) ) ;
#1779 = PRESENTATION_LAYER_ASSIGNMENT (  '', '', ( #6116 ) ) ;
#1780 = DIRECTION ( 'NONE',  ( 0.000000000000000000, -1.000000000000000000, 0.000000000000000000 ) ) ;
#1781 = ORIENTED_EDGE ( 'NONE', *, *, #4835, .F. ) ;
#1782 = DIRECTION ( 'NONE',  ( 0.000000000000000000, 0.000000000000000000, -1.000000000000000000 ) ) ;
#1783 = VERTEX_POINT ( 'NONE', #1211 ) ;
#1784 = ORIENTED_EDGE ( 'NONE', *, *, #3789, .F. ) ;
#1785 = STYLED_ITEM ( 'NONE', ( #3670 ), #3115 ) ;
#1786 = ORIENTED_EDGE ( 'NONE', *, *, #5501, .T. ) ;
#1787 = ORIENTED_EDGE ( 'NONE', *, *, #7437, .F. ) ;
#1788 = SURFACE_STYLE_USAGE ( .BOTH. , #1744 ) ;
#1789 = CARTESIAN_POINT ( 'NONE',  ( -0.1249999999999999167, 0.000000000000000000, 2.250000000000000444 ) ) ;
#1790 = CARTESIAN_POINT ( 'NONE',  ( -0.9749999999999999778, -0.04000000000000000083, -0.3750000000000000000 ) ) ;
#1791 =( GEOMETRIC_REPRESENTATION_CONTEXT ( 3 ) GLOBAL_UNCERTAINTY_ASSIGNED_CONTEXT ( ( #948 ) ) GLOBAL_UNIT_ASSIGNED_CONTEXT ( ( #756, #1232, #8674 ) ) REPRESENTATION_CONTEXT ( 'NONE', 'WORKASPACE' ) );
#1792 = EDGE_CURVE ( 'NONE', #7309, #9243, #8563, .T. ) ;
#1793 = CARTESIAN_POINT ( 'NONE',  ( 1.250000000000000000, 0.000000000000000000, 0.6250000000000001110 ) ) ;
#1794 = ADVANCED_FACE ( 'NONE', ( #1847 ), #9487, .T. ) ;
#1795 = DIRECTION ( 'NONE',  ( 1.000000000000000000, 0.000000000000000000, -0.000000000000000000 ) ) ;
#1796 = LINE ( 'NONE', #201, #9851 ) ;
#1797 = DIRECTION ( 'NONE',  ( -0.000000000000000000, -1.000000000000000000, -0.000000000000000000 ) ) ;
#1798 = ORIENTED_EDGE ( 'NONE', *, *, #6173, .T. ) ;
#1799 = FACE_OUTER_BOUND ( 'NONE', #7960, .T. ) ;
#1800 = ORIENTED_EDGE ( 'NONE', *, *, #6901, .F. ) ;
#1801 = DIRECTION ( 'NONE',  ( -1.000000000000000000, 0.000000000000000000, -0.000000000000000000 ) ) ;
#1802 = MECHANICAL_DESIGN_GEOMETRIC_PRESENTATION_REPRESENTATION (  '', ( #3910 ), #4239 ) ;
#1803 = DIRECTION ( 'NONE',  ( 0.000000000000000000, -1.000000000000000000, 0.000000000000000000 ) ) ;
#1804 = ADVANCED_FACE ( 'NONE', ( #4973, #5618 ), #402, .F. ) ;
#1805 = FACE_BOUND ( 'NONE', #5376, .T. ) ;
#1806 = AXIS2_PLACEMENT_3D ( 'NONE', #1617, #1714, #210 ) ;
#1807 = AXIS2_PLACEMENT_3D ( 'NONE', #5718, #1014, #4836 ) ;
#1808 = VERTEX_POINT ( 'NONE', #9117 ) ;
#1809 = CARTESIAN_POINT ( 'NONE',  ( -1.149999999999999911, 0.9749999999999999778, 0.000000000000000000 ) ) ;
#1810 = ORIENTED_EDGE ( 'NONE', *, *, #6525, .F. ) ;
#1811 = ORIENTED_EDGE ( 'NONE', *, *, #5060, .T. ) ;
#1812 = CARTESIAN_POINT ( 'NONE',  ( 0.000000000000000000, 0.2000000000000000111, 0.000000000000000000 ) ) ;
#1813 = VECTOR ( 'NONE', #1626, 1000.000000000000000 ) ;
#1814 = ADVANCED_FACE ( 'NONE', ( #4376 ), #1312, .F. ) ;
#1815 = LINE ( 'NONE', #6486, #8556 ) ;
#1816 = LINE ( 'NONE', #2413, #5344 ) ;
#1817 = STYLED_ITEM ( 'NONE', ( #4391 ), #5115 ) ;
#1818 = EDGE_CURVE ( 'NONE', #9703, #6113, #3798, .T. ) ;
#1819 =( NAMED_UNIT ( * ) PLANE_ANGLE_UNIT ( ) SI_UNIT ( $, .RADIAN. ) );
#1820 =( LENGTH_UNIT ( ) NAMED_UNIT ( * ) SI_UNIT ( .MILLI., .METRE. ) );
#1821 = ORIENTED_EDGE ( 'NONE', *, *, #1465, .T. ) ;
#1822 = COLOUR_RGB ( '',0.8313725490196077761, 0.8313725490196077761, 0.8313725490196077761 ) ;
#1823 = CARTESIAN_POINT ( 'NONE',  ( -0.3750000000000000000, 0.2000000000000000111, -1.975000000000000089 ) ) ;
#1824 = DIRECTION ( 'NONE',  ( -0.7071067811865474617, 0.000000000000000000, 0.7071067811865474617 ) ) ;
#1825 = VERTEX_POINT ( 'NONE', #2575 ) ;
#1826 = UNCERTAINTY_MEASURE_WITH_UNIT (LENGTH_MEASURE( 1.000000000000000082E-05 ), #6247, 'distance_accuracy_value', 'NONE');
#1827 = PRESENTATION_LAYER_ASSIGNMENT (  '', '', ( #1372 ) ) ;
#1828 = CYLINDRICAL_SURFACE ( 'NONE', #9803, 0.1250000000000000000 ) ;
#1829 = FACE_OUTER_BOUND ( 'NONE', #4405, .T. ) ;
#1830 = ORIENTED_EDGE ( 'NONE', *, *, #4209, .F. ) ;
#1831 = LINE ( 'NONE', #99, #2767 ) ;
#1833 = EDGE_LOOP ( 'NONE', ( #1258, #4220, #7677, #7329 ) ) ;
#1832 = DIRECTION ( 'NONE',  ( 0.000000000000000000, -0.000000000000000000, -1.000000000000000000 ) ) ;
#1834 = VECTOR ( 'NONE', #1772, 1000.000000000000000 ) ;
#1835 = DIRECTION ( 'NONE',  ( 0.000000000000000000, 0.000000000000000000, 1.000000000000000000 ) ) ;
#1836 = LINE ( 'NONE', #3348, #2833 ) ;
#1837 = ORIENTED_EDGE ( 'NONE', *, *, #7257, .F. ) ;
#1838 = LINE ( 'NONE', #342, #921 ) ;
#1839 = EDGE_LOOP ( 'NONE', ( #5553, #1429, #2227, #2204 ) ) ;
#1840 = UNCERTAINTY_MEASURE_WITH_UNIT (LENGTH_MEASURE( 1.000000000000000082E-05 ), #931, 'distance_accuracy_value', 'NONE');
#1841 = ORIENTED_EDGE ( 'NONE', *, *, #1381, .T. ) ;
#1842 = VECTOR ( 'NONE', #2315, 1000.000000000000000 ) ;
#1843 = CARTESIAN_POINT ( 'NONE',  ( 0.5000000000000000000, 0.1000000000000000056, 0.000000000000000000 ) ) ;
#1844 =( NAMED_UNIT ( * ) SI_UNIT ( $, .STERADIAN. ) SOLID_ANGLE_UNIT ( ) );
#1845 = SURFACE_SIDE_STYLE ('',( #8066 ) ) ;
#1846 = VECTOR ( 'NONE', #9363, 1000.000000000000000 ) ;
#1847 = FACE_OUTER_BOUND ( 'NONE', #3666, .T. ) ;
#1848 = CARTESIAN_POINT ( 'NONE',  ( -0.1250000000000000000, 0.000000000000000000, -1.975000000000000089 ) ) ;
#1849 = CARTESIAN_POINT ( 'NONE',  ( -1.250000000000000000, 0.2000000000000000111, 0.8750000000000000000 ) ) ;
#1850 = AXIS2_PLACEMENT_3D ( 'NONE', #5361, #3930, #7063 ) ;
#1851 = DIRECTION ( 'NONE',  ( 0.000000000000000000, -1.000000000000000000, -0.000000000000000000 ) ) ;
#1852 = ORIENTED_EDGE ( 'NONE', *, *, #1610, .F. ) ;
#1853 = LINE ( 'NONE', #5623, #9847 ) ;
#1854 = VERTEX_POINT ( 'NONE', #478 ) ;
#1855 = EDGE_CURVE ( 'NONE', #6237, #7251, #6599, .T. ) ;
#1856 = EDGE_CURVE ( 'NONE', #5930, #990, #4915, .T. ) ;
#1857 = DIRECTION ( 'NONE',  ( -0.000000000000000000, -0.000000000000000000, 1.000000000000000000 ) ) ;
#1858 = VECTOR ( 'NONE', #5137, 1000.000000000000000 ) ;
#1859 = LINE ( 'NONE', #4934, #3997 ) ;
#1860 = SURFACE_STYLE_USAGE ( .BOTH. , #1323 ) ;
#1861 = DIRECTION ( 'NONE',  ( 0.000000000000000000, 0.000000000000000000, 1.000000000000000000 ) ) ;
#1862 = CARTESIAN_POINT ( 'NONE',  ( -0.9628654280788480069, 0.9749999999999999778, -2.060350222450541668 ) ) ;
#1863 = AXIS2_PLACEMENT_3D ( 'NONE', #7963, #2539, #7807 ) ;
#1864 = VECTOR ( 'NONE', #7820, 1000.000000000000000 ) ;
#1865 = ORIENTED_EDGE ( 'NONE', *, *, #6937, .T. ) ;
#1866 = ADVANCED_FACE ( 'NONE', ( #8185 ), #3632, .T. ) ;
#1867 = DIRECTION ( 'NONE',  ( -1.000000000000000000, 0.000000000000000000, -0.000000000000000000 ) ) ;
#1868 =( LENGTH_UNIT ( ) NAMED_UNIT ( * ) SI_UNIT ( .MILLI., .METRE. ) );
#1869 = CARTESIAN_POINT ( 'NONE',  ( -0.9749999999999999778, -0.04000000000000000083, 1.125000000000000222 ) ) ;
#1870 = AXIS2_PLACEMENT_3D ( 'NONE', #7438, #3429, #6492 ) ;
#1871 = VECTOR ( 'NONE', #5552, 1000.000000000000000 ) ;
#1872 = FILL_AREA_STYLE_COLOUR ( '', #8893 ) ;
#1873 = CARTESIAN_POINT ( 'NONE',  ( 0.000000000000000000, 0.1749999999999999889, 0.000000000000000000 ) ) ;
#1874 = CARTESIAN_POINT ( 'NONE',  ( -0.9749999999999999778, -0.04000000000000000083, -1.375000000000000000 ) ) ;
#1875 = ORIENTED_EDGE ( 'NONE', *, *, #7793, .F. ) ;
#1876 = VECTOR ( 'NONE', #3931, 1000.000000000000000 ) ;
#1877 = MECHANICAL_DESIGN_GEOMETRIC_PRESENTATION_REPRESENTATION (  '', ( #7497 ), #8753 ) ;
#1878 = DIRECTION ( 'NONE',  ( 0.000000000000000000, 0.000000000000000000, 1.000000000000000000 ) ) ;
#1879 = EDGE_LOOP ( 'NONE', ( #6354, #3656, #4339, #9207, #6717, #1302 ) ) ;
#1880 = FILL_AREA_STYLE_COLOUR ( '', #7908 ) ;
#1881 = DIRECTION ( 'NONE',  ( 0.000000000000000000, -1.000000000000000000, 0.000000000000000000 ) ) ;
#1882 = VECTOR ( 'NONE', #6469, 1000.000000000000000 ) ;
#1883 = FACE_OUTER_BOUND ( 'NONE', #3272, .T. ) ;
#1885 = ORIENTED_EDGE ( 'NONE', *, *, #170, .T. ) ;
#1884 =( NAMED_UNIT ( * ) SI_UNIT ( $, .STERADIAN. ) SOLID_ANGLE_UNIT ( ) );
#1886 = CARTESIAN_POINT ( 'NONE',  ( -0.5999999999999999778, 0.06000000000000000472, 1.600000000000000089 ) ) ;
#1887 = ORIENTED_EDGE ( 'NONE', *, *, #6408, .F. ) ;
#1888 = DIRECTION ( 'NONE',  ( 0.000000000000000000, -1.000000000000000000, 0.000000000000000000 ) ) ;
#1889 = VERTEX_POINT ( 'NONE', #6644 ) ;
#1890 = CARTESIAN_POINT ( 'NONE',  ( -0.9749999999999999778, -0.04000000000000000083, -0.8750000000000000000 ) ) ;
#1891 = ORIENTED_EDGE ( 'NONE', *, *, #9610, .T. ) ;
#1892 = EDGE_CURVE ( 'NONE', #7251, #7405, #4439, .T. ) ;
#1893 = CARTESIAN_POINT ( 'NONE',  ( 1.250000000000000000, 0.000000000000000000, -2.250000000000000444 ) ) ;
#1894 =( GEOMETRIC_REPRESENTATION_CONTEXT ( 3 ) GLOBAL_UNCERTAINTY_ASSIGNED_CONTEXT ( ( #5462 ) ) GLOBAL_UNIT_ASSIGNED_CONTEXT ( ( #2263, #2314, #9871 ) ) REPRESENTATION_CONTEXT ( 'NONE', 'WORKASPACE' ) );
#1895 = VECTOR ( 'NONE', #7700, 1000.000000000000000 ) ;
#1896 = PLANE ( 'NONE',  #2379 ) ;
#1897 = LINE ( 'NONE', #1161, #7834 ) ;
#1898 = CARTESIAN_POINT ( 'NONE',  ( -0.9749999999999999778, 0.2000000000000000111, 1.375000000000000000 ) ) ;
#1899 = DIRECTION ( 'NONE',  ( 1.000000000000000000, 0.000000000000000000, 0.000000000000000000 ) ) ;
#1900 = CARTESIAN_POINT ( 'NONE',  ( 0.9749999999999999778, -0.04000000000000000083, 0.3750000000000000000 ) ) ;
#1901 = AXIS2_PLACEMENT_3D ( 'NONE', #6128, #1803, #7028 ) ;
#1902 = ORIENTED_EDGE ( 'NONE', *, *, #6233, .T. ) ;
#1903 = SURFACE_SIDE_STYLE ('',( #6475 ) ) ;
#1904 = VERTEX_POINT ( 'NONE', #567 ) ;
#1905 = PRESENTATION_STYLE_ASSIGNMENT (( #1126 ) ) ;
#1906 = DIRECTION ( 'NONE',  ( -0.000000000000000000, -1.000000000000000000, -0.000000000000000000 ) ) ;
#1907 = PRESENTATION_LAYER_ASSIGNMENT (  '', '', ( #5119 ) ) ;
#1908 = VECTOR ( 'NONE', #3510, 1000.000000000000000 ) ;
#1909 = ADVANCED_FACE ( 'NONE', ( #4252 ), #7391, .T. ) ;
#1910 = EDGE_CURVE ( 'NONE', #3522, #9550, #2821, .T. ) ;
#1911 = CARTESIAN_POINT ( 'NONE',  ( -1.250000000000000000, 0.000000000000000000, -0.3749999999999998890 ) ) ;
#1912 = LINE ( 'NONE', #4987, #3088 ) ;
#1913 = STYLED_ITEM ( 'NONE', ( #7647 ), #9410 ) ;
#1914 = FILL_AREA_STYLE ('',( #6445 ) ) ;
#1915 = DIRECTION ( 'NONE',  ( -0.7071067811865474617, 0.000000000000000000, 0.7071067811865474617 ) ) ;
#1916 = SURFACE_SIDE_STYLE ('',( #901 ) ) ;
#1917 =( GEOMETRIC_REPRESENTATION_CONTEXT ( 3 ) GLOBAL_UNCERTAINTY_ASSIGNED_CONTEXT ( ( #2542 ) ) GLOBAL_UNIT_ASSIGNED_CONTEXT ( ( #2282, #5353, #6912 ) ) REPRESENTATION_CONTEXT ( 'NONE', 'WORKASPACE' ) );
#1918 = VECTOR ( 'NONE', #6372, 1000.000000000000000 ) ;
#1919 = CARTESIAN_POINT ( 'NONE',  ( 0.9749999999999999778, 0.000000000000000000, -1.375000000000000000 ) ) ;
#1920 = EDGE_CURVE ( 'NONE', #4727, #5444, #3687, .T. ) ;
#1921 = PRESENTATION_STYLE_ASSIGNMENT (( #9569 ) ) ;
#1922 = ADVANCED_FACE ( 'NONE', ( #5374 ), #3732, .F. ) ;
#1923 = VERTEX_POINT ( 'NONE', #825 ) ;
#1924 = ORIENTED_EDGE ( 'NONE', *, *, #6336, .T. ) ;
#1925 = ORIENTED_EDGE ( 'NONE', *, *, #7, .F. ) ;
#1926 = DIRECTION ( 'NONE',  ( 0.000000000000000000, -0.000000000000000000, 1.000000000000000000 ) ) ;
#1927 = DIRECTION ( 'NONE',  ( 0.000000000000000000, -1.000000000000000000, 0.000000000000000000 ) ) ;
#1928 = ORIENTED_EDGE ( 'NONE', *, *, #117, .F. ) ;
#1929 = UNCERTAINTY_MEASURE_WITH_UNIT (LENGTH_MEASURE( 1.000000000000000082E-05 ), #7940, 'distance_accuracy_value', 'NONE');
#1930 = DIRECTION ( 'NONE',  ( 0.000000000000000000, 0.000000000000000000, 1.000000000000000000 ) ) ;
#1931 = DIRECTION ( 'NONE',  ( -1.000000000000000000, 0.000000000000000000, -0.000000000000000000 ) ) ;
#1932 = CARTESIAN_POINT ( 'NONE',  ( 1.250000000000000000, 0.000000000000000000, 1.625000000000000222 ) ) ;
#1933 = EDGE_CURVE ( 'NONE', #1681, #1452, #711, .T. ) ;
#1934 = ORIENTED_EDGE ( 'NONE', *, *, #9190, .T. ) ;
#1935 = CARTESIAN_POINT ( 'NONE',  ( 0.000000000000000000, 0.000000000000000000, 1.875000000000000000 ) ) ;
#1936 = PLANE ( 'NONE',  #7146 ) ;
#1937 = EDGE_LOOP ( 'NONE', ( #3181, #4767, #8326, #8248 ) ) ;
#1938 = VERTEX_POINT ( 'NONE', #4509 ) ;
#1939 = DIRECTION ( 'NONE',  ( 0.000000000000000000, -0.000000000000000000, -1.000000000000000000 ) ) ;
#1940 = DIRECTION ( 'NONE',  ( -0.000000000000000000, -1.000000000000000000, -0.000000000000000000 ) ) ;
#1941 = ORIENTED_EDGE ( 'NONE', *, *, #7525, .F. ) ;
#1942 = SURFACE_SIDE_STYLE ('',( #5912 ) ) ;
#1943 = DIRECTION ( 'NONE',  ( 0.000000000000000000, 0.000000000000000000, 1.000000000000000000 ) ) ;
#1944 = EDGE_CURVE ( 'NONE', #5797, #7757, #3131, .T. ) ;
#1945 = DIRECTION ( 'NONE',  ( 1.000000000000000000, 0.000000000000000000, -0.000000000000000000 ) ) ;
#1946 = EDGE_CURVE ( 'NONE', #3572, #2831, #6791, .T. ) ;
#1947 = CARTESIAN_POINT ( 'NONE',  ( 0.5999999999999999778, 0.06000000000000000472, -1.600000000000000089 ) ) ;
#1948 = PLANE ( 'NONE',  #5651 ) ;
#1949 = LINE ( 'NONE', #4288, #2602 ) ;
#1950 = CIRCLE ( 'NONE', #3391, 0.1250000000000001110 ) ;
#1951 = VERTEX_POINT ( 'NONE', #2203 ) ;
#1952 = PRESENTATION_STYLE_ASSIGNMENT (( #1860 ) ) ;
#1953 =( NAMED_UNIT ( * ) PLANE_ANGLE_UNIT ( ) SI_UNIT ( $, .RADIAN. ) );
#1954 = LINE ( 'NONE', #2660, #3854 ) ;
#1955 = CARTESIAN_POINT ( 'NONE',  ( 0.3750000000000000000, 0.2000000000000000111, 2.250000000000000444 ) ) ;
#1956 = VECTOR ( 'NONE', #1797, 1000.000000000000000 ) ;
#1957 = DIRECTION ( 'NONE',  ( 0.000000000000000000, 0.000000000000000000, 1.000000000000000000 ) ) ;
#1958 = VECTOR ( 'NONE', #316, 1000.000000000000000 ) ;
#1959 = DIRECTION ( 'NONE',  ( -1.000000000000000000, 0.000000000000000000, -0.000000000000000000 ) ) ;
#1960 = DIRECTION ( 'NONE',  ( 1.000000000000000000, 0.000000000000000000, 0.000000000000000000 ) ) ;
#1961 = STYLED_ITEM ( 'NONE', ( #2339 ), #1472 ) ;
#1962 = DIRECTION ( 'NONE',  ( -1.000000000000000000, 0.000000000000000000, 0.000000000000000000 ) ) ;
#1963 = SURFACE_STYLE_USAGE ( .BOTH. , #8816 ) ;
#1964 = VERTEX_POINT ( 'NONE', #3034 ) ;
#1965 = CARTESIAN_POINT ( 'NONE',  ( -0.3750000000000000000, 0.000000000000000000, -2.250000000000000444 ) ) ;
#1966 = ORIENTED_EDGE ( 'NONE', *, *, #1689, .T. ) ;
#1967 = PRESENTATION_STYLE_ASSIGNMENT (( #2524 ) ) ;
#1968 = FACE_OUTER_BOUND ( 'NONE', #8924, .T. ) ;
#1969 = ORIENTED_EDGE ( 'NONE', *, *, #8279, .T. ) ;
#1970 = EDGE_CURVE ( 'NONE', #3793, #7253, #8569, .T. ) ;
#1971 = EDGE_CURVE ( 'NONE', #1223, #4962, #6836, .T. ) ;
#1972 = SURFACE_STYLE_FILL_AREA ( #8005 ) ;
#1973 = VECTOR ( 'NONE', #5509, 1000.000000000000000 ) ;
#1974 = DIRECTION ( 'NONE',  ( 0.000000000000000000, 0.000000000000000000, -1.000000000000000000 ) ) ;
#1975 = ORIENTED_EDGE ( 'NONE', *, *, #1531, .T. ) ;
#1976 = LINE ( 'NONE', #4958, #2264 ) ;
#1977 = SURFACE_STYLE_USAGE ( .BOTH. , #5853 ) ;
#1978 = MECHANICAL_DESIGN_GEOMETRIC_PRESENTATION_REPRESENTATION (  '', ( #2789 ), #1662 ) ;
#1979 = ORIENTED_EDGE ( 'NONE', *, *, #7656, .T. ) ;
#1980 = EDGE_LOOP ( 'NONE', ( #58, #7145, #9174, #9619 ) ) ;
#1981 = ORIENTED_EDGE ( 'NONE', *, *, #6844, .F. ) ;
#1982 = SURFACE_STYLE_USAGE ( .BOTH. , #496 ) ;
#1983 = CARTESIAN_POINT ( 'NONE',  ( 1.250000000000000000, 0.000000000000000000, -1.125000000000000222 ) ) ;
#1984 = EDGE_CURVE ( 'NONE', #7432, #2040, #1391, .T. ) ;
#1985 = CARTESIAN_POINT ( 'NONE',  ( 0.3750000000000000000, 0.2000000000000000111, 1.975000000000000089 ) ) ;
#1986 = DIRECTION ( 'NONE',  ( 0.000000000000000000, -0.000000000000000000, 1.000000000000000000 ) ) ;
#1987 = PRESENTATION_LAYER_ASSIGNMENT (  '', '', ( #1210 ) ) ;
#1988 =( NAMED_UNIT ( * ) SI_UNIT ( $, .STERADIAN. ) SOLID_ANGLE_UNIT ( ) );
#1989 = SURFACE_SIDE_STYLE ('',( #4483 ) ) ;
#1990 = VECTOR ( 'NONE', #563, 1000.000000000000000 ) ;
#1991 = CARTESIAN_POINT ( 'NONE',  ( -0.5999999999999999778, 0.06000000000000000472, 0.000000000000000000 ) ) ;
#1992 = ORIENTED_EDGE ( 'NONE', *, *, #3904, .F. ) ;
#1993 = LINE ( 'NONE', #2133, #5174 ) ;
#1994 = EDGE_LOOP ( 'NONE', ( #6192, #1969, #1195, #2210 ) ) ;
#1995 = CARTESIAN_POINT ( 'NONE',  ( 1.250000000000000000, 0.000000000000000000, 2.250000000000000444 ) ) ;
#1996 = ORIENTED_EDGE ( 'NONE', *, *, #3794, .T. ) ;
#1997 = DIRECTION ( 'NONE',  ( 0.000000000000000000, 1.000000000000000000, -0.000000000000000000 ) ) ;
#1998 = CIRCLE ( 'NONE', #9019, 0.1249999999999998890 ) ;
#1999 = STYLED_ITEM ( 'NONE', ( #6467 ), #4774 ) ;
#2000 = VERTEX_POINT ( 'NONE', #5320 ) ;
#2001 = EDGE_CURVE ( 'NONE', #1669, #5283, #912, .T. ) ;
#2002 = CARTESIAN_POINT ( 'NONE',  ( 1.250000000000000000, 0.1749999999999999889, 1.125000000000000222 ) ) ;
#2003 = FILL_AREA_STYLE_COLOUR ( '', #6170 ) ;
#2004 = COLOUR_RGB ( '',0.8313725490196077761, 0.8313725490196077761, 0.8313725490196077761 ) ;
#2005 = CARTESIAN_POINT ( 'NONE',  ( 0.9749999999999999778, 0.1749999999999999889, -1.875000000000000000 ) ) ;
#2006 = DIRECTION ( 'NONE',  ( 0.000000000000000000, 1.000000000000000000, 0.000000000000000000 ) ) ;
#2007 = VECTOR ( 'NONE', #5226, 1000.000000000000000 ) ;
#2008 = PRESENTATION_STYLE_ASSIGNMENT (( #6594 ) ) ;
#2009 = VECTOR ( 'NONE', #5737, 1000.000000000000000 ) ;
#2010 = EDGE_CURVE ( 'NONE', #9811, #7243, #9352, .T. ) ;
#2011 = CARTESIAN_POINT ( 'NONE',  ( 0.9749999999999999778, 0.1749999999999999889, -1.750000000000000000 ) ) ;
#2012 = CARTESIAN_POINT ( 'NONE',  ( -0.3250000000000000666, -2.710505431213761085E-17, -1.324999999999999956 ) ) ;
#2013 = DIRECTION ( 'NONE',  ( 0.000000000000000000, 0.000000000000000000, 1.000000000000000000 ) ) ;
#2014 =( NAMED_UNIT ( * ) SI_UNIT ( $, .STERADIAN. ) SOLID_ANGLE_UNIT ( ) );
#2015 = CARTESIAN_POINT ( 'NONE',  ( 0.9749999999999999778, 0.000000000000000000, -1.625000000000000222 ) ) ;
#2016 = AXIS2_PLACEMENT_3D ( 'NONE', #6573, #4868, #9591 ) ;
#2017 = DIRECTION ( 'NONE',  ( -0.000000000000000000, 1.000000000000000000, 0.000000000000000000 ) ) ;
#2018 = VECTOR ( 'NONE', #9853, 1000.000000000000000 ) ;
#2019 = VERTEX_POINT ( 'NONE', #4644 ) ;
#2020 = PLANE ( 'NONE',  #4441 ) ;
#2021 = CARTESIAN_POINT ( 'NONE',  ( -0.9749999999999999778, 0.1749999999999999889, 1.375000000000000000 ) ) ;
#2022 = ORIENTED_EDGE ( 'NONE', *, *, #7795, .T. ) ;
#2023 = CARTESIAN_POINT ( 'NONE',  ( -1.250000000000000000, 0.000000000000000000, 1.875000000000000000 ) ) ;
#2024 = COLOUR_RGB ( '',0.8313725490196077761, 0.8313725490196077761, 0.8313725490196077761 ) ;
#2025 = DIRECTION ( 'NONE',  ( 0.000000000000000000, 1.000000000000000000, 0.000000000000000000 ) ) ;
#2026 =( LENGTH_UNIT ( ) NAMED_UNIT ( * ) SI_UNIT ( .MILLI., .METRE. ) );
#2027 = APPLICATION_PROTOCOL_DEFINITION ( 'draft international standard', 'automotive_design', 1998, #9514 ) ;
#2028 = CARTESIAN_POINT ( 'NONE',  ( 0.1250000000000000000, 0.000000000000000000, 1.975000000000000089 ) ) ;
#2029 = ORIENTED_EDGE ( 'NONE', *, *, #784, .T. ) ;
#2030 = CARTESIAN_POINT ( 'NONE',  ( 0.000000000000000000, 0.000000000000000000, -0.6250000000000000000 ) ) ;
#2031 = PRESENTATION_LAYER_ASSIGNMENT (  '', '', ( #6374 ) ) ;
#2032 = ADVANCED_FACE ( 'NONE', ( #3079 ), #7684, .T. ) ;
#2033 = ORIENTED_EDGE ( 'NONE', *, *, #1944, .F. ) ;
#2034 = EDGE_CURVE ( 'NONE', #3474, #5857, #628, .T. ) ;
#2035 = DIRECTION ( 'NONE',  ( -1.000000000000000000, -0.000000000000000000, -0.000000000000000000 ) ) ;
#2036 = EDGE_LOOP ( 'NONE', ( #3160, #4459, #269, #1579 ) ) ;
#2037 = ORIENTED_EDGE ( 'NONE', *, *, #8544, .T. ) ;
#2038 = CARTESIAN_POINT ( 'NONE',  ( -1.250000000000000000, 0.1749999999999999889, 0.3749999999999998890 ) ) ;
#2039 = CARTESIAN_POINT ( 'NONE',  ( -1.250000000000000000, 0.000000000000000000, -0.1250000000000000000 ) ) ;
#2040 = VERTEX_POINT ( 'NONE', #7176 ) ;
#2041 = UNCERTAINTY_MEASURE_WITH_UNIT (LENGTH_MEASURE( 1.000000000000000082E-05 ), #1649, 'distance_accuracy_value', 'NONE');
#2042 = CARTESIAN_POINT ( 'NONE',  ( 0.9749999999999999778, -0.04000000000000000083, -0.2500000000000000000 ) ) ;
#2043 = COLOUR_RGB ( '',0.8313725490196077761, 0.8313725490196077761, 0.8313725490196077761 ) ;
#2044 = CARTESIAN_POINT ( 'NONE',  ( -0.8244632538532928878, 0.9749999999999999778, -1.870822553217770690 ) ) ;
#2045 = CARTESIAN_POINT ( 'NONE',  ( -0.1499999999999999667, 0.06000000000000001166, -1.500000000000000000 ) ) ;
#2046 = EDGE_LOOP ( 'NONE', ( #646, #3378, #8738, #7591 ) ) ;
#2047 = PLANE ( 'NONE',  #5030 ) ;
#2048 = ADVANCED_FACE ( 'NONE', ( #7876 ), #3269, .F. ) ;
#2049 = CARTESIAN_POINT ( 'NONE',  ( -1.250000000000000000, -0.04000000000000000083, -0.3750000000000000000 ) ) ;
#2050 = PLANE ( 'NONE',  #2652 ) ;
#2051 =( GEOMETRIC_REPRESENTATION_CONTEXT ( 3 ) GLOBAL_UNCERTAINTY_ASSIGNED_CONTEXT ( ( #9336 ) ) GLOBAL_UNIT_ASSIGNED_CONTEXT ( ( #3554, #8971, #6660 ) ) REPRESENTATION_CONTEXT ( 'NONE', 'WORKASPACE' ) );
#2052 = VECTOR ( 'NONE', #1536, 1000.000000000000000 ) ;
#2053 = PLANE ( 'NONE',  #3618 ) ;
#2054 = MECHANICAL_DESIGN_GEOMETRIC_PRESENTATION_REPRESENTATION (  '', ( #2692 ), #8918 ) ;
#2055 = PRESENTATION_LAYER_ASSIGNMENT (  '', '', ( #7993 ) ) ;
#2056 = CARTESIAN_POINT ( 'NONE',  ( 0.000000000000000000, 0.1749999999999999889, -1.625000000000000222 ) ) ;
#2057 = EDGE_CURVE ( 'NONE', #7090, #7170, #933, .T. ) ;
#2058 = ORIENTED_EDGE ( 'NONE', *, *, #8707, .F. ) ;
#2059 = CIRCLE ( 'NONE', #7830, 0.1000000000000000472 ) ;
#2060 = FACE_OUTER_BOUND ( 'NONE', #1980, .T. ) ;
#2061 = CARTESIAN_POINT ( 'NONE',  ( -1.250000000000000000, 0.000000000000000000, 0.3750000000000000555 ) ) ;
#2062 = SURFACE_STYLE_FILL_AREA ( #3427 ) ;
#2063 = FILL_AREA_STYLE_COLOUR ( '', #3488 ) ;
#2064 = VECTOR ( 'NONE', #3745, 1000.000000000000000 ) ;
#2065 = VECTOR ( 'NONE', #8783, 1000.000000000000000 ) ;
#2066 = EDGE_CURVE ( 'NONE', #5622, #5079, #7075, .T. ) ;
#2067 = COLOUR_RGB ( '',0.8313725490196077761, 0.8313725490196077761, 0.8313725490196077761 ) ;
#2068 = CARTESIAN_POINT ( 'NONE',  ( 0.9749999999999999778, 0.1749999999999999889, 1.125000000000000222 ) ) ;
#2069 = DIRECTION ( 'NONE',  ( 0.000000000000000000, 0.000000000000000000, 1.000000000000000000 ) ) ;
#2070 =( NAMED_UNIT ( * ) PLANE_ANGLE_UNIT ( ) SI_UNIT ( $, .RADIAN. ) );
#2071 = DIRECTION ( 'NONE',  ( 1.000000000000000000, 0.000000000000000000, 0.000000000000000000 ) ) ;
#2072 = LINE ( 'NONE', #6704, #1084 ) ;
#2073 = CARTESIAN_POINT ( 'NONE',  ( 0.5999999999999999778, 0.1000000000000000056, 1.600000000000000089 ) ) ;
#2074 = VERTEX_POINT ( 'NONE', #5629 ) ;
#2075 =( GEOMETRIC_REPRESENTATION_CONTEXT ( 3 ) GLOBAL_UNCERTAINTY_ASSIGNED_CONTEXT ( ( #6876 ) ) GLOBAL_UNIT_ASSIGNED_CONTEXT ( ( #2634, #240, #8599 ) ) REPRESENTATION_CONTEXT ( 'NONE', 'WORKASPACE' ) );
#2076 = DIRECTION ( 'NONE',  ( 0.000000000000000000, 1.000000000000000000, 0.000000000000000000 ) ) ;
#2077 = UNCERTAINTY_MEASURE_WITH_UNIT (LENGTH_MEASURE( 1.000000000000000082E-05 ), #8928, 'distance_accuracy_value', 'NONE');
#2078 = PLANE ( 'NONE',  #1116 ) ;
#2079 = EDGE_CURVE ( 'NONE', #6519, #5607, #6983, .T. ) ;
#2080 = AXIS2_PLACEMENT_3D ( 'NONE', #6739, #9756, #5471 ) ;
#2081 = ORIENTED_EDGE ( 'NONE', *, *, #1286, .F. ) ;
#2082 = ORIENTED_EDGE ( 'NONE', *, *, #1592, .F. ) ;
#2083 = ORIENTED_EDGE ( 'NONE', *, *, #1892, .F. ) ;
#2084 = CARTESIAN_POINT ( 'NONE',  ( 0.000000000000000000, 0.000000000000000000, 0.000000000000000000 ) ) ;
#2085 = LINE ( 'NONE', #5157, #8234 ) ;
#2086 = EDGE_LOOP ( 'NONE', ( #3162, #9169, #1152, #6159, #8745 ) ) ;
#2087 = CARTESIAN_POINT ( 'NONE',  ( -1.250000000000000000, 0.2000000000000000111, -0.1250000000000000000 ) ) ;
#2088 = CARTESIAN_POINT ( 'NONE',  ( -0.1250000000000000000, -0.04000000000000000083, -1.975000000000000089 ) ) ;
#2089 = SURFACE_STYLE_USAGE ( .BOTH. , #1989 ) ;
#2090 = FACE_OUTER_BOUND ( 'NONE', #7930, .T. ) ;
#2091 = ORIENTED_EDGE ( 'NONE', *, *, #34, .T. ) ;
#2092 = CARTESIAN_POINT ( 'NONE',  ( 1.250000000000000000, 0.000000000000000000, -0.8750000000000000000 ) ) ;
#2093 = DIRECTION ( 'NONE',  ( -0.000000000000000000, 1.000000000000000000, -0.000000000000000000 ) ) ;
#2094 = SURFACE_STYLE_FILL_AREA ( #6681 ) ;
#2095 = DIRECTION ( 'NONE',  ( 1.000000000000000000, 0.000000000000000000, -0.000000000000000000 ) ) ;
#2096 = CARTESIAN_POINT ( 'NONE',  ( 0.000000000000000000, 0.2000000000000000111, 0.000000000000000000 ) ) ;
#2097 = VERTEX_POINT ( 'NONE', #3991 ) ;
#2098 =( NAMED_UNIT ( * ) PLANE_ANGLE_UNIT ( ) SI_UNIT ( $, .RADIAN. ) );
#2099 = EDGE_CURVE ( 'NONE', #4667, #1825, #4137, .T. ) ;
#2100 = FACE_OUTER_BOUND ( 'NONE', #2635, .T. ) ;
#2101 = AXIS2_PLACEMENT_3D ( 'NONE', #746, #6010, #9087 ) ;
#2102 = ORIENTED_EDGE ( 'NONE', *, *, #2294, .T. ) ;
#2103 = FACE_OUTER_BOUND ( 'NONE', #4522, .T. ) ;
#2104 = DIRECTION ( 'NONE',  ( 0.000000000000000000, -0.000000000000000000, 1.000000000000000000 ) ) ;
#2105 = DIRECTION ( 'NONE',  ( 1.000000000000000000, 0.000000000000000000, 0.000000000000000000 ) ) ;
#2106 =( NAMED_UNIT ( * ) PLANE_ANGLE_UNIT ( ) SI_UNIT ( $, .RADIAN. ) );
#2107 = SURFACE_SIDE_STYLE ('',( #5942 ) ) ;
#2108 = EDGE_CURVE ( 'NONE', #9225, #6871, #7032, .T. ) ;
#2109 = SURFACE_SIDE_STYLE ('',( #8963 ) ) ;
#2110 = CARTESIAN_POINT ( 'NONE',  ( 0.3750000000000000000, 0.000000000000000000, 0.000000000000000000 ) ) ;
#2111 = DIRECTION ( 'NONE',  ( 0.000000000000000000, 0.000000000000000000, 1.000000000000000000 ) ) ;
#2112 = DIRECTION ( 'NONE',  ( 0.000000000000000000, 0.000000000000000000, -1.000000000000000000 ) ) ;
#2113 = ORIENTED_EDGE ( 'NONE', *, *, #8679, .F. ) ;
#2114 = EDGE_CURVE ( 'NONE', #173, #8120, #6334, .T. ) ;
#2115 = VECTOR ( 'NONE', #2509, 1000.000000000000000 ) ;
#2116 = CARTESIAN_POINT ( 'NONE',  ( -0.9749999999999999778, 0.1749999999999999889, 1.875000000000000000 ) ) ;
#2117 = FACE_OUTER_BOUND ( 'NONE', #4474, .T. ) ;
#2118 = MECHANICAL_DESIGN_GEOMETRIC_PRESENTATION_REPRESENTATION (  '', ( #6932 ), #7581 ) ;
#2119 = ORIENTED_EDGE ( 'NONE', *, *, #4389, .T. ) ;
#2120 = PRESENTATION_STYLE_ASSIGNMENT (( #1489 ) ) ;
#2121 = SURFACE_STYLE_USAGE ( .BOTH. , #8930 ) ;
#2122 = ORIENTED_EDGE ( 'NONE', *, *, #9276, .F. ) ;
#2123 = ORIENTED_EDGE ( 'NONE', *, *, #9259, .F. ) ;
#2124 = LINE ( 'NONE', #7465, #9338 ) ;
#2125 = ORIENTED_EDGE ( 'NONE', *, *, #4948, .F. ) ;
#2126 =( NAMED_UNIT ( * ) PLANE_ANGLE_UNIT ( ) SI_UNIT ( $, .RADIAN. ) );
#2127 = CARTESIAN_POINT ( 'NONE',  ( 1.184165146386241485, 0.9327350269189628174, 2.231304907451682862 ) ) ;
#2128 = VECTOR ( 'NONE', #5763, 1000.000000000000000 ) ;
#2129 = CARTESIAN_POINT ( 'NONE',  ( -0.9749999999999999778, 0.000000000000000000, 0.6250000000000000000 ) ) ;
#2130 = SURFACE_STYLE_USAGE ( .BOTH. , #5962 ) ;
#2131 = VERTEX_POINT ( 'NONE', #8476 ) ;
#2132 = LINE ( 'NONE', #8171, #9145 ) ;
#2133 = CARTESIAN_POINT ( 'NONE',  ( -0.9749999999999999778, 0.2000000000000000111, 0.3750000000000000000 ) ) ;
#2134 = LINE ( 'NONE', #6014, #8242 ) ;
#2135 = CARTESIAN_POINT ( 'NONE',  ( 0.2500000000000000000, -0.04000000000000000083, 1.975000000000000089 ) ) ;
#2136 = CARTESIAN_POINT ( 'NONE',  ( 0.2500000000000000000, 0.1749999999999999889, -1.975000000000000089 ) ) ;
#2137 = VECTOR ( 'NONE', #6959, 1000.000000000000000 ) ;
#2138 = PRESENTATION_LAYER_ASSIGNMENT (  '', '', ( #9486 ) ) ;
#2139 = STYLED_ITEM ( 'NONE', ( #2359 ), #2756 ) ;
#2140 = DIRECTION ( 'NONE',  ( 1.000000000000000000, 0.000000000000000000, -0.000000000000000000 ) ) ;
#2141 = AXIS2_PLACEMENT_3D ( 'NONE', #4001, #8577, #1722 ) ;
#2142 = DIRECTION ( 'NONE',  ( 0.000000000000000000, 0.000000000000000000, -1.000000000000000000 ) ) ;
#2143 = EDGE_CURVE ( 'NONE', #3570, #6224, #6440, .T. ) ;
#2144 = EDGE_CURVE ( 'NONE', #4384, #6167, #9630, .T. ) ;
#2145 = COLOUR_RGB ( '',0.8313725490196077761, 0.8313725490196077761, 0.8313725490196077761 ) ;
#2146 = DIRECTION ( 'NONE',  ( 1.000000000000000000, 0.000000000000000000, 0.000000000000000000 ) ) ;
#2147 = DIRECTION ( 'NONE',  ( 1.000000000000000000, 0.000000000000000000, 0.000000000000000000 ) ) ;
#2148 = VECTOR ( 'NONE', #8988, 1000.000000000000000 ) ;
#2149 = PRESENTATION_LAYER_ASSIGNMENT (  '', '', ( #1817 ) ) ;
#2150 = PLANE ( 'NONE',  #4088 ) ;
#2151 = STYLED_ITEM ( 'NONE', ( #7690 ), #2973 ) ;
#2152 = CARTESIAN_POINT ( 'NONE',  ( 1.149999999999999911, 0.8750000000000000000, -2.149999999999999911 ) ) ;
#2153 = VERTEX_POINT ( 'NONE', #2453 ) ;
#2154 = VECTOR ( 'NONE', #7779, 1000.000000000000000 ) ;
#2155 = ORIENTED_EDGE ( 'NONE', *, *, #9554, .T. ) ;
#2156 = ADVANCED_FACE ( 'NONE', ( #8572, #1805 ), #7922, .T. ) ;
#2157 = CARTESIAN_POINT ( 'NONE',  ( 1.243309800894466965, 0.9238392649474665985, -2.154368729000465166 ) ) ;
#2158 = EDGE_LOOP ( 'NONE', ( #6058, #3438, #6055, #6297 ) ) ;
#2159 = DIRECTION ( 'NONE',  ( 1.000000000000000000, 0.000000000000000000, 0.000000000000000000 ) ) ;
#2160 = DIRECTION ( 'NONE',  ( 0.000000000000000000, -0.000000000000000000, 1.000000000000000000 ) ) ;
#2161 = LINE ( 'NONE', #4456, #3161 ) ;
#2162 = ORIENTED_EDGE ( 'NONE', *, *, #4347, .F. ) ;
#2163 = CLOSED_SHELL ( 'NONE', ( #4638, #4960, #2742, #2032, #2351, #47 ) ) ;
#2164 = VECTOR ( 'NONE', #8566, 1000.000000000000000 ) ;
#2165 = LINE ( 'NONE', #8435, #8278 ) ;
#2166 = CARTESIAN_POINT ( 'NONE',  ( 0.9749999999999999778, -0.04000000000000000083, 1.250000000000000000 ) ) ;
#2167 =( NAMED_UNIT ( * ) PLANE_ANGLE_UNIT ( ) SI_UNIT ( $, .RADIAN. ) );
#2168 = LINE ( 'NONE', #4273, #9375 ) ;
#2169 = MECHANICAL_DESIGN_GEOMETRIC_PRESENTATION_REPRESENTATION (  '', ( #123 ), #4763 ) ;
#2170 = ORIENTED_EDGE ( 'NONE', *, *, #582, .T. ) ;
#2171 = ORIENTED_EDGE ( 'NONE', *, *, #5919, .F. ) ;
#2172 = PRESENTATION_LAYER_ASSIGNMENT (  '', '', ( #4614 ) ) ;
#2173 = DIRECTION ( 'NONE',  ( -1.000000000000000000, 0.000000000000000000, -0.000000000000000000 ) ) ;
#2174 = FILL_AREA_STYLE ('',( #9028 ) ) ;
#2175 = ORIENTED_EDGE ( 'NONE', *, *, #9706, .T. ) ;
#2176 = CARTESIAN_POINT ( 'NONE',  ( -0.1250000000000000000, -0.04000000000000000083, 1.975000000000000089 ) ) ;
#2177 = CIRCLE ( 'NONE', #1715, 0.1249999999999998890 ) ;
#2178 = FACE_OUTER_BOUND ( 'NONE', #9816, .T. ) ;
#2179 = AXIS2_PLACEMENT_3D ( 'NONE', #5996, #4415, #8155 ) ;
#2180 = CYLINDRICAL_SURFACE ( 'NONE', #5814, 0.1250000000000001110 ) ;
#2181 = VERTEX_POINT ( 'NONE', #5580 ) ;
#2182 = FACE_OUTER_BOUND ( 'NONE', #3689, .T. ) ;
#2183 = EDGE_CURVE ( 'NONE', #9240, #3650, #8624, .T. ) ;
#2184 = CYLINDRICAL_SURFACE ( 'NONE', #5489, 0.1250000000000000000 ) ;
#2185 = CARTESIAN_POINT ( 'NONE',  ( -0.2500000000000000000, 0.000000000000000000, 1.850000000000000089 ) ) ;
#2186 = CARTESIAN_POINT ( 'NONE',  ( -1.250000000000000000, 0.000000000000000000, -1.875000000000000000 ) ) ;
#2187 = DIRECTION ( 'NONE',  ( 0.000000000000000000, 1.000000000000000000, 0.000000000000000000 ) ) ;
#2188 = AXIS2_PLACEMENT_3D ( 'NONE', #9277, #5545, #8643 ) ;
#2189 = CARTESIAN_POINT ( 'NONE',  ( -0.5000000000000000000, 0.1000000000000000056, -1.500000000000000000 ) ) ;
#2190 = PLANE ( 'NONE',  #5820 ) ;
#2191 = AXIS2_PLACEMENT_3D ( 'NONE', #7862, #4975, #303 ) ;
#2192 = AXIS2_PLACEMENT_3D ( 'NONE', #8038, #5637, #3380 ) ;
#2193 = CARTESIAN_POINT ( 'NONE',  ( -0.2500000000000000000, -0.04000000000000000083, -1.850000000000000089 ) ) ;
#2194 = DIRECTION ( 'NONE',  ( 0.000000000000000000, 0.000000000000000000, 1.000000000000000000 ) ) ;
#2195 = DIRECTION ( 'NONE',  ( -0.000000000000000000, -1.000000000000000000, -0.000000000000000000 ) ) ;
#2196 = AXIS2_PLACEMENT_3D ( 'NONE', #7174, #2605, #2709 ) ;
#2197 = CARTESIAN_POINT ( 'NONE',  ( 0.1250000000000000000, 0.000000000000000000, -2.250000000000000444 ) ) ;
#2198 = VECTOR ( 'NONE', #9381, 1000.000000000000000 ) ;
#2199 = STYLED_ITEM ( 'NONE', ( #6819 ), #3490 ) ;
#2200 = SURFACE_STYLE_USAGE ( .BOTH. , #1568 ) ;
#2201 = EDGE_CURVE ( 'NONE', #9762, #3112, #1494, .T. ) ;
#2202 = ADVANCED_FACE ( 'NONE', ( #7728 ), #874, .T. ) ;
#2203 = CARTESIAN_POINT ( 'NONE',  ( 1.250000000000000000, 0.000000000000000000, -0.1250000000000000833 ) ) ;
#2204 = ORIENTED_EDGE ( 'NONE', *, *, #8320, .T. ) ;
#2205 = ORIENTED_EDGE ( 'NONE', *, *, #8958, .T. ) ;
#2206 = LINE ( 'NONE', #1481, #7294 ) ;
#2207 = LINE ( 'NONE', #5284, #8477 ) ;
#2208 = MECHANICAL_DESIGN_GEOMETRIC_PRESENTATION_REPRESENTATION (  '', ( #3356 ), #7826 ) ;
#2210 = ORIENTED_EDGE ( 'NONE', *, *, #3022, .F. ) ;
#2209 =( LENGTH_UNIT ( ) NAMED_UNIT ( * ) SI_UNIT ( .MILLI., .METRE. ) );
#2211 = DIRECTION ( 'NONE',  ( 1.000000000000000000, -0.000000000000000000, 0.000000000000000000 ) ) ;
#2212 = ORIENTED_EDGE ( 'NONE', *, *, #4875, .F. ) ;
#2213 = DIRECTION ( 'NONE',  ( 0.000000000000000000, 0.000000000000000000, 1.000000000000000000 ) ) ;
#2214 = MECHANICAL_DESIGN_GEOMETRIC_PRESENTATION_REPRESENTATION (  '', ( #7537 ), #166 ) ;
#2215 = ADVANCED_FACE ( 'NONE', ( #263 ), #315, .F. ) ;
#2216 = COLOUR_RGB ( '',0.8313725490196077761, 0.8313725490196077761, 0.8313725490196077761 ) ;
#2217 = ADVANCED_FACE ( 'NONE', ( #3179 ), #4883, .F. ) ;
#2218 = DIRECTION ( 'NONE',  ( 0.000000000000000000, -1.000000000000000000, -0.000000000000000000 ) ) ;
#2219 = CARTESIAN_POINT ( 'NONE',  ( 1.250000000000000000, 0.000000000000000000, -1.375000000000000222 ) ) ;
#2220 = AXIS2_PLACEMENT_3D ( 'NONE', #8112, #5864, #4226 ) ;
#2221 = PRESENTATION_STYLE_ASSIGNMENT (( #3861 ) ) ;
#2222 = STYLED_ITEM ( 'NONE', ( #7850 ), #9515 ) ;
#2223 = ORIENTED_EDGE ( 'NONE', *, *, #2183, .F. ) ;
#2224 = FILL_AREA_STYLE_COLOUR ( '', #3029 ) ;
#2225 = LINE ( 'NONE', #9076, #481 ) ;
#2226 =( NAMED_UNIT ( * ) PLANE_ANGLE_UNIT ( ) SI_UNIT ( $, .RADIAN. ) );
#2227 = ORIENTED_EDGE ( 'NONE', *, *, #5293, .T. ) ;
#2228 = CARTESIAN_POINT ( 'NONE',  ( 0.000000000000000000, 0.000000000000000000, 0.000000000000000000 ) ) ;
#2229 = SURFACE_STYLE_FILL_AREA ( #6061 ) ;
#2230 = STYLED_ITEM ( 'NONE', ( #2008 ), #9876 ) ;
#2231 = CARTESIAN_POINT ( 'NONE',  ( 1.250000000000000000, 0.000000000000000000, -0.3750000000000000000 ) ) ;
#2232 = SURFACE_SIDE_STYLE ('',( #5812 ) ) ;
#2233 = ORIENTED_EDGE ( 'NONE', *, *, #8279, .F. ) ;
#2234 = DIRECTION ( 'NONE',  ( 0.000000000000000000, 1.000000000000000000, 0.000000000000000000 ) ) ;
#2235 = VERTEX_POINT ( 'NONE', #2005 ) ;
#2236 = PRESENTATION_STYLE_ASSIGNMENT (( #4668 ) ) ;
#2237 = FACE_OUTER_BOUND ( 'NONE', #8413, .T. ) ;
#2238 = VERTEX_POINT ( 'NONE', #4935 ) ;
#2239 = CARTESIAN_POINT ( 'NONE',  ( 1.250000000000000000, 0.000000000000000000, 0.000000000000000000 ) ) ;
#2240 = CARTESIAN_POINT ( 'NONE',  ( -1.250000000000000000, 0.000000000000000000, 0.8749999999999998890 ) ) ;
#2241 = PRESENTATION_STYLE_ASSIGNMENT (( #5922 ) ) ;
#2242 = CARTESIAN_POINT ( 'NONE',  ( 1.250000000000000000, 0.000000000000000000, 2.149999999999999911 ) ) ;
#2243 = UNCERTAINTY_MEASURE_WITH_UNIT (LENGTH_MEASURE( 1.000000000000000082E-05 ), #3319, 'distance_accuracy_value', 'NONE');
#2244 = ORIENTED_EDGE ( 'NONE', *, *, #6471, .T. ) ;
#2245 = ADVANCED_FACE ( 'NONE', ( #5727 ), #9560, .T. ) ;
#2246 = SURFACE_STYLE_FILL_AREA ( #5362 ) ;
#2247 = SURFACE_SIDE_STYLE ('',( #2293 ) ) ;
#2248 =( BOUNDED_SURFACE ( )  B_SPLINE_SURFACE ( 3, 3, ( 
 ( #9130, #9833, #4423, #8393 ),
 ( #4480, #9740, #3813, #2127 ),
 ( #4528, #6765, #3661, #7562 ),
 ( #4619, #9883, #2276, #3606 ) ),
 .UNSPECIFIED., .F., .F., .T. ) 
 B_SPLINE_SURFACE_WITH_KNOTS ( ( 4, 4 ),
 ( 4, 4 ),
 ( 0.000000000000000000, 1.000000000000000000 ),
 ( 0.000000000000000000, 1.000000000000000000 ),
 .UNSPECIFIED. ) 
 GEOMETRIC_REPRESENTATION_ITEM ( )  RATIONAL_B_SPLINE_SURFACE ( (
 ( 1.000000000000000000, 0.3333333333333292070, 0.3333333333333292070, 1.000000000000000000),
 ( 0.9245018060306380292, 0.3081672686768755498, 0.3081672686768755498, 0.9245018060306380292),
 ( 0.9245018060306380292, 0.3081672686768755498, 0.3081672686768755498, 0.9245018060306380292),
 ( 1.000000000000000000, 0.3333333333333292070, 0.3333333333333292070, 1.000000000000000000) ) ) 
 REPRESENTATION_ITEM ( '' )  SURFACE ( )  );
#2249 = CARTESIAN_POINT ( 'NONE',  ( -1.250000000000000000, 0.1749999999999999889, -0.8749999999999998890 ) ) ;
#2250 =( NAMED_UNIT ( * ) PLANE_ANGLE_UNIT ( ) SI_UNIT ( $, .RADIAN. ) );
#2251 = CARTESIAN_POINT ( 'NONE',  ( 1.250000000000000000, 0.000000000000000000, -0.8749999999999998890 ) ) ;
#2252 = DIRECTION ( 'NONE',  ( 0.000000000000000000, -0.000000000000000000, -1.000000000000000000 ) ) ;
#2253 = ADVANCED_FACE ( 'NONE', ( #2607 ), #2813, .F. ) ;
#2254 = DIRECTION ( 'NONE',  ( -1.000000000000000000, 0.000000000000000000, 0.000000000000000000 ) ) ;
#2255 = ORIENTED_EDGE ( 'NONE', *, *, #5683, .T. ) ;
#2256 = ORIENTED_EDGE ( 'NONE', *, *, #1944, .T. ) ;
#2257 =( LENGTH_UNIT ( ) NAMED_UNIT ( * ) SI_UNIT ( .MILLI., .METRE. ) );
#2258 = LINE ( 'NONE', #3786, #1136 ) ;
#2259 = ORIENTED_EDGE ( 'NONE', *, *, #8320, .F. ) ;
#2260 = CARTESIAN_POINT ( 'NONE',  ( 0.2500000000000000000, -0.04000000000000000083, -1.975000000000000089 ) ) ;
#2261 = ORIENTED_EDGE ( 'NONE', *, *, #7240, .F. ) ;
#2262 = CARTESIAN_POINT ( 'NONE',  ( 0.000000000000000000, 0.000000000000000000, 0.000000000000000000 ) ) ;
#2263 =( LENGTH_UNIT ( ) NAMED_UNIT ( * ) SI_UNIT ( .MILLI., .METRE. ) );
#2264 = VECTOR ( 'NONE', #7200, 1000.000000000000000 ) ;
#2265 = CARTESIAN_POINT ( 'NONE',  ( -1.250000000000000000, 0.000000000000000000, 1.125000000000000222 ) ) ;
#2266 = LINE ( 'NONE', #7596, #8388 ) ;
#2267 = ADVANCED_FACE ( 'NONE', ( #362 ), #2712, .F. ) ;
#2268 = EDGE_LOOP ( 'NONE', ( #5917, #8975, #3369, #802 ) ) ;
#2269 = EDGE_CURVE ( 'NONE', #3992, #8427, #6632, .T. ) ;
#2270 =( NAMED_UNIT ( * ) PLANE_ANGLE_UNIT ( ) SI_UNIT ( $, .RADIAN. ) );
#2271 = PLANE ( 'NONE',  #3999 ) ;
#2272 = AXIS2_PLACEMENT_3D ( 'NONE', #9430, #1782, #8646 ) ;
#2273 = DIRECTION ( 'NONE',  ( 1.000000000000000000, -0.000000000000000000, 0.000000000000000000 ) ) ;
#2274 = ORIENTED_EDGE ( 'NONE', *, *, #9574, .T. ) ;
#2275 = LINE ( 'NONE', #1458, #7163 ) ;
#2276 = CARTESIAN_POINT ( 'NONE',  ( 1.058158727481963712, 1.041934131648606598, 2.174094889548315646 ) ) ;
#2277 = DIRECTION ( 'NONE',  ( -0.000000000000000000, 1.000000000000000000, 0.000000000000000000 ) ) ;
#2278 = DIRECTION ( 'NONE',  ( 1.000000000000000000, 0.000000000000000000, 0.000000000000000000 ) ) ;
#2279 = ORIENTED_EDGE ( 'NONE', *, *, #9695, .T. ) ;
#2280 = FILL_AREA_STYLE_COLOUR ( '', #372 ) ;
#2281 = VERTEX_POINT ( 'NONE', #4293 ) ;
#2282 =( LENGTH_UNIT ( ) NAMED_UNIT ( * ) SI_UNIT ( .MILLI., .METRE. ) );
#2283 = CARTESIAN_POINT ( 'NONE',  ( 0.2500000000000000000, 0.000000000000000000, -1.975000000000000089 ) ) ;
#2284 = PRESENTATION_STYLE_ASSIGNMENT (( #9094 ) ) ;
#2285 = CARTESIAN_POINT ( 'NONE',  ( 0.3750000000000000000, 0.000000000000000000, -2.250000000000000444 ) ) ;
#2286 = PRESENTATION_STYLE_ASSIGNMENT (( #8358 ) ) ;
#2287 = AXIS2_PLACEMENT_3D ( 'NONE', #7603, #743, #6109 ) ;
#2288 = LINE ( 'NONE', #5967, #4328 ) ;
#2289 = ORIENTED_EDGE ( 'NONE', *, *, #3301, .F. ) ;
#2290 =( NAMED_UNIT ( * ) SI_UNIT ( $, .STERADIAN. ) SOLID_ANGLE_UNIT ( ) );
#2291 = DIRECTION ( 'NONE',  ( 0.000000000000000000, 1.000000000000000000, 0.000000000000000000 ) ) ;
#2292 =( NAMED_UNIT ( * ) PLANE_ANGLE_UNIT ( ) SI_UNIT ( $, .RADIAN. ) );
#2293 = SURFACE_STYLE_FILL_AREA ( #6124 ) ;
#2294 = EDGE_CURVE ( 'NONE', #1112, #2599, #472, .T. ) ;
#2295 = CARTESIAN_POINT ( 'NONE',  ( -0.9749999999999999778, -0.04000000000000000083, 1.875000000000000000 ) ) ;
#2296 = LINE ( 'NONE', #971, #7487 ) ;
#2297 = ADVANCED_FACE ( 'NONE', ( #8854 ), #1287, .F. ) ;
#2298 = COLOUR_RGB ( '',0.8313725490196077761, 0.8313725490196077761, 0.8313725490196077761 ) ;
#2299 = SURFACE_SIDE_STYLE ('',( #4731 ) ) ;
#2300 = LINE ( 'NONE', #4506, #5911 ) ;
#2301 = CARTESIAN_POINT ( 'NONE',  ( 0.1250000000000000000, 0.2000000000000000111, 2.250000000000000444 ) ) ;
#2302 = SHAPE_REPRESENTATION ( 'SN74HCS541RKSR', ( #6590, #8800, #4521 ), #3540 ) ;
#2303 = COLOUR_RGB ( '',0.8313725490196077761, 0.8313725490196077761, 0.8313725490196077761 ) ;
#2304 = CIRCLE ( 'NONE', #1224, 0.1250000000000001110 ) ;
#2305 = ORIENTED_EDGE ( 'NONE', *, *, #2410, .F. ) ;
#2306 = FILL_AREA_STYLE_COLOUR ( '', #5876 ) ;
#2307 = EDGE_LOOP ( 'NONE', ( #3942, #3889, #1037, #317 ) ) ;
#2308 = EDGE_CURVE ( 'NONE', #5106, #2535, #7574, .T. ) ;
#2309 = CARTESIAN_POINT ( 'NONE',  ( 1.231304907451683084, 0.9327350269189627063, -2.184165146386241041 ) ) ;
#2310 = ORIENTED_EDGE ( 'NONE', *, *, #3683, .F. ) ;
#2311 = LINE ( 'NONE', #6843, #6032 ) ;
#2312 = CIRCLE ( 'NONE', #2643, 0.1249999999999998890 ) ;
#2313 = VECTOR ( 'NONE', #6229, 1000.000000000000000 ) ;
#2314 =( NAMED_UNIT ( * ) PLANE_ANGLE_UNIT ( ) SI_UNIT ( $, .RADIAN. ) );
#2315 = DIRECTION ( 'NONE',  ( -0.000000000000000000, -1.000000000000000000, -0.000000000000000000 ) ) ;
#2316 = AXIS2_PLACEMENT_3D ( 'NONE', #6194, #7734, #8283 ) ;
#2317 = FILL_AREA_STYLE_COLOUR ( '', #4424 ) ;
#2318 = LINE ( 'NONE', #9015, #9544 ) ;
#2319 = AXIS2_PLACEMENT_3D ( 'NONE', #5713, #1063, #6427 ) ;
#2320 = VECTOR ( 'NONE', #2071, 1000.000000000000000 ) ;
#2321 = DIRECTION ( 'NONE',  ( 0.000000000000000000, 1.000000000000000000, 0.000000000000000000 ) ) ;
#2322 = ORIENTED_EDGE ( 'NONE', *, *, #7147, .F. ) ;
#2323 = CARTESIAN_POINT ( 'NONE',  ( 0.000000000000000000, 0.1749999999999999889, 0.000000000000000000 ) ) ;
#2324 = AXIS2_PLACEMENT_3D ( 'NONE', #8517, #5519, #171 ) ;
#2325 = CARTESIAN_POINT ( 'NONE',  ( 0.1250000000000000000, 0.1749999999999999889, -1.975000000000000089 ) ) ;
#2326 = ORIENTED_EDGE ( 'NONE', *, *, #7875, .T. ) ;
#2327 = UNCERTAINTY_MEASURE_WITH_UNIT (LENGTH_MEASURE( 1.000000000000000082E-05 ), #9860, 'distance_accuracy_value', 'NONE');
#2328 = COLOUR_RGB ( '',0.8313725490196077761, 0.8313725490196077761, 0.8313725490196077761 ) ;
#2329 = PRESENTATION_STYLE_ASSIGNMENT (( #4618 ) ) ;
#2330 = CARTESIAN_POINT ( 'NONE',  ( -1.250000000000000000, 0.000000000000000000, -0.8750000000000000000 ) ) ;
#2331 = ADVANCED_FACE ( 'NONE', ( #2100 ), #7675, .T. ) ;
#2332 = CARTESIAN_POINT ( 'NONE',  ( 0.5000000000000000000, 0.000000000000000000, 1.500000000000000000 ) ) ;
#2333 = EDGE_CURVE ( 'NONE', #385, #4051, #9701, .T. ) ;
#2334 = FILL_AREA_STYLE ('',( #9173 ) ) ;
#2335 = ORIENTED_EDGE ( 'NONE', *, *, #1107, .F. ) ;
#2336 = CARTESIAN_POINT ( 'NONE',  ( 0.3750000000000000000, -0.04000000000000000083, -1.975000000000000089 ) ) ;
#2337 = ORIENTED_EDGE ( 'NONE', *, *, #3778, .F. ) ;
#2338 = VECTOR ( 'NONE', #319, 1000.000000000000000 ) ;
#2339 = PRESENTATION_STYLE_ASSIGNMENT (( #7709 ) ) ;
#2340 = LINE ( 'NONE', #102, #9848 ) ;
#2341 = LINE ( 'NONE', #2239, #7111 ) ;
#2342 = PLANE ( 'NONE',  #8255 ) ;
#2343 = ORIENTED_EDGE ( 'NONE', *, *, #4785, .F. ) ;
#2344 = DIRECTION ( 'NONE',  ( 0.000000000000000000, 0.000000000000000000, -1.000000000000000000 ) ) ;
#2345 = UNCERTAINTY_MEASURE_WITH_UNIT (LENGTH_MEASURE( 1.000000000000000082E-05 ), #1347, 'distance_accuracy_value', 'NONE');
#2346 = VERTEX_POINT ( 'NONE', #8953 ) ;
#2347 = ORIENTED_EDGE ( 'NONE', *, *, #8292, .F. ) ;
#2348 = DIRECTION ( 'NONE',  ( 0.000000000000000000, 0.000000000000000000, -1.000000000000000000 ) ) ;
#2349 = FACE_OUTER_BOUND ( 'NONE', #4270, .T. ) ;
#2350 = PLANE ( 'NONE',  #2477 ) ;
#2351 = ADVANCED_FACE ( 'NONE', ( #9754 ), #2190, .F. ) ;
#2352 = VECTOR ( 'NONE', #3409, 1000.000000000000000 ) ;
#2353 = CARTESIAN_POINT ( 'NONE',  ( 0.9749999999999999778, 0.000000000000000000, 1.375000000000000000 ) ) ;
#2354 = VECTOR ( 'NONE', #8959, 1000.000000000000000 ) ;
#2355 = ORIENTED_EDGE ( 'NONE', *, *, #6283, .T. ) ;
#2356 = PRESENTATION_LAYER_ASSIGNMENT (  '', '', ( #7497 ) ) ;
#2357 = DIRECTION ( 'NONE',  ( 0.000000000000000000, 0.000000000000000000, -1.000000000000000000 ) ) ;
#2358 = FACE_OUTER_BOUND ( 'NONE', #9056, .T. ) ;
#2359 = PRESENTATION_STYLE_ASSIGNMENT (( #7825 ) ) ;
#2360 = PRESENTATION_LAYER_ASSIGNMENT (  '', '', ( #9217 ) ) ;
#2361 = EDGE_CURVE ( 'NONE', #6461, #4931, #706, .T. ) ;
#2362 = ORIENTED_EDGE ( 'NONE', *, *, #1984, .F. ) ;
#2363 = VECTOR ( 'NONE', #8867, 1000.000000000000000 ) ;
#2364 = VECTOR ( 'NONE', #7002, 1000.000000000000000 ) ;
#2365 = SURFACE_STYLE_USAGE ( .BOTH. , #1672 ) ;
#2366 = DIRECTION ( 'NONE',  ( 0.000000000000000000, 1.000000000000000000, 0.000000000000000000 ) ) ;
#2367 = EDGE_CURVE ( 'NONE', #202, #3543, #8511, .T. ) ;
#2368 = CIRCLE ( 'NONE', #6068, 0.1250000000000001110 ) ;
#2369 = COLOUR_RGB ( '',0.8313725490196077761, 0.8313725490196077761, 0.8313725490196077761 ) ;
#2370 = DIRECTION ( 'NONE',  ( -0.4082482904638640164, -0.8164965809277250353, 0.4082482904638640164 ) ) ;
#2371 = VECTOR ( 'NONE', #8219, 1000.000000000000000 ) ;
#2372 = VERTEX_POINT ( 'NONE', #2496 ) ;
#2373 = ORIENTED_EDGE ( 'NONE', *, *, #7996, .T. ) ;
#2374 =( NAMED_UNIT ( * ) PLANE_ANGLE_UNIT ( ) SI_UNIT ( $, .RADIAN. ) );
#2375 = CARTESIAN_POINT ( 'NONE',  ( 0.000000000000000000, 0.000000000000000000, -0.1250000000000000000 ) ) ;
#2376 = SURFACE_STYLE_FILL_AREA ( #6210 ) ;
#2377 = FILL_AREA_STYLE_COLOUR ( '', #720 ) ;
#2378 = ORIENTED_EDGE ( 'NONE', *, *, #7386, .T. ) ;
#2379 = AXIS2_PLACEMENT_3D ( 'NONE', #8505, #7765, #1605 ) ;
#2380 = EDGE_CURVE ( 'NONE', #2235, #9528, #3981, .T. ) ;
#2381 = DIRECTION ( 'NONE',  ( 0.000000000000000000, -1.000000000000000000, -0.000000000000000000 ) ) ;
#2382 = DIRECTION ( 'NONE',  ( 0.000000000000000000, 1.000000000000000000, 0.000000000000000000 ) ) ;
#2383 = EDGE_LOOP ( 'NONE', ( #3509, #4531, #3455, #8820 ) ) ;
#2384 = LINE ( 'NONE', #3155, #366 ) ;
#2385 = MECHANICAL_DESIGN_GEOMETRIC_PRESENTATION_REPRESENTATION (  '', ( #3207 ), #1917 ) ;
#2386 = ORIENTED_EDGE ( 'NONE', *, *, #5633, .T. ) ;
#2387 = SURFACE_STYLE_FILL_AREA ( #750 ) ;
#2388 =( LENGTH_UNIT ( ) NAMED_UNIT ( * ) SI_UNIT ( .MILLI., .METRE. ) );
#2389 = ORIENTED_EDGE ( 'NONE', *, *, #5989, .T. ) ;
#2390 = CARTESIAN_POINT ( 'NONE',  ( -1.191959649094450402, 1.026539568547498504, 2.103018577200450157 ) ) ;
#2391 = EDGE_LOOP ( 'NONE', ( #6092, #4728, #4904, #4550 ) ) ;
#2392 = DIRECTION ( 'NONE',  ( -0.7071067811865474617, 0.000000000000000000, 0.7071067811865474617 ) ) ;
#2393 =( GEOMETRIC_REPRESENTATION_CONTEXT ( 3 ) GLOBAL_UNCERTAINTY_ASSIGNED_CONTEXT ( ( #8462 ) ) GLOBAL_UNIT_ASSIGNED_CONTEXT ( ( #7336, #6588, #2562 ) ) REPRESENTATION_CONTEXT ( 'NONE', 'WORKASPACE' ) );
#2394 = CARTESIAN_POINT ( 'NONE',  ( -0.9749999999999999778, 0.000000000000000000, -1.250000000000000000 ) ) ;
#2395 = DIRECTION ( 'NONE',  ( 0.000000000000000000, 0.000000000000000000, 1.000000000000000000 ) ) ;
#2396 = FILL_AREA_STYLE ('',( #3827 ) ) ;
#2397 = MECHANICAL_DESIGN_GEOMETRIC_PRESENTATION_REPRESENTATION (  '', ( #2565 ), #2902 ) ;
#2398 = ORIENTED_EDGE ( 'NONE', *, *, #4057, .F. ) ;
#2399 = LINE ( 'NONE', #7623, #4127 ) ;
#2400 = VERTEX_POINT ( 'NONE', #164 ) ;
#2401 = EDGE_CURVE ( 'NONE', #3233, #4450, #3220, .T. ) ;
#2402 = ADVANCED_FACE ( 'NONE', ( #7910 ), #65, .T. ) ;
#2403 = DIRECTION ( 'NONE',  ( 0.000000000000000000, -1.000000000000000000, -0.000000000000000000 ) ) ;
#2404 = CARTESIAN_POINT ( 'NONE',  ( -0.9749999999999999778, 0.1749999999999999889, -0.1250000000000000000 ) ) ;
#2405 = DIRECTION ( 'NONE',  ( 0.000000000000000000, 0.000000000000000000, -1.000000000000000000 ) ) ;
#2406 = ORIENTED_EDGE ( 'NONE', *, *, #8177, .T. ) ;
#2407 = VECTOR ( 'NONE', #8064, 1000.000000000000000 ) ;
#2408 = ORIENTED_EDGE ( 'NONE', *, *, #8486, .F. ) ;
#2409 = VERTEX_POINT ( 'NONE', #7065 ) ;
#2410 = EDGE_CURVE ( 'NONE', #8504, #5079, #383, .T. ) ;
#2411 = CARTESIAN_POINT ( 'NONE',  ( 0.2500000000000000000, 0.000000000000000000, 1.975000000000000089 ) ) ;
#2412 = CARTESIAN_POINT ( 'NONE',  ( 0.9749999999999999778, 0.2000000000000000111, 1.875000000000000000 ) ) ;
#2413 = CARTESIAN_POINT ( 'NONE',  ( 0.000000000000000000, 0.06000000000000000472, 1.600000000000000089 ) ) ;
#2414 = DIRECTION ( 'NONE',  ( 0.000000000000000000, 0.000000000000000000, 1.000000000000000000 ) ) ;
#2415 = EDGE_CURVE ( 'NONE', #1358, #6041, #8612, .T. ) ;
#2416 = CARTESIAN_POINT ( 'NONE',  ( 0.3750000000000001110, 0.000000000000000000, 2.250000000000000444 ) ) ;
#2417 =( NAMED_UNIT ( * ) SI_UNIT ( $, .STERADIAN. ) SOLID_ANGLE_UNIT ( ) );
#2418 = ORIENTED_EDGE ( 'NONE', *, *, #5863, .T. ) ;
#2419 = EDGE_CURVE ( 'NONE', #6313, #5582, #8529, .T. ) ;
#2420 = CARTESIAN_POINT ( 'NONE',  ( 0.000000000000000000, 0.000000000000000000, 0.1250000000000000000 ) ) ;
#2421 = PRESENTATION_STYLE_ASSIGNMENT (( #3957 ) ) ;
#2422 = DIRECTION ( 'NONE',  ( 0.000000000000000000, -0.000000000000000000, -1.000000000000000000 ) ) ;
#2423 = AXIS2_PLACEMENT_3D ( 'NONE', #6682, #6774, #8989 ) ;
#2424 = CARTESIAN_POINT ( 'NONE',  ( -0.9749999999999999778, 0.000000000000000000, -0.2500000000000000000 ) ) ;
#2425 = ORIENTED_EDGE ( 'NONE', *, *, #3169, .T. ) ;
#2426 = UNCERTAINTY_MEASURE_WITH_UNIT (LENGTH_MEASURE( 1.000000000000000082E-05 ), #1420, 'distance_accuracy_value', 'NONE');
#2427 = PRESENTATION_STYLE_ASSIGNMENT (( #3965 ) ) ;
#2428 = VECTOR ( 'NONE', #9686, 1000.000000000000000 ) ;
#2429 =( LENGTH_UNIT ( ) NAMED_UNIT ( * ) SI_UNIT ( .MILLI., .METRE. ) );
#2430 =( NAMED_UNIT ( * ) SI_UNIT ( $, .STERADIAN. ) SOLID_ANGLE_UNIT ( ) );
#2431 = FACE_OUTER_BOUND ( 'NONE', #2780, .T. ) ;
#2432 = VECTOR ( 'NONE', #3420, 1000.000000000000000 ) ;
#2433 = ORIENTED_EDGE ( 'NONE', *, *, #7472, .F. ) ;
#2434 = CARTESIAN_POINT ( 'NONE',  ( -0.9749999999999999778, 0.2000000000000000111, -0.1250000000000000000 ) ) ;
#2435 = AXIS2_PLACEMENT_3D ( 'NONE', #6543, #4043, #7877 ) ;
#2436 = ORIENTED_EDGE ( 'NONE', *, *, #3904, .T. ) ;
#2437 = EDGE_CURVE ( 'NONE', #4097, #3447, #9366, .T. ) ;
#2438 = UNCERTAINTY_MEASURE_WITH_UNIT (LENGTH_MEASURE( 1.000000000000000082E-05 ), #7952, 'distance_accuracy_value', 'NONE');
#2439 = ORIENTED_EDGE ( 'NONE', *, *, #3584, .F. ) ;
#2440 = CARTESIAN_POINT ( 'NONE',  ( 1.250000000000000000, 0.000000000000000000, 1.125000000000000222 ) ) ;
#2441 = FILL_AREA_STYLE_COLOUR ( '', #3118 ) ;
#2442 = VECTOR ( 'NONE', #695, 1000.000000000000000 ) ;
#2443 = LINE ( 'NONE', #7974, #1271 ) ;
#2444 = DIRECTION ( 'NONE',  ( 0.000000000000000000, 1.000000000000000000, 0.000000000000000000 ) ) ;
#2445 = COLOUR_RGB ( '',0.8313725490196077761, 0.8313725490196077761, 0.8313725490196077761 ) ;
#2446 = ORIENTED_EDGE ( 'NONE', *, *, #500, .T. ) ;
#2447 = FACE_OUTER_BOUND ( 'NONE', #8353, .T. ) ;
#2448 = VECTOR ( 'NONE', #6425, 1000.000000000000000 ) ;
#2449 = DIRECTION ( 'NONE',  ( 0.000000000000000000, 1.000000000000000000, 0.000000000000000000 ) ) ;
#2450 = CARTESIAN_POINT ( 'NONE',  ( 1.250000000000000000, 0.000000000000000000, 2.250000000000000444 ) ) ;
#2451 = STYLED_ITEM ( 'NONE', ( #6172 ), #2402 ) ;
#2452 = FACE_OUTER_BOUND ( 'NONE', #775, .T. ) ;
#2453 = CARTESIAN_POINT ( 'NONE',  ( -1.250000000000000000, 0.000000000000000000, -0.1250000000000000000 ) ) ;
#2454 = ADVANCED_FACE ( 'NONE', ( #7934 ), #1769, .T. ) ;
#2455 = MECHANICAL_DESIGN_GEOMETRIC_PRESENTATION_REPRESENTATION (  '', ( #1199 ), #8073 ) ;
#2456 = ADVANCED_FACE ( 'NONE', ( #9312 ), #5028, .T. ) ;
#2457 = ORIENTED_EDGE ( 'NONE', *, *, #1655, .F. ) ;
#2458 = ORIENTED_EDGE ( 'NONE', *, *, #3548, .T. ) ;
#2459 =( NAMED_UNIT ( * ) SI_UNIT ( $, .STERADIAN. ) SOLID_ANGLE_UNIT ( ) );
#2460 =( GEOMETRIC_REPRESENTATION_CONTEXT ( 3 ) GLOBAL_UNCERTAINTY_ASSIGNED_CONTEXT ( ( #3753 ) ) GLOBAL_UNIT_ASSIGNED_CONTEXT ( ( #5001, #9429, #381 ) ) REPRESENTATION_CONTEXT ( 'NONE', 'WORKASPACE' ) );
#2461 = FILL_AREA_STYLE ('',( #2317 ) ) ;
#2462 = CARTESIAN_POINT ( 'NONE',  ( -1.184165146386241263, 0.9327350269189628174, -2.231304907451683750 ) ) ;
#2463 = VECTOR ( 'NONE', #6130, 1000.000000000000000 ) ;
#2464 = EDGE_CURVE ( 'NONE', #5794, #6989, #8581, .T. ) ;
#2465 = COLOUR_RGB ( '',0.8313725490196077761, 0.8313725490196077761, 0.8313725490196077761 ) ;
#2466 = PLANE ( 'NONE',  #906 ) ;
#2467 = AXIS2_PLACEMENT_3D ( 'NONE', #6595, #6638, #2493 ) ;
#2468 = ORIENTED_EDGE ( 'NONE', *, *, #1505, .T. ) ;
#2469 = ORIENTED_EDGE ( 'NONE', *, *, #3584, .T. ) ;
#2470 = MECHANICAL_DESIGN_GEOMETRIC_PRESENTATION_REPRESENTATION (  '', ( #6817 ), #6180 ) ;
#2471 = CARTESIAN_POINT ( 'NONE',  ( -1.250000000000000000, 0.8750000000000000000, -1.125000000000000222 ) ) ;
#2472 = SURFACE_STYLE_USAGE ( .BOTH. , #8535 ) ;
#2473 = DIRECTION ( 'NONE',  ( 0.000000000000000000, -0.000000000000000000, -1.000000000000000000 ) ) ;
#2474 = CARTESIAN_POINT ( 'NONE',  ( 0.3750000000000000000, -0.04000000000000000083, 1.975000000000000089 ) ) ;
#2475 = ORIENTED_EDGE ( 'NONE', *, *, #6720, .T. ) ;
#2476 = FILL_AREA_STYLE ('',( #4664 ) ) ;
#2477 = AXIS2_PLACEMENT_3D ( 'NONE', #9250, #4830, #8409 ) ;
#2478 = COLOUR_RGB ( '',0.8313725490196077761, 0.8313725490196077761, 0.8313725490196077761 ) ;
#2479 = FILL_AREA_STYLE ('',( #5602 ) ) ;
#2480 = EDGE_CURVE ( 'NONE', #5794, #3992, #1667, .T. ) ;
#2481 = PRESENTATION_LAYER_ASSIGNMENT (  '', '', ( #4279 ) ) ;
#2482 = ORIENTED_EDGE ( 'NONE', *, *, #354, .T. ) ;
#2483 = SURFACE_STYLE_USAGE ( .BOTH. , #3299 ) ;
#2484 = ORIENTED_EDGE ( 'NONE', *, *, #3180, .T. ) ;
#2485 = CARTESIAN_POINT ( 'NONE',  ( 0.000000000000000000, 0.2000000000000000111, 0.000000000000000000 ) ) ;
#2486 = AXIS2_PLACEMENT_3D ( 'NONE', #4698, #8167, #3045 ) ;
#2487 = EDGE_LOOP ( 'NONE', ( #4486, #522, #8463, #8156, #7462, #2091 ) ) ;
#2488 =( GEOMETRIC_REPRESENTATION_CONTEXT ( 3 ) GLOBAL_UNCERTAINTY_ASSIGNED_CONTEXT ( ( #285 ) ) GLOBAL_UNIT_ASSIGNED_CONTEXT ( ( #9571, #1819, #4946 ) ) REPRESENTATION_CONTEXT ( 'NONE', 'WORKASPACE' ) );
#2489 = ORIENTED_EDGE ( 'NONE', *, *, #5185, .F. ) ;
#2490 = DIRECTION ( 'NONE',  ( 1.000000000000000000, -0.000000000000000000, 0.000000000000000000 ) ) ;
#2491 = DIRECTION ( 'NONE',  ( -1.000000000000000000, -0.000000000000000000, 0.000000000000000000 ) ) ;
#2492 = CARTESIAN_POINT ( 'NONE',  ( -0.9749999999999999778, 0.1749999999999999889, -1.125000000000000222 ) ) ;
#2493 = DIRECTION ( 'NONE',  ( 0.000000000000000000, 0.000000000000000000, -1.000000000000000000 ) ) ;
#2494 = AXIS2_PLACEMENT_3D ( 'NONE', #7154, #2690, #9479 ) ;
#2495 = CARTESIAN_POINT ( 'NONE',  ( -0.9749999999999999778, 0.000000000000000000, -0.3750000000000000000 ) ) ;
#2496 = CARTESIAN_POINT ( 'NONE',  ( -0.9749999999999999778, 0.000000000000000000, 0.1250000000000000000 ) ) ;
#2497 = CARTESIAN_POINT ( 'NONE',  ( 1.174094889548316756, 1.041934131648606821, -2.058158727481963268 ) ) ;
#2498 = PRESENTATION_STYLE_ASSIGNMENT (( #3265 ) ) ;
#2499 = LINE ( 'NONE', #2653, #6294 ) ;
#2500 =( NAMED_UNIT ( * ) SI_UNIT ( $, .STERADIAN. ) SOLID_ANGLE_UNIT ( ) );
#2501 = VECTOR ( 'NONE', #5130, 1000.000000000000000 ) ;
#2502 = STYLED_ITEM ( 'NONE', ( #1921 ), #6735 ) ;
#2503 = DIRECTION ( 'NONE',  ( -0.000000000000000000, 1.000000000000000000, 0.000000000000000000 ) ) ;
#2504 = SURFACE_SIDE_STYLE ('',( #9353 ) ) ;
#2505 =( NAMED_UNIT ( * ) SI_UNIT ( $, .STERADIAN. ) SOLID_ANGLE_UNIT ( ) );
#2506 = CARTESIAN_POINT ( 'NONE',  ( -0.9749999999999999778, 0.000000000000000000, -0.6250000000000000000 ) ) ;
#2507 = MECHANICAL_DESIGN_GEOMETRIC_PRESENTATION_REPRESENTATION (  '', ( #3487 ), #9372 ) ;
#2508 = PRESENTATION_LAYER_ASSIGNMENT (  '', '', ( #4472 ) ) ;
#2509 = DIRECTION ( 'NONE',  ( -0.000000000000000000, -1.000000000000000000, -0.000000000000000000 ) ) ;
#2510 = VERTEX_POINT ( 'NONE', #326 ) ;
#2511 = CARTESIAN_POINT ( 'NONE',  ( 1.207735026918961951, 0.9327350269189623733, 2.207735026918963062 ) ) ;
#2512 =( LENGTH_UNIT ( ) NAMED_UNIT ( * ) SI_UNIT ( .MILLI., .METRE. ) );
#2513 = EDGE_LOOP ( 'NONE', ( #5879, #3495, #6393, #9791 ) ) ;
#2514 = VECTOR ( 'NONE', #744, 1000.000000000000000 ) ;
#2515 = DIRECTION ( 'NONE',  ( 1.000000000000000000, 0.000000000000000000, -0.000000000000000000 ) ) ;
#2516 =( GEOMETRIC_REPRESENTATION_CONTEXT ( 3 ) GLOBAL_UNCERTAINTY_ASSIGNED_CONTEXT ( ( #6275 ) ) GLOBAL_UNIT_ASSIGNED_CONTEXT ( ( #9480, #7369, #9682 ) ) REPRESENTATION_CONTEXT ( 'NONE', 'WORKASPACE' ) );
#2517 = MECHANICAL_DESIGN_GEOMETRIC_PRESENTATION_REPRESENTATION (  '', ( #1575 ), #4152 ) ;
#2518 = PRESENTATION_LAYER_ASSIGNMENT (  '', '', ( #6713 ) ) ;
#2519 = SURFACE_STYLE_USAGE ( .BOTH. , #5490 ) ;
#2521 = ORIENTED_EDGE ( 'NONE', *, *, #5292, .F. ) ;
#2520 = DIRECTION ( 'NONE',  ( 0.000000000000000000, 1.000000000000000000, 0.000000000000000000 ) ) ;
#2522 = ORIENTED_EDGE ( 'NONE', *, *, #2057, .F. ) ;
#2523 = LINE ( 'NONE', #9166, #1895 ) ;
#2524 = SURFACE_STYLE_USAGE ( .BOTH. , #4903 ) ;
#2525 = CARTESIAN_POINT ( 'NONE',  ( -0.2500000000000000000, 0.000000000000000000, -1.850000000000000089 ) ) ;
#2526 = EDGE_CURVE ( 'NONE', #9532, #6338, #1816, .T. ) ;
#2527 = UNCERTAINTY_MEASURE_WITH_UNIT (LENGTH_MEASURE( 1.000000000000000082E-05 ), #4196, 'distance_accuracy_value', 'NONE');
#2528 = EDGE_CURVE ( 'NONE', #7665, #3057, #9213, .T. ) ;
#2529 = LINE ( 'NONE', #9378, #4251 ) ;
#2530 = CIRCLE ( 'NONE', #8457, 0.1249999999999998890 ) ;
#2531 = CIRCLE ( 'NONE', #1591, 0.1250000000000000000 ) ;
#2532 = DIRECTION ( 'NONE',  ( -1.000000000000000000, -0.000000000000000000, -0.000000000000000000 ) ) ;
#2533 = ORIENTED_EDGE ( 'NONE', *, *, #5128, .F. ) ;
#2534 =( NAMED_UNIT ( * ) SI_UNIT ( $, .STERADIAN. ) SOLID_ANGLE_UNIT ( ) );
#2535 = VERTEX_POINT ( 'NONE', #988 ) ;
#2536 = DIRECTION ( 'NONE',  ( 0.000000000000000000, 0.000000000000000000, -1.000000000000000000 ) ) ;
#2537 = ORIENTED_EDGE ( 'NONE', *, *, #6255, .F. ) ;
#2538 = PRESENTATION_LAYER_ASSIGNMENT (  '', '', ( #8465 ) ) ;
#2539 = DIRECTION ( 'NONE',  ( 1.000000000000000000, -0.000000000000000000, -0.000000000000000000 ) ) ;
#2540 = ORIENTED_EDGE ( 'NONE', *, *, #3413, .T. ) ;
#2541 = CARTESIAN_POINT ( 'NONE',  ( -0.9749999999999999778, 0.1749999999999999889, -1.750000000000000000 ) ) ;
#2542 = UNCERTAINTY_MEASURE_WITH_UNIT (LENGTH_MEASURE( 1.000000000000000082E-05 ), #2282, 'distance_accuracy_value', 'NONE');
#2543 = FILL_AREA_STYLE ('',( #3305 ) ) ;
#2544 = VECTOR ( 'NONE', #312, 1000.000000000000000 ) ;
#2545 = ADVANCED_FACE ( 'NONE', ( #219 ), #6345, .T. ) ;
#2546 = DIRECTION ( 'NONE',  ( 0.000000000000000000, -0.000000000000000000, -1.000000000000000000 ) ) ;
#2547 = FILL_AREA_STYLE_COLOUR ( '', #5774 ) ;
#2548 = CARTESIAN_POINT ( 'NONE',  ( 1.250000000000000000, 0.000000000000000000, -0.8749999999999998890 ) ) ;
#2549 =( LENGTH_UNIT ( ) NAMED_UNIT ( * ) SI_UNIT ( .MILLI., .METRE. ) );
#2550 = CARTESIAN_POINT ( 'NONE',  ( 1.250000000000000000, 0.000000000000000000, 1.875000000000000000 ) ) ;
#2551 = COLOUR_RGB ( '',0.8313725490196077761, 0.8313725490196077761, 0.8313725490196077761 ) ;
#2552 = VECTOR ( 'NONE', #5099, 1000.000000000000000 ) ;
#2553 = DIRECTION ( 'NONE',  ( 0.000000000000000000, 0.000000000000000000, 1.000000000000000000 ) ) ;
#2554 = EDGE_CURVE ( 'NONE', #9433, #7548, #370, .T. ) ;
#2555 = ORIENTED_EDGE ( 'NONE', *, *, #3733, .F. ) ;
#2556 = EDGE_CURVE ( 'NONE', #6654, #6224, #3602, .T. ) ;
#2557 =( NAMED_UNIT ( * ) PLANE_ANGLE_UNIT ( ) SI_UNIT ( $, .RADIAN. ) );
#2558 = APPLICATION_CONTEXT ( 'automotive_design' ) ;
#2559 = ADVANCED_FACE ( 'NONE', ( #1240 ), #9462, .T. ) ;
#2560 = CYLINDRICAL_SURFACE ( 'NONE', #6244, 0.1250000000000001110 ) ;
#2561 = PRESENTATION_STYLE_ASSIGNMENT (( #8516 ) ) ;
#2562 =( NAMED_UNIT ( * ) SI_UNIT ( $, .STERADIAN. ) SOLID_ANGLE_UNIT ( ) );
#2563 =( NAMED_UNIT ( * ) PLANE_ANGLE_UNIT ( ) SI_UNIT ( $, .RADIAN. ) );
#2564 = DIRECTION ( 'NONE',  ( -0.000000000000000000, 0.000000000000000000, -1.000000000000000000 ) ) ;
#2565 = STYLED_ITEM ( 'NONE', ( #3775 ), #9795 ) ;
#2566 = CARTESIAN_POINT ( 'NONE',  ( -0.1249999999999999167, 0.1749999999999999889, 2.250000000000000444 ) ) ;
#2567 = ORIENTED_EDGE ( 'NONE', *, *, #3644, .T. ) ;
#2568 = CARTESIAN_POINT ( 'NONE',  ( -0.8244632538532929988, 0.9749999999999999778, -1.943124921640014380 ) ) ;
#2569 = LINE ( 'NONE', #1025, #2338 ) ;
#2570 = VERTEX_POINT ( 'NONE', #2061 ) ;
#2571 = EDGE_LOOP ( 'NONE', ( #5107, #391, #7914, #5071 ) ) ;
#2572 = EDGE_CURVE ( 'NONE', #2040, #7182, #7284, .T. ) ;
#2573 = FACE_OUTER_BOUND ( 'NONE', #3900, .T. ) ;
#2574 = CARTESIAN_POINT ( 'NONE',  ( 0.1250000000000000000, 0.000000000000000000, -1.975000000000000089 ) ) ;
#2575 = CARTESIAN_POINT ( 'NONE',  ( 0.5999999999999999778, 0.2000000000000000111, -1.600000000000000089 ) ) ;
#2576 = SURFACE_STYLE_USAGE ( .BOTH. , #6070 ) ;
#2577 = DIRECTION ( 'NONE',  ( 0.000000000000000000, 0.000000000000000000, -1.000000000000000000 ) ) ;
#2578 = DIRECTION ( 'NONE',  ( 0.000000000000000000, -1.000000000000000000, -0.000000000000000000 ) ) ;
#2579 = ORIENTED_EDGE ( 'NONE', *, *, #6410, .F. ) ;
#2580 = DIRECTION ( 'NONE',  ( 0.000000000000000000, 0.000000000000000000, 1.000000000000000000 ) ) ;
#2581 = ORIENTED_EDGE ( 'NONE', *, *, #206, .F. ) ;
#2582 = EDGE_CURVE ( 'NONE', #1758, #6565, #3539, .T. ) ;
#2583 = ORIENTED_EDGE ( 'NONE', *, *, #900, .T. ) ;
#2584 = EDGE_CURVE ( 'NONE', #5513, #8407, #5090, .T. ) ;
#2585 = ORIENTED_EDGE ( 'NONE', *, *, #3903, .F. ) ;
#2586 = CARTESIAN_POINT ( 'NONE',  ( 0.3750000000000000000, 0.000000000000000000, -2.250000000000000444 ) ) ;
#2587 = ORIENTED_EDGE ( 'NONE', *, *, #1203, .T. ) ;
#2588 = ORIENTED_EDGE ( 'NONE', *, *, #304, .F. ) ;
#2589 = CARTESIAN_POINT ( 'NONE',  ( 0.9749999999999999778, -0.04000000000000000083, -1.125000000000000222 ) ) ;
#2590 = FILL_AREA_STYLE_COLOUR ( '', #6389 ) ;
#2591 = CARTESIAN_POINT ( 'NONE',  ( 1.250000000000000000, 0.2000000000000000111, 1.875000000000000000 ) ) ;
#2592 = FILL_AREA_STYLE_COLOUR ( '', #876 ) ;
#2593 = CARTESIAN_POINT ( 'NONE',  ( -1.250000000000000000, -0.04000000000000000083, 1.125000000000000222 ) ) ;
#2594 =( NAMED_UNIT ( * ) PLANE_ANGLE_UNIT ( ) SI_UNIT ( $, .RADIAN. ) );
#2595 = LINE ( 'NONE', #254, #934 ) ;
#2596 = FILL_AREA_STYLE ('',( #969 ) ) ;
#2597 = EDGE_CURVE ( 'NONE', #8103, #9449, #4943, .T. ) ;
#2598 = LINE ( 'NONE', #5667, #1956 ) ;
#2599 = VERTEX_POINT ( 'NONE', #9568 ) ;
#2600 = CARTESIAN_POINT ( 'NONE',  ( 1.149999999999999911, 0.8749999999999994449, 2.149999999999999911 ) ) ;
#2601 = ORIENTED_EDGE ( 'NONE', *, *, #4247, .F. ) ;
#2602 = VECTOR ( 'NONE', #8703, 1000.000000000000000 ) ;
#2603 = PLANE ( 'NONE',  #7042 ) ;
#2604 = MECHANICAL_DESIGN_GEOMETRIC_PRESENTATION_REPRESENTATION (  '', ( #9304 ), #6133 ) ;
#2605 = DIRECTION ( 'NONE',  ( 0.000000000000000000, 0.000000000000000000, 1.000000000000000000 ) ) ;
#2606 =( NAMED_UNIT ( * ) SI_UNIT ( $, .STERADIAN. ) SOLID_ANGLE_UNIT ( ) );
#2607 = FACE_OUTER_BOUND ( 'NONE', #6667, .T. ) ;
#2608 = VECTOR ( 'NONE', #3726, 1000.000000000000000 ) ;
#2609 = CARTESIAN_POINT ( 'NONE',  ( 0.3750000000000000000, 0.000000000000000000, 2.250000000000000444 ) ) ;
#2610 = EDGE_CURVE ( 'NONE', #4819, #129, #1291, .T. ) ;
#2611 = VERTEX_POINT ( 'NONE', #2771 ) ;
#2612 = DIRECTION ( 'NONE',  ( 0.000000000000000000, 0.000000000000000000, -1.000000000000000000 ) ) ;
#2613 = ORIENTED_EDGE ( 'NONE', *, *, #264, .T. ) ;
#2614 = CARTESIAN_POINT ( 'NONE',  ( 0.000000000000000000, 0.000000000000000000, 0.000000000000000000 ) ) ;
#2615 = CARTESIAN_POINT ( 'NONE',  ( -1.250000000000000000, 0.000000000000000000, 0.3749999999999998890 ) ) ;
#2616 = CARTESIAN_POINT ( 'NONE',  ( -1.250000000000000000, 0.000000000000000000, -2.250000000000000444 ) ) ;
#2617 = PRESENTATION_LAYER_ASSIGNMENT (  '', '', ( #6946 ) ) ;
#2618 =( NAMED_UNIT ( * ) PLANE_ANGLE_UNIT ( ) SI_UNIT ( $, .RADIAN. ) );
#2619 = EDGE_CURVE ( 'NONE', #1757, #385, #5515, .T. ) ;
#2620 = FILL_AREA_STYLE ('',( #4353 ) ) ;
#2621 = DIRECTION ( 'NONE',  ( 0.000000000000000000, 0.000000000000000000, -1.000000000000000000 ) ) ;
#2622 = ORIENTED_EDGE ( 'NONE', *, *, #4234, .F. ) ;
#2623 = FILL_AREA_STYLE_COLOUR ( '', #3503 ) ;
#2624 =( NAMED_UNIT ( * ) PLANE_ANGLE_UNIT ( ) SI_UNIT ( $, .RADIAN. ) );
#2625 = ORIENTED_EDGE ( 'NONE', *, *, #1019, .F. ) ;
#2626 = UNCERTAINTY_MEASURE_WITH_UNIT (LENGTH_MEASURE( 1.000000000000000082E-05 ), #6323, 'distance_accuracy_value', 'NONE');
#2627 = COLOUR_RGB ( '',0.8313725490196077761, 0.8313725490196077761, 0.8313725490196077761 ) ;
#2628 = CIRCLE ( 'NONE', #889, 0.1250000000000001110 ) ;
#2629 = CARTESIAN_POINT ( 'NONE',  ( -1.250000000000000000, 0.1749999999999999889, -2.250000000000000444 ) ) ;
#2630 = VECTOR ( 'NONE', #7559, 1000.000000000000000 ) ;
#2631 = ORIENTED_EDGE ( 'NONE', *, *, #8672, .F. ) ;
#2632 = ORIENTED_EDGE ( 'NONE', *, *, #1234, .F. ) ;
#2633 = STYLED_ITEM ( 'NONE', ( #9218 ), #2864 ) ;
#2634 =( LENGTH_UNIT ( ) NAMED_UNIT ( * ) SI_UNIT ( .MILLI., .METRE. ) );
#2635 = EDGE_LOOP ( 'NONE', ( #1738, #9265, #1786, #4595 ) ) ;
#2636 = CARTESIAN_POINT ( 'NONE',  ( -1.250000000000000000, 0.1749999999999999889, 0.1250000000000000833 ) ) ;
#2637 = ORIENTED_EDGE ( 'NONE', *, *, #2361, .T. ) ;
#2638 = LINE ( 'NONE', #9476, #5222 ) ;
#2639 = ORIENTED_EDGE ( 'NONE', *, *, #9314, .T. ) ;
#2640 = CARTESIAN_POINT ( 'NONE',  ( -1.207735026918963284, 0.9327350269189614851, -2.207735026918962173 ) ) ;
#2641 = UNCERTAINTY_MEASURE_WITH_UNIT (LENGTH_MEASURE( 1.000000000000000082E-05 ), #2549, 'distance_accuracy_value', 'NONE');
#2642 = ORIENTED_EDGE ( 'NONE', *, *, #4414, .T. ) ;
#2643 = AXIS2_PLACEMENT_3D ( 'NONE', #722, #835, #32 ) ;
#2644 = CARTESIAN_POINT ( 'NONE',  ( 0.000000000000000000, 0.1749999999999999889, -0.8750000000000000000 ) ) ;
#2645 = FILL_AREA_STYLE ('',( #451 ) ) ;
#2646 = VECTOR ( 'NONE', #2878, 1000.000000000000000 ) ;
#2647 = VECTOR ( 'NONE', #6827, 1000.000000000000000 ) ;
#2648 = EDGE_CURVE ( 'NONE', #1351, #3293, #6889, .T. ) ;
#2649 = COLOUR_RGB ( '',0.8313725490196077761, 0.8313725490196077761, 0.8313725490196077761 ) ;
#2650 = PLANE ( 'NONE',  #3026 ) ;
#2651 = CARTESIAN_POINT ( 'NONE',  ( -1.149999999999999911, 0.8749999999999994449, -2.149999999999999911 ) ) ;
#2652 = AXIS2_PLACEMENT_3D ( 'NONE', #5818, #5124, #1317 ) ;
#2653 = CARTESIAN_POINT ( 'NONE',  ( 0.9749999999999999778, 0.000000000000000000, 1.375000000000000000 ) ) ;
#2654 = ORIENTED_EDGE ( 'NONE', *, *, #4820, .T. ) ;
#2655 = DIRECTION ( 'NONE',  ( -1.000000000000000000, -0.000000000000000000, -0.000000000000000000 ) ) ;
#2656 = VERTEX_POINT ( 'NONE', #6743 ) ;
#2657 = CARTESIAN_POINT ( 'NONE',  ( -1.250000000000000000, -0.04000000000000000083, 1.625000000000000222 ) ) ;
#2658 = EDGE_CURVE ( 'NONE', #6793, #7414, #23, .T. ) ;
#2659 = EDGE_CURVE ( 'NONE', #7671, #6396, #3686, .T. ) ;
#2660 = CARTESIAN_POINT ( 'NONE',  ( 1.250000000000000000, 0.1749999999999999889, 1.125000000000000222 ) ) ;
#2661 = DIRECTION ( 'NONE',  ( 0.000000000000000000, 0.000000000000000000, 1.000000000000000000 ) ) ;
#2662 = DIRECTION ( 'NONE',  ( -0.000000000000000000, -0.000000000000000000, -1.000000000000000000 ) ) ;
#2663 = CLOSED_SHELL ( 'NONE', ( #3812, #216, #2924, #3986, #3768, #8943 ) ) ;
#2664 = AXIS2_PLACEMENT_3D ( 'NONE', #9799, #708, #3577 ) ;
#2665 = VECTOR ( 'NONE', #191, 1000.000000000000000 ) ;
#2666 = DIRECTION ( 'NONE',  ( 1.000000000000000000, -0.000000000000000000, 0.000000000000000000 ) ) ;
#2667 = SURFACE_STYLE_USAGE ( .BOTH. , #1916 ) ;
#2668 = ADVANCED_FACE ( 'NONE', ( #7582 ), #3631, .T. ) ;
#2669 =( NAMED_UNIT ( * ) PLANE_ANGLE_UNIT ( ) SI_UNIT ( $, .RADIAN. ) );
#2670 = CIRCLE ( 'NONE', #1255, 0.1000000000000001582 ) ;
#2671 = VECTOR ( 'NONE', #9739, 1000.000000000000000 ) ;
#2672 = PRESENTATION_STYLE_ASSIGNMENT (( #7233 ) ) ;
#2673 = DIRECTION ( 'NONE',  ( 0.000000000000000000, -0.000000000000000000, 1.000000000000000000 ) ) ;
#2674 = ORIENTED_EDGE ( 'NONE', *, *, #828, .T. ) ;
#2675 = FILL_AREA_STYLE_COLOUR ( '', #2649 ) ;
#2676 =( GEOMETRIC_REPRESENTATION_CONTEXT ( 3 ) GLOBAL_UNCERTAINTY_ASSIGNED_CONTEXT ( ( #3765 ) ) GLOBAL_UNIT_ASSIGNED_CONTEXT ( ( #9463, #2618, #1140 ) ) REPRESENTATION_CONTEXT ( 'NONE', 'WORKASPACE' ) );
#2677 = LINE ( 'NONE', #430, #4769 ) ;
#2678 = PLANE ( 'NONE',  #8912 ) ;
#2679 = ORIENTED_EDGE ( 'NONE', *, *, #2034, .T. ) ;
#2680 = EDGE_CURVE ( 'NONE', #3149, #5805, #7440, .T. ) ;
#2681 = DIRECTION ( 'NONE',  ( 0.000000000000000000, 0.000000000000000000, 1.000000000000000000 ) ) ;
#2682 = PRESENTATION_STYLE_ASSIGNMENT (( #5190 ) ) ;
#2683 = CIRCLE ( 'NONE', #8909, 0.1250000000000001110 ) ;
#2684 = ORIENTED_EDGE ( 'NONE', *, *, #9072, .F. ) ;
#2685 = ORIENTED_EDGE ( 'NONE', *, *, #4991, .T. ) ;
#2686 = ORIENTED_EDGE ( 'NONE', *, *, #3482, .F. ) ;
#2687 = ORIENTED_EDGE ( 'NONE', *, *, #8969, .F. ) ;
#2688 = ORIENTED_EDGE ( 'NONE', *, *, #2911, .F. ) ;
#2689 = CARTESIAN_POINT ( 'NONE',  ( -1.191959649094452844, 1.026539568547497616, -2.103018577200448824 ) ) ;
#2690 = DIRECTION ( 'NONE',  ( 0.000000000000000000, -1.000000000000000000, 0.000000000000000000 ) ) ;
#2691 = VERTEX_POINT ( 'NONE', #8227 ) ;
#2692 = STYLED_ITEM ( 'NONE', ( #8957 ), #8813 ) ;
#2693 = PRESENTATION_LAYER_ASSIGNMENT (  '', '', ( #142 ) ) ;
#2694 = MECHANICAL_DESIGN_GEOMETRIC_PRESENTATION_REPRESENTATION (  '', ( #7812 ), #7660 ) ;
#2695 = DIRECTION ( 'NONE',  ( 0.000000000000000000, -0.000000000000000000, 1.000000000000000000 ) ) ;
#2696 = EDGE_CURVE ( 'NONE', #6984, #3145, #4508, .T. ) ;
#2697 =( NAMED_UNIT ( * ) SI_UNIT ( $, .STERADIAN. ) SOLID_ANGLE_UNIT ( ) );
#2698 = DIRECTION ( 'NONE',  ( 0.000000000000000000, 1.000000000000000000, 0.000000000000000000 ) ) ;
#2699 = DIRECTION ( 'NONE',  ( 1.000000000000000000, 0.000000000000000000, 0.000000000000000000 ) ) ;
#2700 = CARTESIAN_POINT ( 'NONE',  ( -0.9749999999999999778, 0.000000000000000000, 1.750000000000000000 ) ) ;
#2701 = VECTOR ( 'NONE', #6100, 1000.000000000000000 ) ;
#2702 = AXIS2_PLACEMENT_3D ( 'NONE', #2096, #1221, #4189 ) ;
#2703 = CARTESIAN_POINT ( 'NONE',  ( 1.250000000000000000, 0.1749999999999999889, 2.250000000000000444 ) ) ;
#2704 = DIRECTION ( 'NONE',  ( 0.000000000000000000, -1.000000000000000000, -0.000000000000000000 ) ) ;
#2705 = AXIS2_PLACEMENT_3D ( 'NONE', #8851, #5172, #7383 ) ;
#2706 = ORIENTED_EDGE ( 'NONE', *, *, #2361, .F. ) ;
#2707 = CARTESIAN_POINT ( 'NONE',  ( 0.9749999999999999778, 0.000000000000000000, -0.1250000000000000000 ) ) ;
#2708 = ORIENTED_EDGE ( 'NONE', *, *, #5781, .T. ) ;
#2709 = DIRECTION ( 'NONE',  ( 1.000000000000000000, 0.000000000000000000, -0.000000000000000000 ) ) ;
#2710 = AXIS2_PLACEMENT_3D ( 'NONE', #8749, #5014, #8798 ) ;
#2711 = AXIS2_PLACEMENT_3D ( 'NONE', #8443, #3055, #8344 ) ;
#2712 = CYLINDRICAL_SURFACE ( 'NONE', #1656, 0.1250000000000000000 ) ;
#2713 = PRESENTATION_STYLE_ASSIGNMENT (( #8077 ) ) ;
#2714 = ADVANCED_BREP_SHAPE_REPRESENTATION ( '', ( #6238, #2808, #9410, #6381, #9596, #2972, #2951, #3025, #6309, #2921, #6198, #2839, #3114, #6344, #6327, #9485, #9445, #2864, #6267, #6154, #3004, #4985 ), #7544 ) ;
#2715 = ADVANCED_FACE ( 'NONE', ( #8324 ), #5277, .F. ) ;
#2716 =( NAMED_UNIT ( * ) PLANE_ANGLE_UNIT ( ) SI_UNIT ( $, .RADIAN. ) );
#2717 = EDGE_CURVE ( 'NONE', #184, #2238, #6789, .T. ) ;
#2718 = MECHANICAL_DESIGN_GEOMETRIC_PRESENTATION_REPRESENTATION (  '', ( #5281 ), #4021 ) ;
#2719 =( LENGTH_UNIT ( ) NAMED_UNIT ( * ) SI_UNIT ( .MILLI., .METRE. ) );
#2720 = FILL_AREA_STYLE_COLOUR ( '', #5916 ) ;
#2721 = DIRECTION ( 'NONE',  ( 0.000000000000000000, 1.000000000000000000, -0.000000000000000000 ) ) ;
#2722 = PRESENTATION_LAYER_ASSIGNMENT (  '', '', ( #7046 ) ) ;
#2723 =( NAMED_UNIT ( * ) PLANE_ANGLE_UNIT ( ) SI_UNIT ( $, .RADIAN. ) );
#2724 = FILL_AREA_STYLE ('',( #8090 ) ) ;
#2725 = VERTEX_POINT ( 'NONE', #5977 ) ;
#2726 = SURFACE_STYLE_FILL_AREA ( #2620 ) ;
#2727 = ADVANCED_FACE ( 'NONE', ( #8999 ), #2150, .F. ) ;
#2728 = DIRECTION ( 'NONE',  ( 0.000000000000000000, 0.000000000000000000, -1.000000000000000000 ) ) ;
#2729 = EDGE_LOOP ( 'NONE', ( #1619, #7191, #3252, #3636, #9553 ) ) ;
#2730 = PRODUCT_DEFINITION_FORMATION_WITH_SPECIFIED_SOURCE ( 'ANY', '', #6125, .NOT_KNOWN. ) ;
#2731 = ORIENTED_EDGE ( 'NONE', *, *, #7073, .T. ) ;
#2732 = CARTESIAN_POINT ( 'NONE',  ( -0.1250000000000000000, 0.000000000000000000, -2.250000000000000444 ) ) ;
#2733 = CARTESIAN_POINT ( 'NONE',  ( -0.9749999999999999778, 0.000000000000000000, 0.3750000000000000000 ) ) ;
#2734 = ORIENTED_EDGE ( 'NONE', *, *, #4874, .T. ) ;
#2735 = UNCERTAINTY_MEASURE_WITH_UNIT (LENGTH_MEASURE( 1.000000000000000082E-05 ), #3989, 'distance_accuracy_value', 'NONE');
#2736 = PLANE ( 'NONE',  #4581 ) ;
#2737 = FILL_AREA_STYLE ('',( #7402 ) ) ;
#2738 = DIRECTION ( 'NONE',  ( 0.000000000000000000, 0.000000000000000000, 1.000000000000000000 ) ) ;
#2739 = ORIENTED_EDGE ( 'NONE', *, *, #7140, .F. ) ;
#2741 = ORIENTED_EDGE ( 'NONE', *, *, #5301, .T. ) ;
#2740 = DIRECTION ( 'NONE',  ( 0.000000000000000000, 0.000000000000000000, -1.000000000000000000 ) ) ;
#2742 = ADVANCED_FACE ( 'NONE', ( #932 ), #3177, .F. ) ;
#2743 = VERTEX_POINT ( 'NONE', #824 ) ;
#2744 = VERTEX_POINT ( 'NONE', #6243 ) ;
#2745 = ORIENTED_EDGE ( 'NONE', *, *, #3527, .T. ) ;
#2746 = CARTESIAN_POINT ( 'NONE',  ( -1.241030663926139699, 0.9080625828929613785, -2.125094501859786433 ) ) ;
#2747 = CARTESIAN_POINT ( 'NONE',  ( -1.239442719099991708, 0.9197213595499954542, -2.149999999999999911 ) ) ;
#2748 = CARTESIAN_POINT ( 'NONE',  ( -1.149999999999999911, 0.8750000000000000000, -2.149999999999999911 ) ) ;
#2749 = SURFACE_STYLE_USAGE ( .BOTH. , #5865 ) ;
#2750 = CYLINDRICAL_SURFACE ( 'NONE', #9499, 0.09999999999999982514 ) ;
#2751 = CARTESIAN_POINT ( 'NONE',  ( -0.1250000000000000000, 0.000000000000000000, -2.250000000000000444 ) ) ;
#2752 = FILL_AREA_STYLE_COLOUR ( '', #9413 ) ;
#2753 = CARTESIAN_POINT ( 'NONE',  ( -0.9749999999999999778, 0.1749999999999999889, 0.1250000000000000000 ) ) ;
#2754 = ORIENTED_EDGE ( 'NONE', *, *, #5352, .F. ) ;
#2755 = SURFACE_SIDE_STYLE ('',( #5918 ) ) ;
#2756 = ADVANCED_FACE ( 'NONE', ( #3894 ), #6186, .T. ) ;
#2757 = FILL_AREA_STYLE ('',( #9038 ) ) ;
#2758 =( GEOMETRIC_REPRESENTATION_CONTEXT ( 3 ) GLOBAL_UNCERTAINTY_ASSIGNED_CONTEXT ( ( #5643 ) ) GLOBAL_UNIT_ASSIGNED_CONTEXT ( ( #3716, #4626, #5305 ) ) REPRESENTATION_CONTEXT ( 'NONE', 'WORKASPACE' ) );
#2759 = ORIENTED_EDGE ( 'NONE', *, *, #5674, .T. ) ;
#2760 =( NAMED_UNIT ( * ) SI_UNIT ( $, .STERADIAN. ) SOLID_ANGLE_UNIT ( ) );
#2761 = VERTEX_POINT ( 'NONE', #9260 ) ;
#2762 = PRESENTATION_STYLE_ASSIGNMENT (( #5524 ) ) ;
#2763 = MECHANICAL_DESIGN_GEOMETRIC_PRESENTATION_REPRESENTATION (  '', ( #3566 ), #4692 ) ;
#2764 = DIRECTION ( 'NONE',  ( 0.000000000000000000, 0.000000000000000000, 1.000000000000000000 ) ) ;
#2765 = DIRECTION ( 'NONE',  ( 1.000000000000000000, 0.000000000000000000, -0.000000000000000000 ) ) ;
#2766 = DIRECTION ( 'NONE',  ( 0.000000000000000000, -1.000000000000000000, 0.000000000000000000 ) ) ;
#2767 = VECTOR ( 'NONE', #6219, 1000.000000000000000 ) ;
#2768 = SURFACE_SIDE_STYLE ('',( #4891 ) ) ;
#2769 = CARTESIAN_POINT ( 'NONE',  ( 0.1250000000000000000, 0.000000000000000000, -1.975000000000000089 ) ) ;
#2770 = CARTESIAN_POINT ( 'NONE',  ( 0.000000000000000000, 0.000000000000000000, 0.6250000000000000000 ) ) ;
#2771 = CARTESIAN_POINT ( 'NONE',  ( 1.250000000000000000, 0.000000000000000000, -0.3750000000000000555 ) ) ;
#2772 = ADVANCED_FACE ( 'NONE', ( #2452 ), #5518, .F. ) ;
#2773 = ADVANCED_FACE ( 'NONE', ( #4040 ), #7074, .T. ) ;
#2774 =( NAMED_UNIT ( * ) SI_UNIT ( $, .STERADIAN. ) SOLID_ANGLE_UNIT ( ) );
#2775 = CARTESIAN_POINT ( 'NONE',  ( 0.9749999999999999778, -0.04000000000000000083, -1.375000000000000000 ) ) ;
#2776 = DIRECTION ( 'NONE',  ( 0.000000000000000000, 1.000000000000000000, 0.000000000000000000 ) ) ;
#2777 =( NAMED_UNIT ( * ) SI_UNIT ( $, .STERADIAN. ) SOLID_ANGLE_UNIT ( ) );
#2778 = FACE_OUTER_BOUND ( 'NONE', #3109, .T. ) ;
#2779 = CARTESIAN_POINT ( 'NONE',  ( -1.250000000000000000, 0.000000000000000000, -1.875000000000000000 ) ) ;
#2780 = EDGE_LOOP ( 'NONE', ( #3842, #8282, #1629, #19 ) ) ;
#2781 = SURFACE_STYLE_FILL_AREA ( #8683 ) ;
#2782 = PRODUCT_CONTEXT ( 'NONE', #8013, 'mechanical' ) ;
#2783 = EDGE_CURVE ( 'NONE', #6871, #2074, #6054, .T. ) ;
#2784 = STYLED_ITEM ( 'NONE', ( #6994 ), #2545 ) ;
#2785 = FILL_AREA_STYLE_COLOUR ( '', #7818 ) ;
#2786 = ORIENTED_EDGE ( 'NONE', *, *, #2401, .T. ) ;
#2788 = ORIENTED_EDGE ( 'NONE', *, *, #6831, .F. ) ;
#2787 = PLANE ( 'NONE',  #2816 ) ;
#2789 = STYLED_ITEM ( 'NONE', ( #1638 ), #5470 ) ;
#2790 = FILL_AREA_STYLE ('',( #645 ) ) ;
#2791 = ORIENTED_EDGE ( 'NONE', *, *, #9054, .T. ) ;
#2792 = VERTEX_POINT ( 'NONE', #4611 ) ;
#2793 = CARTESIAN_POINT ( 'NONE',  ( -1.207735026918962840, 0.9327350269189621512, -2.207735026918961729 ) ) ;
#2794 = DIRECTION ( 'NONE',  ( 0.000000000000000000, 1.000000000000000000, 0.000000000000000000 ) ) ;
#2795 = CARTESIAN_POINT ( 'NONE',  ( -0.9749999999999999778, -0.04000000000000000083, 0.8750000000000000000 ) ) ;
#2796 = EDGE_CURVE ( 'NONE', #9275, #9280, #891, .T. ) ;
#2797 = LINE ( 'NONE', #3662, #3502 ) ;
#2798 =( GEOMETRIC_REPRESENTATION_CONTEXT ( 3 ) GLOBAL_UNCERTAINTY_ASSIGNED_CONTEXT ( ( #5745 ) ) GLOBAL_UNIT_ASSIGNED_CONTEXT ( ( #8087, #2669, #6447 ) ) REPRESENTATION_CONTEXT ( 'NONE', 'WORKASPACE' ) );
#2799 = CARTESIAN_POINT ( 'NONE',  ( -0.5000000000000000000, 0.000000000000000000, 1.500000000000000000 ) ) ;
#2800 = LINE ( 'NONE', #1947, #9287 ) ;
#2801 = ORIENTED_EDGE ( 'NONE', *, *, #4700, .F. ) ;
#2802 =( LENGTH_UNIT ( ) NAMED_UNIT ( * ) SI_UNIT ( .MILLI., .METRE. ) );
#2803 = DIRECTION ( 'NONE',  ( 0.000000000000000000, 0.000000000000000000, -1.000000000000000000 ) ) ;
#2804 = ORIENTED_EDGE ( 'NONE', *, *, #3548, .F. ) ;
#2805 =( NAMED_UNIT ( * ) SI_UNIT ( $, .STERADIAN. ) SOLID_ANGLE_UNIT ( ) );
#2806 = AXIS2_PLACEMENT_3D ( 'NONE', #7739, #8430, #5483 ) ;
#2807 = PRESENTATION_LAYER_ASSIGNMENT (  '', '', ( #7120 ) ) ;
#2808 = MANIFOLD_SOLID_BREP ( 'Imported2', #9034 ) ;
#2809 = EDGE_LOOP ( 'NONE', ( #7256, #8604, #127, #6761 ) ) ;
#2810 = AXIS2_PLACEMENT_3D ( 'NONE', #615, #3676, #5217 ) ;
#2811 = PLANE ( 'NONE',  #154 ) ;
#2812 = AXIS2_PLACEMENT_3D ( 'NONE', #9766, #6702, #4453 ) ;
#2813 = PLANE ( 'NONE',  #5976 ) ;
#2814 = DIRECTION ( 'NONE',  ( 0.000000000000000000, 0.000000000000000000, -1.000000000000000000 ) ) ;
#2815 = MECHANICAL_DESIGN_GEOMETRIC_PRESENTATION_REPRESENTATION (  '', ( #6828 ), #5868 ) ;
#2816 = AXIS2_PLACEMENT_3D ( 'NONE', #7202, #336, #3393 ) ;
#2817 = DIRECTION ( 'NONE',  ( 0.000000000000000000, 0.000000000000000000, 1.000000000000000000 ) ) ;
#2818 =( NAMED_UNIT ( * ) SI_UNIT ( $, .STERADIAN. ) SOLID_ANGLE_UNIT ( ) );
#2819 = EDGE_CURVE ( 'NONE', #6041, #6962, #5296, .T. ) ;
#2820 =( NAMED_UNIT ( * ) SI_UNIT ( $, .STERADIAN. ) SOLID_ANGLE_UNIT ( ) );
#2821 = LINE ( 'NONE', #5888, #1858 ) ;
#2822 = VECTOR ( 'NONE', #298, 1000.000000000000000 ) ;
#2823 = AXIS2_PLACEMENT_3D ( 'NONE', #7068, #3171, #9294 ) ;
#2824 = ORIENTED_EDGE ( 'NONE', *, *, #1620, .T. ) ;
#2825 = CARTESIAN_POINT ( 'NONE',  ( -0.9749999999999999778, 0.2000000000000000111, -1.375000000000000000 ) ) ;
#2826 = EDGE_LOOP ( 'NONE', ( #4020, #8573, #6950, #6457 ) ) ;
#2827 = DIRECTION ( 'NONE',  ( -0.000000000000000000, -1.000000000000000000, -0.000000000000000000 ) ) ;
#2828 = CARTESIAN_POINT ( 'NONE',  ( 0.9749999999999999778, 0.2000000000000000111, 1.875000000000000000 ) ) ;
#2829 = VECTOR ( 'NONE', #8362, 1000.000000000000000 ) ;
#2830 = LINE ( 'NONE', #5743, #2065 ) ;
#2831 = VERTEX_POINT ( 'NONE', #8340 ) ;
#2832 = MECHANICAL_DESIGN_GEOMETRIC_PRESENTATION_REPRESENTATION (  '', ( #6206 ), #5550 ) ;
#2833 = VECTOR ( 'NONE', #3452, 1000.000000000000000 ) ;
#2834 = CARTESIAN_POINT ( 'NONE',  ( 0.9749999999999999778, 0.000000000000000000, 0.7500000000000000000 ) ) ;
#2835 = PRESENTATION_LAYER_ASSIGNMENT (  '', '', ( #8744 ) ) ;
#2836 = CARTESIAN_POINT ( 'NONE',  ( -1.250000000000000000, 0.000000000000000000, 0.6250000000000000000 ) ) ;
#2837 = FACE_OUTER_BOUND ( 'NONE', #5048, .T. ) ;
#2838 = ORIENTED_EDGE ( 'NONE', *, *, #6875, .T. ) ;
#2839 = MANIFOLD_SOLID_BREP ( 'Imported12', #2163 ) ;
#2840 = PRESENTATION_LAYER_ASSIGNMENT (  '', '', ( #7162 ) ) ;
#2841 = STYLED_ITEM ( 'NONE', ( #6108 ), #3812 ) ;
#2842 =( LENGTH_UNIT ( ) NAMED_UNIT ( * ) SI_UNIT ( .MILLI., .METRE. ) );
#2843 = ORIENTED_EDGE ( 'NONE', *, *, #3746, .F. ) ;
#2844 = EDGE_CURVE ( 'NONE', #7962, #4662, #2266, .T. ) ;
#2845 = ORIENTED_EDGE ( 'NONE', *, *, #9392, .T. ) ;
#2846 = EDGE_CURVE ( 'NONE', #2599, #8727, #8386, .T. ) ;
#2847 = SURFACE_SIDE_STYLE ('',( #4476 ) ) ;
#2848 = CARTESIAN_POINT ( 'NONE',  ( 1.250000000000000000, 0.000000000000000000, -1.125000000000000222 ) ) ;
#2849 = LINE ( 'NONE', #3056, #3938 ) ;
#2850 = ORIENTED_EDGE ( 'NONE', *, *, #3236, .F. ) ;
#2851 = UNCERTAINTY_MEASURE_WITH_UNIT (LENGTH_MEASURE( 1.000000000000000082E-05 ), #8483, 'distance_accuracy_value', 'NONE');
#2852 = LINE ( 'NONE', #2087, #847 ) ;
#2853 =( NAMED_UNIT ( * ) SI_UNIT ( $, .STERADIAN. ) SOLID_ANGLE_UNIT ( ) );
#2854 = PLANE ( 'NONE',  #4312 ) ;
#2855 = LINE ( 'NONE', #8801, #3417 ) ;
#2856 = EDGE_LOOP ( 'NONE', ( #4061, #3913, #1315, #1451 ) ) ;
#2857 = CARTESIAN_POINT ( 'NONE',  ( 0.1250000000000000000, 0.2000000000000000111, 1.975000000000000089 ) ) ;
#2858 = AXIS2_PLACEMENT_3D ( 'NONE', #2957, #5908, #4419 ) ;
#2859 = CYLINDRICAL_SURFACE ( 'NONE', #9500, 0.1000000000000000472 ) ;
#2860 = DIRECTION ( 'NONE',  ( 0.000000000000000000, 0.000000000000000000, 1.000000000000000000 ) ) ;
#2861 =( GEOMETRIC_REPRESENTATION_CONTEXT ( 3 ) GLOBAL_UNCERTAINTY_ASSIGNED_CONTEXT ( ( #1525 ) ) GLOBAL_UNIT_ASSIGNED_CONTEXT ( ( #3197, #4753, #4810 ) ) REPRESENTATION_CONTEXT ( 'NONE', 'WORKASPACE' ) );
#2862 = EDGE_CURVE ( 'NONE', #1635, #8072, #3450, .T. ) ;
#2863 = ORIENTED_EDGE ( 'NONE', *, *, #4185, .T. ) ;
#2864 = MANIFOLD_SOLID_BREP ( 'Imported18', #6024 ) ;
#2865 = PRESENTATION_STYLE_ASSIGNMENT (( #3529 ) ) ;
#2866 = SURFACE_SIDE_STYLE ('',( #6631 ) ) ;
#2867 = STYLED_ITEM ( 'NONE', ( #3176 ), #8952 ) ;
#2868 = AXIS2_PLACEMENT_3D ( 'NONE', #6258, #9272, #5492 ) ;
#2869 = SURFACE_STYLE_USAGE ( .BOTH. , #3886 ) ;
#2870 = SURFACE_STYLE_USAGE ( .BOTH. , #5826 ) ;
#2871 = EDGE_CURVE ( 'NONE', #5607, #2914, #8583, .T. ) ;
#2872 = ORIENTED_EDGE ( 'NONE', *, *, #6749, .T. ) ;
#2873 = LINE ( 'NONE', #8954, #927 ) ;
#2874 = EDGE_CURVE ( 'NONE', #8376, #7099, #6944, .T. ) ;
#2875 =( GEOMETRIC_REPRESENTATION_CONTEXT ( 3 ) GLOBAL_UNCERTAINTY_ASSIGNED_CONTEXT ( ( #4772 ) ) GLOBAL_UNIT_ASSIGNED_CONTEXT ( ( #4675, #918, #1003 ) ) REPRESENTATION_CONTEXT ( 'NONE', 'WORKASPACE' ) );
#2876 = LINE ( 'NONE', #3628, #978 ) ;
#2877 = AXIS2_PLACEMENT_3D ( 'NONE', #9224, #8299, #3866 ) ;
#2878 = DIRECTION ( 'NONE',  ( -0.000000000000000000, -1.000000000000000000, -0.000000000000000000 ) ) ;
#2879 =( NAMED_UNIT ( * ) SI_UNIT ( $, .STERADIAN. ) SOLID_ANGLE_UNIT ( ) );
#2880 = SURFACE_STYLE_USAGE ( .BOTH. , #22 ) ;
#2881 = DIRECTION ( 'NONE',  ( -0.000000000000000000, -0.000000000000000000, 1.000000000000000000 ) ) ;
#2882 = FILL_AREA_STYLE_COLOUR ( '', #8871 ) ;
#2883 =( GEOMETRIC_REPRESENTATION_CONTEXT ( 3 ) GLOBAL_UNCERTAINTY_ASSIGNED_CONTEXT ( ( #1646 ) ) GLOBAL_UNIT_ASSIGNED_CONTEXT ( ( #7953, #6414, #3446 ) ) REPRESENTATION_CONTEXT ( 'NONE', 'WORKASPACE' ) );
#2884 =( LENGTH_UNIT ( ) NAMED_UNIT ( * ) SI_UNIT ( .MILLI., .METRE. ) );
#2885 = CIRCLE ( 'NONE', #4488, 0.1000000000000000472 ) ;
#2886 = ORIENTED_EDGE ( 'NONE', *, *, #1382, .T. ) ;
#2887 = STYLED_ITEM ( 'NONE', ( #5370 ), #4523 ) ;
#2888 = SURFACE_STYLE_USAGE ( .BOTH. , #6839 ) ;
#2889 = ADVANCED_FACE ( 'NONE', ( #1724 ), #4203, .T. ) ;
#2890 = FILL_AREA_STYLE_COLOUR ( '', #9661 ) ;
#2891 = CARTESIAN_POINT ( 'NONE',  ( 0.000000000000000000, 0.000000000000000000, -1.625000000000000222 ) ) ;
#2892 = DIRECTION ( 'NONE',  ( -0.000000000000000000, -1.000000000000000000, 0.000000000000000000 ) ) ;
#2893 = CARTESIAN_POINT ( 'NONE',  ( -1.250000000000000000, 0.000000000000000000, -0.3750000000000000555 ) ) ;
#2894 = CARTESIAN_POINT ( 'NONE',  ( -0.1250000000000000000, 0.000000000000000000, -1.975000000000000089 ) ) ;
#2895 = ORIENTED_EDGE ( 'NONE', *, *, #676, .F. ) ;
#2896 = CIRCLE ( 'NONE', #7538, 0.1249999999999998890 ) ;
#2897 = LINE ( 'NONE', #8238, #7595 ) ;
#2898 = DIRECTION ( 'NONE',  ( 1.000000000000000000, 0.000000000000000000, 0.000000000000000000 ) ) ;
#2899 = LINE ( 'NONE', #1150, #8785 ) ;
#2900 = FILL_AREA_STYLE ('',( #2785 ) ) ;
#2901 = ORIENTED_EDGE ( 'NONE', *, *, #4414, .F. ) ;
#2902 =( GEOMETRIC_REPRESENTATION_CONTEXT ( 3 ) GLOBAL_UNCERTAINTY_ASSIGNED_CONTEXT ( ( #1467 ) ) GLOBAL_UNIT_ASSIGNED_CONTEXT ( ( #9102, #2250, #7434 ) ) REPRESENTATION_CONTEXT ( 'NONE', 'WORKASPACE' ) );
#2903 = VERTEX_POINT ( 'NONE', #4805 ) ;
#2904 = CARTESIAN_POINT ( 'NONE',  ( 0.000000000000000000, 0.000000000000000000, 1.500000000000000000 ) ) ;
#2905 = ORIENTED_EDGE ( 'NONE', *, *, #8721, .T. ) ;
#2906 = ORIENTED_EDGE ( 'NONE', *, *, #5779, .T. ) ;
#2907 = SURFACE_STYLE_USAGE ( .BOTH. , #5155 ) ;
#2908 = DIRECTION ( 'NONE',  ( 1.000000000000000000, 0.000000000000000000, 0.000000000000000000 ) ) ;
#2909 = ORIENTED_EDGE ( 'NONE', *, *, #8231, .F. ) ;
#2910 = PRESENTATION_STYLE_ASSIGNMENT (( #1542 ) ) ;
#2911 = EDGE_CURVE ( 'NONE', #188, #3241, #2304, .T. ) ;
#2912 = EDGE_CURVE ( 'NONE', #1692, #981, #4154, .T. ) ;
#2913 = FILL_AREA_STYLE ('',( #2280 ) ) ;
#2914 = VERTEX_POINT ( 'NONE', #7237 ) ;
#2915 = CARTESIAN_POINT ( 'NONE',  ( 0.000000000000000000, 0.1749999999999999889, -0.1250000000000000000 ) ) ;
#2916 = DIRECTION ( 'NONE',  ( 0.000000000000000000, 0.000000000000000000, -1.000000000000000000 ) ) ;
#2917 = VERTEX_POINT ( 'NONE', #7083 ) ;
#2918 = CARTESIAN_POINT ( 'NONE',  ( 0.000000000000000000, 0.1749999999999999889, 0.3750000000000000000 ) ) ;
#2919 =( NAMED_UNIT ( * ) SI_UNIT ( $, .STERADIAN. ) SOLID_ANGLE_UNIT ( ) );
#2920 =( LENGTH_UNIT ( ) NAMED_UNIT ( * ) SI_UNIT ( .MILLI., .METRE. ) );
#2921 = MANIFOLD_SOLID_BREP ( 'Imported10', #2663 ) ;
#2922 = DIRECTION ( 'NONE',  ( 0.000000000000000000, -1.000000000000000000, -0.000000000000000000 ) ) ;
#2923 = VECTOR ( 'NONE', #9843, 1000.000000000000000 ) ;
#2924 = ADVANCED_FACE ( 'NONE', ( #9421 ), #2466, .T. ) ;
#2925 =( NAMED_UNIT ( * ) PLANE_ANGLE_UNIT ( ) SI_UNIT ( $, .RADIAN. ) );
#2926 = DIRECTION ( 'NONE',  ( 0.000000000000000000, 0.000000000000000000, 1.000000000000000000 ) ) ;
#2927 = CARTESIAN_POINT ( 'NONE',  ( 0.000000000000000000, 0.2000000000000000111, 0.000000000000000000 ) ) ;
#2928 = DIRECTION ( 'NONE',  ( -0.000000000000000000, 1.000000000000000000, 0.000000000000000000 ) ) ;
#2929 = LINE ( 'NONE', #3884, #2982 ) ;
#2930 = FILL_AREA_STYLE_COLOUR ( '', #7666 ) ;
#2931 = ADVANCED_FACE ( 'NONE', ( #5793 ), #5141, .T. ) ;
#2932 = DIRECTION ( 'NONE',  ( 0.000000000000000000, 0.000000000000000000, -1.000000000000000000 ) ) ;
#2933 = EDGE_CURVE ( 'NONE', #309, #3011, #5740, .T. ) ;
#2934 = PRESENTATION_STYLE_ASSIGNMENT (( #9150 ) ) ;
#2935 = VECTOR ( 'NONE', #9143, 1000.000000000000000 ) ;
#2936 = ORIENTED_EDGE ( 'NONE', *, *, #7966, .F. ) ;
#2937 =( GEOMETRIC_REPRESENTATION_CONTEXT ( 3 ) GLOBAL_UNCERTAINTY_ASSIGNED_CONTEXT ( ( #434 ) ) GLOBAL_UNIT_ASSIGNED_CONTEXT ( ( #6416, #8686, #1737 ) ) REPRESENTATION_CONTEXT ( 'NONE', 'WORKASPACE' ) );
#2938 = SURFACE_STYLE_FILL_AREA ( #6700 ) ;
#2939 = EDGE_LOOP ( 'NONE', ( #2587, #584, #3824, #7017 ) ) ;
#2940 = CARTESIAN_POINT ( 'NONE',  ( 1.211381300126909588, 0.8783027194376270552, -2.258521061192350743 ) ) ;
#2941 = CARTESIAN_POINT ( 'NONE',  ( -1.250000000000000000, 0.000000000000000000, 2.250000000000000444 ) ) ;
#2942 = AXIS2_PLACEMENT_3D ( 'NONE', #2049, #607, #506 ) ;
#2943 = CARTESIAN_POINT ( 'NONE',  ( -1.250000000000000000, 0.000000000000000000, 1.125000000000000222 ) ) ;
#2944 = ORIENTED_EDGE ( 'NONE', *, *, #5781, .F. ) ;
#2945 = UNCERTAINTY_MEASURE_WITH_UNIT (LENGTH_MEASURE( 1.000000000000000082E-05 ), #4663, 'distance_accuracy_value', 'NONE');
#2946 = CARTESIAN_POINT ( 'NONE',  ( 1.250000000000000000, 0.1749999999999999889, -0.8750000000000000000 ) ) ;
#2947 = VECTOR ( 'NONE', #406, 1000.000000000000000 ) ;
#2948 = ADVANCED_FACE ( 'NONE', ( #5096 ), #3493, .F. ) ;
#2949 = DIRECTION ( 'NONE',  ( -1.000000000000000000, -0.000000000000000000, -0.000000000000000000 ) ) ;
#2950 = VECTOR ( 'NONE', #4735, 1000.000000000000000 ) ;
#2951 = MANIFOLD_SOLID_BREP ( 'Imported7', #3309 ) ;
#2952 = CARTESIAN_POINT ( 'NONE',  ( 1.250000000000000000, 0.000000000000000000, 0.1250000000000000000 ) ) ;
#2953 = LINE ( 'NONE', #6665, #7000 ) ;
#2954 = ORIENTED_EDGE ( 'NONE', *, *, #7553, .T. ) ;
#2955 = ORIENTED_EDGE ( 'NONE', *, *, #3413, .F. ) ;
#2956 = DIRECTION ( 'NONE',  ( 1.000000000000000000, 0.000000000000000000, -0.000000000000000000 ) ) ;
#2957 = CARTESIAN_POINT ( 'NONE',  ( 0.2500000000000000000, 0.000000000000000000, -1.975000000000000089 ) ) ;
#2958 = ORIENTED_EDGE ( 'NONE', *, *, #1446, .F. ) ;
#2959 = UNCERTAINTY_MEASURE_WITH_UNIT (LENGTH_MEASURE( 1.000000000000000082E-05 ), #1269, 'distance_accuracy_value', 'NONE');
#2960 = FACE_OUTER_BOUND ( 'NONE', #4170, .T. ) ;
#2961 = VECTOR ( 'NONE', #2962, 1000.000000000000000 ) ;
#2962 = DIRECTION ( 'NONE',  ( -0.000000000000000000, -0.000000000000000000, -1.000000000000000000 ) ) ;
#2963 = LINE ( 'NONE', #9084, #4792 ) ;
#2964 = CARTESIAN_POINT ( 'NONE',  ( 0.9749999999999999778, -0.04000000000000000083, 0.2500000000000000000 ) ) ;
#2965 = EDGE_LOOP ( 'NONE', ( #5158, #5923, #4824, #3433 ) ) ;
#2966 = FACE_OUTER_BOUND ( 'NONE', #4968, .T. ) ;
#2967 = DIRECTION ( 'NONE',  ( 0.000000000000000000, 0.000000000000000000, -1.000000000000000000 ) ) ;
#2968 = CARTESIAN_POINT ( 'NONE',  ( -0.9749999999999999778, 0.000000000000000000, 1.625000000000000222 ) ) ;
#2969 = LINE ( 'NONE', #1421, #6398 ) ;
#2970 = PRODUCT_DEFINITION_CONTEXT ( 'detailed design', #8507, 'design' ) ;
#2971 = ORIENTED_EDGE ( 'NONE', *, *, #8606, .T. ) ;
#2972 = MANIFOLD_SOLID_BREP ( 'Imported6', #8259 ) ;
#2973 = ADVANCED_FACE ( 'NONE', ( #7635 ), #9005, .F. ) ;
#2974 = COLOUR_RGB ( '',0.8313725490196077761, 0.8313725490196077761, 0.8313725490196077761 ) ;
#2975 = ADVANCED_FACE ( 'NONE', ( #4512 ), #6044, .T. ) ;
#2976 = DIRECTION ( 'NONE',  ( -0.000000000000000000, 1.000000000000000000, 0.000000000000000000 ) ) ;
#2977 = AXIS2_PLACEMENT_3D ( 'NONE', #1331, #5037, #8915 ) ;
#2978 = DIRECTION ( 'NONE',  ( 0.000000000000000000, 1.000000000000000000, 0.000000000000000000 ) ) ;
#2979 = CARTESIAN_POINT ( 'NONE',  ( -0.9749999999999999778, -0.04000000000000000083, 1.375000000000000000 ) ) ;
#2980 = AXIS2_PLACEMENT_3D ( 'NONE', #3922, #1551, #4670 ) ;
#2981 = VECTOR ( 'NONE', #7040, 1000.000000000000000 ) ;
#2982 = VECTOR ( 'NONE', #6919, 1000.000000000000000 ) ;
#2983 = EDGE_CURVE ( 'NONE', #1964, #753, #2206, .T. ) ;
#2984 = EDGE_CURVE ( 'NONE', #3477, #7309, #8424, .T. ) ;
#2985 = DIRECTION ( 'NONE',  ( -1.000000000000000000, 0.000000000000000000, -0.000000000000000000 ) ) ;
#2986 = DIRECTION ( 'NONE',  ( 1.000000000000000000, -0.000000000000000000, 0.000000000000000000 ) ) ;
#2987 =( GEOMETRIC_REPRESENTATION_CONTEXT ( 3 ) GLOBAL_UNCERTAINTY_ASSIGNED_CONTEXT ( ( #7467 ) ) GLOBAL_UNIT_ASSIGNED_CONTEXT ( ( #1820, #9842, #6162 ) ) REPRESENTATION_CONTEXT ( 'NONE', 'WORKASPACE' ) );
#2988 = VECTOR ( 'NONE', #7616, 1000.000000000000000 ) ;
#2989 =( GEOMETRIC_REPRESENTATION_CONTEXT ( 3 ) GLOBAL_UNCERTAINTY_ASSIGNED_CONTEXT ( ( #3150 ) ) GLOBAL_UNIT_ASSIGNED_CONTEXT ( ( #2257, #7586, #9764 ) ) REPRESENTATION_CONTEXT ( 'NONE', 'WORKASPACE' ) );
#2990 = FILL_AREA_STYLE_COLOUR ( '', #9826 ) ;
#2991 = VERTEX_POINT ( 'NONE', #8375 ) ;
#2992 = PRESENTATION_LAYER_ASSIGNMENT (  '', '', ( #6987 ) ) ;
#2993 = ORIENTED_EDGE ( 'NONE', *, *, #4165, .F. ) ;
#2994 = CARTESIAN_POINT ( 'NONE',  ( 1.294659952694483085, 0.8211389613474355809, -2.205718880800481507 ) ) ;
#2996 = ORIENTED_EDGE ( 'NONE', *, *, #9699, .F. ) ;
#2995 = LINE ( 'NONE', #1935, #4592 ) ;
#2997 = DIRECTION ( 'NONE',  ( -1.000000000000000000, 0.000000000000000000, -0.000000000000000000 ) ) ;
#2998 = EDGE_CURVE ( 'NONE', #6666, #2914, #4747, .T. ) ;
#2999 = CARTESIAN_POINT ( 'NONE',  ( -0.1250000000000000000, -0.04000000000000000083, -1.975000000000000089 ) ) ;
#3000 = ORIENTED_EDGE ( 'NONE', *, *, #264, .F. ) ;
#3001 = CLOSED_SHELL ( 'NONE', ( #6245, #4523, #8813, #407, #3276, #4031 ) ) ;
#3002 = MECHANICAL_DESIGN_GEOMETRIC_PRESENTATION_REPRESENTATION (  '', ( #9036 ), #3158 ) ;
#3003 = DIRECTION ( 'NONE',  ( 0.000000000000000000, 0.000000000000000000, 1.000000000000000000 ) ) ;
#3004 = MANIFOLD_SOLID_BREP ( 'Imported21', #4448 ) ;
#3005 = MECHANICAL_DESIGN_GEOMETRIC_PRESENTATION_REPRESENTATION (  '', ( #1557 ), #1251 ) ;
#3006 = ORIENTED_EDGE ( 'NONE', *, *, #6438, .F. ) ;
#3007 = VECTOR ( 'NONE', #7979, 1000.000000000000000 ) ;
#3008 = EDGE_CURVE ( 'NONE', #1692, #129, #5473, .T. ) ;
#3009 = DIRECTION ( 'NONE',  ( -0.000000000000000000, -0.000000000000000000, 1.000000000000000000 ) ) ;
#3010 = CYLINDRICAL_SURFACE ( 'NONE', #4899, 0.1250000000000001110 ) ;
#3011 = VERTEX_POINT ( 'NONE', #1082 ) ;
#3012 = FILL_AREA_STYLE ('',( #6003 ) ) ;
#3013 = FACE_OUTER_BOUND ( 'NONE', #6211, .T. ) ;
#3014 = CARTESIAN_POINT ( 'NONE',  ( -1.154368729000465388, 0.9238392649474658214, 2.243309800894466299 ) ) ;
#3015 = AXIS2_PLACEMENT_3D ( 'NONE', #8008, #5147, #4211 ) ;
#3016 = PRESENTATION_LAYER_ASSIGNMENT (  '', '', ( #8905 ) ) ;
#3017 = ORIENTED_EDGE ( 'NONE', *, *, #4287, .T. ) ;
#3018 = CARTESIAN_POINT ( 'NONE',  ( 1.250000000000000000, 0.8750000000000000000, 2.149999999999999911 ) ) ;
#3019 = VERTEX_POINT ( 'NONE', #8576 ) ;
#3020 = DIRECTION ( 'NONE',  ( 1.000000000000000000, 0.000000000000000000, 0.000000000000000000 ) ) ;
#3021 = CARTESIAN_POINT ( 'NONE',  ( -0.9749999999999999778, 0.2000000000000000111, -1.125000000000000222 ) ) ;
#3022 = EDGE_CURVE ( 'NONE', #8875, #7712, #1720, .T. ) ;
#3023 = DIRECTION ( 'NONE',  ( -1.000000000000000000, -0.000000000000000000, -0.000000000000000000 ) ) ;
#3024 = EDGE_LOOP ( 'NONE', ( #8461, #4144, #5804, #2378, #4379, #898 ) ) ;
#3025 = MANIFOLD_SOLID_BREP ( 'Imported8', #3796 ) ;
#3026 = AXIS2_PLACEMENT_3D ( 'NONE', #5714, #7265, #403 ) ;
#3027 =( LENGTH_UNIT ( ) NAMED_UNIT ( * ) SI_UNIT ( .MILLI., .METRE. ) );
#3028 = FACE_OUTER_BOUND ( 'NONE', #1839, .T. ) ;
#3029 = COLOUR_RGB ( '',0.8313725490196077761, 0.8313725490196077761, 0.8313725490196077761 ) ;
#3030 = B_SPLINE_CURVE_WITH_KNOTS ( 'NONE', 3,
 ( #8892, #2044, #8168, #1313, #6675, #9688, #9834 ),
 .UNSPECIFIED., .F., .F.,
 ( 4, 1, 1, 1, 4 ),
 ( 0.000000000000000000, 0.1250000000000000833, 0.2500000000000001110, 0.3750000000000006106, 0.5000000000000002220 ),
 .UNSPECIFIED. ) ;
#3031 = FACE_OUTER_BOUND ( 'NONE', #2826, .T. ) ;
#3032 = CARTESIAN_POINT ( 'NONE',  ( 1.250000000000000000, 0.000000000000000000, -0.6250000000000000000 ) ) ;
#3033 = LINE ( 'NONE', #6085, #8941 ) ;
#3034 = CARTESIAN_POINT ( 'NONE',  ( 1.250000000000000000, 0.2000000000000000111, 0.6250000000000000000 ) ) ;
#3035 = EDGE_CURVE ( 'NONE', #7804, #3604, #5583, .T. ) ;
#3036 = ORIENTED_EDGE ( 'NONE', *, *, #7033, .F. ) ;
#3037 = CIRCLE ( 'NONE', #5430, 0.1249999999999998890 ) ;
#3038 = VERTEX_POINT ( 'NONE', #9416 ) ;
#3039 = DIRECTION ( 'NONE',  ( 0.000000000000000000, -1.000000000000000000, 0.000000000000000000 ) ) ;
#3040 = CARTESIAN_POINT ( 'NONE',  ( 0.000000000000000000, 0.000000000000000000, 1.625000000000000222 ) ) ;
#3041 = DIRECTION ( 'NONE',  ( 0.000000000000000000, -1.000000000000000000, -0.000000000000000000 ) ) ;
#3042 = UNCERTAINTY_MEASURE_WITH_UNIT (LENGTH_MEASURE( 1.000000000000000082E-05 ), #4527, 'distance_accuracy_value', 'NONE');
#3043 = SURFACE_SIDE_STYLE ('',( #6656 ) ) ;
#3044 = PRESENTATION_LAYER_ASSIGNMENT (  '', '', ( #4648 ) ) ;
#3045 = DIRECTION ( 'NONE',  ( 0.000000000000000000, -0.000000000000000000, 1.000000000000000000 ) ) ;
#3046 = CARTESIAN_POINT ( 'NONE',  ( 0.9749999999999999778, 0.000000000000000000, 0.3750000000000000000 ) ) ;
#3047 = LINE ( 'NONE', #1530, #8582 ) ;
#3048 = ADVANCED_FACE ( 'NONE', ( #3329 ), #5076, .F. ) ;
#3049 =( NAMED_UNIT ( * ) SI_UNIT ( $, .STERADIAN. ) SOLID_ANGLE_UNIT ( ) );
#3050 = FILL_AREA_STYLE_COLOUR ( '', #2145 ) ;
#3051 = AXIS2_PLACEMENT_3D ( 'NONE', #338, #3395, #1200 ) ;
#3052 = VERTEX_POINT ( 'NONE', #2968 ) ;
#3053 = DIRECTION ( 'NONE',  ( 0.000000000000000000, 0.000000000000000000, -1.000000000000000000 ) ) ;
#3054 = DIRECTION ( 'NONE',  ( 0.000000000000000000, 1.000000000000000000, 0.000000000000000000 ) ) ;
#3055 = DIRECTION ( 'NONE',  ( 0.4082482904638641830, 0.8164965809277251463, -0.4082482904638640164 ) ) ;
#3056 = CARTESIAN_POINT ( 'NONE',  ( 0.000000000000000000, 0.000000000000000000, -1.875000000000000000 ) ) ;
#3057 = VERTEX_POINT ( 'NONE', #3723 ) ;
#3058 = DIRECTION ( 'NONE',  ( 0.000000000000000000, -1.000000000000000000, 0.000000000000000000 ) ) ;
#3059 = PRESENTATION_LAYER_ASSIGNMENT (  '', '', ( #2565 ) ) ;
#3060 = CARTESIAN_POINT ( 'NONE',  ( 0.9749999999999999778, 0.000000000000000000, -0.2500000000000000000 ) ) ;
#3061 = EDGE_LOOP ( 'NONE', ( #7466, #5630, #9234, #2310 ) ) ;
#3062 = ORIENTED_EDGE ( 'NONE', *, *, #2308, .T. ) ;
#3063 =( LENGTH_UNIT ( ) NAMED_UNIT ( * ) SI_UNIT ( .MILLI., .METRE. ) );
#3064 = ORIENTED_EDGE ( 'NONE', *, *, #4032, .F. ) ;
#3065 = DIRECTION ( 'NONE',  ( 0.000000000000000000, 1.000000000000000000, 0.000000000000000000 ) ) ;
#3066 = FILL_AREA_STYLE_COLOUR ( '', #9126 ) ;
#3067 = FILL_AREA_STYLE_COLOUR ( '', #4499 ) ;
#3068 = EDGE_LOOP ( 'NONE', ( #3222, #3288, #1375, #4478, #4737 ) ) ;
#3069 = DIRECTION ( 'NONE',  ( -1.000000000000000000, 0.000000000000000000, -0.000000000000000000 ) ) ;
#3070 = EDGE_CURVE ( 'NONE', #2097, #9136, #8314, .T. ) ;
#3071 = FILL_AREA_STYLE_COLOUR ( '', #8428 ) ;
#3072 = DIRECTION ( 'NONE',  ( 0.000000000000000000, 0.000000000000000000, -1.000000000000000000 ) ) ;
#3073 = PLANE ( 'NONE',  #51 ) ;
#3074 = DIRECTION ( 'NONE',  ( 1.000000000000000000, 0.000000000000000000, -0.000000000000000000 ) ) ;
#3075 = CARTESIAN_POINT ( 'NONE',  ( 0.9749999999999999778, 0.2000000000000000111, -0.6250000000000000000 ) ) ;
#3076 = LINE ( 'NONE', #1236, #4351 ) ;
#3077 = CARTESIAN_POINT ( 'NONE',  ( 1.250000000000000000, 0.000000000000000000, 1.375000000000000000 ) ) ;
#3078 = SURFACE_STYLE_FILL_AREA ( #8417 ) ;
#3079 = FACE_OUTER_BOUND ( 'NONE', #5426, .T. ) ;
#3080 = ORIENTED_EDGE ( 'NONE', *, *, #8082, .T. ) ;
#3081 = CYLINDRICAL_SURFACE ( 'NONE', #749, 0.09999999999999982514 ) ;
#3082 = EDGE_LOOP ( 'NONE', ( #4807, #2113, #9573, #1069 ) ) ;
#3083 = SURFACE_STYLE_USAGE ( .BOTH. , #2109 ) ;
#3084 = CARTESIAN_POINT ( 'NONE',  ( 1.250000000000000000, 0.2000000000000000111, 0.1250000000000000000 ) ) ;
#3085 = ADVANCED_FACE ( 'NONE', ( #699 ), #4341, .F. ) ;
#3086 = ADVANCED_FACE ( 'NONE', ( #662 ), #4491, .F. ) ;
#3087 = DIRECTION ( 'NONE',  ( 0.000000000000000000, -0.000000000000000000, 1.000000000000000000 ) ) ;
#3088 = VECTOR ( 'NONE', #1175, 1000.000000000000000 ) ;
#3089 = PRESENTATION_LAYER_ASSIGNMENT (  '', '', ( #5645 ) ) ;
#3090 = CARTESIAN_POINT ( 'NONE',  ( -1.250000000000000000, 0.000000000000000000, -2.250000000000000444 ) ) ;
#3091 = SURFACE_SIDE_STYLE ('',( #5333 ) ) ;
#3092 = CARTESIAN_POINT ( 'NONE',  ( 0.000000000000000000, 0.000000000000000000, 0.000000000000000000 ) ) ;
#3093 = VECTOR ( 'NONE', #2093, 1000.000000000000000 ) ;
#3094 = DIRECTION ( 'NONE',  ( -0.000000000000000000, -1.000000000000000000, 0.000000000000000000 ) ) ;
#3095 = VERTEX_POINT ( 'NONE', #3615 ) ;
#3096 = LINE ( 'NONE', #945, #625 ) ;
#3097 = COLOUR_RGB ( '',0.8313725490196077761, 0.8313725490196077761, 0.8313725490196077761 ) ;
#3098 = DIRECTION ( 'NONE',  ( 0.000000000000000000, -0.000000000000000000, -1.000000000000000000 ) ) ;
#3099 = SURFACE_STYLE_USAGE ( .BOTH. , #796 ) ;
#3100 = ORIENTED_EDGE ( 'NONE', *, *, #6686, .F. ) ;
#3101 = FACE_OUTER_BOUND ( 'NONE', #9422, .T. ) ;
#3102 =( NAMED_UNIT ( * ) PLANE_ANGLE_UNIT ( ) SI_UNIT ( $, .RADIAN. ) );
#3103 = CARTESIAN_POINT ( 'NONE',  ( 0.9749999999999999778, 0.2000000000000000111, -1.625000000000000222 ) ) ;
#3104 =( NAMED_UNIT ( * ) PLANE_ANGLE_UNIT ( ) SI_UNIT ( $, .RADIAN. ) );
#3105 = VERTEX_POINT ( 'NONE', #1283 ) ;
#3106 = CYLINDRICAL_SURFACE ( 'NONE', #5176, 0.1250000000000000000 ) ;
#3107 = ORIENTED_EDGE ( 'NONE', *, *, #8343, .T. ) ;
#3108 = SURFACE_STYLE_FILL_AREA ( #1695 ) ;
#3109 = EDGE_LOOP ( 'NONE', ( #5463, #3787, #2083, #1612 ) ) ;
#3110 = CARTESIAN_POINT ( 'NONE',  ( -1.174094889548316756, 1.041934131648606821, 2.058158727481963268 ) ) ;
#3111 =( LENGTH_UNIT ( ) NAMED_UNIT ( * ) SI_UNIT ( .MILLI., .METRE. ) );
#3112 = VERTEX_POINT ( 'NONE', #3021 ) ;
#3113 =( LENGTH_UNIT ( ) NAMED_UNIT ( * ) SI_UNIT ( .MILLI., .METRE. ) );
#3114 = MANIFOLD_SOLID_BREP ( 'Imported13', #1241 ) ;
#3115 = ADVANCED_FACE ( 'NONE', ( #7380 ), #8900, .T. ) ;
#3116 = CARTESIAN_POINT ( 'NONE',  ( -1.250000000000000000, 0.000000000000000000, -2.250000000000000444 ) ) ;
#3117 = DIRECTION ( 'NONE',  ( 0.000000000000000000, 0.000000000000000000, -1.000000000000000000 ) ) ;
#3118 = COLOUR_RGB ( '',0.8313725490196077761, 0.8313725490196077761, 0.8313725490196077761 ) ;
#3119 = SURFACE_SIDE_STYLE ('',( #5467 ) ) ;
#3120 = LINE ( 'NONE', #5939, #2354 ) ;
#3121 = SURFACE_STYLE_USAGE ( .BOTH. , #4832 ) ;
#3122 = AXIS2_PLACEMENT_3D ( 'NONE', #4533, #6013, #6625 ) ;
#3123 = LINE ( 'NONE', #3831, #2935 ) ;
#3124 = CARTESIAN_POINT ( 'NONE',  ( -0.9749999999999999778, 0.1749999999999999889, 1.125000000000000222 ) ) ;
#3125 = ORIENTED_EDGE ( 'NONE', *, *, #2783, .T. ) ;
#3126 = AXIS2_PLACEMENT_3D ( 'NONE', #7298, #6560, #284 ) ;
#3127 = ADVANCED_FACE ( 'NONE', ( #5125 ), #7612, .T. ) ;
#3128 = AXIS2_PLACEMENT_3D ( 'NONE', #873, #8670, #1616 ) ;
#3129 = CARTESIAN_POINT ( 'NONE',  ( -0.9749999999999999778, 0.000000000000000000, -1.375000000000000000 ) ) ;
#3130 = STYLED_ITEM ( 'NONE', ( #1447 ), #5576 ) ;
#3131 = LINE ( 'NONE', #1569, #2007 ) ;
#3132 = VECTOR ( 'NONE', #733, 1000.000000000000000 ) ;
#3133 = ORIENTED_EDGE ( 'NONE', *, *, #2556, .F. ) ;
#3134 = ORIENTED_EDGE ( 'NONE', *, *, #4977, .F. ) ;
#3135 = VECTOR ( 'NONE', #5263, 1000.000000000000000 ) ;
#3136 = EDGE_CURVE ( 'NONE', #5261, #1090, #9577, .T. ) ;
#3137 = COLOUR_RGB ( '',0.8313725490196077761, 0.8313725490196077761, 0.8313725490196077761 ) ;
#3138 = MECHANICAL_DESIGN_GEOMETRIC_PRESENTATION_REPRESENTATION (  '', ( #7994 ), #4096 ) ;
#3139 = STYLED_ITEM ( 'NONE', ( #8962 ), #2951 ) ;
#3140 = CIRCLE ( 'NONE', #1850, 0.1250000000000000000 ) ;
#3141 = CIRCLE ( 'NONE', #105, 0.1000000000000000472 ) ;
#3142 = CARTESIAN_POINT ( 'NONE',  ( -0.9749999999999999778, 0.000000000000000000, -1.875000000000000000 ) ) ;
#3143 = CARTESIAN_POINT ( 'NONE',  ( -0.1250000000000000000, 0.000000000000000000, 1.975000000000000089 ) ) ;
#3144 = ORIENTED_EDGE ( 'NONE', *, *, #7198, .T. ) ;
#3145 = VERTEX_POINT ( 'NONE', #5631 ) ;
#3146 = CARTESIAN_POINT ( 'NONE',  ( -1.250000000000000000, 0.000000000000000000, 1.625000000000000444 ) ) ;
#3147 = CARTESIAN_POINT ( 'NONE',  ( 0.2500000000000000000, 0.000000000000000000, -1.850000000000000089 ) ) ;
#3148 = FILL_AREA_STYLE_COLOUR ( '', #8626 ) ;
#3149 = VERTEX_POINT ( 'NONE', #8808 ) ;
#3150 = UNCERTAINTY_MEASURE_WITH_UNIT (LENGTH_MEASURE( 1.000000000000000082E-05 ), #2257, 'distance_accuracy_value', 'NONE');
#3151 = COLOUR_RGB ( '',0.8313725490196077761, 0.8313725490196077761, 0.8313725490196077761 ) ;
#3152 = PRESENTATION_STYLE_ASSIGNMENT (( #8677 ) ) ;
#3153 =( NAMED_UNIT ( * ) SI_UNIT ( $, .STERADIAN. ) SOLID_ANGLE_UNIT ( ) );
#3154 = DIRECTION ( 'NONE',  ( 0.000000000000000000, 0.000000000000000000, 1.000000000000000000 ) ) ;
#3155 = CARTESIAN_POINT ( 'NONE',  ( -0.5999999999999999778, 0.1000000000000000056, -1.600000000000000089 ) ) ;
#3156 = ADVANCED_FACE ( 'NONE', ( #7278 ), #4887, .F. ) ;
#3157 = ORIENTED_EDGE ( 'NONE', *, *, #4875, .T. ) ;
#3158 =( GEOMETRIC_REPRESENTATION_CONTEXT ( 3 ) GLOBAL_UNCERTAINTY_ASSIGNED_CONTEXT ( ( #7572 ) ) GLOBAL_UNIT_ASSIGNED_CONTEXT ( ( #5033, #2716, #1233 ) ) REPRESENTATION_CONTEXT ( 'NONE', 'WORKASPACE' ) );
#3159 = EDGE_CURVE ( 'NONE', #5705, #3572, #7224, .T. ) ;
#3160 = ORIENTED_EDGE ( 'NONE', *, *, #2846, .F. ) ;
#3161 = VECTOR ( 'NONE', #5186, 1000.000000000000000 ) ;
#3162 = ORIENTED_EDGE ( 'NONE', *, *, #8178, .F. ) ;
#3163 = UNCERTAINTY_MEASURE_WITH_UNIT (LENGTH_MEASURE( 1.000000000000000082E-05 ), #8051, 'distance_accuracy_value', 'NONE');
#3164 = ORIENTED_EDGE ( 'NONE', *, *, #3683, .T. ) ;
#3165 = LINE ( 'NONE', #9245, #2988 ) ;
#3166 = CIRCLE ( 'NONE', #8739, 0.09999999999999996392 ) ;
#3167 = DIRECTION ( 'NONE',  ( 0.000000000000000000, -1.000000000000000000, 0.000000000000000000 ) ) ;
#3168 = CARTESIAN_POINT ( 'NONE',  ( -0.9749999999999999778, 0.000000000000000000, 1.375000000000000000 ) ) ;
#3169 = EDGE_CURVE ( 'NONE', #3293, #2097, #364, .T. ) ;
#3170 = DIRECTION ( 'NONE',  ( 1.000000000000000000, 0.000000000000000000, -0.000000000000000000 ) ) ;
#3171 = DIRECTION ( 'NONE',  ( 0.000000000000000000, -1.000000000000000000, 0.000000000000000000 ) ) ;
#3172 =( GEOMETRIC_REPRESENTATION_CONTEXT ( 3 ) GLOBAL_UNCERTAINTY_ASSIGNED_CONTEXT ( ( #1554 ) ) GLOBAL_UNIT_ASSIGNED_CONTEXT ( ( #2429, #8543, #437 ) ) REPRESENTATION_CONTEXT ( 'NONE', 'WORKASPACE' ) );
#3173 = ORIENTED_EDGE ( 'NONE', *, *, #8592, .T. ) ;
#3174 = AXIS2_PLACEMENT_3D ( 'NONE', #2228, #8348, #1408 ) ;
#3175 = CARTESIAN_POINT ( 'NONE',  ( 1.250000000000000000, 0.1749999999999999889, 1.875000000000000000 ) ) ;
#3176 = PRESENTATION_STYLE_ASSIGNMENT (( #4732 ) ) ;
#3177 = PLANE ( 'NONE',  #3128 ) ;
#3178 = AXIS2_PLACEMENT_3D ( 'NONE', #7322, #5069, #7527 ) ;
#3179 = FACE_OUTER_BOUND ( 'NONE', #5549, .T. ) ;
#3180 = EDGE_CURVE ( 'NONE', #1265, #9127, #6483, .T. ) ;
#3181 = ORIENTED_EDGE ( 'NONE', *, *, #3956, .T. ) ;
#3182 = CARTESIAN_POINT ( 'NONE',  ( 1.154368729000465388, 0.9238392649474665985, 2.243309800894467188 ) ) ;
#3183 = VERTEX_POINT ( 'NONE', #5731 ) ;
#3184 = SURFACE_STYLE_FILL_AREA ( #8124 ) ;
#3185 = EDGE_LOOP ( 'NONE', ( #3568, #4394, #4898, #9735 ) ) ;
#3186 = CIRCLE ( 'NONE', #7195, 0.1249999999999998890 ) ;
#3187 = ORIENTED_EDGE ( 'NONE', *, *, #9331, .T. ) ;
#3188 = VECTOR ( 'NONE', #229, 1000.000000000000000 ) ;
#3189 = SURFACE_STYLE_FILL_AREA ( #6992 ) ;
#3190 = CARTESIAN_POINT ( 'NONE',  ( -1.294659952694481309, 0.8211389613474356919, -2.205718880800482840 ) ) ;
#3191 = CARTESIAN_POINT ( 'NONE',  ( -0.2500000000000000000, 0.2000000000000000111, -1.975000000000000089 ) ) ;
#3192 = AXIS2_PLACEMENT_3D ( 'NONE', #7984, #4240, #361 ) ;
#3193 = CIRCLE ( 'NONE', #8303, 0.1250000000000001110 ) ;
#3194 = EDGE_CURVE ( 'NONE', #9420, #427, #1912, .T. ) ;
#3195 = SURFACE_SIDE_STYLE ('',( #6807 ) ) ;
#3196 = ORIENTED_EDGE ( 'NONE', *, *, #3560, .T. ) ;
#3197 =( LENGTH_UNIT ( ) NAMED_UNIT ( * ) SI_UNIT ( .MILLI., .METRE. ) );
#3198 = LINE ( 'NONE', #5299, #6401 ) ;
#3199 = FACE_OUTER_BOUND ( 'NONE', #5182, .T. ) ;
#3200 = ORIENTED_EDGE ( 'NONE', *, *, #4905, .F. ) ;
#3201 = VECTOR ( 'NONE', #4920, 1000.000000000000000 ) ;
#3202 = AXIS2_PLACEMENT_3D ( 'NONE', #182, #7892, #1729 ) ;
#3203 = FACE_OUTER_BOUND ( 'NONE', #6289, .T. ) ;
#3204 = FILL_AREA_STYLE ('',( #3248 ) ) ;
#3205 = FILL_AREA_STYLE ('',( #287 ) ) ;
#3206 = LINE ( 'NONE', #189, #8204 ) ;
#3207 = STYLED_ITEM ( 'NONE', ( #588 ), #9485 ) ;
#3208 = VERTEX_POINT ( 'NONE', #9191 ) ;
#3209 = DIRECTION ( 'NONE',  ( 0.000000000000000000, -1.000000000000000000, 0.000000000000000000 ) ) ;
#3210 = CARTESIAN_POINT ( 'NONE',  ( -0.9749999999999999778, 0.000000000000000000, 1.750000000000000000 ) ) ;
#3211 = SURFACE_STYLE_FILL_AREA ( #8654 ) ;
#3212 = ORIENTED_EDGE ( 'NONE', *, *, #6780, .T. ) ;
#3213 = CYLINDRICAL_SURFACE ( 'NONE', #8308, 0.1250000000000001110 ) ;
#3214 = DIRECTION ( 'NONE',  ( 0.000000000000000000, 0.000000000000000000, 1.000000000000000000 ) ) ;
#3215 = VECTOR ( 'NONE', #9059, 1000.000000000000000 ) ;
#3216 = ADVANCED_FACE ( 'NONE', ( #7622 ), #3073, .F. ) ;
#3217 = EDGE_CURVE ( 'NONE', #4770, #2570, #3123, .T. ) ;
#3218 = CARTESIAN_POINT ( 'NONE',  ( -0.9749999999999999778, -0.04000000000000000083, -0.2500000000000000000 ) ) ;
#3219 = DIRECTION ( 'NONE',  ( 0.000000000000000000, 0.000000000000000000, -1.000000000000000000 ) ) ;
#3220 = LINE ( 'NONE', #4679, #1973 ) ;
#3221 = CARTESIAN_POINT ( 'NONE',  ( 1.156948992645572716, 0.9871673344002979134, -2.204088753711016313 ) ) ;
#3222 = ORIENTED_EDGE ( 'NONE', *, *, #3159, .F. ) ;
#3223 = AXIS2_PLACEMENT_3D ( 'NONE', #9542, #1943, #5017 ) ;
#3224 = PRESENTATION_STYLE_ASSIGNMENT (( #6925 ) ) ;
#3225 = VERTEX_POINT ( 'NONE', #17 ) ;
#3226 = FACE_OUTER_BOUND ( 'NONE', #1994, .T. ) ;
#3227 = FILL_AREA_STYLE ('',( #5517 ) ) ;
#3228 = EDGE_CURVE ( 'NONE', #6840, #7150, #6176, .T. ) ;
#3229 =( NAMED_UNIT ( * ) SI_UNIT ( $, .STERADIAN. ) SOLID_ANGLE_UNIT ( ) );
#3230 = DIRECTION ( 'NONE',  ( 1.000000000000000000, -0.000000000000000000, 0.000000000000000000 ) ) ;
#3231 = ORIENTED_EDGE ( 'NONE', *, *, #4708, .F. ) ;
#3232 = CARTESIAN_POINT ( 'NONE',  ( 1.241030663926139477, 0.9080625828929620447, 2.125094501859785101 ) ) ;
#3233 = VERTEX_POINT ( 'NONE', #867 ) ;
#3234 = FILL_AREA_STYLE_COLOUR ( '', #1627 ) ;
#3235 = ORIENTED_EDGE ( 'NONE', *, *, #6179, .T. ) ;
#3236 = EDGE_CURVE ( 'NONE', #232, #3375, #1565, .T. ) ;
#3237 = CARTESIAN_POINT ( 'NONE',  ( -1.231304907451683750, 0.9327350269189623733, -2.184165146386241929 ) ) ;
#3238 = STYLED_ITEM ( 'NONE', ( #7784 ), #3025 ) ;
#3239 = DIRECTION ( 'NONE',  ( 0.000000000000000000, -1.000000000000000000, 0.000000000000000000 ) ) ;
#3240 = ORIENTED_EDGE ( 'NONE', *, *, #2380, .F. ) ;
#3241 = VERTEX_POINT ( 'NONE', #3473 ) ;
#3242 = PLANE ( 'NONE',  #5265 ) ;
#3243 = DIRECTION ( 'NONE',  ( -0.000000000000000000, 1.000000000000000000, 0.000000000000000000 ) ) ;
#3244 = DIRECTION ( 'NONE',  ( 0.000000000000000000, 1.000000000000000000, 0.000000000000000000 ) ) ;
#3245 = DIRECTION ( 'NONE',  ( 1.000000000000000000, 0.000000000000000000, 0.000000000000000000 ) ) ;
#3246 = ORIENTED_EDGE ( 'NONE', *, *, #4041, .F. ) ;
#3247 = UNCERTAINTY_MEASURE_WITH_UNIT (LENGTH_MEASURE( 1.000000000000000082E-05 ), #7339, 'distance_accuracy_value', 'NONE');
#3248 = FILL_AREA_STYLE_COLOUR ( '', #1559 ) ;
#3249 =( NAMED_UNIT ( * ) PLANE_ANGLE_UNIT ( ) SI_UNIT ( $, .RADIAN. ) );
#3250 = VERTEX_POINT ( 'NONE', #7110 ) ;
#3251 = CARTESIAN_POINT ( 'NONE',  ( 0.9749999999999999778, -0.04000000000000000083, -1.125000000000000222 ) ) ;
#3252 = ORIENTED_EDGE ( 'NONE', *, *, #8359, .F. ) ;
#3253 = FILL_AREA_STYLE_COLOUR ( '', #3805 ) ;
#3254 = AXIS2_PLACEMENT_3D ( 'NONE', #3374, #5782, #7223 ) ;
#3255 = ORIENTED_EDGE ( 'NONE', *, *, #1792, .F. ) ;
#3256 = UNCERTAINTY_MEASURE_WITH_UNIT (LENGTH_MEASURE( 1.000000000000000082E-05 ), #992, 'distance_accuracy_value', 'NONE');
#3257 = CARTESIAN_POINT ( 'NONE',  ( 0.9749999999999999778, -0.04000000000000000083, 0.3750000000000000000 ) ) ;
#3258 = CARTESIAN_POINT ( 'NONE',  ( 0.9749999999999999778, 0.2000000000000000111, 1.375000000000000000 ) ) ;
#3259 = PRESENTATION_STYLE_ASSIGNMENT (( #1005 ) ) ;
#3260 = CARTESIAN_POINT ( 'NONE',  ( 1.250000000000000000, 0.1749999999999999889, 1.625000000000000222 ) ) ;
#3261 = MECHANICAL_DESIGN_GEOMETRIC_PRESENTATION_REPRESENTATION (  '', ( #1961 ), #3421 ) ;
#3262 = SURFACE_STYLE_FILL_AREA ( #5138 ) ;
#3263 = DIRECTION ( 'NONE',  ( -0.000000000000000000, -1.000000000000000000, -0.000000000000000000 ) ) ;
#3264 = DIRECTION ( 'NONE',  ( -0.000000000000000000, 1.000000000000000000, -0.000000000000000000 ) ) ;
#3265 = SURFACE_STYLE_USAGE ( .BOTH. , #9492 ) ;
#3266 = EDGE_CURVE ( 'NONE', #8504, #6568, #2499, .T. ) ;
#3267 = FILL_AREA_STYLE ('',( #3987 ) ) ;
#3268 = FILL_AREA_STYLE_COLOUR ( '', #2627 ) ;
#3269 = CYLINDRICAL_SURFACE ( 'NONE', #2324, 0.1249999999999998890 ) ;
#3270 =( GEOMETRIC_REPRESENTATION_CONTEXT ( 3 ) GLOBAL_UNCERTAINTY_ASSIGNED_CONTEXT ( ( #5861 ) ) GLOBAL_UNIT_ASSIGNED_CONTEXT ( ( #7006, #140, #3153 ) ) REPRESENTATION_CONTEXT ( 'NONE', 'WORKASPACE' ) );
#3271 = LINE ( 'NONE', #6337, #4549 ) ;
#3272 = EDGE_LOOP ( 'NONE', ( #5998, #29, #7077, #1319 ) ) ;
#3273 = EDGE_CURVE ( 'NONE', #1825, #7218, #2598, .T. ) ;
#3274 = CARTESIAN_POINT ( 'NONE',  ( 1.192030276237606712, 0.7741910341373190452, 2.307966438303961088 ) ) ;
#3275 = ORIENTED_EDGE ( 'NONE', *, *, #4287, .F. ) ;
#3276 = ADVANCED_FACE ( 'NONE', ( #258 ), #7215, .T. ) ;
#3277 = ORIENTED_EDGE ( 'NONE', *, *, #4209, .T. ) ;
#3278 = DIRECTION ( 'NONE',  ( 0.000000000000000000, 0.000000000000000000, -1.000000000000000000 ) ) ;
#3279 =( GEOMETRIC_REPRESENTATION_CONTEXT ( 3 ) GLOBAL_UNCERTAINTY_ASSIGNED_CONTEXT ( ( #1456 ) ) GLOBAL_UNIT_ASSIGNED_CONTEXT ( ( #3280, #8381, #9311 ) ) REPRESENTATION_CONTEXT ( 'NONE', 'WORKASPACE' ) );
#3280 =( LENGTH_UNIT ( ) NAMED_UNIT ( * ) SI_UNIT ( .MILLI., .METRE. ) );
#3281 = MECHANICAL_DESIGN_GEOMETRIC_PRESENTATION_REPRESENTATION (  '', ( #239 ), #4418 ) ;
#3282 = VECTOR ( 'NONE', #3711, 1000.000000000000000 ) ;
#3283 = EDGE_CURVE ( 'NONE', #7409, #6977, #8026, .T. ) ;
#3284 = CARTESIAN_POINT ( 'NONE',  ( 1.250000000000000000, 0.000000000000000000, 2.250000000000000444 ) ) ;
#3285 =( BOUNDED_SURFACE ( )  B_SPLINE_SURFACE ( 3, 3, ( 
 ( #855, #6225, #697, #6873 ),
 ( #6117, #8312, #5356, #4628 ),
 ( #913, #6820, #2390, #809 ),
 ( #3878, #9840, #3110, #8500 ) ),
 .UNSPECIFIED., .F., .F., .F. ) 
 B_SPLINE_SURFACE_WITH_KNOTS ( ( 4, 4 ),
 ( 4, 4 ),
 ( 0.000000000000000000, 1.000000000000000000 ),
 ( 0.000000000000000000, 1.000000000000000000 ),
 .UNSPECIFIED. ) 
 GEOMETRIC_REPRESENTATION_ITEM ( )  RATIONAL_B_SPLINE_SURFACE ( (
 ( 1.000000000000000000, 0.3333333333333292070, 0.3333333333333292070, 1.000000000000000000),
 ( 0.9245018060306389174, 0.3081672686768758274, 0.3081672686768758274, 0.9245018060306389174),
 ( 0.9245018060306389174, 0.3081672686768758274, 0.3081672686768758274, 0.9245018060306389174),
 ( 1.000000000000000000, 0.3333333333333292070, 0.3333333333333292070, 1.000000000000000000) ) ) 
 REPRESENTATION_ITEM ( '' )  SURFACE ( )  );
#3286 = AXIS2_PLACEMENT_3D ( 'NONE', #7388, #7493, #517 ) ;
#3287 = CARTESIAN_POINT ( 'NONE',  ( -0.2500000000000000000, 0.000000000000000000, -1.975000000000000089 ) ) ;
#3288 = ORIENTED_EDGE ( 'NONE', *, *, #8560, .F. ) ;
#3289 = PRESENTATION_LAYER_ASSIGNMENT (  '', '', ( #1526 ) ) ;
#3290 = DIRECTION ( 'NONE',  ( 0.000000000000000000, 0.000000000000000000, 1.000000000000000000 ) ) ;
#3291 =( NAMED_UNIT ( * ) SI_UNIT ( $, .STERADIAN. ) SOLID_ANGLE_UNIT ( ) );
#3292 = DIRECTION ( 'NONE',  ( -1.000000000000000000, -0.000000000000000000, -0.000000000000000000 ) ) ;
#3293 = VERTEX_POINT ( 'NONE', #9399 ) ;
#3294 = PLANE ( 'NONE',  #4884 ) ;
#3295 = LINE ( 'NONE', #7895, #3815 ) ;
#3296 = EDGE_CURVE ( 'NONE', #6911, #1491, #1949, .T. ) ;
#3297 = CARTESIAN_POINT ( 'NONE',  ( 1.250000000000000000, 0.1749999999999999889, -1.375000000000000000 ) ) ;
#3298 = EDGE_LOOP ( 'NONE', ( #2155, #5592, #7560, #6002 ) ) ;
#3299 = SURFACE_SIDE_STYLE ('',( #4859 ) ) ;
#3300 = ORIENTED_EDGE ( 'NONE', *, *, #4355, .T. ) ;
#3301 = EDGE_CURVE ( 'NONE', #1491, #2570, #7169, .T. ) ;
#3302 = DIRECTION ( 'NONE',  ( 0.000000000000000000, -1.000000000000000000, 0.000000000000000000 ) ) ;
#3303 = STYLED_ITEM ( 'NONE', ( #7286 ), #1909 ) ;
#3304 = ORIENTED_EDGE ( 'NONE', *, *, #59, .F. ) ;
#3305 = FILL_AREA_STYLE_COLOUR ( '', #8879 ) ;
#3306 = CARTESIAN_POINT ( 'NONE',  ( 0.000000000000000000, 0.1749999999999999889, 0.000000000000000000 ) ) ;
#3307 = CARTESIAN_POINT ( 'NONE',  ( 0.9749999999999999778, 0.2000000000000000111, -1.375000000000000000 ) ) ;
#3308 = CARTESIAN_POINT ( 'NONE',  ( 0.1250000000000000000, 0.000000000000000000, 0.000000000000000000 ) ) ;
#3309 = CLOSED_SHELL ( 'NONE', ( #4606, #9178, #7988, #7186, #7091, #7863, #1866 ) ) ;
#3310 =( GEOMETRIC_REPRESENTATION_CONTEXT ( 3 ) GLOBAL_UNCERTAINTY_ASSIGNED_CONTEXT ( ( #4699 ) ) GLOBAL_UNIT_ASSIGNED_CONTEXT ( ( #9152, #1719, #7036 ) ) REPRESENTATION_CONTEXT ( 'NONE', 'WORKASPACE' ) );
#3311 =( NAMED_UNIT ( * ) PLANE_ANGLE_UNIT ( ) SI_UNIT ( $, .RADIAN. ) );
#3312 = CARTESIAN_POINT ( 'NONE',  ( 1.250000000000000000, 0.000000000000000000, -1.875000000000000000 ) ) ;
#3313 = VECTOR ( 'NONE', #6652, 1000.000000000000000 ) ;
#3314 = EDGE_CURVE ( 'NONE', #5175, #6911, #5621, .T. ) ;
#3315 = SURFACE_SIDE_STYLE ('',( #5570 ) ) ;
#3316 = VERTEX_POINT ( 'NONE', #9448 ) ;
#3317 = SURFACE_STYLE_USAGE ( .BOTH. , #3475 ) ;
#3318 = VECTOR ( 'NONE', #5984, 1000.000000000000000 ) ;
#3319 =( LENGTH_UNIT ( ) NAMED_UNIT ( * ) SI_UNIT ( .MILLI., .METRE. ) );
#3320 = CARTESIAN_POINT ( 'NONE',  ( -0.5999999999999999778, 0.06000000000000000472, -1.600000000000000089 ) ) ;
#3321 = PLANE ( 'NONE',  #4498 ) ;
#3322 = DIRECTION ( 'NONE',  ( -1.000000000000000000, 0.000000000000000000, -0.000000000000000000 ) ) ;
#3323 = FILL_AREA_STYLE_COLOUR ( '', #2445 ) ;
#3324 = AXIS2_PLACEMENT_3D ( 'NONE', #9101, #9797, #9850 ) ;
#3325 = DIRECTION ( 'NONE',  ( 0.000000000000000000, 1.000000000000000000, 0.000000000000000000 ) ) ;
#3326 = AXIS2_PLACEMENT_3D ( 'NONE', #2176, #6813, #7526 ) ;
#3327 = ORIENTED_EDGE ( 'NONE', *, *, #145, .F. ) ;
#3328 = ORIENTED_EDGE ( 'NONE', *, *, #9175, .F. ) ;
#3329 = FACE_OUTER_BOUND ( 'NONE', #1484, .T. ) ;
#3330 = ORIENTED_EDGE ( 'NONE', *, *, #8792, .T. ) ;
#3331 = LINE ( 'NONE', #6546, #3829 ) ;
#3332 = VECTOR ( 'NONE', #2382, 1000.000000000000000 ) ;
#3333 = FACE_OUTER_BOUND ( 'NONE', #1155, .T. ) ;
#3334 = EDGE_CURVE ( 'NONE', #7763, #6793, #4878, .T. ) ;
#3335 = CIRCLE ( 'NONE', #9391, 0.09999999999999982514 ) ;
#3336 = MECHANICAL_DESIGN_GEOMETRIC_PRESENTATION_REPRESENTATION (  '', ( #782 ), #2051 ) ;
#3337 = PRESENTATION_STYLE_ASSIGNMENT (( #276 ) ) ;
#3338 = CARTESIAN_POINT ( 'NONE',  ( 1.250000000000000000, 0.2000000000000000111, -0.1250000000000000000 ) ) ;
#3339 = CARTESIAN_POINT ( 'NONE',  ( -1.149999999999999911, 0.8750000000000000000, -2.149999999999999911 ) ) ;
#3340 = ORIENTED_EDGE ( 'NONE', *, *, #2619, .T. ) ;
#3341 = UNCERTAINTY_MEASURE_WITH_UNIT (LENGTH_MEASURE( 1.000000000000000082E-05 ), #6737, 'distance_accuracy_value', 'NONE');
#3342 = CIRCLE ( 'NONE', #1583, 0.1249999999999998890 ) ;
#3343 = PRESENTATION_LAYER_ASSIGNMENT (  '', '', ( #1438 ) ) ;
#3344 = CARTESIAN_POINT ( 'NONE',  ( 0.000000000000000000, 0.000000000000000000, -1.375000000000000000 ) ) ;
#3345 = SURFACE_SIDE_STYLE ('',( #9468 ) ) ;
#3346 = DIRECTION ( 'NONE',  ( 0.000000000000000000, 0.000000000000000000, -1.000000000000000000 ) ) ;
#3347 = ORIENTED_EDGE ( 'NONE', *, *, #6593, .T. ) ;
#3348 = CARTESIAN_POINT ( 'NONE',  ( 0.5000000000000000000, 0.06000000000000000472, 1.500000000000000000 ) ) ;
#3349 = VERTEX_POINT ( 'NONE', #7913 ) ;
#3350 = AXIS2_PLACEMENT_3D ( 'NONE', #9339, #859, #4775 ) ;
#3351 = DIRECTION ( 'NONE',  ( 0.000000000000000000, 0.000000000000000000, -1.000000000000000000 ) ) ;
#3352 = CIRCLE ( 'NONE', #2711, 0.1000000000000001582 ) ;
#3353 = EDGE_LOOP ( 'NONE', ( #4085, #3275, #8198, #2632 ) ) ;
#3354 = DIRECTION ( 'NONE',  ( -0.000000000000000000, 0.000000000000000000, -1.000000000000000000 ) ) ;
#3355 = UNCERTAINTY_MEASURE_WITH_UNIT (LENGTH_MEASURE( 1.000000000000000082E-05 ), #5958, 'distance_accuracy_value', 'NONE');
#3356 = STYLED_ITEM ( 'NONE', ( #2865 ), #4657 ) ;
#3357 = ADVANCED_FACE ( 'NONE', ( #4928 ), #1216, .T. ) ;
#3358 = DIRECTION ( 'NONE',  ( 0.000000000000000000, -1.000000000000000000, -0.000000000000000000 ) ) ;
#3359 = DIRECTION ( 'NONE',  ( 0.000000000000000000, -0.000000000000000000, -1.000000000000000000 ) ) ;
#3360 = ADVANCED_FACE ( 'NONE', ( #4130 ), #308, .F. ) ;
#3361 = SURFACE_STYLE_FILL_AREA ( #3518 ) ;
#3362 = PRESENTATION_STYLE_ASSIGNMENT (( #4072 ) ) ;
#3363 = AXIS2_PLACEMENT_3D ( 'NONE', #6605, #8193, #2112 ) ;
#3364 = DIRECTION ( 'NONE',  ( 0.000000000000000000, 1.000000000000000000, 0.000000000000000000 ) ) ;
#3365 = CARTESIAN_POINT ( 'NONE',  ( -1.250000000000000000, 0.000000000000000000, 0.3750000000000000000 ) ) ;
#3366 = ORIENTED_EDGE ( 'NONE', *, *, #3296, .T. ) ;
#3367 = LINE ( 'NONE', #5669, #4932 ) ;
#3368 = MECHANICAL_DESIGN_GEOMETRIC_PRESENTATION_REPRESENTATION (  '', ( #1460 ), #2075 ) ;
#3369 = ORIENTED_EDGE ( 'NONE', *, *, #9424, .T. ) ;
#3370 =( NAMED_UNIT ( * ) SI_UNIT ( $, .STERADIAN. ) SOLID_ANGLE_UNIT ( ) );
#3371 = EDGE_CURVE ( 'NONE', #9433, #2917, #3410, .T. ) ;
#3372 = DIRECTION ( 'NONE',  ( 0.000000000000000000, 1.000000000000000000, -0.000000000000000000 ) ) ;
#3373 = PRESENTATION_LAYER_ASSIGNMENT (  '', '', ( #2230 ) ) ;
#3374 = CARTESIAN_POINT ( 'NONE',  ( -1.149999999999999911, 0.8750000000000000000, -1.125000000000000222 ) ) ;
#3375 = VERTEX_POINT ( 'NONE', #5817 ) ;
#3376 = CYLINDRICAL_SURFACE ( 'NONE', #6356, 0.09999999999999982514 ) ;
#3377 = DIRECTION ( 'NONE',  ( 0.000000000000000000, 1.000000000000000000, -0.000000000000000000 ) ) ;
#3378 = ORIENTED_EDGE ( 'NONE', *, *, #2597, .T. ) ;
#3379 =( NAMED_UNIT ( * ) PLANE_ANGLE_UNIT ( ) SI_UNIT ( $, .RADIAN. ) );
#3380 = DIRECTION ( 'NONE',  ( 0.000000000000000000, 0.000000000000000000, -1.000000000000000000 ) ) ;
#3381 = CARTESIAN_POINT ( 'NONE',  ( -1.192030276237606712, 0.7741910341373190452, -2.307966438303961088 ) ) ;
#3382 = PRESENTATION_STYLE_ASSIGNMENT (( #5041 ) ) ;
#3383 =( NAMED_UNIT ( * ) PLANE_ANGLE_UNIT ( ) SI_UNIT ( $, .RADIAN. ) );
#3384 = EDGE_CURVE ( 'NONE', #9123, #8392, #3720, .T. ) ;
#3385 = ORIENTED_EDGE ( 'NONE', *, *, #4397, .F. ) ;
#3386 = EDGE_CURVE ( 'NONE', #5705, #7735, #5206, .T. ) ;
#3387 = DIRECTION ( 'NONE',  ( -1.000000000000000000, -0.000000000000000000, 0.000000000000000000 ) ) ;
#3388 =( LENGTH_UNIT ( ) NAMED_UNIT ( * ) SI_UNIT ( .MILLI., .METRE. ) );
#3389 = DIRECTION ( 'NONE',  ( -0.7071067811865475727, 0.000000000000000000, -0.7071067811865475727 ) ) ;
#3390 = ORIENTED_EDGE ( 'NONE', *, *, #6233, .F. ) ;
#3391 = AXIS2_PLACEMENT_3D ( 'NONE', #4976, #4230, #4333 ) ;
#3392 = VERTEX_POINT ( 'NONE', #4380 ) ;
#3394 = ORIENTED_EDGE ( 'NONE', *, *, #3727, .F. ) ;
#3393 = DIRECTION ( 'NONE',  ( -1.000000000000000000, 0.000000000000000000, -0.000000000000000000 ) ) ;
#3395 = DIRECTION ( 'NONE',  ( -1.000000000000000000, 0.000000000000000000, 0.000000000000000000 ) ) ;
#3396 = EDGE_LOOP ( 'NONE', ( #2824, #8887, #680, #9176 ) ) ;
#3397 = CARTESIAN_POINT ( 'NONE',  ( 1.250000000000000000, 0.1749999999999999889, -1.625000000000000444 ) ) ;
#3398 = ORIENTED_EDGE ( 'NONE', *, *, #7454, .T. ) ;
#3399 = DIRECTION ( 'NONE',  ( 0.000000000000000000, -1.000000000000000000, 0.000000000000000000 ) ) ;
#3400 = EDGE_CURVE ( 'NONE', #1365, #8120, #5122, .T. ) ;
#3401 = ORIENTED_EDGE ( 'NONE', *, *, #6559, .T. ) ;
#3402 = EDGE_CURVE ( 'NONE', #2743, #5951, #1316, .T. ) ;
#3403 = DIRECTION ( 'NONE',  ( 0.000000000000000000, 0.000000000000000000, 1.000000000000000000 ) ) ;
#3404 = EDGE_LOOP ( 'NONE', ( #7204, #8985, #989, #5055 ) ) ;
#3405 = LINE ( 'NONE', #4970, #7188 ) ;
#3406 = LINE ( 'NONE', #301, #4245 ) ;
#3407 = LINE ( 'NONE', #7970, #389 ) ;
#3408 = LINE ( 'NONE', #3466, #1882 ) ;
#3409 = DIRECTION ( 'NONE',  ( 1.000000000000000000, 0.000000000000000000, 0.000000000000000000 ) ) ;
#3410 = LINE ( 'NONE', #460, #525 ) ;
#3411 = ORIENTED_EDGE ( 'NONE', *, *, #4374, .T. ) ;
#3412 = FILL_AREA_STYLE_COLOUR ( '', #3804 ) ;
#3413 = EDGE_CURVE ( 'NONE', #1491, #4155, #1993, .T. ) ;
#3414 = STYLED_ITEM ( 'NONE', ( #8263 ), #3432 ) ;
#3415 = CARTESIAN_POINT ( 'NONE',  ( -0.9749999999999999778, 0.2000000000000000111, 1.750000000000000000 ) ) ;
#3416 = FILL_AREA_STYLE ('',( #1127 ) ) ;
#3417 = VECTOR ( 'NONE', #3565, 1000.000000000000000 ) ;
#3418 = DIRECTION ( 'NONE',  ( 0.000000000000000000, 0.000000000000000000, -1.000000000000000000 ) ) ;
#3419 = MECHANICAL_DESIGN_GEOMETRIC_PRESENTATION_REPRESENTATION (  '', ( #4393 ), #8217 ) ;
#3420 = DIRECTION ( 'NONE',  ( 1.000000000000000000, -0.000000000000000000, 0.000000000000000000 ) ) ;
#3421 =( GEOMETRIC_REPRESENTATION_CONTEXT ( 3 ) GLOBAL_UNCERTAINTY_ASSIGNED_CONTEXT ( ( #9523 ) ) GLOBAL_UNIT_ASSIGNED_CONTEXT ( ( #3063, #5351, #1548 ) ) REPRESENTATION_CONTEXT ( 'NONE', 'WORKASPACE' ) );
#3422 = ADVANCED_FACE ( 'NONE', ( #8898 ), #2184, .F. ) ;
#3423 =( NAMED_UNIT ( * ) SI_UNIT ( $, .STERADIAN. ) SOLID_ANGLE_UNIT ( ) );
#3424 = CARTESIAN_POINT ( 'NONE',  ( 0.9749999999999999778, 0.000000000000000000, 0.8750000000000000000 ) ) ;
#3425 = SURFACE_SIDE_STYLE ('',( #8084 ) ) ;
#3426 = AXIS2_PLACEMENT_3D ( 'NONE', #2042, #399, #6618 ) ;
#3427 = FILL_AREA_STYLE ('',( #1139 ) ) ;
#3428 = DIRECTION ( 'NONE',  ( 0.000000000000000000, -1.000000000000000000, 0.000000000000000000 ) ) ;
#3429 = DIRECTION ( 'NONE',  ( 1.000000000000000000, 0.000000000000000000, 0.000000000000000000 ) ) ;
#3430 = ORIENTED_EDGE ( 'NONE', *, *, #6901, .T. ) ;
#3431 = CARTESIAN_POINT ( 'NONE',  ( -0.2500000000000000000, 0.000000000000000000, -1.975000000000000089 ) ) ;
#3432 = ADVANCED_FACE ( 'NONE', ( #8846 ), #8123, .T. ) ;
#3433 = ORIENTED_EDGE ( 'NONE', *, *, #6023, .F. ) ;
#3434 = VECTOR ( 'NONE', #4047, 1000.000000000000000 ) ;
#3435 = CARTESIAN_POINT ( 'NONE',  ( -1.250000000000000000, 0.2000000000000000111, -1.875000000000000000 ) ) ;
#3436 = DIRECTION ( 'NONE',  ( 0.000000000000000000, 0.000000000000000000, -1.000000000000000000 ) ) ;
#3437 = LINE ( 'NONE', #2073, #6885 ) ;
#3438 = ORIENTED_EDGE ( 'NONE', *, *, #5270, .F. ) ;
#3439 = UNCERTAINTY_MEASURE_WITH_UNIT (LENGTH_MEASURE( 1.000000000000000082E-05 ), #513, 'distance_accuracy_value', 'NONE');
#3440 = MECHANICAL_DESIGN_GEOMETRIC_PRESENTATION_REPRESENTATION (  '', ( #7598 ), #558 ) ;
#3441 = SURFACE_SIDE_STYLE ('',( #1972 ) ) ;
#3442 = ITEM_DEFINED_TRANSFORMATION ( 'NONE', 'NONE', #4521,  #4985 ) ;
#3443 = LINE ( 'NONE', #2836, #4344 ) ;
#3444 = LINE ( 'NONE', #8197, #4635 ) ;
#3445 = VECTOR ( 'NONE', #5909, 1000.000000000000000 ) ;
#3446 =( NAMED_UNIT ( * ) SI_UNIT ( $, .STERADIAN. ) SOLID_ANGLE_UNIT ( ) );
#3447 = VERTEX_POINT ( 'NONE', #1279 ) ;
#3449 = ORIENTED_EDGE ( 'NONE', *, *, #8032, .F. ) ;
#3448 = FACE_OUTER_BOUND ( 'NONE', #3298, .T. ) ;
#3450 = CIRCLE ( 'NONE', #1376, 0.09999999999999982514 ) ;
#3451 = EDGE_LOOP ( 'NONE', ( #2475, #2343, #3000, #7965 ) ) ;
#3452 = DIRECTION ( 'NONE',  ( -0.000000000000000000, 1.000000000000000000, 0.000000000000000000 ) ) ;
#3453 = ORIENTED_EDGE ( 'NONE', *, *, #4620, .F. ) ;
#3454 = CARTESIAN_POINT ( 'NONE',  ( 0.3750000000000000000, 0.000000000000000000, -1.975000000000000089 ) ) ;
#3455 = ORIENTED_EDGE ( 'NONE', *, *, #9706, .F. ) ;
#3456 = CARTESIAN_POINT ( 'NONE',  ( -1.231304907451683306, 0.9327350269189618182, -2.184165146386241929 ) ) ;
#3457 = PRESENTATION_STYLE_ASSIGNMENT (( #446 ) ) ;
#3458 = UNCERTAINTY_MEASURE_WITH_UNIT (LENGTH_MEASURE( 1.000000000000000082E-05 ), #6097, 'distance_accuracy_value', 'NONE');
#3459 = MECHANICAL_DESIGN_GEOMETRIC_PRESENTATION_REPRESENTATION (  '', ( #6496 ), #3622 ) ;
#3460 = LINE ( 'NONE', #1843, #4647 ) ;
#3461 = DIRECTION ( 'NONE',  ( 0.000000000000000000, 0.000000000000000000, -1.000000000000000000 ) ) ;
#3462 = LINE ( 'NONE', #7210, #7436 ) ;
#3463 = AXIS2_PLACEMENT_3D ( 'NONE', #5087, #7343, #2817 ) ;
#3464 = LINE ( 'NONE', #5018, #5207 ) ;
#3465 = EDGE_CURVE ( 'NONE', #5444, #3038, #9787, .T. ) ;
#3466 = CARTESIAN_POINT ( 'NONE',  ( 0.000000000000000000, 0.000000000000000000, -1.875000000000000000 ) ) ;
#3467 = ADVANCED_FACE ( 'NONE', ( #2966 ), #1367, .T. ) ;
#3468 = CARTESIAN_POINT ( 'NONE',  ( 0.000000000000000000, 0.000000000000000000, -0.1250000000000000000 ) ) ;
#3469 = PRESENTATION_LAYER_ASSIGNMENT (  '', '', ( #6828 ) ) ;
#3470 = CARTESIAN_POINT ( 'NONE',  ( -1.250000000000000000, 0.2000000000000000111, 1.375000000000000222 ) ) ;
#3471 = COLOUR_RGB ( '',0.8313725490196077761, 0.8313725490196077761, 0.8313725490196077761 ) ;
#3472 = DIRECTION ( 'NONE',  ( -1.000000000000000000, 0.000000000000000000, -0.000000000000000000 ) ) ;
#3473 = CARTESIAN_POINT ( 'NONE',  ( 0.2500000000000000000, 0.000000000000000000, 1.850000000000000089 ) ) ;
#3474 = VERTEX_POINT ( 'NONE', #9749 ) ;
#3475 = SURFACE_SIDE_STYLE ('',( #260 ) ) ;
#3476 = ORIENTED_EDGE ( 'NONE', *, *, #6592, .F. ) ;
#3477 = VERTEX_POINT ( 'NONE', #659 ) ;
#3478 = VECTOR ( 'NONE', #8602, 1000.000000000000000 ) ;
#3479 = PRESENTATION_STYLE_ASSIGNMENT (( #410 ) ) ;
#3480 = MECHANICAL_DESIGN_GEOMETRIC_PRESENTATION_REPRESENTATION (  '', ( #5385 ), #3310 ) ;
#3481 =( LENGTH_UNIT ( ) NAMED_UNIT ( * ) SI_UNIT ( .MILLI., .METRE. ) );
#3482 = EDGE_CURVE ( 'NONE', #6760, #6977, #9784, .T. ) ;
#3483 = CARTESIAN_POINT ( 'NONE',  ( -0.8544118754454823605, 0.9749999999999999778, -2.015427290062257626 ) ) ;
#3484 = AXIS2_PLACEMENT_3D ( 'NONE', #2260, #2006, #2926 ) ;
#3485 =( LENGTH_UNIT ( ) NAMED_UNIT ( * ) SI_UNIT ( .MILLI., .METRE. ) );
#3486 = DIRECTION ( 'NONE',  ( 1.000000000000000000, 0.000000000000000000, 0.000000000000000000 ) ) ;
#3487 = STYLED_ITEM ( 'NONE', ( #3887 ), #477 ) ;
#3488 = COLOUR_RGB ( '',0.8313725490196077761, 0.8313725490196077761, 0.8313725490196077761 ) ;
#3489 = AXIS2_PLACEMENT_3D ( 'NONE', #7406, #7363, #3708 ) ;
#3490 = ADVANCED_FACE ( 'NONE', ( #9645 ), #696, .T. ) ;
#3491 =( LENGTH_UNIT ( ) NAMED_UNIT ( * ) SI_UNIT ( .MILLI., .METRE. ) );
#3492 = ORIENTED_EDGE ( 'NONE', *, *, #9054, .F. ) ;
#3493 = PLANE ( 'NONE',  #566 ) ;
#3494 = VERTEX_POINT ( 'NONE', #9092 ) ;
#3495 = ORIENTED_EDGE ( 'NONE', *, *, #4355, .F. ) ;
#3496 = AXIS2_PLACEMENT_3D ( 'NONE', #3191, #9270, #5485 ) ;
#3497 = CARTESIAN_POINT ( 'NONE',  ( 0.9749999999999999778, 0.2000000000000000111, 1.625000000000000222 ) ) ;
#3498 = LINE ( 'NONE', #6555, #3971 ) ;
#3499 = CARTESIAN_POINT ( 'NONE',  ( 0.2500000000000000000, 0.2000000000000000111, 1.975000000000000089 ) ) ;
#3500 = ORIENTED_EDGE ( 'NONE', *, *, #9113, .T. ) ;
#3501 = EDGE_CURVE ( 'NONE', #3955, #1358, #752, .T. ) ;
#3502 = VECTOR ( 'NONE', #2699, 1000.000000000000000 ) ;
#3503 = COLOUR_RGB ( '',0.8313725490196077761, 0.8313725490196077761, 0.8313725490196077761 ) ;
#3504 = ORIENTED_EDGE ( 'NONE', *, *, #6444, .F. ) ;
#3505 = SURFACE_STYLE_FILL_AREA ( #440 ) ;
#3506 = EDGE_LOOP ( 'NONE', ( #1773, #2533, #1277, #292 ) ) ;
#3507 = PRESENTATION_STYLE_ASSIGNMENT (( #4366 ) ) ;
#3508 = ORIENTED_EDGE ( 'NONE', *, *, #8395, .F. ) ;
#3509 = ORIENTED_EDGE ( 'NONE', *, *, #1558, .T. ) ;
#3510 = DIRECTION ( 'NONE',  ( 0.000000000000000000, -1.000000000000000000, -0.000000000000000000 ) ) ;
#3511 = FACE_OUTER_BOUND ( 'NONE', #9529, .T. ) ;
#3512 = DIRECTION ( 'NONE',  ( 0.000000000000000000, 0.000000000000000000, -1.000000000000000000 ) ) ;
#3513 = ORIENTED_EDGE ( 'NONE', *, *, #2308, .F. ) ;
#3514 =( GEOMETRIC_REPRESENTATION_CONTEXT ( 3 ) GLOBAL_UNCERTAINTY_ASSIGNED_CONTEXT ( ( #1840 ) ) GLOBAL_UNIT_ASSIGNED_CONTEXT ( ( #931, #5575, #3370 ) ) REPRESENTATION_CONTEXT ( 'NONE', 'WORKASPACE' ) );
#3515 = AXIS2_PLACEMENT_3D ( 'NONE', #6610, #6711, #2738 ) ;
#3516 = PLANE ( 'NONE',  #2710 ) ;
#3517 = CARTESIAN_POINT ( 'NONE',  ( -1.250000000000000000, 0.000000000000000000, 1.375000000000000000 ) ) ;
#3518 = FILL_AREA_STYLE ('',( #1272 ) ) ;
#3519 = DIRECTION ( 'NONE',  ( 1.000000000000000000, -0.000000000000000000, 0.000000000000000000 ) ) ;
#3520 =( GEOMETRIC_REPRESENTATION_CONTEXT ( 3 ) GLOBAL_UNCERTAINTY_ASSIGNED_CONTEXT ( ( #7856 ) ) GLOBAL_UNIT_ASSIGNED_CONTEXT ( ( #1868, #4392, #5829 ) ) REPRESENTATION_CONTEXT ( 'NONE', 'WORKASPACE' ) );
#3521 = AXIS2_PLACEMENT_3D ( 'NONE', #1053, #7016, #4025 ) ;
#3522 = VERTEX_POINT ( 'NONE', #8401 ) ;
#3523 = DIRECTION ( 'NONE',  ( -0.000000000000000000, 0.000000000000000000, -1.000000000000000000 ) ) ;
#3524 = ORIENTED_EDGE ( 'NONE', *, *, #4041, .T. ) ;
#3525 = DIRECTION ( 'NONE',  ( 1.000000000000000000, 0.000000000000000000, 0.000000000000000000 ) ) ;
#3526 = ORIENTED_EDGE ( 'NONE', *, *, #6525, .T. ) ;
#3527 = EDGE_CURVE ( 'NONE', #9412, #3734, #6272, .T. ) ;
#3528 = ADVANCED_FACE ( 'NONE', ( #2237 ), #1599, .T. ) ;
#3529 = SURFACE_STYLE_USAGE ( .BOTH. , #9753 ) ;
#3530 = STYLED_ITEM ( 'NONE', ( #2682 ), #9369 ) ;
#3531 = VECTOR ( 'NONE', #8018, 1000.000000000000000 ) ;
#3532 = CARTESIAN_POINT ( 'NONE',  ( -1.250000000000000000, 0.1749999999999999889, -2.250000000000000444 ) ) ;
#3533 = CARTESIAN_POINT ( 'NONE',  ( -1.250000000000000000, 0.000000000000000000, -1.125000000000000222 ) ) ;
#3534 = VECTOR ( 'NONE', #2160, 1000.000000000000000 ) ;
#3535 = FACE_OUTER_BOUND ( 'NONE', #2487, .T. ) ;
#3536 = CIRCLE ( 'NONE', #7197, 0.1250000000000000000 ) ;
#3537 =( NAMED_UNIT ( * ) SI_UNIT ( $, .STERADIAN. ) SOLID_ANGLE_UNIT ( ) );
#3538 =( LENGTH_UNIT ( ) NAMED_UNIT ( * ) SI_UNIT ( .MILLI., .METRE. ) );
#3539 = LINE ( 'NONE', #6598, #6484 ) ;
#3540 =( GEOMETRIC_REPRESENTATION_CONTEXT ( 3 ) GLOBAL_UNCERTAINTY_ASSIGNED_CONTEXT ( ( #9242 ) ) GLOBAL_UNIT_ASSIGNED_CONTEXT ( ( #8096, #5990, #7299 ) ) REPRESENTATION_CONTEXT ( 'NONE', 'WORKASPACE' ) );
#3541 = DIRECTION ( 'NONE',  ( -1.000000000000000000, -0.000000000000000000, -0.000000000000000000 ) ) ;
#3542 =( NAMED_UNIT ( * ) SI_UNIT ( $, .STERADIAN. ) SOLID_ANGLE_UNIT ( ) );
#3543 = VERTEX_POINT ( 'NONE', #3920 ) ;
#3544 = DIRECTION ( 'NONE',  ( 1.000000000000000000, -0.000000000000000000, 0.000000000000000000 ) ) ;
#3545 =( LENGTH_UNIT ( ) NAMED_UNIT ( * ) SI_UNIT ( .MILLI., .METRE. ) );
#3546 = VERTEX_POINT ( 'NONE', #5502 ) ;
#3547 = CARTESIAN_POINT ( 'NONE',  ( 0.9749999999999999778, 0.000000000000000000, -0.3750000000000000000 ) ) ;
#3548 = EDGE_CURVE ( 'NONE', #7694, #5105, #4298, .T. ) ;
#3549 = DIRECTION ( 'NONE',  ( -0.000000000000000000, 1.000000000000000000, 0.000000000000000000 ) ) ;
#3550 = CARTESIAN_POINT ( 'NONE',  ( 1.250000000000000000, 0.000000000000000000, -1.375000000000000000 ) ) ;
#3551 = ORIENTED_EDGE ( 'NONE', *, *, #5171, .F. ) ;
#3552 = UNCERTAINTY_MEASURE_WITH_UNIT (LENGTH_MEASURE( 1.000000000000000082E-05 ), #8356, 'distance_accuracy_value', 'NONE');
#3553 = DIRECTION ( 'NONE',  ( 1.000000000000000000, 0.000000000000000000, 0.000000000000000000 ) ) ;
#3554 =( LENGTH_UNIT ( ) NAMED_UNIT ( * ) SI_UNIT ( .MILLI., .METRE. ) );
#3555 = ORIENTED_EDGE ( 'NONE', *, *, #2464, .T. ) ;
#3556 = VERTEX_POINT ( 'NONE', #7013 ) ;
#3557 = DIRECTION ( 'NONE',  ( 0.000000000000000000, 0.000000000000000000, -1.000000000000000000 ) ) ;
#3558 = ORIENTED_EDGE ( 'NONE', *, *, #4080, .F. ) ;
#3559 = VERTEX_POINT ( 'NONE', #2434 ) ;
#3560 = EDGE_CURVE ( 'NONE', #7715, #1808, #2340, .T. ) ;
#3561 = CARTESIAN_POINT ( 'NONE',  ( -0.9749999999999999778, 0.2000000000000000111, 1.625000000000000222 ) ) ;
#3562 = DIRECTION ( 'NONE',  ( 1.000000000000000000, 0.000000000000000000, 0.000000000000000000 ) ) ;
#3563 = UNCERTAINTY_MEASURE_WITH_UNIT (LENGTH_MEASURE( 1.000000000000000082E-05 ), #3605, 'distance_accuracy_value', 'NONE');
#3564 = CARTESIAN_POINT ( 'NONE',  ( 1.250000000000000000, 0.000000000000000000, -1.625000000000000444 ) ) ;
#3565 = DIRECTION ( 'NONE',  ( -0.000000000000000000, -1.000000000000000000, 0.000000000000000000 ) ) ;
#3566 = STYLED_ITEM ( 'NONE', ( #2241 ), #3114 ) ;
#3567 = ORIENTED_EDGE ( 'NONE', *, *, #6438, .T. ) ;
#3568 = ORIENTED_EDGE ( 'NONE', *, *, #5480, .F. ) ;
#3569 = PLANE ( 'NONE',  #8564 ) ;
#3570 = VERTEX_POINT ( 'NONE', #149 ) ;
#3571 =( LENGTH_UNIT ( ) NAMED_UNIT ( * ) SI_UNIT ( .MILLI., .METRE. ) );
#3572 = VERTEX_POINT ( 'NONE', #7805 ) ;
#3573 = AXIS2_PLACEMENT_3D ( 'NONE', #3967, #3346, #5648 ) ;
#3574 = DIRECTION ( 'NONE',  ( 0.000000000000000000, -0.000000000000000000, 1.000000000000000000 ) ) ;
#3575 =( LENGTH_UNIT ( ) NAMED_UNIT ( * ) SI_UNIT ( .MILLI., .METRE. ) );
#3576 =( NAMED_UNIT ( * ) PLANE_ANGLE_UNIT ( ) SI_UNIT ( $, .RADIAN. ) );
#3577 = DIRECTION ( 'NONE',  ( 0.000000000000000000, 0.000000000000000000, 1.000000000000000000 ) ) ;
#3578 =( NAMED_UNIT ( * ) PLANE_ANGLE_UNIT ( ) SI_UNIT ( $, .RADIAN. ) );
#3579 = LINE ( 'NONE', #5088, #4171 ) ;
#3580 = CARTESIAN_POINT ( 'NONE',  ( -0.9749999999999999778, 0.2000000000000000111, 1.875000000000000000 ) ) ;
#3581 = DIRECTION ( 'NONE',  ( 0.000000000000000000, 6.505213034913037648E-15, -1.000000000000000000 ) ) ;
#3582 = CARTESIAN_POINT ( 'NONE',  ( -1.250000000000000000, 0.1749999999999999889, 2.250000000000000444 ) ) ;
#3583 = CIRCLE ( 'NONE', #3744, 0.1250000000000000000 ) ;
#3584 = EDGE_CURVE ( 'NONE', #6568, #3233, #5354, .T. ) ;
#3585 = ADVANCED_FACE ( 'NONE', ( #1642 ), #6115, .T. ) ;
#3586 = LINE ( 'NONE', #9665, #487 ) ;
#3587 = PRESENTATION_STYLE_ASSIGNMENT (( #841 ) ) ;
#3588 = LINE ( 'NONE', #1965, #7786 ) ;
#3589 = LINE ( 'NONE', #7550, #3313 ) ;
#3590 = CARTESIAN_POINT ( 'NONE',  ( 1.250000000000000000, 0.000000000000000000, -1.125000000000000222 ) ) ;
#3591 = APPLICATION_CONTEXT ( 'automotive_design' ) ;
#3592 = ITEM_DEFINED_TRANSFORMATION ( 'NONE', 'NONE', #8800,  #4985 ) ;
#3593 = CARTESIAN_POINT ( 'NONE',  ( 1.250000000000000000, 0.000000000000000000, 0.6250000000000000000 ) ) ;
#3594 = DIRECTION ( 'NONE',  ( -0.000000000000000000, -1.000000000000000000, 0.000000000000000000 ) ) ;
#3595 = EDGE_CURVE ( 'NONE', #2409, #492, #5716, .T. ) ;
#3596 = VERTEX_POINT ( 'NONE', #9474 ) ;
#3598 = ORIENTED_EDGE ( 'NONE', *, *, #8647, .F. ) ;
#3597 = DIRECTION ( 'NONE',  ( 1.000000000000000000, -0.000000000000000000, 0.000000000000000000 ) ) ;
#3599 = VECTOR ( 'NONE', #3553, 1000.000000000000000 ) ;
#3600 = ORIENTED_EDGE ( 'NONE', *, *, #8804, .T. ) ;
#3601 = EDGE_LOOP ( 'NONE', ( #7597, #6157, #8548, #9643, #3476 ) ) ;
#3602 = CIRCLE ( 'NONE', #2977, 0.1250000000000000000 ) ;
#3603 = PRESENTATION_STYLE_ASSIGNMENT (( #2907 ) ) ;
#3604 = VERTEX_POINT ( 'NONE', #2636 ) ;
#3605 =( LENGTH_UNIT ( ) NAMED_UNIT ( * ) SI_UNIT ( .MILLI., .METRE. ) );
#3606 = CARTESIAN_POINT ( 'NONE',  ( 1.125094501859785101, 0.9080625828929627108, 2.241030663926138811 ) ) ;
#3607 = EDGE_CURVE ( 'NONE', #7218, #3105, #9533, .T. ) ;
#3608 = PRESENTATION_LAYER_ASSIGNMENT (  '', '', ( #7916 ) ) ;
#3609 = ADVANCED_FACE ( 'NONE', ( #7100 ), #1936, .F. ) ;
#3610 =( GEOMETRIC_REPRESENTATION_CONTEXT ( 3 ) GLOBAL_UNCERTAINTY_ASSIGNED_CONTEXT ( ( #6558 ) ) GLOBAL_UNIT_ASSIGNED_CONTEXT ( ( #8726, #1032, #2417 ) ) REPRESENTATION_CONTEXT ( 'NONE', 'WORKASPACE' ) );
#3611 = CARTESIAN_POINT ( 'NONE',  ( -0.3750000000000001110, 0.000000000000000000, -2.250000000000000444 ) ) ;
#3612 = VERTEX_POINT ( 'NONE', #4113 ) ;
#3613 = CARTESIAN_POINT ( 'NONE',  ( -0.9749999999999999778, 0.000000000000000000, 1.125000000000000222 ) ) ;
#3614 = LINE ( 'NONE', #1995, #3945 ) ;
#3615 = CARTESIAN_POINT ( 'NONE',  ( -0.1249999999999999167, 0.1749999999999999889, -2.250000000000000444 ) ) ;
#3616 = STYLED_ITEM ( 'NONE', ( #6991 ), #5950 ) ;
#3617 = VECTOR ( 'NONE', #9341, 1000.000000000000000 ) ;
#3618 = AXIS2_PLACEMENT_3D ( 'NONE', #2189, #2348, #3069 ) ;
#3619 = ORIENTED_EDGE ( 'NONE', *, *, #3926, .F. ) ;
#3620 = DIRECTION ( 'NONE',  ( 0.000000000000000000, -0.000000000000000000, -1.000000000000000000 ) ) ;
#3621 = FILL_AREA_STYLE ('',( #7427 ) ) ;
#3622 =( GEOMETRIC_REPRESENTATION_CONTEXT ( 3 ) GLOBAL_UNCERTAINTY_ASSIGNED_CONTEXT ( ( #8347 ) ) GLOBAL_UNIT_ASSIGNED_CONTEXT ( ( #3111, #9183, #1338 ) ) REPRESENTATION_CONTEXT ( 'NONE', 'WORKASPACE' ) );
#3623 = EDGE_CURVE ( 'NONE', #6518, #7564, #4062, .T. ) ;
#3624 = FILL_AREA_STYLE ('',( #6589 ) ) ;
#3625 = ORIENTED_EDGE ( 'NONE', *, *, #6803, .F. ) ;
#3626 = VECTOR ( 'NONE', #9104, 1000.000000000000000 ) ;
#3627 = DIRECTION ( 'NONE',  ( 0.000000000000000000, 0.000000000000000000, 1.000000000000000000 ) ) ;
#3628 = CARTESIAN_POINT ( 'NONE',  ( -0.9749999999999999778, -0.04000000000000000083, 0.1250000000000000000 ) ) ;
#3629 =( GEOMETRIC_REPRESENTATION_CONTEXT ( 3 ) GLOBAL_UNCERTAINTY_ASSIGNED_CONTEXT ( ( #7486 ) ) GLOBAL_UNIT_ASSIGNED_CONTEXT ( ( #9121, #4470, #5245 ) ) REPRESENTATION_CONTEXT ( 'NONE', 'WORKASPACE' ) );
#3630 = DIRECTION ( 'NONE',  ( 0.000000000000000000, -0.000000000000000000, 1.000000000000000000 ) ) ;
#3631 = CYLINDRICAL_SURFACE ( 'NONE', #1040, 0.1249999999999998890 ) ;
#3632 = PLANE ( 'NONE',  #8724 ) ;
#3633 = CLOSED_SHELL ( 'NONE', ( #9801, #2402, #8697, #9083, #2668, #2756 ) ) ;
#3634 = CARTESIAN_POINT ( 'NONE',  ( 0.5999999999999999778, 0.1749999999999999889, 1.600000000000000089 ) ) ;
#3635 = COLOUR_RGB ( '',0.8313725490196077761, 0.8313725490196077761, 0.8313725490196077761 ) ;
#3636 = ORIENTED_EDGE ( 'NONE', *, *, #7147, .T. ) ;
#3637 =( NAMED_UNIT ( * ) SI_UNIT ( $, .STERADIAN. ) SOLID_ANGLE_UNIT ( ) );
#3638 = ORIENTED_EDGE ( 'NONE', *, *, #727, .F. ) ;
#3639 = CARTESIAN_POINT ( 'NONE',  ( 0.3750000000000000555, 0.1749999999999999889, 2.250000000000000444 ) ) ;
#3640 = COLOUR_RGB ( '',0.8313725490196077761, 0.8313725490196077761, 0.8313725490196077761 ) ;
#3641 = CARTESIAN_POINT ( 'NONE',  ( -0.9749999999999999778, 0.1749999999999999889, 0.8750000000000000000 ) ) ;
#3642 = EDGE_CURVE ( 'NONE', #7303, #6615, #1836, .T. ) ;
#3643 = PRESENTATION_LAYER_ASSIGNMENT (  '', '', ( #9368 ) ) ;
#3644 = EDGE_CURVE ( 'NONE', #4603, #4381, #340, .T. ) ;
#3645 = DIRECTION ( 'NONE',  ( 0.000000000000000000, 0.000000000000000000, -1.000000000000000000 ) ) ;
#3646 = VECTOR ( 'NONE', #3891, 1000.000000000000000 ) ;
#3647 = CARTESIAN_POINT ( 'NONE',  ( -0.3750000000000000000, 0.000000000000000000, 0.000000000000000000 ) ) ;
#3648 =( NAMED_UNIT ( * ) SI_UNIT ( $, .STERADIAN. ) SOLID_ANGLE_UNIT ( ) );
#3649 = DIRECTION ( 'NONE',  ( 0.000000000000000000, 0.000000000000000000, -1.000000000000000000 ) ) ;
#3650 = VERTEX_POINT ( 'NONE', #9332 ) ;
#3651 = FILL_AREA_STYLE ('',( #585 ) ) ;
#3653 = VERTEX_POINT ( 'NONE', #5007 ) ;
#3652 = PLANE ( 'NONE',  #8725 ) ;
#3654 = AXIS2_PLACEMENT_3D ( 'NONE', #568, #4678, #3219 ) ;
#3655 = VERTEX_POINT ( 'NONE', #3397 ) ;
#3656 = ORIENTED_EDGE ( 'NONE', *, *, #1984, .T. ) ;
#3657 = DIRECTION ( 'NONE',  ( 0.000000000000000000, -1.000000000000000000, 0.000000000000000000 ) ) ;
#3658 = ORIENTED_EDGE ( 'NONE', *, *, #8812, .T. ) ;
#3659 = UNCERTAINTY_MEASURE_WITH_UNIT (LENGTH_MEASURE( 1.000000000000000082E-05 ), #7250, 'distance_accuracy_value', 'NONE');
#3660 = EDGE_CURVE ( 'NONE', #8618, #184, #294, .T. ) ;
#3661 = CARTESIAN_POINT ( 'NONE',  ( 1.103018577200449712, 1.026539568547498060, 2.191959649094450846 ) ) ;
#3662 = CARTESIAN_POINT ( 'NONE',  ( 0.000000000000000000, 0.000000000000000000, -0.8750000000000000000 ) ) ;
#3663 = FACE_OUTER_BOUND ( 'NONE', #7688, .T. ) ;
#3664 = ORIENTED_EDGE ( 'NONE', *, *, #1273, .F. ) ;
#3665 = CARTESIAN_POINT ( 'NONE',  ( -0.9749999999999999778, 0.2000000000000000111, 1.375000000000000000 ) ) ;
#3666 = EDGE_LOOP ( 'NONE', ( #7849, #321, #2022, #1023 ) ) ;
#3667 = AXIS2_PLACEMENT_3D ( 'NONE', #5012, #8161, #3512 ) ;
#3668 = LINE ( 'NONE', #6734, #9018 ) ;
#3669 = AXIS2_PLACEMENT_3D ( 'NONE', #6056, #7651, #794 ) ;
#3670 = PRESENTATION_STYLE_ASSIGNMENT (( #508 ) ) ;
#3671 = STYLED_ITEM ( 'NONE', ( #2421 ), #4031 ) ;
#3672 = DIRECTION ( 'NONE',  ( -0.000000000000000000, -1.000000000000000000, -0.000000000000000000 ) ) ;
#3673 = ORIENTED_EDGE ( 'NONE', *, *, #9248, .T. ) ;
#3674 = EDGE_CURVE ( 'NONE', #5329, #5930, #8688, .T. ) ;
#3675 = DIRECTION ( 'NONE',  ( 0.000000000000000000, 0.000000000000000000, -1.000000000000000000 ) ) ;
#3676 = DIRECTION ( 'NONE',  ( 1.000000000000000000, 0.000000000000000000, 0.000000000000000000 ) ) ;
#3677 = MECHANICAL_DESIGN_GEOMETRIC_PRESENTATION_REPRESENTATION (  '', ( #5269 ), #8140 ) ;
#3678 = CARTESIAN_POINT ( 'NONE',  ( -0.9749999999999999778, 0.000000000000000000, 1.875000000000000000 ) ) ;
#3679 =( NAMED_UNIT ( * ) SI_UNIT ( $, .STERADIAN. ) SOLID_ANGLE_UNIT ( ) );
#3680 = PRESENTATION_LAYER_ASSIGNMENT (  '', '', ( #7994 ) ) ;
#3681 = FILL_AREA_STYLE ('',( #5220 ) ) ;
#3682 = VECTOR ( 'NONE', #421, 1000.000000000000000 ) ;
#3683 = EDGE_CURVE ( 'NONE', #3556, #7090, #7852, .T. ) ;
#3684 = DIRECTION ( 'NONE',  ( 1.000000000000000000, 0.000000000000000000, 0.000000000000000000 ) ) ;
#3685 =( LENGTH_UNIT ( ) NAMED_UNIT ( * ) SI_UNIT ( .MILLI., .METRE. ) );
#3686 = LINE ( 'NONE', #1433, #2463 ) ;
#3687 = LINE ( 'NONE', #72, #5533 ) ;
#3688 = PRESENTATION_LAYER_ASSIGNMENT (  '', '', ( #479 ) ) ;
#3689 = EDGE_LOOP ( 'NONE', ( #9263, #6571, #879, #7455 ) ) ;
#3690 = PRESENTATION_LAYER_ASSIGNMENT (  '', '', ( #2887 ) ) ;
#3691 = ORIENTED_EDGE ( 'NONE', *, *, #5558, .T. ) ;
#3692 = FILL_AREA_STYLE_COLOUR ( '', #6501 ) ;
#3693 = DIRECTION ( 'NONE',  ( 0.000000000000000000, 1.000000000000000000, 0.000000000000000000 ) ) ;
#3694 = FACE_OUTER_BOUND ( 'NONE', #7546, .T. ) ;
#3695 = LINE ( 'NONE', #8192, #4608 ) ;
#3696 = LINE ( 'NONE', #8289, #8135 ) ;
#3697 = STYLED_ITEM ( 'NONE', ( #3587 ), #9596 ) ;
#3698 = PRESENTATION_STYLE_ASSIGNMENT (( #1485 ) ) ;
#3699 = SURFACE_STYLE_FILL_AREA ( #788 ) ;
#3700 = DIRECTION ( 'NONE',  ( 0.000000000000000000, 0.000000000000000000, -1.000000000000000000 ) ) ;
#3701 = PRESENTATION_STYLE_ASSIGNMENT (( #790 ) ) ;
#3702 = SURFACE_STYLE_FILL_AREA ( #4468 ) ;
#3703 = PRESENTATION_LAYER_ASSIGNMENT (  '', '', ( #8022 ) ) ;
#3704 = EDGE_CURVE ( 'NONE', #173, #4714, #4914, .T. ) ;
#3706 = ORIENTED_EDGE ( 'NONE', *, *, #4224, .T. ) ;
#3705 = CARTESIAN_POINT ( 'NONE',  ( 0.000000000000000000, 0.000000000000000000, 0.000000000000000000 ) ) ;
#3707 = ADVANCED_FACE ( 'NONE', ( #589 ), #9586, .T. ) ;
#3708 = DIRECTION ( 'NONE',  ( -1.000000000000000000, 0.000000000000000000, 0.000000000000000000 ) ) ;
#3709 = ORIENTED_EDGE ( 'NONE', *, *, #4139, .T. ) ;
#3710 = ORIENTED_EDGE ( 'NONE', *, *, #6541, .F. ) ;
#3711 = DIRECTION ( 'NONE',  ( -0.000000000000000000, 0.000000000000000000, -1.000000000000000000 ) ) ;
#3712 = VERTEX_POINT ( 'NONE', #8830 ) ;
#3713 = CYLINDRICAL_SURFACE ( 'NONE', #6376, 0.1250000000000000000 ) ;
#3714 =( LENGTH_UNIT ( ) NAMED_UNIT ( * ) SI_UNIT ( .MILLI., .METRE. ) );
#3715 = CARTESIAN_POINT ( 'NONE',  ( -1.184165146386241041, 0.9327350269189622622, 2.231304907451683306 ) ) ;
#3716 =( LENGTH_UNIT ( ) NAMED_UNIT ( * ) SI_UNIT ( .MILLI., .METRE. ) );
#3717 = EDGE_CURVE ( 'NONE', #7303, #9433, #4321, .T. ) ;
#3718 = ORIENTED_EDGE ( 'NONE', *, *, #1689, .F. ) ;
#3719 = ADVANCED_FACE ( 'NONE', ( #9776 ), #5954, .F. ) ;
#3720 = LINE ( 'NONE', #5964, #3906 ) ;
#3721 = ORIENTED_EDGE ( 'NONE', *, *, #1320, .F. ) ;
#3722 = LINE ( 'NONE', #9789, #5065 ) ;
#3723 = CARTESIAN_POINT ( 'NONE',  ( -0.9749999999999999778, 0.000000000000000000, 1.625000000000000222 ) ) ;
#3724 = SURFACE_SIDE_STYLE ('',( #664 ) ) ;
#3725 = ORIENTED_EDGE ( 'NONE', *, *, #3236, .T. ) ;
#3726 = DIRECTION ( 'NONE',  ( -1.000000000000000000, -0.000000000000000000, -0.000000000000000000 ) ) ;
#3727 = EDGE_CURVE ( 'NONE', #1635, #7432, #8588, .T. ) ;
#3728 = DIRECTION ( 'NONE',  ( -0.000000000000000000, -1.000000000000000000, -0.000000000000000000 ) ) ;
#3729 = CARTESIAN_POINT ( 'NONE',  ( 1.250000000000000000, 0.2000000000000000111, 1.375000000000000222 ) ) ;
#3730 = DIRECTION ( 'NONE',  ( -1.000000000000000000, 0.000000000000000000, -0.000000000000000000 ) ) ;
#3731 = CARTESIAN_POINT ( 'NONE',  ( 1.250000000000000000, -0.04000000000000000083, -1.875000000000000000 ) ) ;
#3732 = PLANE ( 'NONE',  #580 ) ;
#3733 = EDGE_CURVE ( 'NONE', #9703, #8370, #2953, .T. ) ;
#3734 = VERTEX_POINT ( 'NONE', #536 ) ;
#3735 = AXIS2_PLACEMENT_3D ( 'NONE', #4986, #9503, #2661 ) ;
#3736 = ORIENTED_EDGE ( 'NONE', *, *, #1910, .T. ) ;
#3737 = CARTESIAN_POINT ( 'NONE',  ( 1.207735026918962618, 0.9327350269189629284, -2.207735026918962618 ) ) ;
#3738 = ORIENTED_EDGE ( 'NONE', *, *, #5733, .T. ) ;
#3739 = DIRECTION ( 'NONE',  ( 0.000000000000000000, 0.000000000000000000, -1.000000000000000000 ) ) ;
#3740 = CARTESIAN_POINT ( 'NONE',  ( -0.9749999999999999778, 0.000000000000000000, -1.625000000000000222 ) ) ;
#3741 = ORIENTED_EDGE ( 'NONE', *, *, #980, .T. ) ;
#3742 = UNCERTAINTY_MEASURE_WITH_UNIT (LENGTH_MEASURE( 1.000000000000000082E-05 ), #8354, 'distance_accuracy_value', 'NONE');
#3743 =( LENGTH_UNIT ( ) NAMED_UNIT ( * ) SI_UNIT ( .MILLI., .METRE. ) );
#3744 = AXIS2_PLACEMENT_3D ( 'NONE', #6687, #618, #8807 ) ;
#3745 = DIRECTION ( 'NONE',  ( 1.000000000000000000, 0.000000000000000000, 0.000000000000000000 ) ) ;
#3746 = EDGE_CURVE ( 'NONE', #8331, #2346, #2168, .T. ) ;
#3747 = CARTESIAN_POINT ( 'NONE',  ( -1.250000000000000000, 0.000000000000000000, 1.375000000000000000 ) ) ;
#3748 = ORIENTED_EDGE ( 'NONE', *, *, #2648, .F. ) ;
#3749 = FACE_OUTER_BOUND ( 'NONE', #9385, .T. ) ;
#3750 = LINE ( 'NONE', #7558, #7674 ) ;
#3751 = DIRECTION ( 'NONE',  ( -0.000000000000000000, 1.000000000000000000, 0.000000000000000000 ) ) ;
#3752 = VERTEX_POINT ( 'NONE', #8974 ) ;
#3753 = UNCERTAINTY_MEASURE_WITH_UNIT (LENGTH_MEASURE( 1.000000000000000082E-05 ), #5001, 'distance_accuracy_value', 'NONE');
#3754 = CARTESIAN_POINT ( 'NONE',  ( -1.250000000000000000, 0.000000000000000000, -1.125000000000000222 ) ) ;
#3755 = COLOUR_RGB ( '',0.8313725490196077761, 0.8313725490196077761, 0.8313725490196077761 ) ;
#3756 = DIRECTION ( 'NONE',  ( -0.000000000000000000, 1.000000000000000000, 0.000000000000000000 ) ) ;
#3757 = VECTOR ( 'NONE', #9541, 1000.000000000000000 ) ;
#3758 = CARTESIAN_POINT ( 'NONE',  ( 0.5000000000000000000, 0.06000000000000000472, -1.500000000000000000 ) ) ;
#3759 = ORIENTED_EDGE ( 'NONE', *, *, #5975, .T. ) ;
#3760 = LINE ( 'NONE', #5458, #234 ) ;
#3761 = ORIENTED_EDGE ( 'NONE', *, *, #5488, .F. ) ;
#3762 = DIRECTION ( 'NONE',  ( 0.000000000000000000, 0.000000000000000000, -1.000000000000000000 ) ) ;
#3763 = PRESENTATION_STYLE_ASSIGNMENT (( #698 ) ) ;
#3764 = DIRECTION ( 'NONE',  ( 0.000000000000000000, -1.000000000000000000, 0.000000000000000000 ) ) ;
#3765 = UNCERTAINTY_MEASURE_WITH_UNIT (LENGTH_MEASURE( 1.000000000000000082E-05 ), #9463, 'distance_accuracy_value', 'NONE');
#3766 = AXIS2_PLACEMENT_3D ( 'NONE', #4462, #5294, #3645 ) ;
#3767 = CARTESIAN_POINT ( 'NONE',  ( -0.9749999999999999778, 0.2000000000000000111, -1.625000000000000222 ) ) ;
#3768 = ADVANCED_FACE ( 'NONE', ( #4473 ), #3713, .T. ) ;
#3769 = ADVANCED_FACE ( 'NONE', ( #3101 ), #5302, .T. ) ;
#3770 = VECTOR ( 'NONE', #422, 1000.000000000000000 ) ;
#3771 = AXIS2_PLACEMENT_3D ( 'NONE', #3218, #3167, #6322 ) ;
#3772 = VECTOR ( 'NONE', #9077, 1000.000000000000000 ) ;
#3773 = STYLED_ITEM ( 'NONE', ( #8021 ), #5244 ) ;
#3774 = DIRECTION ( 'NONE',  ( 1.000000000000000000, -0.000000000000000000, 0.000000000000000000 ) ) ;
#3775 = PRESENTATION_STYLE_ASSIGNMENT (( #9704 ) ) ;
#3776 = DIRECTION ( 'NONE',  ( 0.000000000000000000, 0.000000000000000000, -1.000000000000000000 ) ) ;
#3777 =( GEOMETRIC_REPRESENTATION_CONTEXT ( 3 ) GLOBAL_UNCERTAINTY_ASSIGNED_CONTEXT ( ( #345 ) ) GLOBAL_UNIT_ASSIGNED_CONTEXT ( ( #2209, #8232, #8791 ) ) REPRESENTATION_CONTEXT ( 'NONE', 'WORKASPACE' ) );
#3778 = EDGE_CURVE ( 'NONE', #3145, #8331, #6862, .T. ) ;
#3779 = MECHANICAL_DESIGN_GEOMETRIC_PRESENTATION_REPRESENTATION (  '', ( #1999 ), #7382 ) ;
#3780 = STYLED_ITEM ( 'NONE', ( #9620 ), #2931 ) ;
#3781 = CARTESIAN_POINT ( 'NONE',  ( -0.1250000000000000000, 0.000000000000000000, -1.975000000000000089 ) ) ;
#3782 = VERTEX_POINT ( 'NONE', #5343 ) ;
#3783 = AXIS2_PLACEMENT_3D ( 'NONE', #2088, #5161, #1527 ) ;
#3784 = ORIENTED_EDGE ( 'NONE', *, *, #3560, .F. ) ;
#3785 = DIRECTION ( 'NONE',  ( -0.000000000000000000, -0.000000000000000000, 1.000000000000000000 ) ) ;
#3786 = CARTESIAN_POINT ( 'NONE',  ( 0.3750000000000000000, 0.000000000000000000, 1.975000000000000089 ) ) ;
#3787 = ORIENTED_EDGE ( 'NONE', *, *, #5733, .F. ) ;
#3788 = CARTESIAN_POINT ( 'NONE',  ( 0.3750000000000000000, 0.000000000000000000, 0.000000000000000000 ) ) ;
#3789 = EDGE_CURVE ( 'NONE', #753, #4580, #6764, .T. ) ;
#3790 = VERTEX_POINT ( 'NONE', #9831 ) ;
#3791 = LINE ( 'NONE', #5326, #274 ) ;
#3792 = SURFACE_STYLE_FILL_AREA ( #6292 ) ;
#3793 = VERTEX_POINT ( 'NONE', #7704 ) ;
#3794 = EDGE_CURVE ( 'NONE', #4727, #6406, #2275, .T. ) ;
#3795 = CARTESIAN_POINT ( 'NONE',  ( 0.2500000000000000000, -0.04000000000000000083, -1.975000000000000089 ) ) ;
#3796 = CLOSED_SHELL ( 'NONE', ( #2253, #1327, #5846, #6482, #6643, #5663 ) ) ;
#3797 = VECTOR ( 'NONE', #5282, 1000.000000000000000 ) ;
#3798 = LINE ( 'NONE', #6849, #9189 ) ;
#3799 = STYLED_ITEM ( 'NONE', ( #9156 ), #4345 ) ;
#3800 = LINE ( 'NONE', #5295, #4019 ) ;
#3801 = DIRECTION ( 'NONE',  ( -0.000000000000000000, 1.000000000000000000, 0.000000000000000000 ) ) ;
#3802 = VECTOR ( 'NONE', #2211, 1000.000000000000000 ) ;
#3803 = ORIENTED_EDGE ( 'NONE', *, *, #8434, .F. ) ;
#3804 = COLOUR_RGB ( '',0.8313725490196077761, 0.8313725490196077761, 0.8313725490196077761 ) ;
#3805 = COLOUR_RGB ( '',0.8313725490196077761, 0.8313725490196077761, 0.8313725490196077761 ) ;
#3806 = PRESENTATION_STYLE_ASSIGNMENT (( #8977 ) ) ;
#3807 = CARTESIAN_POINT ( 'NONE',  ( 0.000000000000000000, 0.000000000000000000, 0.3750000000000000000 ) ) ;
#3808 = DIRECTION ( 'NONE',  ( 1.000000000000000000, 0.000000000000000000, 0.000000000000000000 ) ) ;
#3809 = CARTESIAN_POINT ( 'NONE',  ( -1.250000000000000000, 0.000000000000000000, -0.3750000000000000000 ) ) ;
#3810 = ORIENTED_EDGE ( 'NONE', *, *, #2717, .T. ) ;
#3812 = ADVANCED_FACE ( 'NONE', ( #2960 ), #9080, .F. ) ;
#3811 = SURFACE_STYLE_FILL_AREA ( #6153 ) ;
#3813 = CARTESIAN_POINT ( 'NONE',  ( 1.156948992645574492, 0.9871673344002975803, 2.204088753711014537 ) ) ;
#3814 = CARTESIAN_POINT ( 'NONE',  ( -1.294659952694483085, 0.8211389613474355809, 2.205718880800481507 ) ) ;
#3815 = VECTOR ( 'NONE', #8595, 1000.000000000000000 ) ;
#3816 = COLOUR_RGB ( '',0.8313725490196077761, 0.8313725490196077761, 0.8313725490196077761 ) ;
#3817 =( LENGTH_UNIT ( ) NAMED_UNIT ( * ) SI_UNIT ( .MILLI., .METRE. ) );
#3818 = ORIENTED_EDGE ( 'NONE', *, *, #1445, .F. ) ;
#3819 = SURFACE_SIDE_STYLE ('',( #2387 ) ) ;
#3820 = SURFACE_SIDE_STYLE ('',( #3108 ) ) ;
#3821 = VERTEX_POINT ( 'NONE', #1493 ) ;
#3822 = CARTESIAN_POINT ( 'NONE',  ( -0.1499999999999999667, -1.524659305057740610E-17, -1.500000000000000000 ) ) ;
#3823 = PLANE ( 'NONE',  #7184 ) ;
#3824 = ORIENTED_EDGE ( 'NONE', *, *, #4818, .F. ) ;
#3825 =( GEOMETRIC_REPRESENTATION_CONTEXT ( 3 ) GLOBAL_UNCERTAINTY_ASSIGNED_CONTEXT ( ( #152 ) ) GLOBAL_UNIT_ASSIGNED_CONTEXT ( ( #6428, #2594, #7107 ) ) REPRESENTATION_CONTEXT ( 'NONE', 'WORKASPACE' ) );
#3826 = CARTESIAN_POINT ( 'NONE',  ( 0.000000000000000000, 0.000000000000000000, -1.625000000000000222 ) ) ;
#3827 = FILL_AREA_STYLE_COLOUR ( '', #3640 ) ;
#3828 = VECTOR ( 'NONE', #9521, 1000.000000000000000 ) ;
#3829 = VECTOR ( 'NONE', #4892, 1000.000000000000000 ) ;
#3830 = ORIENTED_EDGE ( 'NONE', *, *, #4482, .F. ) ;
#3831 = CARTESIAN_POINT ( 'NONE',  ( 0.000000000000000000, 0.000000000000000000, 0.3750000000000000000 ) ) ;
#3832 = PRODUCT_RELATED_PRODUCT_CATEGORY ( 'part', '', ( #8349 ) ) ;
#3833 = CARTESIAN_POINT ( 'NONE',  ( -0.3750000000000000000, 0.000000000000000000, 0.000000000000000000 ) ) ;
#3834 = ADVANCED_FACE ( 'NONE', ( #4479 ), #742, .F. ) ;
#3835 = FILL_AREA_STYLE_COLOUR ( '', #4035 ) ;
#3836 = LINE ( 'NONE', #2251, #7964 ) ;
#3837 = CARTESIAN_POINT ( 'NONE',  ( -1.250000000000000000, 0.000000000000000000, -1.125000000000000222 ) ) ;
#3838 = STYLED_ITEM ( 'NONE', ( #2561 ), #8943 ) ;
#3839 = CIRCLE ( 'NONE', #4161, 0.1249999999999998890 ) ;
#3840 = FILL_AREA_STYLE_COLOUR ( '', #6330 ) ;
#3841 =( NAMED_UNIT ( * ) SI_UNIT ( $, .STERADIAN. ) SOLID_ANGLE_UNIT ( ) );
#3842 = ORIENTED_EDGE ( 'NONE', *, *, #7845, .T. ) ;
#3843 =( GEOMETRIC_REPRESENTATION_CONTEXT ( 3 ) GLOBAL_UNCERTAINTY_ASSIGNED_CONTEXT ( ( #6166 ) ) GLOBAL_UNIT_ASSIGNED_CONTEXT ( ( #7858, #7059, #9244 ) ) REPRESENTATION_CONTEXT ( 'NONE', 'WORKASPACE' ) );
#3844 = FACE_OUTER_BOUND ( 'NONE', #9361, .T. ) ;
#3845 = AXIS2_PLACEMENT_3D ( 'NONE', #4009, #3389, #1824 ) ;
#3846 = ORIENTED_EDGE ( 'NONE', *, *, #1203, .F. ) ;
#3847 = ADVANCED_FACE ( 'NONE', ( #5450 ), #6212, .F. ) ;
#3849 = VERTEX_POINT ( 'NONE', #4990 ) ;
#3848 = CARTESIAN_POINT ( 'NONE',  ( 0.000000000000000000, 0.06000000000000000472, -1.500000000000000000 ) ) ;
#3850 = DIRECTION ( 'NONE',  ( -0.000000000000000000, 0.000000000000000000, -1.000000000000000000 ) ) ;
#3851 = SURFACE_SIDE_STYLE ('',( #9110 ) ) ;
#3852 = DIRECTION ( 'NONE',  ( 1.000000000000000000, 0.000000000000000000, -0.000000000000000000 ) ) ;
#3853 = PRESENTATION_STYLE_ASSIGNMENT (( #2365 ) ) ;
#3854 = VECTOR ( 'NONE', #5728, 1000.000000000000000 ) ;
#3855 = AXIS2_PLACEMENT_3D ( 'NONE', #3499, #527, #4999 ) ;
#3856 = EDGE_CURVE ( 'NONE', #4450, #5622, #3331, .T. ) ;
#3857 = DIRECTION ( 'NONE',  ( 0.000000000000000000, 0.000000000000000000, 1.000000000000000000 ) ) ;
#3858 =( LENGTH_UNIT ( ) NAMED_UNIT ( * ) SI_UNIT ( .MILLI., .METRE. ) );
#3859 = PLANE ( 'NONE',  #581 ) ;
#3860 = EDGE_CURVE ( 'NONE', #4384, #6535, #8720, .T. ) ;
#3861 = SURFACE_STYLE_USAGE ( .BOTH. , #3953 ) ;
#3862 = VECTOR ( 'NONE', #6751, 1000.000000000000000 ) ;
#3863 = EDGE_LOOP ( 'NONE', ( #5408, #396, #7502, #3784 ) ) ;
#3864 = LINE ( 'NONE', #2471, #8763 ) ;
#3865 = SURFACE_STYLE_FILL_AREA ( #8442 ) ;
#3866 = DIRECTION ( 'NONE',  ( 0.000000000000000000, 0.000000000000000000, 1.000000000000000000 ) ) ;
#3867 = ORIENTED_EDGE ( 'NONE', *, *, #4639, .F. ) ;
#3868 = UNCERTAINTY_MEASURE_WITH_UNIT (LENGTH_MEASURE( 1.000000000000000082E-05 ), #3491, 'distance_accuracy_value', 'NONE');
#3869 = CARTESIAN_POINT ( 'NONE',  ( 0.9749999999999999778, 0.000000000000000000, -0.2500000000000000000 ) ) ;
#3870 = VECTOR ( 'NONE', #1132, 1000.000000000000000 ) ;
#3871 = DIRECTION ( 'NONE',  ( -0.000000000000000000, -1.000000000000000000, -0.000000000000000000 ) ) ;
#3872 = PRESENTATION_STYLE_ASSIGNMENT (( #2130 ) ) ;
#3873 = ORIENTED_EDGE ( 'NONE', *, *, #4922, .F. ) ;
#3874 = DIRECTION ( 'NONE',  ( -0.000000000000000000, -1.000000000000000000, 0.000000000000000000 ) ) ;
#3875 = ADVANCED_FACE ( 'NONE', ( #8772 ), #6953, .F. ) ;
#3876 = DIRECTION ( 'NONE',  ( 0.000000000000000000, 0.000000000000000000, -1.000000000000000000 ) ) ;
#3877 = EDGE_LOOP ( 'NONE', ( #8098, #7403, #3846, #7216 ) ) ;
#3878 = CARTESIAN_POINT ( 'NONE',  ( -1.125094501859785989, 0.9080625828929617116, 2.241030663926140143 ) ) ;
#3879 = SURFACE_STYLE_USAGE ( .BOTH. , #56 ) ;
#3880 = UNCERTAINTY_MEASURE_WITH_UNIT (LENGTH_MEASURE( 1.000000000000000082E-05 ), #1440, 'distance_accuracy_value', 'NONE');
#3881 = ORIENTED_EDGE ( 'NONE', *, *, #6098, .T. ) ;
#3882 = UNCERTAINTY_MEASURE_WITH_UNIT (LENGTH_MEASURE( 1.000000000000000082E-05 ), #5795, 'distance_accuracy_value', 'NONE');
#3883 = FILL_AREA_STYLE_COLOUR ( '', #9660 ) ;
#3884 = CARTESIAN_POINT ( 'NONE',  ( -0.5000000000000000000, 0.01000000000000000021, -1.149999999999999911 ) ) ;
#3885 = DIRECTION ( 'NONE',  ( 0.000000000000000000, 0.000000000000000000, -1.000000000000000000 ) ) ;
#3886 = SURFACE_SIDE_STYLE ('',( #2246 ) ) ;
#3887 = PRESENTATION_STYLE_ASSIGNMENT (( #5363 ) ) ;
#3888 = ADVANCED_FACE ( 'NONE', ( #2573 ), #5036, .F. ) ;
#3889 = ORIENTED_EDGE ( 'NONE', *, *, #61, .F. ) ;
#3890 = DIRECTION ( 'NONE',  ( 0.7071067811865475727, 0.000000000000000000, -0.7071067811865475727 ) ) ;
#3891 = DIRECTION ( 'NONE',  ( -0.000000000000000000, 1.000000000000000000, -0.000000000000000000 ) ) ;
#3892 = AXIS2_PLACEMENT_3D ( 'NONE', #2186, #2860, #2095 ) ;
#3893 = CARTESIAN_POINT ( 'NONE',  ( 0.000000000000000000, 0.000000000000000000, 0.8750000000000000000 ) ) ;
#3894 = FACE_OUTER_BOUND ( 'NONE', #1721, .T. ) ;
#3895 = MECHANICAL_DESIGN_GEOMETRIC_PRESENTATION_REPRESENTATION (  '', ( #1184 ), #2758 ) ;
#3896 = DIRECTION ( 'NONE',  ( 0.000000000000000000, 0.000000000000000000, 1.000000000000000000 ) ) ;
#3897 = ORIENTED_EDGE ( 'NONE', *, *, #2034, .F. ) ;
#3898 = FILL_AREA_STYLE ('',( #2306 ) ) ;
#3899 = EDGE_LOOP ( 'NONE', ( #851, #6433, #3240, #2739 ) ) ;
#3900 = EDGE_LOOP ( 'NONE', ( #870, #4526, #5997, #125 ) ) ;
#3901 = CARTESIAN_POINT ( 'NONE',  ( 1.207735026918962395, 0.9327350269189628174, -2.207735026918962618 ) ) ;
#3902 = DIRECTION ( 'NONE',  ( 0.000000000000000000, -1.000000000000000000, 0.000000000000000000 ) ) ;
#3903 = EDGE_CURVE ( 'NONE', #9475, #7938, #941, .T. ) ;
#3904 = EDGE_CURVE ( 'NONE', #6518, #7099, #9613, .T. ) ;
#3905 = LINE ( 'NONE', #6940, #9049 ) ;
#3906 = VECTOR ( 'NONE', #6732, 1000.000000000000000 ) ;
#3907 = SURFACE_SIDE_STYLE ('',( #839 ) ) ;
#3908 = ORIENTED_EDGE ( 'NONE', *, *, #1192, .F. ) ;
#3909 = CARTESIAN_POINT ( 'NONE',  ( -1.250000000000000000, -0.04000000000000000083, 0.6250000000000000000 ) ) ;
#3910 = STYLED_ITEM ( 'NONE', ( #2236 ), #1457 ) ;
#3911 = CARTESIAN_POINT ( 'NONE',  ( 1.250000000000000000, 0.000000000000000000, 1.625000000000000444 ) ) ;
#3912 =( NAMED_UNIT ( * ) SI_UNIT ( $, .STERADIAN. ) SOLID_ANGLE_UNIT ( ) );
#3913 = ORIENTED_EDGE ( 'NONE', *, *, #1220, .T. ) ;
#3914 = EDGE_CURVE ( 'NONE', #6998, #3392, #7796, .T. ) ;
#3915 = PRESENTATION_LAYER_ASSIGNMENT (  '', '', ( #8363 ) ) ;
#3916 = CARTESIAN_POINT ( 'NONE',  ( -1.258521061192350521, 0.8783027194376282765, 2.211381300126908922 ) ) ;
#3917 = DIRECTION ( 'NONE',  ( 1.000000000000000000, 0.000000000000000000, 0.000000000000000000 ) ) ;
#3918 = EDGE_LOOP ( 'NONE', ( #6670, #6437, #8264, #221, #2123 ) ) ;
#3919 = LINE ( 'NONE', #1598, #2137 ) ;
#3920 = CARTESIAN_POINT ( 'NONE',  ( 0.9749999999999999778, 0.2000000000000000111, -0.3750000000000000000 ) ) ;
#3921 = EDGE_LOOP ( 'NONE', ( #3725, #2244, #723, #7978, #4916, #6403, #3277, #7608, #1524, #8207, #2102, #9333, #9538, #4786, #1146, #9632, #7634, #9882, #1268, #2838, #1934, #6257, #999, #831, #1725, #2255, #6800, #4918, #5445, #5322, #4627, #1902, #7156, #7199, #4669, #5647 ) ) ;
#3922 = CARTESIAN_POINT ( 'NONE',  ( -0.9749999999999999778, 0.000000000000000000, 1.250000000000000000 ) ) ;
#3923 = EDGE_LOOP ( 'NONE', ( #1885, #4837, #9717, #6917 ) ) ;
#3924 = DIRECTION ( 'NONE',  ( 0.000000000000000000, 1.000000000000000000, 0.000000000000000000 ) ) ;
#3925 = ORIENTED_EDGE ( 'NONE', *, *, #980, .F. ) ;
#3926 = EDGE_CURVE ( 'NONE', #3019, #4965, #3096, .T. ) ;
#3927 = FILL_AREA_STYLE_COLOUR ( '', #9404 ) ;
#3928 = CARTESIAN_POINT ( 'NONE',  ( 0.000000000000000000, 0.000000000000000000, 0.000000000000000000 ) ) ;
#3929 = AXIS2_PLACEMENT_3D ( 'NONE', #4953, #2681, #1098 ) ;
#3930 = DIRECTION ( 'NONE',  ( 0.000000000000000000, -1.000000000000000000, 0.000000000000000000 ) ) ;
#3931 = DIRECTION ( 'NONE',  ( -0.000000000000000000, -1.000000000000000000, 0.000000000000000000 ) ) ;
#3932 = ORIENTED_EDGE ( 'NONE', *, *, #8373, .F. ) ;
#3933 = VERTEX_POINT ( 'NONE', #795 ) ;
#3934 = PRESENTATION_LAYER_ASSIGNMENT (  '', '', ( #8228 ) ) ;
#3935 = COLOUR_RGB ( '',0.8313725490196077761, 0.8313725490196077761, 0.8313725490196077761 ) ;
#3936 = CARTESIAN_POINT ( 'NONE',  ( 0.9749999999999999778, 0.1749999999999999889, 0.3750000000000000000 ) ) ;
#3937 = EDGE_CURVE ( 'NONE', #7712, #5198, #6150, .T. ) ;
#3938 = VECTOR ( 'NONE', #1357, 1000.000000000000000 ) ;
#3939 = CARTESIAN_POINT ( 'NONE',  ( 0.9749999999999999778, -0.04000000000000000083, 1.875000000000000000 ) ) ;
#3940 = EDGE_LOOP ( 'NONE', ( #2233, #3881, #7393, #9309 ) ) ;
#3941 = CARTESIAN_POINT ( 'NONE',  ( 1.258521061192350299, 0.8783027194376277214, 2.211381300126909810 ) ) ;
#3942 = ORIENTED_EDGE ( 'NONE', *, *, #9629, .F. ) ;
#3943 = FILL_AREA_STYLE ('',( #3234 ) ) ;
#3944 = ORIENTED_EDGE ( 'NONE', *, *, #5185, .T. ) ;
#3945 = VECTOR ( 'NONE', #9605, 1000.000000000000000 ) ;
#3946 = AXIS2_PLACEMENT_3D ( 'NONE', #3928, #6971, #110 ) ;
#3947 = STYLED_ITEM ( 'NONE', ( #4256 ), #2972 ) ;
#3948 = DIRECTION ( 'NONE',  ( -1.000000000000000000, -0.000000000000000000, 0.000000000000000000 ) ) ;
#3949 = SURFACE_SIDE_STYLE ('',( #272 ) ) ;
#3950 = DIRECTION ( 'NONE',  ( -1.000000000000000000, -0.000000000000000000, -0.000000000000000000 ) ) ;
#3951 = VECTOR ( 'NONE', #4200, 1000.000000000000000 ) ;
#3952 = CIRCLE ( 'NONE', #5526, 0.1250000000000001110 ) ;
#3953 = SURFACE_SIDE_STYLE ('',( #8487 ) ) ;
#3954 = EDGE_CURVE ( 'NONE', #6714, #9337, #6303, .T. ) ;
#3955 = VERTEX_POINT ( 'NONE', #7652 ) ;
#3956 = EDGE_CURVE ( 'NONE', #6871, #8215, #7701, .T. ) ;
#3957 = SURFACE_STYLE_USAGE ( .BOTH. , #7746 ) ;
#3958 = CIRCLE ( 'NONE', #2016, 0.1249999999999998890 ) ;
#3959 = DIRECTION ( 'NONE',  ( 0.000000000000000000, 0.000000000000000000, 1.000000000000000000 ) ) ;
#3960 =( LENGTH_UNIT ( ) NAMED_UNIT ( * ) SI_UNIT ( .MILLI., .METRE. ) );
#3961 = ORIENTED_EDGE ( 'NONE', *, *, #884, .F. ) ;
#3962 = UNCERTAINTY_MEASURE_WITH_UNIT (LENGTH_MEASURE( 1.000000000000000082E-05 ), #9091, 'distance_accuracy_value', 'NONE');
#3963 = VECTOR ( 'NONE', #7236, 1000.000000000000000 ) ;
#3964 =( NAMED_UNIT ( * ) PLANE_ANGLE_UNIT ( ) SI_UNIT ( $, .RADIAN. ) );
#3965 = SURFACE_STYLE_USAGE ( .BOTH. , #5400 ) ;
#3966 = CARTESIAN_POINT ( 'NONE',  ( 1.239442719099991708, 0.9197213595499960093, -2.149999999999999911 ) ) ;
#3967 = CARTESIAN_POINT ( 'NONE',  ( -0.9749999999999999778, -0.04000000000000000083, -0.6250000000000000000 ) ) ;
#3968 = PRESENTATION_LAYER_ASSIGNMENT (  '', '', ( #1557 ) ) ;
#3969 = ORIENTED_EDGE ( 'NONE', *, *, #1488, .F. ) ;
#3970 = DIRECTION ( 'NONE',  ( -1.000000000000000000, -0.000000000000000000, 0.000000000000000000 ) ) ;
#3971 = VECTOR ( 'NONE', #5597, 1000.000000000000000 ) ;
#3972 = ORIENTED_EDGE ( 'NONE', *, *, #6423, .T. ) ;
#3973 = ADVANCED_FACE ( 'NONE', ( #9167 ), #2271, .F. ) ;
#3974 = PLANE ( 'NONE',  #3521 ) ;
#3975 = UNCERTAINTY_MEASURE_WITH_UNIT (LENGTH_MEASURE( 1.000000000000000082E-05 ), #950, 'distance_accuracy_value', 'NONE');
#3976 = ORIENTED_EDGE ( 'NONE', *, *, #6548, .T. ) ;
#3977 = DIRECTION ( 'NONE',  ( 0.000000000000000000, 0.000000000000000000, -1.000000000000000000 ) ) ;
#3978 = MECHANICAL_DESIGN_GEOMETRIC_PRESENTATION_REPRESENTATION (  '', ( #9200 ), #4612 ) ;
#3979 =( LENGTH_UNIT ( ) NAMED_UNIT ( * ) SI_UNIT ( .MILLI., .METRE. ) );
#3980 = CARTESIAN_POINT ( 'NONE',  ( 1.250000000000000000, 0.1749999999999999889, 2.250000000000000444 ) ) ;
#3981 = LINE ( 'NONE', #6922, #6942 ) ;
#3982 = CARTESIAN_POINT ( 'NONE',  ( 0.000000000000000000, 0.000000000000000000, -0.8750000000000000000 ) ) ;
#3983 = ORIENTED_EDGE ( 'NONE', *, *, #6968, .T. ) ;
#3984 = STYLED_ITEM ( 'NONE', ( #9446 ), #7062 ) ;
#3985 = EDGE_LOOP ( 'NONE', ( #9315, #5212, #2212, #3908 ) ) ;
#3986 = ADVANCED_FACE ( 'NONE', ( #5396 ), #1683, .T. ) ;
#3987 = FILL_AREA_STYLE_COLOUR ( '', #2067 ) ;
#3988 = CARTESIAN_POINT ( 'NONE',  ( 0.9749999999999999778, 0.000000000000000000, 1.250000000000000000 ) ) ;
#3989 =( LENGTH_UNIT ( ) NAMED_UNIT ( * ) SI_UNIT ( .MILLI., .METRE. ) );
#3990 = PRESENTATION_LAYER_ASSIGNMENT (  '', '', ( #5893 ) ) ;
#3991 = CARTESIAN_POINT ( 'NONE',  ( 0.3750000000000000555, 0.2000000000000000111, 2.250000000000000444 ) ) ;
#3992 = VERTEX_POINT ( 'NONE', #3147 ) ;
#3993 = CARTESIAN_POINT ( 'NONE',  ( -0.9749999999999999778, -0.04000000000000000083, 0.3750000000000000000 ) ) ;
#3994 = EDGE_CURVE ( 'NONE', #6461, #8826, #6904, .T. ) ;
#3995 =( NAMED_UNIT ( * ) SI_UNIT ( $, .STERADIAN. ) SOLID_ANGLE_UNIT ( ) );
#3996 = ORIENTED_EDGE ( 'NONE', *, *, #793, .F. ) ;
#3997 = VECTOR ( 'NONE', #9453, 1000.000000000000000 ) ;
#3998 = VECTOR ( 'NONE', #1356, 1000.000000000000000 ) ;
#3999 = AXIS2_PLACEMENT_3D ( 'NONE', #2323, #3243, #7047 ) ;
#4000 = DIRECTION ( 'NONE',  ( 0.000000000000000000, -0.000000000000000000, 1.000000000000000000 ) ) ;
#4001 = CARTESIAN_POINT ( 'NONE',  ( 0.2500000000000000000, 0.1749999999999999889, -1.975000000000000089 ) ) ;
#4002 = PLANE ( 'NONE',  #5995 ) ;
#4003 = CARTESIAN_POINT ( 'NONE',  ( -1.154368729000465388, 0.9238392649474665985, -2.243309800894467188 ) ) ;
#4004 = PRESENTATION_LAYER_ASSIGNMENT (  '', '', ( #5269 ) ) ;
#4005 = COLOUR_RGB ( '',0.8313725490196077761, 0.8313725490196077761, 0.8313725490196077761 ) ;
#4006 =( BOUNDED_SURFACE ( )  B_SPLINE_SURFACE ( 3, 3, ( 
 ( #126, #7732, #878, #2511 ),
 ( #4797, #8523, #3941, #6986 ),
 ( #3182, #1665, #6339, #5523 ),
 ( #6250, #3274, #174, #3232 ) ),
 .UNSPECIFIED., .F., .F., .T. ) 
 B_SPLINE_SURFACE_WITH_KNOTS ( ( 4, 4 ),
 ( 4, 4 ),
 ( 0.000000000000000000, 1.000000000000000000 ),
 ( 0.000000000000000000, 1.000000000000000000 ),
 .UNSPECIFIED. ) 
 GEOMETRIC_REPRESENTATION_ITEM ( )  RATIONAL_B_SPLINE_SURFACE ( (
 ( 1.000000000000000000, 0.3333333333333352022, 0.3333333333333352022, 1.000000000000000000),
 ( 0.9245018060306364749, 0.3081672686768805458, 0.3081672686768805458, 0.9245018060306364749),
 ( 0.9245018060306364749, 0.3081672686768805458, 0.3081672686768805458, 0.9245018060306364749),
 ( 1.000000000000000000, 0.3333333333333352022, 0.3333333333333352022, 1.000000000000000000) ) ) 
 REPRESENTATION_ITEM ( '' )  SURFACE ( )  );
#4007 = ORIENTED_EDGE ( 'NONE', *, *, #9555, .T. ) ;
#4008 = CARTESIAN_POINT ( 'NONE',  ( 0.000000000000000000, 0.000000000000000000, 0.8750000000000000000 ) ) ;
#4009 = CARTESIAN_POINT ( 'NONE',  ( -0.3250000000000000666, 0.05000000000000000278, -1.324999999999999956 ) ) ;
#4010 =( NAMED_UNIT ( * ) PLANE_ANGLE_UNIT ( ) SI_UNIT ( $, .RADIAN. ) );
#4011 = EDGE_LOOP ( 'NONE', ( #5891, #7178, #2637, #2125 ) ) ;
#4012 = VECTOR ( 'NONE', #4701, 1000.000000000000000 ) ;
#4013 = AXIS2_PLACEMENT_3D ( 'NONE', #4157, #6260, #5539 ) ;
#4014 = DIRECTION ( 'NONE',  ( -1.000000000000000000, 0.000000000000000000, -0.000000000000000000 ) ) ;
#4015 = PRODUCT_RELATED_PRODUCT_CATEGORY ( 'part', '', ( #6125 ) ) ;
#4016 = EDGE_CURVE ( 'NONE', #5283, #2153, #42, .T. ) ;
#4017 = VERTEX_POINT ( 'NONE', #9879 ) ;
#4018 = PLANE ( 'NONE',  #54 ) ;
#4019 = VECTOR ( 'NONE', #729, 1000.000000000000000 ) ;
#4020 = ORIENTED_EDGE ( 'NONE', *, *, #6658, .T. ) ;
#4021 =( GEOMETRIC_REPRESENTATION_CONTEXT ( 3 ) GLOBAL_UNCERTAINTY_ASSIGNED_CONTEXT ( ( #6059 ) ) GLOBAL_UNIT_ASSIGNED_CONTEXT ( ( #9402, #5574, #930 ) ) REPRESENTATION_CONTEXT ( 'NONE', 'WORKASPACE' ) );
#4022 = CARTESIAN_POINT ( 'NONE',  ( 1.250000000000000000, 0.2000000000000000111, 1.375000000000000000 ) ) ;
#4023 = VERTEX_POINT ( 'NONE', #6105 ) ;
#4024 = CARTESIAN_POINT ( 'NONE',  ( 1.250000000000000000, 0.000000000000000000, -0.6250000000000001110 ) ) ;
#4025 = DIRECTION ( 'NONE',  ( 0.000000000000000000, -0.000000000000000000, 1.000000000000000000 ) ) ;
#4026 = ORIENTED_EDGE ( 'NONE', *, *, #3217, .T. ) ;
#4027 = LINE ( 'NONE', #3258, #8775 ) ;
#4028 =( LENGTH_UNIT ( ) NAMED_UNIT ( * ) SI_UNIT ( .MILLI., .METRE. ) );
#4029 = AXIS2_PLACEMENT_3D ( 'NONE', #7747, #9223, #1632 ) ;
#4030 = CARTESIAN_POINT ( 'NONE',  ( -0.2500000000000000000, 0.1749999999999999889, -1.975000000000000089 ) ) ;
#4031 = ADVANCED_FACE ( 'NONE', ( #9124 ), #9319, .T. ) ;
#4032 = EDGE_CURVE ( 'NONE', #4365, #7759, #9376, .T. ) ;
#4033 = DIRECTION ( 'NONE',  ( -1.000000000000000000, 0.000000000000000000, -0.000000000000000000 ) ) ;
#4034 = CARTESIAN_POINT ( 'NONE',  ( 0.9749999999999999778, 0.000000000000000000, 0.2500000000000000000 ) ) ;
#4035 = COLOUR_RGB ( '',0.8313725490196077761, 0.8313725490196077761, 0.8313725490196077761 ) ;
#4036 = DIRECTION ( 'NONE',  ( -0.000000000000000000, 1.000000000000000000, 0.000000000000000000 ) ) ;
#4037 = ORIENTED_EDGE ( 'NONE', *, *, #4148, .F. ) ;
#4038 = PLANE ( 'NONE',  #6411 ) ;
#4039 = DIRECTION ( 'NONE',  ( 0.000000000000000000, 0.000000000000000000, -1.000000000000000000 ) ) ;
#4040 = FACE_OUTER_BOUND ( 'NONE', #6861, .T. ) ;
#4041 = EDGE_CURVE ( 'NONE', #3112, #8249, #378, .T. ) ;
#4042 = CARTESIAN_POINT ( 'NONE',  ( 0.5999999999999999778, 0.2000000000000000111, 0.000000000000000000 ) ) ;
#4043 = DIRECTION ( 'NONE',  ( 0.000000000000000000, 0.000000000000000000, 1.000000000000000000 ) ) ;
#4044 = ORIENTED_EDGE ( 'NONE', *, *, #1592, .T. ) ;
#4045 = FACE_OUTER_BOUND ( 'NONE', #6290, .T. ) ;
#4046 = SURFACE_STYLE_USAGE ( .BOTH. , #984 ) ;
#4047 = DIRECTION ( 'NONE',  ( -1.000000000000000000, -0.000000000000000000, -0.000000000000000000 ) ) ;
#4048 = ADVANCED_FACE ( 'NONE', ( #7192 ), #1144, .F. ) ;
#4049 = ORIENTED_EDGE ( 'NONE', *, *, #3386, .F. ) ;
#4050 = PRESENTATION_STYLE_ASSIGNMENT (( #2519 ) ) ;
#4051 = VERTEX_POINT ( 'NONE', #4205 ) ;
#4052 = CARTESIAN_POINT ( 'NONE',  ( 1.250000000000000000, 0.000000000000000000, 0.3750000000000000000 ) ) ;
#4053 = DIRECTION ( 'NONE',  ( 1.000000000000000000, 0.000000000000000000, 0.000000000000000000 ) ) ;
#4054 = DIRECTION ( 'NONE',  ( 0.000000000000000000, 1.000000000000000000, 0.000000000000000000 ) ) ;
#4055 = EDGE_LOOP ( 'NONE', ( #367, #6420, #498, #3504 ) ) ;
#4056 = SURFACE_STYLE_FILL_AREA ( #2476 ) ;
#4057 = EDGE_CURVE ( 'NONE', #5287, #8601, #2677, .T. ) ;
#4058 = SURFACE_STYLE_FILL_AREA ( #3205 ) ;
#4059 = ORIENTED_EDGE ( 'NONE', *, *, #9761, .F. ) ;
#4060 = ORIENTED_EDGE ( 'NONE', *, *, #6432, .F. ) ;
#4061 = ORIENTED_EDGE ( 'NONE', *, *, #564, .T. ) ;
#4062 = LINE ( 'NONE', #9386, #1402 ) ;
#4063 = VECTOR ( 'NONE', #8011, 1000.000000000000000 ) ;
#4064 = ORIENTED_EDGE ( 'NONE', *, *, #7875, .F. ) ;
#4065 = LINE ( 'NONE', #3454, #7485 ) ;
#4066 = CARTESIAN_POINT ( 'NONE',  ( 1.250000000000000000, 0.1749999999999999889, 1.375000000000000222 ) ) ;
#4067 = UNCERTAINTY_MEASURE_WITH_UNIT (LENGTH_MEASURE( 1.000000000000000082E-05 ), #2920, 'distance_accuracy_value', 'NONE');
#4068 = FACE_OUTER_BOUND ( 'NONE', #1033, .T. ) ;
#4069 = LINE ( 'NONE', #8659, #2448 ) ;
#4070 = FACE_OUTER_BOUND ( 'NONE', #5803, .T. ) ;
#4071 = VECTOR ( 'NONE', #3072, 1000.000000000000000 ) ;
#4072 = SURFACE_STYLE_USAGE ( .BOTH. , #6378 ) ;
#4073 = FILL_AREA_STYLE_COLOUR ( '', #3755 ) ;
#4074 = CARTESIAN_POINT ( 'NONE',  ( 0.9749999999999999778, -0.04000000000000000083, -0.1250000000000000000 ) ) ;
#4075 = ORIENTED_EDGE ( 'NONE', *, *, #5501, .F. ) ;
#4076 = CARTESIAN_POINT ( 'NONE',  ( -1.250000000000000000, 0.2000000000000000111, 0.1250000000000000000 ) ) ;
#4077 = EDGE_LOOP ( 'NONE', ( #4108, #694, #7832, #1979 ) ) ;
#4078 = CARTESIAN_POINT ( 'NONE',  ( 1.250000000000000000, 0.2000000000000000111, -1.875000000000000000 ) ) ;
#4079 = EDGE_CURVE ( 'NONE', #1764, #8333, #7841, .T. ) ;
#4080 = EDGE_CURVE ( 'NONE', #4381, #3233, #3498, .T. ) ;
#4081 = CARTESIAN_POINT ( 'NONE',  ( 0.9749999999999999778, 0.000000000000000000, 1.625000000000000222 ) ) ;
#4082 = LINE ( 'NONE', #2404, #7991 ) ;
#4083 = DIRECTION ( 'NONE',  ( -0.000000000000000000, -1.000000000000000000, -0.000000000000000000 ) ) ;
#4084 = CYLINDRICAL_SURFACE ( 'NONE', #3735, 0.1250000000000000000 ) ;
#4085 = ORIENTED_EDGE ( 'NONE', *, *, #4079, .T. ) ;
#4086 = LINE ( 'NONE', #1809, #7949 ) ;
#4087 = ORIENTED_EDGE ( 'NONE', *, *, #2796, .F. ) ;
#4088 = AXIS2_PLACEMENT_3D ( 'NONE', #7874, #6982, #3322 ) ;
#4089 = SURFACE_STYLE_FILL_AREA ( #4599 ) ;
#4090 = ORIENTED_EDGE ( 'NONE', *, *, #2367, .T. ) ;
#4091 = EDGE_CURVE ( 'NONE', #4219, #6654, #9576, .T. ) ;
#4092 = CARTESIAN_POINT ( 'NONE',  ( -1.250000000000000000, -0.04000000000000000083, -0.8750000000000000000 ) ) ;
#4093 = PRESENTATION_LAYER_ASSIGNMENT (  '', '', ( #6489 ) ) ;
#4094 = AXIS2_PLACEMENT_3D ( 'NONE', #2424, #8538, #1685 ) ;
#4095 = VECTOR ( 'NONE', #5561, 1000.000000000000000 ) ;
#4096 =( GEOMETRIC_REPRESENTATION_CONTEXT ( 3 ) GLOBAL_UNCERTAINTY_ASSIGNED_CONTEXT ( ( #8061 ) ) GLOBAL_UNIT_ASSIGNED_CONTEXT ( ( #3027, #9043, #6777 ) ) REPRESENTATION_CONTEXT ( 'NONE', 'WORKASPACE' ) );
#4097 = VERTEX_POINT ( 'NONE', #7086 ) ;
#4098 = EDGE_CURVE ( 'NONE', #283, #1635, #230, .T. ) ;
#4099 = STYLED_ITEM ( 'NONE', ( #7698 ), #2839 ) ;
#4100 = LINE ( 'NONE', #5840, #7357 ) ;
#4101 = LINE ( 'NONE', #9320, #5274 ) ;
#4102 = ORIENTED_EDGE ( 'NONE', *, *, #5595, .T. ) ;
#4103 =( NAMED_UNIT ( * ) PLANE_ANGLE_UNIT ( ) SI_UNIT ( $, .RADIAN. ) );
#4104 = VECTOR ( 'NONE', #2291, 1000.000000000000000 ) ;
#4105 = AXIS2_PLACEMENT_3D ( 'NONE', #8827, #6512, #2740 ) ;
#4106 = FACE_OUTER_BOUND ( 'NONE', #8645, .T. ) ;
#4107 = LINE ( 'NONE', #3297, #1734 ) ;
#4108 = ORIENTED_EDGE ( 'NONE', *, *, #9699, .T. ) ;
#4109 = LINE ( 'NONE', #5547, #7245 ) ;
#4110 =( REPRESENTATION_RELATIONSHIP ('NONE','NONE', #2302, #7061 ) REPRESENTATION_RELATIONSHIP_WITH_TRANSFORMATION ( #3592 )SHAPE_REPRESENTATION_RELATIONSHIP( ) );
#4111 = EDGE_LOOP ( 'NONE', ( #7819, #1406, #1975, #8552 ) ) ;
#4112 = FILL_AREA_STYLE_COLOUR ( '', #5279 ) ;
#4113 = CARTESIAN_POINT ( 'NONE',  ( -0.5000000000000000000, -1.524659305057740610E-17, -1.149999999999999911 ) ) ;
#4114 = AXIS2_PLACEMENT_3D ( 'NONE', #7629, #6031, #6745 ) ;
#4115 = VERTEX_POINT ( 'NONE', #8143 ) ;
#4116 = ORIENTED_EDGE ( 'NONE', *, *, #8910, .T. ) ;
#4117 = PRESENTATION_LAYER_ASSIGNMENT (  '', '', ( #4597 ) ) ;
#4118 = EDGE_CURVE ( 'NONE', #1077, #232, #5841, .T. ) ;
#4119 =( NAMED_UNIT ( * ) SI_UNIT ( $, .STERADIAN. ) SOLID_ANGLE_UNIT ( ) );
#4120 = ORIENTED_EDGE ( 'NONE', *, *, #7643, .F. ) ;
#4121 = DIRECTION ( 'NONE',  ( 1.000000000000000000, 0.000000000000000000, 0.000000000000000000 ) ) ;
#4122 = DIRECTION ( 'NONE',  ( 0.000000000000000000, 0.000000000000000000, 1.000000000000000000 ) ) ;
#4123 = CARTESIAN_POINT ( 'NONE',  ( 0.000000000000000000, 0.000000000000000000, 0.000000000000000000 ) ) ;
#4124 = CLOSED_SHELL ( 'NONE', ( #8048, #535, #5416, #1613, #9197, #3875, #5058, #368, #2156, #4361, #9085, #6053, #6434, #1138, #2456, #2202, #2975, #2889, #6346, #8995, #7337, #9526, #1759, #5228, #2772, #1355, #1814, #1922, #7932, #952, #2245, #2715, #1700, #7808, #9128, #6263, #1028, #8996, #2948, #3719, #6554, #3085, #549, #5077, #3156, #811, #6360, #3973, #8768, #9147, #5255, #3216, #4939, #4594, #2215, #6379, #9745, #7539, #8921, #3769, #9852, #228, #7488, #185, #8481, #4536, #2454, #8306, #1743, #514, #9203, #7618, #7011, #6790, #7168, #3528, #9641, #3467, #1039, #3357, #5665, #7568, #7753, #1340, #8778, #1674, #5478, #4430, #5117, #7583, #7187, #7894, #3086, #1712, #9589, #3360, #3422, #2267, #1622, #7576, #8397, #6193, #5593, #5544, #8047, #2048, #515, #5259, #899, #1163, #9295, #222, #7124, #929, #6641, #8520, #4541, #7358 ) ) ;
#4125 = SURFACE_STYLE_USAGE ( .BOTH. , #7909 ) ;
#4126 = SURFACE_SIDE_STYLE ('',( #3262 ) ) ;
#4127 = VECTOR ( 'NONE', #6081, 1000.000000000000000 ) ;
#4128 = CARTESIAN_POINT ( 'NONE',  ( 1.207735026918962173, 0.9327350269189623733, -2.207735026918962618 ) ) ;
#4129 = CARTESIAN_POINT ( 'NONE',  ( 0.000000000000000000, 0.1749999999999999889, 0.000000000000000000 ) ) ;
#4130 = FACE_OUTER_BOUND ( 'NONE', #3877, .T. ) ;
#4131 = VERTEX_POINT ( 'NONE', #9769 ) ;
#4132 = DIRECTION ( 'NONE',  ( 0.000000000000000000, 0.000000000000000000, -1.000000000000000000 ) ) ;
#4133 = AXIS2_PLACEMENT_3D ( 'NONE', #4163, #4907, #4014 ) ;
#4134 = VECTOR ( 'NONE', #4169, 1000.000000000000000 ) ;
#4135 = DIRECTION ( 'NONE',  ( 0.000000000000000000, 1.000000000000000000, 0.000000000000000000 ) ) ;
#4136 = CARTESIAN_POINT ( 'NONE',  ( 1.250000000000000000, -0.04000000000000000083, -0.8750000000000000000 ) ) ;
#4137 = LINE ( 'NONE', #4042, #418 ) ;
#4138 = EDGE_CURVE ( 'NONE', #8060, #7547, #2161, .T. ) ;
#4139 = EDGE_CURVE ( 'NONE', #343, #3570, #7507, .T. ) ;
#4140 = DIRECTION ( 'NONE',  ( 0.000000000000000000, -1.000000000000000000, 0.000000000000000000 ) ) ;
#4141 = VECTOR ( 'NONE', #442, 1000.000000000000000 ) ;
#4142 = CARTESIAN_POINT ( 'NONE',  ( -1.101267602304403015, 0.9749999999999999778, -1.943124921640014380 ) ) ;
#4143 = DIRECTION ( 'NONE',  ( 0.000000000000000000, -0.000000000000000000, 1.000000000000000000 ) ) ;
#4144 = ORIENTED_EDGE ( 'NONE', *, *, #143, .T. ) ;
#4145 = FILL_AREA_STYLE_COLOUR ( '', #6268 ) ;
#4146 =( NAMED_UNIT ( * ) SI_UNIT ( $, .STERADIAN. ) SOLID_ANGLE_UNIT ( ) );
#4147 = CARTESIAN_POINT ( 'NONE',  ( -1.205718880800480619, 0.8211389613474360250, -2.294659952694483085 ) ) ;
#4148 = EDGE_CURVE ( 'NONE', #8120, #7802, #2072, .T. ) ;
#4149 = EDGE_LOOP ( 'NONE', ( #7483, #1798, #9090, #6606 ) ) ;
#4150 = STYLED_ITEM ( 'NONE', ( #8693 ), #8578 ) ;
#4151 = FACE_OUTER_BOUND ( 'NONE', #6838, .T. ) ;
#4152 =( GEOMETRIC_REPRESENTATION_CONTEXT ( 3 ) GLOBAL_UNCERTAINTY_ASSIGNED_CONTEXT ( ( #4674 ) ) GLOBAL_UNIT_ASSIGNED_CONTEXT ( ( #1453, #2270, #4524 ) ) REPRESENTATION_CONTEXT ( 'NONE', 'WORKASPACE' ) );
#4153 = VECTOR ( 'NONE', #3054, 1000.000000000000000 ) ;
#4154 = LINE ( 'NONE', #1874, #9013 ) ;
#4155 = VERTEX_POINT ( 'NONE', #679 ) ;
#4156 = CARTESIAN_POINT ( 'NONE',  ( -1.250000000000000000, 0.000000000000000000, 0.000000000000000000 ) ) ;
#4157 = CARTESIAN_POINT ( 'NONE',  ( -0.2500000000000000000, 0.1749999999999999889, 1.975000000000000089 ) ) ;
#4158 = EDGE_LOOP ( 'NONE', ( #9401, #8301, #1354, #2305 ) ) ;
#4159 = FACE_OUTER_BOUND ( 'NONE', #2046, .T. ) ;
#4160 = COLOUR_RGB ( '',0.8313725490196077761, 0.8313725490196077761, 0.8313725490196077761 ) ;
#4161 = AXIS2_PLACEMENT_3D ( 'NONE', #3415, #6476, #9497 ) ;
#4162 = MECHANICAL_DESIGN_GEOMETRIC_PRESENTATION_REPRESENTATION (  '', ( #2199 ), #5230 ) ;
#4163 = CARTESIAN_POINT ( 'NONE',  ( 1.250000000000000000, 0.000000000000000000, -1.875000000000000000 ) ) ;
#4164 = CIRCLE ( 'NONE', #2705, 0.1250000000000001110 ) ;
#4165 = EDGE_CURVE ( 'NONE', #1358, #5106, #9065, .T. ) ;
#4166 = EDGE_LOOP ( 'NONE', ( #9389, #2033, #2788, #9003 ) ) ;
#4167 = CARTESIAN_POINT ( 'NONE',  ( 0.000000000000000000, 0.000000000000000000, 0.000000000000000000 ) ) ;
#4168 = VERTEX_POINT ( 'NONE', #2828 ) ;
#4169 = DIRECTION ( 'NONE',  ( -0.000000000000000000, 1.000000000000000000, 0.000000000000000000 ) ) ;
#4170 = EDGE_LOOP ( 'NONE', ( #9864, #6824, #4680, #1736 ) ) ;
#4171 = VECTOR ( 'NONE', #3486, 1000.000000000000000 ) ;
#4172 = CARTESIAN_POINT ( 'NONE',  ( 0.3750000000000000555, 0.000000000000000000, -2.250000000000000444 ) ) ;
#4173 = AXIS2_PLACEMENT_3D ( 'NONE', #9478, #6616, #445 ) ;
#4174 = ORIENTED_EDGE ( 'NONE', *, *, #2528, .T. ) ;
#4175 = CYLINDRICAL_SURFACE ( 'NONE', #4173, 0.1249999999999998890 ) ;
#4176 = UNCERTAINTY_MEASURE_WITH_UNIT (LENGTH_MEASURE( 1.000000000000000082E-05 ), #3685, 'distance_accuracy_value', 'NONE');
#4177 = ORIENTED_EDGE ( 'NONE', *, *, #8992, .F. ) ;
#4178 = UNCERTAINTY_MEASURE_WITH_UNIT (LENGTH_MEASURE( 1.000000000000000082E-05 ), #651, 'distance_accuracy_value', 'NONE');
#4179 = CARTESIAN_POINT ( 'NONE',  ( 0.9749999999999999778, 0.000000000000000000, 1.250000000000000000 ) ) ;
#4180 = DIRECTION ( 'NONE',  ( 0.000000000000000000, -0.000000000000000000, -1.000000000000000000 ) ) ;
#4181 = DIRECTION ( 'NONE',  ( -0.000000000000000000, 1.000000000000000000, 0.000000000000000000 ) ) ;
#4182 = SHAPE_REPRESENTATION_RELATIONSHIP ( 'NONE' , 'NONE' ,  #7061, #682 ) ;
#4183 = CARTESIAN_POINT ( 'NONE',  ( -0.1249999999999999167, 0.000000000000000000, -2.250000000000000444 ) ) ;
#4184 =( LENGTH_UNIT ( ) NAMED_UNIT ( * ) SI_UNIT ( .MILLI., .METRE. ) );
#4185 = EDGE_CURVE ( 'NONE', #8200, #8402, #9525, .T. ) ;
#4186 = DIRECTION ( 'NONE',  ( -0.000000000000000000, -0.000000000000000000, 1.000000000000000000 ) ) ;
#4187 = ORIENTED_EDGE ( 'NONE', *, *, #163, .T. ) ;
#4188 = FILL_AREA_STYLE ('',( #3412 ) ) ;
#4189 = DIRECTION ( 'NONE',  ( 0.000000000000000000, -0.000000000000000000, 1.000000000000000000 ) ) ;
#4190 = PRESENTATION_LAYER_ASSIGNMENT (  '', '', ( #3697 ) ) ;
#4191 = ORIENTED_EDGE ( 'NONE', *, *, #205, .T. ) ;
#4192 = DIRECTION ( 'NONE',  ( -1.000000000000000000, 0.000000000000000000, -0.000000000000000000 ) ) ;
#4193 = PRESENTATION_STYLE_ASSIGNMENT (( #7030 ) ) ;
#4194 = FILL_AREA_STYLE ('',( #2003 ) ) ;
#4195 = EDGE_CURVE ( 'NONE', #1586, #5513, #7951, .T. ) ;
#4196 =( LENGTH_UNIT ( ) NAMED_UNIT ( * ) SI_UNIT ( .MILLI., .METRE. ) );
#4197 = EDGE_LOOP ( 'NONE', ( #7364, #374, #1718, #7691 ) ) ;
#4198 =( LENGTH_UNIT ( ) NAMED_UNIT ( * ) SI_UNIT ( .MILLI., .METRE. ) );
#4199 = DIRECTION ( 'NONE',  ( -0.000000000000000000, -1.000000000000000000, -0.000000000000000000 ) ) ;
#4200 = DIRECTION ( 'NONE',  ( -1.000000000000000000, -0.000000000000000000, -0.000000000000000000 ) ) ;
#4201 = SURFACE_STYLE_FILL_AREA ( #5833 ) ;
#4202 = ORIENTED_EDGE ( 'NONE', *, *, #6524, .F. ) ;
#4203 = PLANE ( 'NONE',  #6655 ) ;
#4204 = PLANE ( 'NONE',  #9239 ) ;
#4205 = CARTESIAN_POINT ( 'NONE',  ( -0.9749999999999999778, 0.000000000000000000, -0.1250000000000000000 ) ) ;
#4206 = LINE ( 'NONE', #379, #6570 ) ;
#4207 = VERTEX_POINT ( 'NONE', #3740 ) ;
#4208 = EDGE_CURVE ( 'NONE', #7038, #8103, #3695, .T. ) ;
#4209 = EDGE_CURVE ( 'NONE', #8933, #2761, #6752, .T. ) ;
#4210 = SURFACE_STYLE_USAGE ( .BOTH. , #3441 ) ;
#4211 = DIRECTION ( 'NONE',  ( 0.000000000000000000, -0.000000000000000000, 1.000000000000000000 ) ) ;
#4212 = VECTOR ( 'NONE', #4378, 1000.000000000000000 ) ;
#4213 = SURFACE_STYLE_USAGE ( .BOTH. , #5851 ) ;
#4215 = ORIENTED_EDGE ( 'NONE', *, *, #7257, .T. ) ;
#4214 = FILL_AREA_STYLE ('',( #5054 ) ) ;
#4216 = ORIENTED_EDGE ( 'NONE', *, *, #8485, .F. ) ;
#4217 = PRESENTATION_STYLE_ASSIGNMENT (( #8795 ) ) ;
#4218 = STYLED_ITEM ( 'NONE', ( #2286 ), #3127 ) ;
#4219 = VERTEX_POINT ( 'NONE', #8966 ) ;
#4220 = ORIENTED_EDGE ( 'NONE', *, *, #7553, .F. ) ;
#4221 = LINE ( 'NONE', #5654, #3531 ) ;
#4222 = LINE ( 'NONE', #1055, #2822 ) ;
#4223 = VERTEX_POINT ( 'NONE', #2893 ) ;
#4224 = EDGE_CURVE ( 'NONE', #3392, #1746, #7397, .T. ) ;
#4225 = DIRECTION ( 'NONE',  ( 0.000000000000000000, 0.000000000000000000, 1.000000000000000000 ) ) ;
#4226 = DIRECTION ( 'NONE',  ( 0.000000000000000000, 0.000000000000000000, -1.000000000000000000 ) ) ;
#4227 = FACE_OUTER_BOUND ( 'NONE', #2268, .T. ) ;
#4228 =( NAMED_UNIT ( * ) PLANE_ANGLE_UNIT ( ) SI_UNIT ( $, .RADIAN. ) );
#4229 = PRESENTATION_STYLE_ASSIGNMENT (( #8700 ) ) ;
#4230 = DIRECTION ( 'NONE',  ( -0.000000000000000000, -1.000000000000000000, -0.000000000000000000 ) ) ;
#4231 = COLOUR_RGB ( '',0.8313725490196077761, 0.8313725490196077761, 0.8313725490196077761 ) ;
#4232 = DIRECTION ( 'NONE',  ( 0.000000000000000000, -1.000000000000000000, 0.000000000000000000 ) ) ;
#4233 = ORIENTED_EDGE ( 'NONE', *, *, #9748, .F. ) ;
#4234 = EDGE_CURVE ( 'NONE', #7517, #868, #5237, .T. ) ;
#4235 = CARTESIAN_POINT ( 'NONE',  ( -0.9749999999999999778, 0.1749999999999999889, -0.8750000000000000000 ) ) ;
#4236 = ORIENTED_EDGE ( 'NONE', *, *, #5699, .T. ) ;
#4237 = FACE_OUTER_BOUND ( 'NONE', #2307, .T. ) ;
#4238 =( LENGTH_UNIT ( ) NAMED_UNIT ( * ) SI_UNIT ( .MILLI., .METRE. ) );
#4239 =( GEOMETRIC_REPRESENTATION_CONTEXT ( 3 ) GLOBAL_UNCERTAINTY_ASSIGNED_CONTEXT ( ( #3962 ) ) GLOBAL_UNIT_ASSIGNED_CONTEXT ( ( #9091, #7531, #6012 ) ) REPRESENTATION_CONTEXT ( 'NONE', 'WORKASPACE' ) );
#4240 = DIRECTION ( 'NONE',  ( 0.000000000000000000, 0.000000000000000000, 1.000000000000000000 ) ) ;
#4241 = VECTOR ( 'NONE', #7707, 1000.000000000000000 ) ;
#4242 = PRESENTATION_STYLE_ASSIGNMENT (( #8130 ) ) ;
#4243 = CARTESIAN_POINT ( 'NONE',  ( 0.3750000000000000555, 0.1749999999999999889, -2.250000000000000444 ) ) ;
#4244 = CARTESIAN_POINT ( 'NONE',  ( -0.5999999999999999778, 0.06000000000000000472, -1.600000000000000089 ) ) ;
#4245 = VECTOR ( 'NONE', #919, 1000.000000000000000 ) ;
#4246 = CARTESIAN_POINT ( 'NONE',  ( 0.000000000000000000, 0.1749999999999999889, 0.000000000000000000 ) ) ;
#4247 = EDGE_CURVE ( 'NONE', #4764, #377, #5098, .T. ) ;
#4248 = AXIS2_PLACEMENT_3D ( 'NONE', #7185, #5588, #6295 ) ;
#4249 = FILL_AREA_STYLE_COLOUR ( '', #7346 ) ;
#4250 = DIRECTION ( 'NONE',  ( 0.000000000000000000, -1.000000000000000000, -0.000000000000000000 ) ) ;
#4251 = VECTOR ( 'NONE', #6954, 1000.000000000000000 ) ;
#4252 = FACE_OUTER_BOUND ( 'NONE', #8001, .T. ) ;
#4253 = DIRECTION ( 'NONE',  ( -0.000000000000000000, 1.000000000000000000, 0.000000000000000000 ) ) ;
#4254 = PRESENTATION_LAYER_ASSIGNMENT (  '', '', ( #2784 ) ) ;
#4255 = LINE ( 'NONE', #1142, #3963 ) ;
#4256 = PRESENTATION_STYLE_ASSIGNMENT (( #1385 ) ) ;
#4257 = AXIS2_PLACEMENT_3D ( 'NONE', #852, #5407, #1463 ) ;
#4258 = SURFACE_STYLE_USAGE ( .BOTH. , #1248 ) ;
#4259 = VERTEX_POINT ( 'NONE', #9813 ) ;
#4260 = COLOUR_RGB ( '',0.8313725490196077761, 0.8313725490196077761, 0.8313725490196077761 ) ;
#4261 = CARTESIAN_POINT ( 'NONE',  ( -0.9749999999999999778, 0.000000000000000000, -1.125000000000000222 ) ) ;
#4262 = FACE_OUTER_BOUND ( 'NONE', #8843, .T. ) ;
#4263 = ORIENTED_EDGE ( 'NONE', *, *, #9731, .F. ) ;
#4264 = UNCERTAINTY_MEASURE_WITH_UNIT (LENGTH_MEASURE( 1.000000000000000082E-05 ), #350, 'distance_accuracy_value', 'NONE');
#4265 = LINE ( 'NONE', #489, #3599 ) ;
#4266 = FILL_AREA_STYLE ('',( #8926 ) ) ;
#4267 = MECHANICAL_DESIGN_GEOMETRIC_PRESENTATION_REPRESENTATION (  '', ( #7120 ), #8859 ) ;
#4268 = EDGE_CURVE ( 'NONE', #6338, #5535, #3589, .T. ) ;
#4270 = EDGE_LOOP ( 'NONE', ( #7524, #8499, #7947, #495 ) ) ;
#4269 = LINE ( 'NONE', #5753, #256 ) ;
#4271 = EDGE_CURVE ( 'NONE', #6396, #6935, #5894, .T. ) ;
#4272 = ORIENTED_EDGE ( 'NONE', *, *, #5146, .F. ) ;
#4273 = CARTESIAN_POINT ( 'NONE',  ( -1.250000000000000000, 0.000000000000000000, 0.000000000000000000 ) ) ;
#4274 = ORIENTED_EDGE ( 'NONE', *, *, #8343, .F. ) ;
#4275 = ORIENTED_EDGE ( 'NONE', *, *, #4745, .F. ) ;
#4276 = DIRECTION ( 'NONE',  ( 1.000000000000000000, -0.000000000000000000, 0.000000000000000000 ) ) ;
#4277 = CARTESIAN_POINT ( 'NONE',  ( 1.250000000000000000, -0.04000000000000000083, 1.125000000000000222 ) ) ;
#4278 = COLOUR_RGB ( '',0.8313725490196077761, 0.8313725490196077761, 0.8313725490196077761 ) ;
#4279 = STYLED_ITEM ( 'NONE', ( #2762 ), #3004 ) ;
#4280 = CARTESIAN_POINT ( 'NONE',  ( -0.9749999999999999778, 0.1749999999999999889, -0.3750000000000000000 ) ) ;
#4281 = CARTESIAN_POINT ( 'NONE',  ( -1.250000000000000000, -0.04000000000000000083, 0.1250000000000000000 ) ) ;
#4282 = DIRECTION ( 'NONE',  ( -1.000000000000000000, -0.000000000000000000, -0.000000000000000000 ) ) ;
#4283 = AXIS2_PLACEMENT_3D ( 'NONE', #2152, #6187, #2254 ) ;
#4284 = ORIENTED_EDGE ( 'NONE', *, *, #2410, .T. ) ;
#4285 = VECTOR ( 'NONE', #3544, 1000.000000000000000 ) ;
#4286 = LINE ( 'NONE', #2703, #6304 ) ;
#4287 = EDGE_CURVE ( 'NONE', #6385, #8333, #5143, .T. ) ;
#4288 = CARTESIAN_POINT ( 'NONE',  ( -1.250000000000000000, 0.2000000000000000111, 0.3750000000000000000 ) ) ;
#4289 = ORIENTED_EDGE ( 'NONE', *, *, #5902, .T. ) ;
#4290 = SURFACE_STYLE_FILL_AREA ( #8901 ) ;
#4291 = CARTESIAN_POINT ( 'NONE',  ( 1.250000000000000000, 0.000000000000000000, 0.1250000000000000000 ) ) ;
#4292 = CIRCLE ( 'NONE', #5542, 0.1249999999999998890 ) ;
#4293 = CARTESIAN_POINT ( 'NONE',  ( -1.207735026918962395, 0.9327350269189628174, 2.207735026918962618 ) ) ;
#4294 =( NAMED_UNIT ( * ) SI_UNIT ( $, .STERADIAN. ) SOLID_ANGLE_UNIT ( ) );
#4295 = EDGE_CURVE ( 'NONE', #7759, #3655, #1250, .T. ) ;
#4296 = CARTESIAN_POINT ( 'NONE',  ( -1.250000000000000000, 0.2000000000000000111, 0.8750000000000000000 ) ) ;
#4297 = STYLED_ITEM ( 'NONE', ( #5571 ), #6671 ) ;
#4298 = CIRCLE ( 'NONE', #7959, 0.1250000000000001110 ) ;
#4299 = COLOUR_RGB ( '',0.8313725490196077761, 0.8313725490196077761, 0.8313725490196077761 ) ;
#4300 = SURFACE_STYLE_FILL_AREA ( #5828 ) ;
#4301 = PRESENTATION_STYLE_ASSIGNMENT (( #5783 ) ) ;
#4302 = CARTESIAN_POINT ( 'NONE',  ( 0.2500000000000000000, 0.000000000000000000, 1.975000000000000089 ) ) ;
#4303 = CIRCLE ( 'NONE', #6695, 0.09999999999999982514 ) ;
#4304 = SURFACE_STYLE_FILL_AREA ( #5684 ) ;
#4305 = STYLED_ITEM ( 'NONE', ( #4710 ), #6826 ) ;
#4306 = VECTOR ( 'NONE', #8304, 1000.000000000000000 ) ;
#4307 = CARTESIAN_POINT ( 'NONE',  ( -1.250000000000000000, 0.000000000000000000, 1.625000000000000222 ) ) ;
#4308 = EDGE_CURVE ( 'NONE', #8933, #3734, #4402, .T. ) ;
#4309 = ORIENTED_EDGE ( 'NONE', *, *, #6674, .F. ) ;
#4310 = CARTESIAN_POINT ( 'NONE',  ( -0.9749999999999999778, 0.1749999999999999889, -1.625000000000000222 ) ) ;
#4311 = FILL_AREA_STYLE ('',( #2890 ) ) ;
#4312 = AXIS2_PLACEMENT_3D ( 'NONE', #4281, #1411, #8257 ) ;
#4313 = DIRECTION ( 'NONE',  ( 1.000000000000000000, -0.000000000000000000, 0.000000000000000000 ) ) ;
#4314 = CARTESIAN_POINT ( 'NONE',  ( -1.149999999999999911, 0.8750000000000000000, -2.149999999999999911 ) ) ;
#4315 = EDGE_LOOP ( 'NONE', ( #6648, #7878, #4909, #2909 ) ) ;
#4316 = DIRECTION ( 'NONE',  ( 1.000000000000000000, 0.000000000000000000, 0.000000000000000000 ) ) ;
#4317 = FACE_OUTER_BOUND ( 'NONE', #7095, .T. ) ;
#4318 = EDGE_LOOP ( 'NONE', ( #8290, #675, #6448, #1644 ) ) ;
#4319 = EDGE_LOOP ( 'NONE', ( #1572, #5721, #6273, #2886 ) ) ;
#4320 = VERTEX_POINT ( 'NONE', #7446 ) ;
#4321 = LINE ( 'NONE', #2904, #5887 ) ;
#4322 = ORIENTED_EDGE ( 'NONE', *, *, #3903, .T. ) ;
#4323 = VERTEX_POINT ( 'NONE', #576 ) ;
#4324 = PLANE ( 'NONE',  #4814 ) ;
#4325 = DIRECTION ( 'NONE',  ( 0.000000000000000000, -1.000000000000000000, 0.000000000000000000 ) ) ;
#4326 = EDGE_LOOP ( 'NONE', ( #9182, #843, #4367, #797 ) ) ;
#4327 = CIRCLE ( 'NONE', #1901, 0.1250000000000000000 ) ;
#4328 = VECTOR ( 'NONE', #3023, 1000.000000000000000 ) ;
#4329 = PRESENTATION_LAYER_ASSIGNMENT (  '', '', ( #2199 ) ) ;
#4330 = FILL_AREA_STYLE ('',( #9484 ) ) ;
#4331 =( LENGTH_UNIT ( ) NAMED_UNIT ( * ) SI_UNIT ( .MILLI., .METRE. ) );
#4332 = FILL_AREA_STYLE ('',( #2752 ) ) ;
#4333 = DIRECTION ( 'NONE',  ( 0.000000000000000000, 0.000000000000000000, 1.000000000000000000 ) ) ;
#4334 =( GEOMETRIC_REPRESENTATION_CONTEXT ( 3 ) GLOBAL_UNCERTAINTY_ASSIGNED_CONTEXT ( ( #8551 ) ) GLOBAL_UNIT_ASSIGNED_CONTEXT ( ( #7281, #5035, #2818 ) ) REPRESENTATION_CONTEXT ( 'NONE', 'WORKASPACE' ) );
#4335 = PRESENTATION_LAYER_ASSIGNMENT (  '', '', ( #8622 ) ) ;
#4336 = EDGE_LOOP ( 'NONE', ( #4026, #2274, #6763, #4215 ) ) ;
#4337 = SURFACE_STYLE_USAGE ( .BOTH. , #2755 ) ;
#4338 = CARTESIAN_POINT ( 'NONE',  ( 1.250000000000000000, 0.1749999999999999889, 2.250000000000000444 ) ) ;
#4339 = ORIENTED_EDGE ( 'NONE', *, *, #390, .F. ) ;
#4340 = VERTEX_POINT ( 'NONE', #3639 ) ;
#4341 = PLANE ( 'NONE',  #5156 ) ;
#4342 = ORIENTED_EDGE ( 'NONE', *, *, #2717, .F. ) ;
#4343 = DIRECTION ( 'NONE',  ( -1.000000000000000000, 0.000000000000000000, -0.000000000000000000 ) ) ;
#4344 = VECTOR ( 'NONE', #9725, 1000.000000000000000 ) ;
#4345 = ADVANCED_FACE ( 'NONE', ( #2778 ), #7639, .F. ) ;
#4346 = COLOUR_RGB ( '',0.8313725490196077761, 0.8313725490196077761, 0.8313725490196077761 ) ;
#4347 = EDGE_CURVE ( 'NONE', #6748, #146, #4557, .T. ) ;
#4348 = FILL_AREA_STYLE_COLOUR ( '', #9790 ) ;
#4349 = PLANE ( 'NONE',  #7319 ) ;
#4350 = PRESENTATION_STYLE_ASSIGNMENT (( #6640 ) ) ;
#4351 = VECTOR ( 'NONE', #8856, 1000.000000000000000 ) ;
#4352 = FILL_AREA_STYLE ('',( #6645 ) ) ;
#4353 = FILL_AREA_STYLE_COLOUR ( '', #112 ) ;
#4354 = DIRECTION ( 'NONE',  ( -0.000000000000000000, 1.000000000000000000, 0.000000000000000000 ) ) ;
#4355 = EDGE_CURVE ( 'NONE', #5903, #9518, #3791, .T. ) ;
#4356 = ORIENTED_EDGE ( 'NONE', *, *, #7793, .T. ) ;
#4357 = DIRECTION ( 'NONE',  ( -0.000000000000000000, 1.000000000000000000, 0.000000000000000000 ) ) ;
#4358 = LINE ( 'NONE', #5144, #3828 ) ;
#4359 = ORIENTED_EDGE ( 'NONE', *, *, #5904, .T. ) ;
#4360 = UNCERTAINTY_MEASURE_WITH_UNIT (LENGTH_MEASURE( 1.000000000000000082E-05 ), #3388, 'distance_accuracy_value', 'NONE');
#4361 = ADVANCED_FACE ( 'NONE', ( #8482 ), #4652, .T. ) ;
#4362 = PLANE ( 'NONE',  #7345 ) ;
#4363 = ORIENTED_EDGE ( 'NONE', *, *, #2984, .F. ) ;
#4365 = VERTEX_POINT ( 'NONE', #822 ) ;
#4364 =( NAMED_UNIT ( * ) SI_UNIT ( $, .STERADIAN. ) SOLID_ANGLE_UNIT ( ) );
#4366 = SURFACE_STYLE_USAGE ( .BOTH. , #1303 ) ;
#4367 = ORIENTED_EDGE ( 'NONE', *, *, #9424, .F. ) ;
#4368 = VERTEX_POINT ( 'NONE', #3175 ) ;
#4369 = LINE ( 'NONE', #1893, #6083 ) ;
#4370 = DIRECTION ( 'NONE',  ( -0.4082482904638640164, -0.8164965809277250353, -0.4082482904638640164 ) ) ;
#4371 = DIRECTION ( 'NONE',  ( -0.000000000000000000, -1.000000000000000000, -0.000000000000000000 ) ) ;
#4372 = EDGE_LOOP ( 'NONE', ( #1415, #660, #3492, #6719, #8154 ) ) ;
#4374 = EDGE_CURVE ( 'NONE', #3038, #5150, #3836, .T. ) ;
#4373 = LINE ( 'NONE', #7415, #2428 ) ;
#4375 = CARTESIAN_POINT ( 'NONE',  ( 1.250000000000000000, 0.000000000000000000, 2.250000000000000444 ) ) ;
#4376 = FACE_OUTER_BOUND ( 'NONE', #3353, .T. ) ;
#4377 = FACE_OUTER_BOUND ( 'NONE', #4077, .T. ) ;
#4378 = DIRECTION ( 'NONE',  ( -1.000000000000000000, -0.000000000000000000, -0.000000000000000000 ) ) ;
#4379 = ORIENTED_EDGE ( 'NONE', *, *, #8074, .T. ) ;
#4380 = CARTESIAN_POINT ( 'NONE',  ( -1.250000000000000000, 0.000000000000000000, 1.125000000000000222 ) ) ;
#4381 = VERTEX_POINT ( 'NONE', #3729 ) ;
#4382 = CARTESIAN_POINT ( 'NONE',  ( 0.000000000000000000, 0.000000000000000000, 0.1250000000000000000 ) ) ;
#4383 = CARTESIAN_POINT ( 'NONE',  ( 0.3750000000000000000, 0.2000000000000000111, 1.975000000000000089 ) ) ;
#4384 = VERTEX_POINT ( 'NONE', #6026 ) ;
#4385 = FILL_AREA_STYLE ('',( #8176 ) ) ;
#4386 = CARTESIAN_POINT ( 'NONE',  ( 0.000000000000000000, 0.000000000000000000, 1.125000000000000222 ) ) ;
#4387 = EDGE_CURVE ( 'NONE', #9733, #9762, #871, .T. ) ;
#4388 = CARTESIAN_POINT ( 'NONE',  ( -1.250000000000000000, 0.000000000000000000, -0.1250000000000000833 ) ) ;
#4389 = EDGE_CURVE ( 'NONE', #3522, #3570, #3536, .T. ) ;
#4390 = PLANE ( 'NONE',  #2080 ) ;
#4391 = PRESENTATION_STYLE_ASSIGNMENT (( #8224 ) ) ;
#4392 =( NAMED_UNIT ( * ) PLANE_ANGLE_UNIT ( ) SI_UNIT ( $, .RADIAN. ) );
#4393 = STYLED_ITEM ( 'NONE', ( #4242 ), #2217 ) ;
#4394 = ORIENTED_EDGE ( 'NONE', *, *, #1767, .T. ) ;
#4395 = DIRECTION ( 'NONE',  ( 1.000000000000000000, 0.000000000000000000, 0.000000000000000000 ) ) ;
#4396 = DIRECTION ( 'NONE',  ( -0.000000000000000000, 1.000000000000000000, 0.000000000000000000 ) ) ;
#4397 = EDGE_CURVE ( 'NONE', #1077, #6840, #1614, .T. ) ;
#4398 =( GEOMETRIC_REPRESENTATION_CONTEXT ( 3 ) GLOBAL_UNCERTAINTY_ASSIGNED_CONTEXT ( ( #2626 ) ) GLOBAL_UNIT_ASSIGNED_CONTEXT ( ( #6323, #3311, #1011 ) ) REPRESENTATION_CONTEXT ( 'NONE', 'WORKASPACE' ) );
#4399 =( NAMED_UNIT ( * ) SI_UNIT ( $, .STERADIAN. ) SOLID_ANGLE_UNIT ( ) );
#4400 = DIRECTION ( 'NONE',  ( -1.000000000000000000, 0.000000000000000000, -0.000000000000000000 ) ) ;
#4401 = LINE ( 'NONE', #2110, #3534 ) ;
#4402 = LINE ( 'NONE', #6604, #5232 ) ;
#4403 = AXIS2_PLACEMENT_3D ( 'NONE', #1004, #7104, #4180 ) ;
#4404 = DIRECTION ( 'NONE',  ( 0.000000000000000000, -1.000000000000000000, -0.000000000000000000 ) ) ;
#4405 = EDGE_LOOP ( 'NONE', ( #2522, #2588, #8191, #5479, #3830 ) ) ;
#4406 = AXIS2_PLACEMENT_3D ( 'NONE', #8113, #5660, #1986 ) ;
#4407 = CARTESIAN_POINT ( 'NONE',  ( 0.000000000000000000, 0.000000000000000000, 0.000000000000000000 ) ) ;
#4408 = EDGE_CURVE ( 'NONE', #5838, #990, #9257, .T. ) ;
#4409 = ORIENTED_EDGE ( 'NONE', *, *, #4746, .F. ) ;
#4410 = COLOUR_RGB ( '',0.8313725490196077761, 0.8313725490196077761, 0.8313725490196077761 ) ;
#4412 = VERTEX_POINT ( 'NONE', #7626 ) ;
#4411 = FILL_AREA_STYLE_COLOUR ( '', #7620 ) ;
#4413 =( GEOMETRIC_REPRESENTATION_CONTEXT ( 3 ) GLOBAL_UNCERTAINTY_ASSIGNED_CONTEXT ( ( #7260 ) ) GLOBAL_UNIT_ASSIGNED_CONTEXT ( ( #3714, #5303, #2853 ) ) REPRESENTATION_CONTEXT ( 'NONE', 'WORKASPACE' ) );
#4414 = EDGE_CURVE ( 'NONE', #1746, #100, #5318, .T. ) ;
#4415 = DIRECTION ( 'NONE',  ( 0.000000000000000000, 0.000000000000000000, 1.000000000000000000 ) ) ;
#4416 = ORIENTED_EDGE ( 'NONE', *, *, #9115, .F. ) ;
#4417 = ORIENTED_EDGE ( 'NONE', *, *, #2659, .T. ) ;
#4418 =( GEOMETRIC_REPRESENTATION_CONTEXT ( 3 ) GLOBAL_UNCERTAINTY_ASSIGNED_CONTEXT ( ( #8641 ) ) GLOBAL_UNIT_ASSIGNED_CONTEXT ( ( #4643, #9759, #7683 ) ) REPRESENTATION_CONTEXT ( 'NONE', 'WORKASPACE' ) );
#4419 = DIRECTION ( 'NONE',  ( 0.000000000000000000, 0.000000000000000000, 1.000000000000000000 ) ) ;
#4420 = DIRECTION ( 'NONE',  ( 0.000000000000000000, -0.000000000000000000, 1.000000000000000000 ) ) ;
#4421 = ORIENTED_EDGE ( 'NONE', *, *, #1558, .F. ) ;
#4422 = DIRECTION ( 'NONE',  ( -0.000000000000000000, 1.000000000000000000, -0.000000000000000000 ) ) ;
#4423 = CARTESIAN_POINT ( 'NONE',  ( 1.207735026918962840, 0.9327350269189621512, 2.207735026918961729 ) ) ;
#4424 = COLOUR_RGB ( '',0.8313725490196077761, 0.8313725490196077761, 0.8313725490196077761 ) ;
#4425 =( NAMED_UNIT ( * ) SI_UNIT ( $, .STERADIAN. ) SOLID_ANGLE_UNIT ( ) );
#4426 = MECHANICAL_DESIGN_GEOMETRIC_PRESENTATION_REPRESENTATION (  '', ( #8398 ), #9818 ) ;
#4427 = DIRECTION ( 'NONE',  ( 0.000000000000000000, 1.000000000000000000, -0.000000000000000000 ) ) ;
#4428 = EDGE_LOOP ( 'NONE', ( #1201, #1016, #7530, #6812 ) ) ;
#4429 = DIRECTION ( 'NONE',  ( 0.000000000000000000, -0.000000000000000000, -1.000000000000000000 ) ) ;
#4430 = ADVANCED_FACE ( 'NONE', ( #70 ), #6834, .F. ) ;
#4431 = CARTESIAN_POINT ( 'NONE',  ( 0.9749999999999999778, 0.000000000000000000, 0.3750000000000000000 ) ) ;
#4432 = CARTESIAN_POINT ( 'NONE',  ( 0.000000000000000000, 0.1749999999999999889, 0.000000000000000000 ) ) ;
#4433 = VECTOR ( 'NONE', #7523, 1000.000000000000000 ) ;
#4434 = SURFACE_STYLE_USAGE ( .BOTH. , #3724 ) ;
#4435 = VECTOR ( 'NONE', #9096, 1000.000000000000000 ) ;
#4436 = ORIENTED_EDGE ( 'NONE', *, *, #6720, .F. ) ;
#4437 = MECHANICAL_DESIGN_GEOMETRIC_PRESENTATION_REPRESENTATION (  '', ( #8717 ), #7771 ) ;
#4438 = FACE_OUTER_BOUND ( 'NONE', #4691, .T. ) ;
#4439 = CIRCLE ( 'NONE', #6981, 0.1250000000000000000 ) ;
#4440 = DIRECTION ( 'NONE',  ( 0.000000000000000000, 1.000000000000000000, 0.000000000000000000 ) ) ;
#4441 = AXIS2_PLACEMENT_3D ( 'NONE', #1873, #7289, #8777 ) ;
#4442 = LINE ( 'NONE', #5974, #2646 ) ;
#4443 = CARTESIAN_POINT ( 'NONE',  ( 0.1250000000000000000, 0.1749999999999999889, 0.000000000000000000 ) ) ;
#4444 = DIRECTION ( 'NONE',  ( -1.000000000000000000, 0.000000000000000000, -0.000000000000000000 ) ) ;
#4445 = EDGE_CURVE ( 'NONE', #8266, #1131, #4543, .T. ) ;
#4446 = DIRECTION ( 'NONE',  ( 0.000000000000000000, 0.000000000000000000, -1.000000000000000000 ) ) ;
#4447 =( BOUNDED_SURFACE ( )  B_SPLINE_SURFACE ( 3, 3, ( 
 ( #4925, #4725, #8662, #4128 ),
 ( #5568, #3221, #8613, #923 ),
 ( #9491, #6280, #6429, #4782 ),
 ( #5666, #9447, #2497, #8701 ) ),
 .UNSPECIFIED., .F., .F., .F. ) 
 B_SPLINE_SURFACE_WITH_KNOTS ( ( 4, 4 ),
 ( 4, 4 ),
 ( 0.000000000000000000, 1.000000000000000000 ),
 ( 0.000000000000000000, 1.000000000000000000 ),
 .UNSPECIFIED. ) 
 GEOMETRIC_REPRESENTATION_ITEM ( )  RATIONAL_B_SPLINE_SURFACE ( (
 ( 1.000000000000000000, 0.3333333333333292070, 0.3333333333333292070, 1.000000000000000000),
 ( 0.9245018060306389174, 0.3081672686768758274, 0.3081672686768758274, 0.9245018060306389174),
 ( 0.9245018060306389174, 0.3081672686768758274, 0.3081672686768758274, 0.9245018060306389174),
 ( 1.000000000000000000, 0.3333333333333292070, 0.3333333333333292070, 1.000000000000000000) ) ) 
 REPRESENTATION_ITEM ( '' )  SURFACE ( )  );
#4448 = CLOSED_SHELL ( 'NONE', ( #8578, #5576, #7880, #1472, #3048, #1292 ) ) ;
#4449 =( NAMED_UNIT ( * ) SI_UNIT ( $, .STERADIAN. ) SOLID_ANGLE_UNIT ( ) );
#4450 = VERTEX_POINT ( 'NONE', #5472 ) ;
#4451 = VECTOR ( 'NONE', #8866, 1000.000000000000000 ) ;
#4452 =( NAMED_UNIT ( * ) PLANE_ANGLE_UNIT ( ) SI_UNIT ( $, .RADIAN. ) );
#4454 = VERTEX_POINT ( 'NONE', #7579 ) ;
#4453 = DIRECTION ( 'NONE',  ( 1.000000000000000000, 0.000000000000000000, -0.000000000000000000 ) ) ;
#4455 = LINE ( 'NONE', #8285, #8419 ) ;
#4456 = CARTESIAN_POINT ( 'NONE',  ( 1.250000000000000000, 0.000000000000000000, 2.250000000000000444 ) ) ;
#4457 = VECTOR ( 'NONE', #9767, 1000.000000000000000 ) ;
#4458 = DIRECTION ( 'NONE',  ( 0.000000000000000000, 0.000000000000000000, -1.000000000000000000 ) ) ;
#4459 = ORIENTED_EDGE ( 'NONE', *, *, #6458, .T. ) ;
#4460 =( GEOMETRIC_REPRESENTATION_CONTEXT ( 3 ) GLOBAL_UNCERTAINTY_ASSIGNED_CONTEXT ( ( #7967 ) ) GLOBAL_UNIT_ASSIGNED_CONTEXT ( ( #1141, #569, #3542 ) ) REPRESENTATION_CONTEXT ( 'NONE', 'WORKASPACE' ) );
#4461 = STYLED_ITEM ( 'NONE', ( #4217 ), #3609 ) ;
#4462 = CARTESIAN_POINT ( 'NONE',  ( -1.250000000000000000, 0.000000000000000000, -1.625000000000000222 ) ) ;
#4463 = APPLICATION_PROTOCOL_DEFINITION ( 'draft international standard', 'automotive_design', 1998, #8869 ) ;
#4464 = EDGE_CURVE ( 'NONE', #444, #7703, #771, .T. ) ;
#4465 =( NAMED_UNIT ( * ) SI_UNIT ( $, .STERADIAN. ) SOLID_ANGLE_UNIT ( ) );
#4466 = CARTESIAN_POINT ( 'NONE',  ( -1.250000000000000000, 0.1749999999999999889, 2.250000000000000444 ) ) ;
#4467 = FACE_OUTER_BOUND ( 'NONE', #8355, .T. ) ;
#4468 = FILL_AREA_STYLE ('',( #9727 ) ) ;
#4469 = ORIENTED_EDGE ( 'NONE', *, *, #9055, .T. ) ;
#4471 = VERTEX_POINT ( 'NONE', #6886 ) ;
#4470 =( NAMED_UNIT ( * ) PLANE_ANGLE_UNIT ( ) SI_UNIT ( $, .RADIAN. ) );
#4472 = STYLED_ITEM ( 'NONE', ( #7093 ), #6787 ) ;
#4473 = FACE_OUTER_BOUND ( 'NONE', #153, .T. ) ;
#4474 = EDGE_LOOP ( 'NONE', ( #8010, #5459, #776, #6856 ) ) ;
#4475 = VERTEX_POINT ( 'NONE', #3936 ) ;
#4476 = SURFACE_STYLE_FILL_AREA ( #5957 ) ;
#4477 = DIRECTION ( 'NONE',  ( 0.000000000000000000, -1.000000000000000000, 0.000000000000000000 ) ) ;
#4478 = ORIENTED_EDGE ( 'NONE', *, *, #8122, .F. ) ;
#4479 = FACE_OUTER_BOUND ( 'NONE', #8704, .T. ) ;
#4480 = CARTESIAN_POINT ( 'NONE',  ( 1.231304907451683306, 0.9327350269189618182, 2.184165146386241929 ) ) ;
#4481 = VECTOR ( 'NONE', #7754, 1000.000000000000000 ) ;
#4482 = EDGE_CURVE ( 'NONE', #7170, #5794, #4684, .T. ) ;
#4483 = SURFACE_STYLE_FILL_AREA ( #8068 ) ;
#4484 = LINE ( 'NONE', #8545, #6736 ) ;
#4485 = DIRECTION ( 'NONE',  ( 0.000000000000000000, 0.000000000000000000, -1.000000000000000000 ) ) ;
#4486 = ORIENTED_EDGE ( 'NONE', *, *, #1856, .T. ) ;
#4487 = EDGE_LOOP ( 'NONE', ( #5164, #339, #6347, #2362 ) ) ;
#4488 = AXIS2_PLACEMENT_3D ( 'NONE', #1522, #786, #4653 ) ;
#4489 = CARTESIAN_POINT ( 'NONE',  ( -0.9749999999999999778, 0.1749999999999999889, -1.625000000000000222 ) ) ;
#4490 = COLOUR_RGB ( '',0.8313725490196077761, 0.8313725490196077761, 0.8313725490196077761 ) ;
#4491 = CYLINDRICAL_SURFACE ( 'NONE', #1326, 0.1250000000000001110 ) ;
#4492 = PRESENTATION_LAYER_ASSIGNMENT (  '', '', ( #7812 ) ) ;
#4493 = DIRECTION ( 'NONE',  ( -0.000000000000000000, 0.000000000000000000, -1.000000000000000000 ) ) ;
#4494 = UNCERTAINTY_MEASURE_WITH_UNIT (LENGTH_MEASURE( 1.000000000000000082E-05 ), #8489, 'distance_accuracy_value', 'NONE');
#4495 = ORIENTED_EDGE ( 'NONE', *, *, #1767, .F. ) ;
#4496 = LINE ( 'NONE', #6168, #7924 ) ;
#4497 = EDGE_CURVE ( 'NONE', #2181, #509, #9857, .T. ) ;
#4498 = AXIS2_PLACEMENT_3D ( 'NONE', #5474, #9403, #8570 ) ;
#4499 = COLOUR_RGB ( '',0.8313725490196077761, 0.8313725490196077761, 0.8313725490196077761 ) ;
#4500 = PRESENTATION_STYLE_ASSIGNMENT (( #7489 ) ) ;
#4501 = STYLED_ITEM ( 'NONE', ( #1322 ), #4638 ) ;
#4502 = SURFACE_STYLE_USAGE ( .BOTH. , #8079 ) ;
#4503 = VECTOR ( 'NONE', #3700, 1000.000000000000000 ) ;
#4504 = STYLED_ITEM ( 'NONE', ( #1160 ), #7988 ) ;
#4505 = CARTESIAN_POINT ( 'NONE',  ( 0.9749999999999999778, 0.2000000000000000111, -1.625000000000000222 ) ) ;
#4506 = CARTESIAN_POINT ( 'NONE',  ( 1.250000000000000000, 0.1749999999999999889, 0.6250000000000000000 ) ) ;
#4507 = CARTESIAN_POINT ( 'NONE',  ( -1.250000000000000000, 0.2000000000000000111, -0.8750000000000000000 ) ) ;
#4508 = LINE ( 'NONE', #672, #7115 ) ;
#4509 = CARTESIAN_POINT ( 'NONE',  ( -1.239442719099991708, 0.9197213595499960093, 2.149999999999999911 ) ) ;
#4510 = ORIENTED_EDGE ( 'NONE', *, *, #9555, .F. ) ;
#4511 = ORIENTED_EDGE ( 'NONE', *, *, #8341, .F. ) ;
#4512 = FACE_OUTER_BOUND ( 'NONE', #6382, .T. ) ;
#4513 = DIRECTION ( 'NONE',  ( -0.000000000000000000, -1.000000000000000000, -0.000000000000000000 ) ) ;
#4514 = ORIENTED_EDGE ( 'NONE', *, *, #6455, .T. ) ;
#4515 = DIRECTION ( 'NONE',  ( 0.000000000000000000, -1.000000000000000000, 0.000000000000000000 ) ) ;
#4516 = DIRECTION ( 'NONE',  ( 1.000000000000000000, -0.000000000000000000, 0.000000000000000000 ) ) ;
#4517 = DIRECTION ( 'NONE',  ( -1.000000000000000000, 0.000000000000000000, 0.000000000000000000 ) ) ;
#4518 = ORIENTED_EDGE ( 'NONE', *, *, #626, .T. ) ;
#4519 = CARTESIAN_POINT ( 'NONE',  ( -0.2500000000000000000, -0.04000000000000000083, -1.975000000000000089 ) ) ;
#4520 = DIRECTION ( 'NONE',  ( 0.000000000000000000, 0.000000000000000000, 1.000000000000000000 ) ) ;
#4521 = AXIS2_PLACEMENT_3D ( 'NONE', #4123, #7160, #4316 ) ;
#4522 = EDGE_LOOP ( 'NONE', ( #5858, #8437, #7897, #3017 ) ) ;
#4523 = ADVANCED_FACE ( 'NONE', ( #3031 ), #1658, .T. ) ;
#4524 =( NAMED_UNIT ( * ) SI_UNIT ( $, .STERADIAN. ) SOLID_ANGLE_UNIT ( ) );
#4525 = CARTESIAN_POINT ( 'NONE',  ( -0.9749999999999999778, 0.000000000000000000, -0.1250000000000000000 ) ) ;
#4526 = ORIENTED_EDGE ( 'NONE', *, *, #3314, .F. ) ;
#4527 =( LENGTH_UNIT ( ) NAMED_UNIT ( * ) SI_UNIT ( .MILLI., .METRE. ) );
#4528 = CARTESIAN_POINT ( 'NONE',  ( 1.243309800894467188, 0.9238392649474655993, 2.154368729000466942 ) ) ;
#4529 = LINE ( 'NONE', #6155, #2514 ) ;
#4530 = CARTESIAN_POINT ( 'NONE',  ( -1.250000000000000000, 0.1749999999999999889, -2.250000000000000444 ) ) ;
#4531 = ORIENTED_EDGE ( 'NONE', *, *, #3228, .F. ) ;
#4532 = SURFACE_STYLE_FILL_AREA ( #6114 ) ;
#4533 = CARTESIAN_POINT ( 'NONE',  ( 0.9749999999999999778, 0.000000000000000000, -1.750000000000000000 ) ) ;
#4534 = CARTESIAN_POINT ( 'NONE',  ( 0.000000000000000000, 0.1749999999999999889, 0.6250000000000000000 ) ) ;
#4535 = FILL_AREA_STYLE ('',( #8948 ) ) ;
#4536 = ADVANCED_FACE ( 'NONE', ( #7116 ), #5626, .T. ) ;
#4537 = LINE ( 'NONE', #5267, #1285 ) ;
#4538 = PRESENTATION_STYLE_ASSIGNMENT (( #8316 ) ) ;
#4539 = DIRECTION ( 'NONE',  ( 0.000000000000000000, 0.000000000000000000, -1.000000000000000000 ) ) ;
#4540 = DIRECTION ( 'NONE',  ( -0.000000000000000000, -1.000000000000000000, -0.000000000000000000 ) ) ;
#4541 = ADVANCED_FACE ( 'NONE', ( #7821 ), #2603, .F. ) ;
#4542 = SURFACE_STYLE_FILL_AREA ( #6784 ) ;
#4543 = LINE ( 'NONE', #2193, #5442 ) ;
#4544 = PLANE ( 'NONE',  #6552 ) ;
#4545 = CARTESIAN_POINT ( 'NONE',  ( -1.250000000000000000, 0.000000000000000000, 0.000000000000000000 ) ) ;
#4546 = PRESENTATION_STYLE_ASSIGNMENT (( #6030 ) ) ;
#4547 = VECTOR ( 'NONE', #5367, 1000.000000000000000 ) ;
#4548 = EDGE_LOOP ( 'NONE', ( #2958, #3803, #2679, #6557 ) ) ;
#4549 = VECTOR ( 'NONE', #9411, 1000.000000000000000 ) ;
#4550 = ORIENTED_EDGE ( 'NONE', *, *, #4016, .F. ) ;
#4551 = EDGE_CURVE ( 'NONE', #1157, #1854, #8705, .T. ) ;
#4552 =( LENGTH_UNIT ( ) NAMED_UNIT ( * ) SI_UNIT ( .MILLI., .METRE. ) );
#4553 = DIRECTION ( 'NONE',  ( 0.000000000000000000, 0.000000000000000000, 1.000000000000000000 ) ) ;
#4554 = VERTEX_POINT ( 'NONE', #4081 ) ;
#4555 = CYLINDRICAL_SURFACE ( 'NONE', #9687, 0.1249999999999998890 ) ;
#4556 = MECHANICAL_DESIGN_GEOMETRIC_PRESENTATION_REPRESENTATION (  '', ( #8363 ), #4709 ) ;
#4557 = LINE ( 'NONE', #5288, #1563 ) ;
#4558 = UNCERTAINTY_MEASURE_WITH_UNIT (LENGTH_MEASURE( 1.000000000000000082E-05 ), #8946, 'distance_accuracy_value', 'NONE');
#4559 = COLOUR_RGB ( '',0.8313725490196077761, 0.8313725490196077761, 0.8313725490196077761 ) ;
#4560 = LINE ( 'NONE', #9070, #7823 ) ;
#4561 =( NAMED_UNIT ( * ) PLANE_ANGLE_UNIT ( ) SI_UNIT ( $, .RADIAN. ) );
#4562 = VECTOR ( 'NONE', #2704, 1000.000000000000000 ) ;
#4563 = CARTESIAN_POINT ( 'NONE',  ( 1.250000000000000000, 0.000000000000000000, 0.8749999999999998890 ) ) ;
#4564 = ORIENTED_EDGE ( 'NONE', *, *, #1933, .F. ) ;
#4565 = CARTESIAN_POINT ( 'NONE',  ( 1.250000000000000000, 0.000000000000000000, 1.375000000000000222 ) ) ;
#4566 = CARTESIAN_POINT ( 'NONE',  ( 0.9749999999999999778, 0.1749999999999999889, 1.750000000000000000 ) ) ;
#4567 = VERTEX_POINT ( 'NONE', #360 ) ;
#4568 = DIRECTION ( 'NONE',  ( 0.000000000000000000, 1.000000000000000000, 0.000000000000000000 ) ) ;
#4569 = PRODUCT_DEFINITION ( 'UNKNOWN', '', #8950, #665 ) ;
#4570 = DIRECTION ( 'NONE',  ( 0.000000000000000000, -0.000000000000000000, 1.000000000000000000 ) ) ;
#4571 = VECTOR ( 'NONE', #1409, 1000.000000000000000 ) ;
#4572 = EDGE_CURVE ( 'NONE', #3145, #3112, #5672, .T. ) ;
#4573 = ORIENTED_EDGE ( 'NONE', *, *, #5844, .T. ) ;
#4574 = DIRECTION ( 'NONE',  ( -1.000000000000000000, 0.000000000000000000, 0.000000000000000000 ) ) ;
#4575 = FACE_OUTER_BOUND ( 'NONE', #4336, .T. ) ;
#4576 =( NAMED_UNIT ( * ) SI_UNIT ( $, .STERADIAN. ) SOLID_ANGLE_UNIT ( ) );
#4577 = ORIENTED_EDGE ( 'NONE', *, *, #1698, .F. ) ;
#4578 = DIRECTION ( 'NONE',  ( 0.000000000000000000, -1.000000000000000000, 0.000000000000000000 ) ) ;
#4579 = CARTESIAN_POINT ( 'NONE',  ( -0.2500000000000000000, 0.2000000000000000111, -1.850000000000000089 ) ) ;
#4580 = VERTEX_POINT ( 'NONE', #6478 ) ;
#4581 = AXIS2_PLACEMENT_3D ( 'NONE', #8822, #5848, #9625 ) ;
#4582 = MECHANICAL_DESIGN_GEOMETRIC_PRESENTATION_REPRESENTATION (  '', ( #1372 ), #2798 ) ;
#4583 = EDGE_CURVE ( 'NONE', #7703, #9691, #973, .T. ) ;
#4584 =( LENGTH_UNIT ( ) NAMED_UNIT ( * ) SI_UNIT ( .MILLI., .METRE. ) );
#4585 = LINE ( 'NONE', #5272, #6204 ) ;
#4586 = MECHANICAL_DESIGN_GEOMETRIC_PRESENTATION_REPRESENTATION (  '', ( #8085 ), #6006 ) ;
#4587 = ORIENTED_EDGE ( 'NONE', *, *, #5969, .F. ) ;
#4588 = CARTESIAN_POINT ( 'NONE',  ( -0.5999999999999999778, 0.1000000000000000056, 1.600000000000000089 ) ) ;
#4589 = MECHANICAL_DESIGN_GEOMETRIC_PRESENTATION_REPRESENTATION (  '', ( #1526 ), #5686 ) ;
#4590 = DIRECTION ( 'NONE',  ( -0.000000000000000000, 1.000000000000000000, 0.000000000000000000 ) ) ;
#4591 = DIRECTION ( 'NONE',  ( 1.000000000000000000, 0.000000000000000000, 0.000000000000000000 ) ) ;
#4592 = VECTOR ( 'NONE', #6566, 1000.000000000000000 ) ;
#4593 =( NAMED_UNIT ( * ) PLANE_ANGLE_UNIT ( ) SI_UNIT ( $, .RADIAN. ) );
#4594 = ADVANCED_FACE ( 'NONE', ( #8760 ), #4038, .F. ) ;
#4595 = ORIENTED_EDGE ( 'NONE', *, *, #2464, .F. ) ;
#4596 = SURFACE_STYLE_FILL_AREA ( #3898 ) ;
#4597 = STYLED_ITEM ( 'NONE', ( #8100 ), #6217 ) ;
#4598 = ORIENTED_EDGE ( 'NONE', *, *, #89, .F. ) ;
#4599 = FILL_AREA_STYLE ('',( #5323 ) ) ;
#4600 = CARTESIAN_POINT ( 'NONE',  ( 1.250000000000000000, 0.000000000000000000, -0.3750000000000000000 ) ) ;
#4601 = FILL_AREA_STYLE ('',( #4743 ) ) ;
#4602 = CARTESIAN_POINT ( 'NONE',  ( -0.5999999999999999778, 0.06000000000000000472, 1.600000000000000089 ) ) ;
#4603 = VERTEX_POINT ( 'NONE', #207 ) ;
#4604 = PRESENTATION_LAYER_ASSIGNMENT (  '', '', ( #7945 ) ) ;
#4605 = VECTOR ( 'NONE', #5632, 1000.000000000000000 ) ;
#4606 = ADVANCED_FACE ( 'NONE', ( #3226 ), #2560, .T. ) ;
#4607 = DIRECTION ( 'NONE',  ( -0.000000000000000000, -1.000000000000000000, 0.000000000000000000 ) ) ;
#4608 = VECTOR ( 'NONE', #526, 1000.000000000000000 ) ;
#4609 = CARTESIAN_POINT ( 'NONE',  ( 1.250000000000000000, 0.1749999999999999889, -2.250000000000000444 ) ) ;
#4610 = SURFACE_STYLE_USAGE ( .BOTH. , #8339 ) ;
#4611 = CARTESIAN_POINT ( 'NONE',  ( -0.9749999999999999778, 0.2000000000000000111, -0.3750000000000000000 ) ) ;
#4612 =( GEOMETRIC_REPRESENTATION_CONTEXT ( 3 ) GLOBAL_UNCERTAINTY_ASSIGNED_CONTEXT ( ( #3247 ) ) GLOBAL_UNIT_ASSIGNED_CONTEXT ( ( #7339, #5083, #3679 ) ) REPRESENTATION_CONTEXT ( 'NONE', 'WORKASPACE' ) );
#4613 = EDGE_LOOP ( 'NONE', ( #648, #1260, #5946, #3200 ) ) ;
#4614 = STYLED_ITEM ( 'NONE', ( #629 ), #6766 ) ;
#4615 = DIRECTION ( 'NONE',  ( -0.000000000000000000, -0.000000000000000000, -1.000000000000000000 ) ) ;
#4616 =( NAMED_UNIT ( * ) SI_UNIT ( $, .STERADIAN. ) SOLID_ANGLE_UNIT ( ) );
#4617 = ORIENTED_EDGE ( 'NONE', *, *, #4247, .T. ) ;
#4618 = SURFACE_STYLE_USAGE ( .BOTH. , #986 ) ;
#4619 = CARTESIAN_POINT ( 'NONE',  ( 1.241030663926139699, 0.9080625828929613785, 2.125094501859786433 ) ) ;
#4620 = EDGE_CURVE ( 'NONE', #4168, #3790, #7872, .T. ) ;
#4621 = AXIS2_PLACEMENT_3D ( 'NONE', #4074, #1756, #7109 ) ;
#4622 = CARTESIAN_POINT ( 'NONE',  ( 0.9749999999999999778, -0.04000000000000000083, 1.125000000000000222 ) ) ;
#4623 = MECHANICAL_DESIGN_GEOMETRIC_PRESENTATION_REPRESENTATION (  '', ( #7642 ), #7801 ) ;
#4624 = COLOUR_RGB ( '',0.8313725490196077761, 0.8313725490196077761, 0.8313725490196077761 ) ;
#4625 = FACE_OUTER_BOUND ( 'NONE', #5955, .T. ) ;
#4626 =( NAMED_UNIT ( * ) PLANE_ANGLE_UNIT ( ) SI_UNIT ( $, .RADIAN. ) );
#4627 = ORIENTED_EDGE ( 'NONE', *, *, #4818, .T. ) ;
#4628 = CARTESIAN_POINT ( 'NONE',  ( -1.231304907451683306, 0.9327350269189622622, 2.184165146386241485 ) ) ;
#4629 = CARTESIAN_POINT ( 'NONE',  ( 0.9749999999999999778, -0.04000000000000000083, -1.625000000000000222 ) ) ;
#4630 = EDGE_LOOP ( 'NONE', ( #2205, #3619, #1706, #591 ) ) ;
#4631 =( REPRESENTATION_RELATIONSHIP ('NONE','NONE', #2302, #5780 ) REPRESENTATION_RELATIONSHIP_WITH_TRANSFORMATION ( #3442 )SHAPE_REPRESENTATION_RELATIONSHIP( ) );
#4632 = CARTESIAN_POINT ( 'NONE',  ( -0.2500000000000000000, -0.04000000000000000083, 1.975000000000000089 ) ) ;
#4633 = DIRECTION ( 'NONE',  ( 0.000000000000000000, 0.000000000000000000, 1.000000000000000000 ) ) ;
#4634 =( LENGTH_UNIT ( ) NAMED_UNIT ( * ) SI_UNIT ( .MILLI., .METRE. ) );
#4635 = VECTOR ( 'NONE', #3594, 1000.000000000000000 ) ;
#4636 = MECHANICAL_DESIGN_GEOMETRIC_PRESENTATION_REPRESENTATION (  '', ( #6713 ), #2861 ) ;
#4637 = DIRECTION ( 'NONE',  ( 0.000000000000000000, 0.000000000000000000, 1.000000000000000000 ) ) ;
#4638 = ADVANCED_FACE ( 'NONE', ( #7173 ), #7426, .T. ) ;
#4639 = EDGE_CURVE ( 'NONE', #7632, #9316, #9700, .T. ) ;
#4640 = DIRECTION ( 'NONE',  ( 0.000000000000000000, 0.000000000000000000, -1.000000000000000000 ) ) ;
#4641 = AXIS2_PLACEMENT_3D ( 'NONE', #6332, #8474, #1615 ) ;
#4642 = VECTOR ( 'NONE', #1193, 1000.000000000000000 ) ;
#4643 =( LENGTH_UNIT ( ) NAMED_UNIT ( * ) SI_UNIT ( .MILLI., .METRE. ) );
#4644 = CARTESIAN_POINT ( 'NONE',  ( -1.250000000000000000, 0.000000000000000000, -1.625000000000000444 ) ) ;
#4645 =( NAMED_UNIT ( * ) PLANE_ANGLE_UNIT ( ) SI_UNIT ( $, .RADIAN. ) );
#4646 = ORIENTED_EDGE ( 'NONE', *, *, #8138, .F. ) ;
#4647 = VECTOR ( 'NONE', #2695, 1000.000000000000000 ) ;
#4648 = STYLED_ITEM ( 'NONE', ( #7004 ), #8208 ) ;
#4649 = ORIENTED_EDGE ( 'NONE', *, *, #8672, .T. ) ;
#4650 = PRESENTATION_LAYER_ASSIGNMENT (  '', '', ( #3356 ) ) ;
#4651 = ORIENTED_EDGE ( 'NONE', *, *, #7998, .F. ) ;
#4652 = PLANE ( 'NONE',  #6691 ) ;
#4653 = DIRECTION ( 'NONE',  ( 1.000000000000000000, 0.000000000000000000, 0.000000000000000000 ) ) ;
#4654 = SURFACE_STYLE_FILL_AREA ( #1671 ) ;
#4655 = CARTESIAN_POINT ( 'NONE',  ( 1.250000000000000000, 0.000000000000000000, 0.3750000000000000000 ) ) ;
#4656 = VECTOR ( 'NONE', #2449, 1000.000000000000000 ) ;
#4657 = ADVANCED_FACE ( 'NONE', ( #467 ), #2811, .T. ) ;
#4658 = ORIENTED_EDGE ( 'NONE', *, *, #8450, .T. ) ;
#4659 = EDGE_CURVE ( 'NONE', #7584, #9136, #4164, .T. ) ;
#4660 = FILL_AREA_STYLE_COLOUR ( '', #6890 ) ;
#4661 = LINE ( 'NONE', #9880, #8925 ) ;
#4662 = VERTEX_POINT ( 'NONE', #2002 ) ;
#4663 =( LENGTH_UNIT ( ) NAMED_UNIT ( * ) SI_UNIT ( .MILLI., .METRE. ) );
#4664 = FILL_AREA_STYLE_COLOUR ( '', #5988 ) ;
#4665 = CARTESIAN_POINT ( 'NONE',  ( -1.207735026918962395, 0.9327350269189623733, 2.207735026918963062 ) ) ;
#4666 = DIRECTION ( 'NONE',  ( 0.000000000000000000, -1.000000000000000000, 0.000000000000000000 ) ) ;
#4667 = VERTEX_POINT ( 'NONE', #8128 ) ;
#4668 = SURFACE_STYLE_USAGE ( .BOTH. , #6221 ) ;
#4669 = ORIENTED_EDGE ( 'NONE', *, *, #954, .T. ) ;
#4670 = DIRECTION ( 'NONE',  ( 0.000000000000000000, 0.000000000000000000, -1.000000000000000000 ) ) ;
#4671 = ORIENTED_EDGE ( 'NONE', *, *, #7123, .F. ) ;
#4672 = EDGE_CURVE ( 'NONE', #509, #3849, #5080, .T. ) ;
#4673 = FACE_OUTER_BOUND ( 'NONE', #8454, .T. ) ;
#4674 = UNCERTAINTY_MEASURE_WITH_UNIT (LENGTH_MEASURE( 1.000000000000000082E-05 ), #1453, 'distance_accuracy_value', 'NONE');
#4675 =( LENGTH_UNIT ( ) NAMED_UNIT ( * ) SI_UNIT ( .MILLI., .METRE. ) );
#4676 = DIRECTION ( 'NONE',  ( 0.000000000000000000, 1.000000000000000000, 0.000000000000000000 ) ) ;
#4677 = CARTESIAN_POINT ( 'NONE',  ( 1.250000000000000000, 0.8750000000000000000, -2.149999999999999911 ) ) ;
#4678 = DIRECTION ( 'NONE',  ( 0.000000000000000000, -1.000000000000000000, 0.000000000000000000 ) ) ;
#4679 = CARTESIAN_POINT ( 'NONE',  ( 1.250000000000000000, 0.000000000000000000, 0.000000000000000000 ) ) ;
#4680 = ORIENTED_EDGE ( 'NONE', *, *, #7321, .F. ) ;
#4681 = LINE ( 'NONE', #821, #1401 ) ;
#4682 = ORIENTED_EDGE ( 'NONE', *, *, #7845, .F. ) ;
#4683 = FACE_OUTER_BOUND ( 'NONE', #5393, .T. ) ;
#4684 = LINE ( 'NONE', #6785, #169 ) ;
#4685 = CARTESIAN_POINT ( 'NONE',  ( -0.3750000000000000000, 0.000000000000000000, -1.975000000000000089 ) ) ;
#4686 = SURFACE_SIDE_STYLE ('',( #5577 ) ) ;
#4687 = VECTOR ( 'NONE', #5070, 1000.000000000000000 ) ;
#4688 = CARTESIAN_POINT ( 'NONE',  ( -0.9749999999999999778, 0.2000000000000000111, -1.250000000000000000 ) ) ;
#4689 = EDGE_CURVE ( 'NONE', #6195, #1309, #510, .T. ) ;
#4690 = ADVANCED_FACE ( 'NONE', ( #613 ), #2053, .T. ) ;
#4691 = EDGE_LOOP ( 'NONE', ( #3673, #9074, #2469, #3558 ) ) ;
#4692 =( GEOMETRIC_REPRESENTATION_CONTEXT ( 3 ) GLOBAL_UNCERTAINTY_ASSIGNED_CONTEXT ( ( #2426 ) ) GLOBAL_UNIT_ASSIGNED_CONTEXT ( ( #1420, #5209, #2919 ) ) REPRESENTATION_CONTEXT ( 'NONE', 'WORKASPACE' ) );
#4693 = CARTESIAN_POINT ( 'NONE',  ( 1.207735026918962395, 0.9327350269189628174, -2.207735026918962618 ) ) ;
#4694 = ORIENTED_EDGE ( 'NONE', *, *, #3860, .T. ) ;
#4695 = FACE_OUTER_BOUND ( 'NONE', #6441, .T. ) ;
#4696 = DIRECTION ( 'NONE',  ( -0.000000000000000000, 1.000000000000000000, 0.000000000000000000 ) ) ;
#4697 = CARTESIAN_POINT ( 'NONE',  ( -1.207735026918962395, 0.9327350269189628174, -2.207735026918962618 ) ) ;
#4698 = CARTESIAN_POINT ( 'NONE',  ( 0.000000000000000000, 0.1000000000000000056, 0.000000000000000000 ) ) ;
#4699 = UNCERTAINTY_MEASURE_WITH_UNIT (LENGTH_MEASURE( 1.000000000000000082E-05 ), #9152, 'distance_accuracy_value', 'NONE');
#4700 = EDGE_CURVE ( 'NONE', #1603, #8107, #4496, .T. ) ;
#4701 = DIRECTION ( 'NONE',  ( 0.000000000000000000, -1.000000000000000000, -0.000000000000000000 ) ) ;
#4702 =( NAMED_UNIT ( * ) SI_UNIT ( $, .STERADIAN. ) SOLID_ANGLE_UNIT ( ) );
#4703 = ORIENTED_EDGE ( 'NONE', *, *, #5311, .T. ) ;
#4704 = FILL_AREA_STYLE ('',( #5446 ) ) ;
#4705 = CARTESIAN_POINT ( 'NONE',  ( 0.3750000000000000000, 0.1749999999999999889, 1.975000000000000089 ) ) ;
#4706 = DIRECTION ( 'NONE',  ( 0.000000000000000000, 1.000000000000000000, 0.000000000000000000 ) ) ;
#4707 = ORIENTED_EDGE ( 'NONE', *, *, #8277, .T. ) ;
#4708 = EDGE_CURVE ( 'NONE', #9696, #2019, #1469, .T. ) ;
#4709 =( GEOMETRIC_REPRESENTATION_CONTEXT ( 3 ) GLOBAL_UNCERTAINTY_ASSIGNED_CONTEXT ( ( #3341 ) ) GLOBAL_UNIT_ASSIGNED_CONTEXT ( ( #6737, #2925, #616 ) ) REPRESENTATION_CONTEXT ( 'NONE', 'WORKASPACE' ) );
#4710 = PRESENTATION_STYLE_ASSIGNMENT (( #6213 ) ) ;
#4711 = CARTESIAN_POINT ( 'NONE',  ( -1.207735026918962618, 0.9327350269189629284, 2.207735026918962618 ) ) ;
#4712 = ADVANCED_FACE ( 'NONE', ( #9188 ), #7718, .T. ) ;
#4713 = DIRECTION ( 'NONE',  ( 0.000000000000000000, -1.000000000000000000, -0.000000000000000000 ) ) ;
#4714 = VERTEX_POINT ( 'NONE', #703 ) ;
#4715 = FILL_AREA_STYLE_COLOUR ( '', #6996 ) ;
#4716 = VERTEX_POINT ( 'NONE', #1502 ) ;
#4717 = CARTESIAN_POINT ( 'NONE',  ( 0.9749999999999999778, 0.2000000000000000111, -0.1250000000000000000 ) ) ;
#4718 =( NAMED_UNIT ( * ) SI_UNIT ( $, .STERADIAN. ) SOLID_ANGLE_UNIT ( ) );
#4719 = EDGE_LOOP ( 'NONE', ( #2801, #2791, #3996, #8445 ) ) ;
#4720 =( NAMED_UNIT ( * ) SI_UNIT ( $, .STERADIAN. ) SOLID_ANGLE_UNIT ( ) );
#4721 = CARTESIAN_POINT ( 'NONE',  ( -0.3250000000000000666, 0.01000000000000000021, -1.324999999999999956 ) ) ;
#4722 = VECTOR ( 'NONE', #3058, 1000.000000000000000 ) ;
#4723 = DIRECTION ( 'NONE',  ( 0.000000000000000000, 1.000000000000000000, 0.000000000000000000 ) ) ;
#4724 = EDGE_CURVE ( 'NONE', #9691, #9243, #6918, .T. ) ;
#4725 = CARTESIAN_POINT ( 'NONE',  ( 1.207735026918961285, 0.9327350269189628174, -2.207735026918963506 ) ) ;
#4726 = AXIS2_PLACEMENT_3D ( 'NONE', #1167, #4232, #7328 ) ;
#4727 = VERTEX_POINT ( 'NONE', #6970 ) ;
#4728 = ORIENTED_EDGE ( 'NONE', *, *, #6179, .F. ) ;
#4729 = DIRECTION ( 'NONE',  ( 0.000000000000000000, 1.000000000000000000, -0.000000000000000000 ) ) ;
#4730 = PRESENTATION_LAYER_ASSIGNMENT (  '', '', ( #9002 ) ) ;
#4731 = SURFACE_STYLE_FILL_AREA ( #6127 ) ;
#4732 = SURFACE_STYLE_USAGE ( .BOTH. , #2504 ) ;
#4733 = CIRCLE ( 'NONE', #2980, 0.1249999999999998890 ) ;
#4734 = PRESENTATION_LAYER_ASSIGNMENT (  '', '', ( #8085 ) ) ;
#4735 = DIRECTION ( 'NONE',  ( -1.000000000000000000, -0.000000000000000000, -0.000000000000000000 ) ) ;
#4736 = MECHANICAL_DESIGN_GEOMETRIC_PRESENTATION_REPRESENTATION (  '', ( #7919 ), #3610 ) ;
#4737 = ORIENTED_EDGE ( 'NONE', *, *, #6921, .F. ) ;
#4738 = CARTESIAN_POINT ( 'NONE',  ( 1.250000000000000000, 0.2000000000000000111, -0.6250000000000000000 ) ) ;
#4739 = ORIENTED_EDGE ( 'NONE', *, *, #2143, .T. ) ;
#4740 = STYLED_ITEM ( 'NONE', ( #8508 ), #1728 ) ;
#4741 = ORIENTED_EDGE ( 'NONE', *, *, #5311, .F. ) ;
#4742 = PRESENTATION_LAYER_ASSIGNMENT (  '', '', ( #6496 ) ) ;
#4743 = FILL_AREA_STYLE_COLOUR ( '', #4299 ) ;
#4744 = CARTESIAN_POINT ( 'NONE',  ( 1.149999999999999911, 0.8750000000000000000, 2.250000000000000444 ) ) ;
#4745 = EDGE_CURVE ( 'NONE', #4554, #7763, #1556, .T. ) ;
#4746 = EDGE_CURVE ( 'NONE', #2903, #3955, #3165, .T. ) ;
#4747 = CIRCLE ( 'NONE', #8567, 0.1250000000000000000 ) ;
#4748 = CARTESIAN_POINT ( 'NONE',  ( 0.9749999999999999778, 0.000000000000000000, 1.125000000000000222 ) ) ;
#4749 = CARTESIAN_POINT ( 'NONE',  ( 1.250000000000000000, 0.000000000000000000, 2.250000000000000444 ) ) ;
#4750 = AXIS2_PLACEMENT_3D ( 'NONE', #6131, #7545, #4446 ) ;
#4751 = ORIENTED_EDGE ( 'NONE', *, *, #3501, .F. ) ;
#4752 = CARTESIAN_POINT ( 'NONE',  ( 0.2500000000000000000, 0.000000000000000000, -1.850000000000000089 ) ) ;
#4753 =( NAMED_UNIT ( * ) PLANE_ANGLE_UNIT ( ) SI_UNIT ( $, .RADIAN. ) );
#4754 = CLOSED_SHELL ( 'NONE', ( #6979, #1079, #4774, #6122, #6735, #1804, #5451, #7422, #8502, #4690, #8317, #917 ) ) ;
#4755 = LINE ( 'NONE', #7798, #2981 ) ;
#4756 = VERTEX_POINT ( 'NONE', #8267 ) ;
#4757 = EDGE_CURVE ( 'NONE', #4131, #1923, #8565, .T. ) ;
#4758 = UNCERTAINTY_MEASURE_WITH_UNIT (LENGTH_MEASURE( 1.000000000000000082E-05 ), #3571, 'distance_accuracy_value', 'NONE');
#4759 = VECTOR ( 'NONE', #4729, 1000.000000000000000 ) ;
#4760 = SURFACE_STYLE_USAGE ( .BOTH. , #6412 ) ;
#4761 = SURFACE_SIDE_STYLE ('',( #4058 ) ) ;
#4762 = PLANE ( 'NONE',  #2272 ) ;
#4763 =( GEOMETRIC_REPRESENTATION_CONTEXT ( 3 ) GLOBAL_UNCERTAINTY_ASSIGNED_CONTEXT ( ( #6355 ) ) GLOBAL_UNIT_ASSIGNED_CONTEXT ( ( #6603, #8780, #7293 ) ) REPRESENTATION_CONTEXT ( 'NONE', 'WORKASPACE' ) );
#4764 = VERTEX_POINT ( 'NONE', #3307 ) ;
#4765 = MECHANICAL_DESIGN_GEOMETRIC_PRESENTATION_REPRESENTATION (  '', ( #7788 ), #6034 ) ;
#4766 = DIRECTION ( 'NONE',  ( -0.000000000000000000, -1.000000000000000000, -0.000000000000000000 ) ) ;
#4767 = ORIENTED_EDGE ( 'NONE', *, *, #1321, .F. ) ;
#4768 = CARTESIAN_POINT ( 'NONE',  ( -0.9749999999999999778, 0.000000000000000000, -1.125000000000000222 ) ) ;
#4769 = VECTOR ( 'NONE', #7295, 1000.000000000000000 ) ;
#4770 = VERTEX_POINT ( 'NONE', #7209 ) ;
#4771 = CARTESIAN_POINT ( 'NONE',  ( 0.9749999999999999778, 0.1749999999999999889, 0.7500000000000000000 ) ) ;
#4772 = UNCERTAINTY_MEASURE_WITH_UNIT (LENGTH_MEASURE( 1.000000000000000082E-05 ), #4675, 'distance_accuracy_value', 'NONE');
#4773 = ORIENTED_EDGE ( 'NONE', *, *, #6768, .F. ) ;
#4774 = ADVANCED_FACE ( 'NONE', ( #9442 ), #250, .T. ) ;
#4775 = DIRECTION ( 'NONE',  ( 0.000000000000000000, 0.000000000000000000, 1.000000000000000000 ) ) ;
#4776 = SURFACE_SIDE_STYLE ('',( #156 ) ) ;
#4777 = FACE_BOUND ( 'NONE', #5757, .T. ) ;
#4778 = MECHANICAL_DESIGN_GEOMETRIC_PRESENTATION_REPRESENTATION (  '', ( #6374 ), #7161 ) ;
#4779 = VECTOR ( 'NONE', #6600, 1000.000000000000000 ) ;
#4780 =( GEOMETRIC_REPRESENTATION_CONTEXT ( 3 ) GLOBAL_UNCERTAINTY_ASSIGNED_CONTEXT ( ( #3042 ) ) GLOBAL_UNIT_ASSIGNED_CONTEXT ( ( #4527, #2126, #1541 ) ) REPRESENTATION_CONTEXT ( 'NONE', 'WORKASPACE' ) );
#4781 = FACE_OUTER_BOUND ( 'NONE', #4994, .T. ) ;
#4782 = CARTESIAN_POINT ( 'NONE',  ( 1.243309800894466743, 0.9238392649474669316, -2.154368729000466054 ) ) ;
#4783 = FACE_OUTER_BOUND ( 'NONE', #9303, .T. ) ;
#4784 = ORIENTED_EDGE ( 'NONE', *, *, #4724, .F. ) ;
#4785 = EDGE_CURVE ( 'NONE', #8046, #7038, #1750, .T. ) ;
#4786 = ORIENTED_EDGE ( 'NONE', *, *, #5229, .T. ) ;
#4787 = CARTESIAN_POINT ( 'NONE',  ( 0.9749999999999999778, 0.000000000000000000, -0.6250000000000000000 ) ) ;
#4788 = EDGE_LOOP ( 'NONE', ( #1217, #13, #3401, #1047 ) ) ;
#4789 = CARTESIAN_POINT ( 'NONE',  ( -0.9749999999999999778, 0.2000000000000000111, -1.125000000000000222 ) ) ;
#4790 = DIRECTION ( 'NONE',  ( 0.000000000000000000, 0.000000000000000000, 1.000000000000000000 ) ) ;
#4791 = DIRECTION ( 'NONE',  ( -1.000000000000000000, 0.000000000000000000, 0.000000000000000000 ) ) ;
#4792 = VECTOR ( 'NONE', #8451, 1000.000000000000000 ) ;
#4793 = PRESENTATION_LAYER_ASSIGNMENT (  '', '', ( #9064 ) ) ;
#4794 = CARTESIAN_POINT ( 'NONE',  ( 1.250000000000000000, 0.1749999999999999889, -0.3750000000000000000 ) ) ;
#4795 = CARTESIAN_POINT ( 'NONE',  ( -0.9749999999999999778, 0.1749999999999999889, 1.250000000000000000 ) ) ;
#4796 = ORIENTED_EDGE ( 'NONE', *, *, #469, .F. ) ;
#4797 = CARTESIAN_POINT ( 'NONE',  ( 1.184165146386241263, 0.9327350269189628174, 2.231304907451683750 ) ) ;
#4798 =( LENGTH_UNIT ( ) NAMED_UNIT ( * ) SI_UNIT ( .MILLI., .METRE. ) );
#4799 = ADVANCED_FACE ( 'NONE', ( #348 ), #7158, .T. ) ;
#4800 = PRESENTATION_STYLE_ASSIGNMENT (( #5484 ) ) ;
#4801 = DIRECTION ( 'NONE',  ( 0.000000000000000000, 1.000000000000000000, -0.000000000000000000 ) ) ;
#4802 = VECTOR ( 'NONE', #1915, 1000.000000000000114 ) ;
#4803 = AXIS2_PLACEMENT_3D ( 'NONE', #7614, #3672, #6073 ) ;
#4804 = ORIENTED_EDGE ( 'NONE', *, *, #8528, .F. ) ;
#4805 = CARTESIAN_POINT ( 'NONE',  ( -0.3750000000000000000, 0.2000000000000000111, 1.975000000000000089 ) ) ;
#4807 = ORIENTED_EDGE ( 'NONE', *, *, #7381, .T. ) ;
#4806 = FILL_AREA_STYLE_COLOUR ( '', #2004 ) ;
#4808 = ORIENTED_EDGE ( 'NONE', *, *, #8734, .T. ) ;
#4809 = DIRECTION ( 'NONE',  ( 0.000000000000000000, -1.000000000000000000, -0.000000000000000000 ) ) ;
#4810 =( NAMED_UNIT ( * ) SI_UNIT ( $, .STERADIAN. ) SOLID_ANGLE_UNIT ( ) );
#4811 = PRESENTATION_STYLE_ASSIGNMENT (( #8590 ) ) ;
#4812 = VERTEX_POINT ( 'NONE', #9340 ) ;
#4813 = MECHANICAL_DESIGN_GEOMETRIC_PRESENTATION_REPRESENTATION (  '', ( #479 ), #7041 ) ;
#4814 = AXIS2_PLACEMENT_3D ( 'NONE', #8160, #5759, #3403 ) ;
#4815 = FILL_AREA_STYLE ('',( #8541 ) ) ;
#4816 = SURFACE_STYLE_FILL_AREA ( #1735 ) ;
#4817 = CIRCLE ( 'NONE', #9262, 0.09999999999999982514 ) ;
#4818 = EDGE_CURVE ( 'NONE', #9280, #309, #3406, .T. ) ;
#4819 = VERTEX_POINT ( 'NONE', #2492 ) ;
#4820 = EDGE_CURVE ( 'NONE', #9528, #658, #5560, .T. ) ;
#4821 = VECTOR ( 'NONE', #4590, 1000.000000000000000 ) ;
#4822 = SURFACE_STYLE_USAGE ( .BOTH. , #293 ) ;
#4823 = DIRECTION ( 'NONE',  ( -1.000000000000000000, -0.000000000000000000, -0.000000000000000000 ) ) ;
#4824 = ORIENTED_EDGE ( 'NONE', *, *, #7594, .T. ) ;
#4825 = CARTESIAN_POINT ( 'NONE',  ( -0.5999999999999999778, 0.1749999999999999889, 1.600000000000000089 ) ) ;
#4826 = CARTESIAN_POINT ( 'NONE',  ( 0.000000000000000000, 0.2000000000000000111, 0.000000000000000000 ) ) ;
#4827 =( NAMED_UNIT ( * ) SI_UNIT ( $, .STERADIAN. ) SOLID_ANGLE_UNIT ( ) );
#4828 = SURFACE_SIDE_STYLE ('',( #7208 ) ) ;
#4829 = PLANE ( 'NONE',  #5852 ) ;
#4830 = DIRECTION ( 'NONE',  ( -0.000000000000000000, 1.000000000000000000, 0.000000000000000000 ) ) ;
#4831 = CARTESIAN_POINT ( 'NONE',  ( -0.9749999999999999778, 0.2000000000000000111, 0.7500000000000000000 ) ) ;
#4832 = SURFACE_SIDE_STYLE ('',( #113 ) ) ;
#4833 = CARTESIAN_POINT ( 'NONE',  ( 0.9749999999999999778, 0.000000000000000000, -0.3750000000000000000 ) ) ;
#4834 = CARTESIAN_POINT ( 'NONE',  ( 1.250000000000000000, 0.000000000000000000, -1.625000000000000222 ) ) ;
#4835 = EDGE_CURVE ( 'NONE', #4017, #1764, #4069, .T. ) ;
#4836 = DIRECTION ( 'NONE',  ( 0.000000000000000000, 0.000000000000000000, 1.000000000000000000 ) ) ;
#4837 = ORIENTED_EDGE ( 'NONE', *, *, #6316, .F. ) ;
#4838 = DIRECTION ( 'NONE',  ( -0.000000000000000000, -1.000000000000000000, -0.000000000000000000 ) ) ;
#4839 = DIRECTION ( 'NONE',  ( 0.000000000000000000, 0.000000000000000000, 1.000000000000000000 ) ) ;
#4840 =( NAMED_UNIT ( * ) PLANE_ANGLE_UNIT ( ) SI_UNIT ( $, .RADIAN. ) );
#4841 = DIRECTION ( 'NONE',  ( 0.000000000000000000, 0.000000000000000000, -1.000000000000000000 ) ) ;
#4842 = CYLINDRICAL_SURFACE ( 'NONE', #3254, 0.1000000000000000472 ) ;
#4843 = VERTEX_POINT ( 'NONE', #4921 ) ;
#4844 = CARTESIAN_POINT ( 'NONE',  ( -1.250000000000000000, 0.000000000000000000, 0.1250000000000001110 ) ) ;
#4845 = EDGE_LOOP ( 'NONE', ( #5594, #8805, #9255, #745 ) ) ;
#4846 = PRESENTATION_STYLE_ASSIGNMENT (( #7280 ) ) ;
#4847 = SURFACE_SIDE_STYLE ('',( #5587 ) ) ;
#4848 = CARTESIAN_POINT ( 'NONE',  ( -1.241030663926139477, 0.9080625828929620447, -2.125094501859785101 ) ) ;
#4849 = ADVANCED_FACE ( 'NONE', ( #6577 ), #5113, .T. ) ;
#4850 = PLANE ( 'NONE',  #1670 ) ;
#4851 = ORIENTED_EDGE ( 'NONE', *, *, #1933, .T. ) ;
#4852 = DIRECTION ( 'NONE',  ( 0.000000000000000000, -1.000000000000000000, -0.000000000000000000 ) ) ;
#4853 =( NAMED_UNIT ( * ) PLANE_ANGLE_UNIT ( ) SI_UNIT ( $, .RADIAN. ) );
#4854 =( NAMED_UNIT ( * ) SI_UNIT ( $, .STERADIAN. ) SOLID_ANGLE_UNIT ( ) );
#4855 = EDGE_LOOP ( 'NONE', ( #5075, #9746, #4808, #7458 ) ) ;
#4856 = UNCERTAINTY_MEASURE_WITH_UNIT (LENGTH_MEASURE( 1.000000000000000082E-05 ), #1663, 'distance_accuracy_value', 'NONE');
#4857 = DIRECTION ( 'NONE',  ( 0.000000000000000000, -0.000000000000000000, -1.000000000000000000 ) ) ;
#4858 = PLANE ( 'NONE',  #617 ) ;
#4859 = SURFACE_STYLE_FILL_AREA ( #5456 ) ;
#4860 = ORIENTED_EDGE ( 'NONE', *, *, #793, .T. ) ;
#4861 =( NAMED_UNIT ( * ) PLANE_ANGLE_UNIT ( ) SI_UNIT ( $, .RADIAN. ) );
#4862 = ORIENTED_EDGE ( 'NONE', *, *, #2874, .T. ) ;
#4863 =( NAMED_UNIT ( * ) SI_UNIT ( $, .STERADIAN. ) SOLID_ANGLE_UNIT ( ) );
#4864 = ORIENTED_EDGE ( 'NONE', *, *, #265, .F. ) ;
#4865 = ORIENTED_EDGE ( 'NONE', *, *, #178, .T. ) ;
#4866 = CARTESIAN_POINT ( 'NONE',  ( 1.250000000000000000, 0.2000000000000000111, -0.8750000000000000000 ) ) ;
#4867 = UNCERTAINTY_MEASURE_WITH_UNIT (LENGTH_MEASURE( 1.000000000000000082E-05 ), #6564, 'distance_accuracy_value', 'NONE');
#4868 = DIRECTION ( 'NONE',  ( -0.000000000000000000, -1.000000000000000000, -0.000000000000000000 ) ) ;
#4869 = EDGE_LOOP ( 'NONE', ( #6046, #9357, #6318, #8903 ) ) ;
#4870 = FILL_AREA_STYLE ('',( #3927 ) ) ;
#4871 = SURFACE_STYLE_FILL_AREA ( #9394 ) ;
#4872 = COLOUR_RGB ( '',0.8313725490196077761, 0.8313725490196077761, 0.8313725490196077761 ) ;
#4873 = FACE_OUTER_BOUND ( 'NONE', #6613, .T. ) ;
#4874 = EDGE_CURVE ( 'NONE', #8423, #2903, #8165, .T. ) ;
#4875 = EDGE_CURVE ( 'NONE', #1669, #2792, #8020, .T. ) ;
#4876 = FILL_AREA_STYLE ('',( #6526 ) ) ;
#4877 = DIRECTION ( 'NONE',  ( 0.000000000000000000, 0.000000000000000000, -1.000000000000000000 ) ) ;
#4878 = LINE ( 'NONE', #8070, #7417 ) ;
#4879 = EDGE_LOOP ( 'NONE', ( #840, #5495, #3134, #8817, #7239 ) ) ;
#4880 = DIRECTION ( 'NONE',  ( 1.000000000000000000, -0.000000000000000000, 0.000000000000000000 ) ) ;
#4881 = FILL_AREA_STYLE ('',( #7822 ) ) ;
#4882 = ADVANCED_FACE ( 'NONE', ( #7316 ), #542, .T. ) ;
#4883 = PLANE ( 'NONE',  #8526 ) ;
#4884 = AXIS2_PLACEMENT_3D ( 'NONE', #8594, #1778, #7092 ) ;
#4885 = FACE_OUTER_BOUND ( 'NONE', #6436, .T. ) ;
#4886 = ORIENTED_EDGE ( 'NONE', *, *, #3789, .T. ) ;
#4887 = PLANE ( 'NONE',  #9296 ) ;
#4888 = CARTESIAN_POINT ( 'NONE',  ( 1.149999999999999911, 0.000000000000000000, 2.149999999999999911 ) ) ;
#4889 = VECTOR ( 'NONE', #5373, 1000.000000000000000 ) ;
#4890 = ORIENTED_EDGE ( 'NONE', *, *, #3794, .F. ) ;
#4891 = SURFACE_STYLE_FILL_AREA ( #5680 ) ;
#4892 = DIRECTION ( 'NONE',  ( -1.000000000000000000, -0.000000000000000000, -0.000000000000000000 ) ) ;
#4893 = AXIS2_PLACEMENT_3D ( 'NONE', #3795, #2076, #2213 ) ;
#4894 = EDGE_CURVE ( 'NONE', #3752, #5903, #1897, .T. ) ;
#4895 = CARTESIAN_POINT ( 'NONE',  ( -1.207735026918961951, 0.9327350269189623733, -2.207735026918963062 ) ) ;
#4896 = PRESENTATION_LAYER_ASSIGNMENT (  '', '', ( #6817 ) ) ;
#4897 = DIRECTION ( 'NONE',  ( 0.000000000000000000, 1.000000000000000000, 0.000000000000000000 ) ) ;
#4898 = ORIENTED_EDGE ( 'NONE', *, *, #8486, .T. ) ;
#4899 = AXIS2_PLACEMENT_3D ( 'NONE', #5494, #4706, #897 ) ;
#4900 = CARTESIAN_POINT ( 'NONE',  ( -0.9749999999999999778, 0.1749999999999999889, -0.6250000000000000000 ) ) ;
#4901 = VERTEX_POINT ( 'NONE', #1310 ) ;
#4902 = VECTOR ( 'NONE', #5184, 1000.000000000000000 ) ;
#4903 = SURFACE_SIDE_STYLE ('',( #8002 ) ) ;
#4904 = ORIENTED_EDGE ( 'NONE', *, *, #117, .T. ) ;
#4905 = EDGE_CURVE ( 'NONE', #4368, #6776, #4373, .T. ) ;
#4906 = SURFACE_STYLE_USAGE ( .BOTH. , #331 ) ;
#4907 = DIRECTION ( 'NONE',  ( 0.000000000000000000, 0.000000000000000000, -1.000000000000000000 ) ) ;
#4908 = SURFACE_STYLE_USAGE ( .BOTH. , #3345 ) ;
#4909 = ORIENTED_EDGE ( 'NONE', *, *, #1641, .F. ) ;
#4910 = PRESENTATION_STYLE_ASSIGNMENT (( #2483 ) ) ;
#4911 = ORIENTED_EDGE ( 'NONE', *, *, #770, .F. ) ;
#4912 = CARTESIAN_POINT ( 'NONE',  ( -0.9749999999999999778, 0.1749999999999999889, 1.625000000000000222 ) ) ;
#4913 = ORIENTED_EDGE ( 'NONE', *, *, #9672, .F. ) ;
#4914 = LINE ( 'NONE', #7307, #4141 ) ;
#4915 = CIRCLE ( 'NONE', #111, 0.09999999999999982514 ) ;
#4916 = ORIENTED_EDGE ( 'NONE', *, *, #2584, .T. ) ;
#4917 = DIRECTION ( 'NONE',  ( -1.000000000000000000, 0.000000000000000000, -0.000000000000000000 ) ) ;
#4918 = ORIENTED_EDGE ( 'NONE', *, *, #1818, .T. ) ;
#4919 =( LENGTH_UNIT ( ) NAMED_UNIT ( * ) SI_UNIT ( .MILLI., .METRE. ) );
#4920 = DIRECTION ( 'NONE',  ( 1.000000000000000000, 0.000000000000000000, 0.000000000000000000 ) ) ;
#4922 = EDGE_CURVE ( 'NONE', #1904, #4756, #2852, .T. ) ;
#4921 = CARTESIAN_POINT ( 'NONE',  ( 1.250000000000000000, 0.2000000000000000111, -1.625000000000000444 ) ) ;
#4923 = DIRECTION ( 'NONE',  ( 0.000000000000000000, 0.000000000000000000, -1.000000000000000000 ) ) ;
#4924 = AXIS2_PLACEMENT_3D ( 'NONE', #165, #6282, #8469 ) ;
#4925 = CARTESIAN_POINT ( 'NONE',  ( 1.207735026918962173, 0.9327350269189623733, -2.207735026918963062 ) ) ;
#4926 = LINE ( 'NONE', #7976, #4981 ) ;
#4927 =( LENGTH_UNIT ( ) NAMED_UNIT ( * ) SI_UNIT ( .MILLI., .METRE. ) );
#4928 = FACE_OUTER_BOUND ( 'NONE', #6147, .T. ) ;
#4929 = ORIENTED_EDGE ( 'NONE', *, *, #2556, .T. ) ;
#4930 = FILL_AREA_STYLE ('',( #7269 ) ) ;
#4931 = VERTEX_POINT ( 'NONE', #7229 ) ;
#4932 = VECTOR ( 'NONE', #2655, 1000.000000000000000 ) ;
#4933 = DIRECTION ( 'NONE',  ( 0.000000000000000000, 0.000000000000000000, 1.000000000000000000 ) ) ;
#4934 = CARTESIAN_POINT ( 'NONE',  ( 0.1250000000000000000, 0.1749999999999999889, -2.250000000000000444 ) ) ;
#4935 = CARTESIAN_POINT ( 'NONE',  ( 0.3750000000000000000, 0.000000000000000000, -1.975000000000000089 ) ) ;
#4936 = DIRECTION ( 'NONE',  ( 1.000000000000000000, 0.000000000000000000, 0.000000000000000000 ) ) ;
#4937 = AXIS2_PLACEMENT_3D ( 'NONE', #9512, #7231, #1180 ) ;
#4938 = DIRECTION ( 'NONE',  ( -0.000000000000000000, -0.000000000000000000, 1.000000000000000000 ) ) ;
#4939 = ADVANCED_FACE ( 'NONE', ( #8718 ), #6399, .F. ) ;
#4940 = DIRECTION ( 'NONE',  ( 1.000000000000000000, 0.000000000000000000, 0.000000000000000000 ) ) ;
#4941 =( NAMED_UNIT ( * ) PLANE_ANGLE_UNIT ( ) SI_UNIT ( $, .RADIAN. ) );
#4942 =( GEOMETRIC_REPRESENTATION_CONTEXT ( 3 ) GLOBAL_UNCERTAINTY_ASSIGNED_CONTEXT ( ( #7670 ) ) GLOBAL_UNIT_ASSIGNED_CONTEXT ( ( #8685, #3249, #2430 ) ) REPRESENTATION_CONTEXT ( 'NONE', 'WORKASPACE' ) );
#4943 = LINE ( 'NONE', #3580, #9160 ) ;
#4944 = ORIENTED_EDGE ( 'NONE', *, *, #275, .F. ) ;
#4945 = MECHANICAL_DESIGN_GEOMETRIC_PRESENTATION_REPRESENTATION (  '', ( #623 ), #1894 ) ;
#4946 =( NAMED_UNIT ( * ) SI_UNIT ( $, .STERADIAN. ) SOLID_ANGLE_UNIT ( ) );
#4947 = VECTOR ( 'NONE', #4852, 1000.000000000000000 ) ;
#4948 = EDGE_CURVE ( 'NONE', #4580, #4931, #1133, .T. ) ;
#4949 = ORIENTED_EDGE ( 'NONE', *, *, #865, .F. ) ;
#4950 = DIRECTION ( 'NONE',  ( 1.000000000000000000, 0.000000000000000000, 0.000000000000000000 ) ) ;
#4951 = FILL_AREA_STYLE ('',( #8003 ) ) ;
#4952 = ORIENTED_EDGE ( 'NONE', *, *, #9072, .T. ) ;
#4953 = CARTESIAN_POINT ( 'NONE',  ( -1.250000000000000000, -0.04000000000000000083, -1.875000000000000000 ) ) ;
#4954 =( GEOMETRIC_REPRESENTATION_CONTEXT ( 3 ) GLOBAL_UNCERTAINTY_ASSIGNED_CONTEXT ( ( #4494 ) ) GLOBAL_UNIT_ASSIGNED_CONTEXT ( ( #8489, #2374, #7745 ) ) REPRESENTATION_CONTEXT ( 'NONE', 'WORKASPACE' ) );
#4955 = EDGE_CURVE ( 'NONE', #3546, #6629, #1815, .T. ) ;
#4956 = EDGE_CURVE ( 'NONE', #6614, #4323, #5586, .T. ) ;
#4957 = FACE_OUTER_BOUND ( 'NONE', #5191, .T. ) ;
#4958 = CARTESIAN_POINT ( 'NONE',  ( -0.9749999999999999778, 0.000000000000000000, 1.875000000000000000 ) ) ;
#4959 = ORIENTED_EDGE ( 'NONE', *, *, #8151, .F. ) ;
#4960 = ADVANCED_FACE ( 'NONE', ( #324 ), #9418, .F. ) ;
#4961 = SURFACE_STYLE_FILL_AREA ( #5551 ) ;
#4962 = VERTEX_POINT ( 'NONE', #8956 ) ;
#4963 = PRESENTATION_LAYER_ASSIGNMENT (  '', '', ( #639 ) ) ;
#4964 = VECTOR ( 'NONE', #4276, 1000.000000000000000 ) ;
#4965 = VERTEX_POINT ( 'NONE', #8857 ) ;
#4966 = DIRECTION ( 'NONE',  ( 0.000000000000000000, 0.000000000000000000, 1.000000000000000000 ) ) ;
#4967 = FILL_AREA_STYLE ('',( #8656 ) ) ;
#4968 = EDGE_LOOP ( 'NONE', ( #534, #4646, #7699, #67 ) ) ;
#4969 = UNCERTAINTY_MEASURE_WITH_UNIT (LENGTH_MEASURE( 1.000000000000000082E-05 ), #5016, 'distance_accuracy_value', 'NONE');
#4970 = CARTESIAN_POINT ( 'NONE',  ( 1.250000000000000000, 0.8750000000000000000, 1.125000000000000222 ) ) ;
#4971 = FILL_AREA_STYLE ('',( #7469 ) ) ;
#4972 = SURFACE_STYLE_USAGE ( .BOTH. , #1845 ) ;
#4973 = FACE_BOUND ( 'NONE', #6678, .T. ) ;
#4974 = MECHANICAL_DESIGN_GEOMETRIC_PRESENTATION_REPRESENTATION (  '', ( #3530 ), #965 ) ;
#4975 = DIRECTION ( 'NONE',  ( 0.000000000000000000, -1.000000000000000000, 0.000000000000000000 ) ) ;
#4976 = CARTESIAN_POINT ( 'NONE',  ( 0.2500000000000000000, 0.2000000000000000111, -1.975000000000000089 ) ) ;
#4977 = EDGE_CURVE ( 'NONE', #6513, #6041, #9814, .T. ) ;
#4978 =( NAMED_UNIT ( * ) PLANE_ANGLE_UNIT ( ) SI_UNIT ( $, .RADIAN. ) );
#4979 = ORIENTED_EDGE ( 'NONE', *, *, #5558, .F. ) ;
#4980 = CYLINDRICAL_SURFACE ( 'NONE', #8272, 0.1250000000000000000 ) ;
#4981 = VECTOR ( 'NONE', #5177, 1000.000000000000000 ) ;
#4982 = ORIENTED_EDGE ( 'NONE', *, *, #3660, .F. ) ;
#4983 = PLANE ( 'NONE',  #5589 ) ;
#4984 =( NAMED_UNIT ( * ) PLANE_ANGLE_UNIT ( ) SI_UNIT ( $, .RADIAN. ) );
#4985 = AXIS2_PLACEMENT_3D ( 'NONE', #2614, #7318, #9444 ) ;
#4986 = CARTESIAN_POINT ( 'NONE',  ( 0.9749999999999999778, -0.04000000000000000083, 0.7500000000000000000 ) ) ;
#4987 = CARTESIAN_POINT ( 'NONE',  ( 0.3750000000000000000, 0.1749999999999999889, 0.000000000000000000 ) ) ;
#4988 = DIRECTION ( 'NONE',  ( 1.000000000000000000, 0.000000000000000000, 0.000000000000000000 ) ) ;
#4989 = DIRECTION ( 'NONE',  ( 0.000000000000000000, -0.000000000000000000, -1.000000000000000000 ) ) ;
#4990 = CARTESIAN_POINT ( 'NONE',  ( 0.9749999999999999778, 0.000000000000000000, -0.6250000000000000000 ) ) ;
#4991 = EDGE_CURVE ( 'NONE', #9023, #9786, #8911, .T. ) ;
#4992 = EDGE_CURVE ( 'NONE', #27, #2372, #8274, .T. ) ;
#4993 =( NAMED_UNIT ( * ) PLANE_ANGLE_UNIT ( ) SI_UNIT ( $, .RADIAN. ) );
#4994 = EDGE_LOOP ( 'NONE', ( #52, #2905, #7896, #5093 ) ) ;
#4995 = LINE ( 'NONE', #7939, #1392 ) ;
#4996 = ORIENTED_EDGE ( 'NONE', *, *, #3194, .T. ) ;
#4997 = ORIENTED_EDGE ( 'NONE', *, *, #6023, .T. ) ;
#4998 = CARTESIAN_POINT ( 'NONE',  ( 0.000000000000000000, 0.1749999999999999889, 0.000000000000000000 ) ) ;
#4999 = DIRECTION ( 'NONE',  ( 0.000000000000000000, 0.000000000000000000, -1.000000000000000000 ) ) ;
#5000 = ORIENTED_EDGE ( 'NONE', *, *, #704, .F. ) ;
#5001 =( LENGTH_UNIT ( ) NAMED_UNIT ( * ) SI_UNIT ( .MILLI., .METRE. ) );
#5002 = COLOUR_RGB ( '',0.8313725490196077761, 0.8313725490196077761, 0.8313725490196077761 ) ;
#5003 = VECTOR ( 'NONE', #1213, 1000.000000000000000 ) ;
#5004 = FILL_AREA_STYLE_COLOUR ( '', #6082 ) ;
#5005 = CYLINDRICAL_SURFACE ( 'NONE', #471, 0.1250000000000000000 ) ;
#5006 = EDGE_LOOP ( 'NONE', ( #8676, #7448, #674, #7792, #8004, #805, #1865, #433, #8372, #4703, #2639, #2468 ) ) ;
#5007 = CARTESIAN_POINT ( 'NONE',  ( 0.9749999999999999778, 0.000000000000000000, 1.625000000000000222 ) ) ;
#5008 = ORIENTED_EDGE ( 'NONE', *, *, #4689, .F. ) ;
#5009 = ORIENTED_EDGE ( 'NONE', *, *, #6266, .T. ) ;
#5010 = LINE ( 'NONE', #2589, #1908 ) ;
#5011 = LINE ( 'NONE', #8058, #747 ) ;
#5012 = CARTESIAN_POINT ( 'NONE',  ( -0.9749999999999999778, 0.2000000000000000111, -0.2500000000000000000 ) ) ;
#5013 = ORIENTED_EDGE ( 'NONE', *, *, #6129, .T. ) ;
#5014 = DIRECTION ( 'NONE',  ( 0.000000000000000000, 0.000000000000000000, -1.000000000000000000 ) ) ;
#5015 = CARTESIAN_POINT ( 'NONE',  ( 1.250000000000000000, 0.000000000000000000, 1.625000000000000222 ) ) ;
#5016 =( LENGTH_UNIT ( ) NAMED_UNIT ( * ) SI_UNIT ( .MILLI., .METRE. ) );
#5017 = DIRECTION ( 'NONE',  ( 1.000000000000000000, 0.000000000000000000, 0.000000000000000000 ) ) ;
#5018 = CARTESIAN_POINT ( 'NONE',  ( -0.2500000000000000000, -0.04000000000000000083, 1.850000000000000089 ) ) ;
#5019 = VECTOR ( 'NONE', #9349, 1000.000000000000000 ) ;
#5020 = LINE ( 'NONE', #6726, #9063 ) ;
#5021 = DIRECTION ( 'NONE',  ( -0.000000000000000000, -1.000000000000000000, -0.000000000000000000 ) ) ;
#5022 = AXIS2_PLACEMENT_3D ( 'NONE', #4795, #4140, #7177 ) ;
#5023 = FILL_AREA_STYLE_COLOUR ( '', #8831 ) ;
#5024 = DIRECTION ( 'NONE',  ( -1.000000000000000000, -0.000000000000000000, 0.000000000000000000 ) ) ;
#5025 = ORIENTED_EDGE ( 'NONE', *, *, #128, .F. ) ;
#5026 =( LENGTH_UNIT ( ) NAMED_UNIT ( * ) SI_UNIT ( .MILLI., .METRE. ) );
#5027 = MECHANICAL_DESIGN_GEOMETRIC_PRESENTATION_REPRESENTATION (  '', ( #3414 ), #1181 ) ;
#5028 =( BOUNDED_SURFACE ( )  B_SPLINE_SURFACE ( 3, 3, ( 
 ( #4697, #177, #8527, #4895 ),
 ( #2462, #1673, #8631, #3237 ),
 ( #4003, #4147, #3190, #9269 ),
 ( #5531, #3381, #8484, #4848 ) ),
 .UNSPECIFIED., .F., .F., .T. ) 
 B_SPLINE_SURFACE_WITH_KNOTS ( ( 4, 4 ),
 ( 4, 4 ),
 ( 0.000000000000000000, 1.000000000000000000 ),
 ( 0.000000000000000000, 1.000000000000000000 ),
 .UNSPECIFIED. ) 
 GEOMETRIC_REPRESENTATION_ITEM ( )  RATIONAL_B_SPLINE_SURFACE ( (
 ( 1.000000000000000000, 0.3333333333333352022, 0.3333333333333352022, 1.000000000000000000),
 ( 0.9245018060306364749, 0.3081672686768805458, 0.3081672686768805458, 0.9245018060306364749),
 ( 0.9245018060306364749, 0.3081672686768805458, 0.3081672686768805458, 0.9245018060306364749),
 ( 1.000000000000000000, 0.3333333333333352022, 0.3333333333333352022, 1.000000000000000000) ) ) 
 REPRESENTATION_ITEM ( '' )  SURFACE ( )  );
#5029 = FILL_AREA_STYLE ('',( #5822 ) ) ;
#5030 = AXIS2_PLACEMENT_3D ( 'NONE', #8121, #9602, #8261 ) ;
#5031 = EDGE_CURVE ( 'NONE', #4843, #7409, #6740, .T. ) ;
#5032 =( NAMED_UNIT ( * ) PLANE_ANGLE_UNIT ( ) SI_UNIT ( $, .RADIAN. ) );
#5033 =( LENGTH_UNIT ( ) NAMED_UNIT ( * ) SI_UNIT ( .MILLI., .METRE. ) );
#5034 = SURFACE_SIDE_STYLE ('',( #4300 ) ) ;
#5035 =( NAMED_UNIT ( * ) PLANE_ANGLE_UNIT ( ) SI_UNIT ( $, .RADIAN. ) );
#5036 = PLANE ( 'NONE',  #6390 ) ;
#5037 = DIRECTION ( 'NONE',  ( 0.000000000000000000, -1.000000000000000000, 0.000000000000000000 ) ) ;
#5038 = MECHANICAL_DESIGN_GEOMETRIC_PRESENTATION_REPRESENTATION (  '', ( #6321 ), #3270 ) ;
#5039 = LINE ( 'NONE', #2775, #8587 ) ;
#5040 = PLANE ( 'NONE',  #4133 ) ;
#5041 = SURFACE_STYLE_USAGE ( .BOTH. , #6402 ) ;
#5042 = FILL_AREA_STYLE_COLOUR ( '', #5068 ) ;
#5043 = ORIENTED_EDGE ( 'NONE', *, *, #2911, .T. ) ;
#5044 = EDGE_CURVE ( 'NONE', #4603, #4450, #4442, .T. ) ;
#5045 = EDGE_CURVE ( 'NONE', #1223, #135, #7540, .T. ) ;
#5046 = CARTESIAN_POINT ( 'NONE',  ( -0.1250000000000000000, 0.000000000000000000, 2.250000000000000444 ) ) ;
#5047 = DIRECTION ( 'NONE',  ( 0.000000000000000000, -0.000000000000000000, -1.000000000000000000 ) ) ;
#5048 = EDGE_LOOP ( 'NONE', ( #3526, #6494, #195, #6300, #3330 ) ) ;
#5049 = PRESENTATION_LAYER_ASSIGNMENT (  '', '', ( #239 ) ) ;
#5050 =( NAMED_UNIT ( * ) PLANE_ANGLE_UNIT ( ) SI_UNIT ( $, .RADIAN. ) );
#5051 = DIRECTION ( 'NONE',  ( -1.000000000000000000, 0.000000000000000000, -0.000000000000000000 ) ) ;
#5052 = VECTOR ( 'NONE', #1730, 1000.000000000000000 ) ;
#5053 = ORIENTED_EDGE ( 'NONE', *, *, #1610, .T. ) ;
#5054 = FILL_AREA_STYLE_COLOUR ( '', #8405 ) ;
#5055 = ORIENTED_EDGE ( 'NONE', *, *, #7396, .F. ) ;
#5056 = CARTESIAN_POINT ( 'NONE',  ( -0.9749999999999999778, 0.000000000000000000, 1.750000000000000000 ) ) ;
#5057 = EDGE_LOOP ( 'NONE', ( #8715, #7306, #6152, #1264 ) ) ;
#5058 = ADVANCED_FACE ( 'NONE', ( #2103 ), #621, .F. ) ;
#5059 = ORIENTED_EDGE ( 'NONE', *, *, #6694, .T. ) ;
#5060 = EDGE_CURVE ( 'NONE', #2235, #179, #1998, .T. ) ;
#5061 = CARTESIAN_POINT ( 'NONE',  ( -1.204088753711016757, 0.9871673344002966921, -2.156948992645573604 ) ) ;
#5062 = STYLED_ITEM ( 'NONE', ( #7164 ), #1804 ) ;
#5063 = CARTESIAN_POINT ( 'NONE',  ( 0.5999999999999999778, 0.06000000000000000472, 1.600000000000000089 ) ) ;
#5064 = EDGE_LOOP ( 'NONE', ( #1515, #4890, #8833, #8310 ) ) ;
#5065 = VECTOR ( 'NONE', #2967, 1000.000000000000000 ) ;
#5066 =( NAMED_UNIT ( * ) PLANE_ANGLE_UNIT ( ) SI_UNIT ( $, .RADIAN. ) );
#5067 =( NAMED_UNIT ( * ) PLANE_ANGLE_UNIT ( ) SI_UNIT ( $, .RADIAN. ) );
#5068 = COLOUR_RGB ( '',0.8313725490196077761, 0.8313725490196077761, 0.8313725490196077761 ) ;
#5069 = DIRECTION ( 'NONE',  ( 0.000000000000000000, 0.000000000000000000, 1.000000000000000000 ) ) ;
#5070 = DIRECTION ( 'NONE',  ( 0.000000000000000000, -0.000000000000000000, 1.000000000000000000 ) ) ;
#5071 = ORIENTED_EDGE ( 'NONE', *, *, #1560, .T. ) ;
#5072 = COLOUR_RGB ( '',0.8313725490196077761, 0.8313725490196077761, 0.8313725490196077761 ) ;
#5073 = FACE_OUTER_BOUND ( 'NONE', #4879, .T. ) ;
#5074 = FILL_AREA_STYLE_COLOUR ( '', #5698 ) ;
#5075 = ORIENTED_EDGE ( 'NONE', *, *, #688, .F. ) ;
#5076 = PLANE ( 'NONE',  #3892 ) ;
#5077 = ADVANCED_FACE ( 'NONE', ( #6693 ), #1329, .F. ) ;
#5078 =( NAMED_UNIT ( * ) PLANE_ANGLE_UNIT ( ) SI_UNIT ( $, .RADIAN. ) );
#5079 = VERTEX_POINT ( 'NONE', #9757 ) ;
#5080 = LINE ( 'NONE', #7484, #1122 ) ;
#5081 = STYLED_ITEM ( 'NONE', ( #3457 ), #47 ) ;
#5082 = CARTESIAN_POINT ( 'NONE',  ( -0.9749999999999999778, -0.04000000000000000083, 0.2500000000000000000 ) ) ;
#5083 =( NAMED_UNIT ( * ) PLANE_ANGLE_UNIT ( ) SI_UNIT ( $, .RADIAN. ) );
#5084 = LINE ( 'NONE', #619, #4759 ) ;
#5085 = PRESENTATION_LAYER_ASSIGNMENT (  '', '', ( #6206 ) ) ;
#5086 = EDGE_CURVE ( 'NONE', #2917, #6205, #2929, .T. ) ;
#5087 = CARTESIAN_POINT ( 'NONE',  ( -0.2500000000000000000, -0.04000000000000000083, -1.975000000000000089 ) ) ;
#5088 = CARTESIAN_POINT ( 'NONE',  ( 0.000000000000000000, 0.000000000000000000, 0.6250000000000000000 ) ) ;
#5089 = CARTESIAN_POINT ( 'NONE',  ( -1.250000000000000000, 0.000000000000000000, 0.1250000000000000000 ) ) ;
#5090 = LINE ( 'NONE', #2616, #3770 ) ;
#5091 = VECTOR ( 'NONE', #6850, 1000.000000000000000 ) ;
#5092 = CARTESIAN_POINT ( 'NONE',  ( -0.9749999999999999778, 0.1749999999999999889, -1.250000000000000000 ) ) ;
#5093 = ORIENTED_EDGE ( 'NONE', *, *, #2526, .T. ) ;
#5094 = CARTESIAN_POINT ( 'NONE',  ( 0.000000000000000000, 0.000000000000000000, 1.625000000000000222 ) ) ;
#5095 = EDGE_CURVE ( 'NONE', #7938, #4412, #1380, .T. ) ;
#5096 = FACE_OUTER_BOUND ( 'NONE', #6415, .T. ) ;
#5097 = VECTOR ( 'NONE', #96, 1000.000000000000000 ) ;
#5098 = LINE ( 'NONE', #1443, #1407 ) ;
#5099 = DIRECTION ( 'NONE',  ( 1.000000000000000000, 0.000000000000000000, 0.000000000000000000 ) ) ;
#5100 = DIRECTION ( 'NONE',  ( 0.000000000000000000, 1.000000000000000000, 0.000000000000000000 ) ) ;
#5101 = APPLICATION_PROTOCOL_DEFINITION ( 'draft international standard', 'automotive_design', 1998, #8013 ) ;
#5102 = VECTOR ( 'NONE', #5860, 1000.000000000000000 ) ;
#5103 = PRESENTATION_LAYER_ASSIGNMENT (  '', '', ( #782 ) ) ;
#5105 = VERTEX_POINT ( 'NONE', #2769 ) ;
#5104 = CARTESIAN_POINT ( 'NONE',  ( -0.9749999999999999778, 0.2000000000000000111, -0.1250000000000000000 ) ) ;
#5106 = VERTEX_POINT ( 'NONE', #60 ) ;
#5107 = ORIENTED_EDGE ( 'NONE', *, *, #9024, .T. ) ;
#5108 = CARTESIAN_POINT ( 'NONE',  ( -1.243309800894467188, 0.9238392649474655993, -2.154368729000466942 ) ) ;
#5109 = LINE ( 'NONE', #497, #9708 ) ;
#5110 = LINE ( 'NONE', #4525, #2630 ) ;
#5111 = ORIENTED_EDGE ( 'NONE', *, *, #6875, .F. ) ;
#5112 = VECTOR ( 'NONE', #812, 1000.000000000000000 ) ;
#5113 = PLANE ( 'NONE',  #6442 ) ;
#5114 = DIRECTION ( 'NONE',  ( 0.000000000000000000, 0.000000000000000000, -1.000000000000000000 ) ) ;
#5115 = ADVANCED_FACE ( 'NONE', ( #2060 ), #1238, .T. ) ;
#5116 = CARTESIAN_POINT ( 'NONE',  ( 0.9749999999999999778, 0.1749999999999999889, 0.1250000000000000000 ) ) ;
#5117 = ADVANCED_FACE ( 'NONE', ( #2349 ), #4829, .F. ) ;
#5118 = LINE ( 'NONE', #404, #4212 ) ;
#5119 = STYLED_ITEM ( 'NONE', ( #4301 ), #9083 ) ;
#5120 = ORIENTED_EDGE ( 'NONE', *, *, #89, .T. ) ;
#5121 = FACE_OUTER_BOUND ( 'NONE', #3918, .T. ) ;
#5122 = LINE ( 'NONE', #8172, #9302 ) ;
#5123 = ORIENTED_EDGE ( 'NONE', *, *, #7079, .T. ) ;
#5124 = DIRECTION ( 'NONE',  ( -0.000000000000000000, 1.000000000000000000, 0.000000000000000000 ) ) ;
#5125 = FACE_OUTER_BOUND ( 'NONE', #592, .T. ) ;
#5126 = VECTOR ( 'NONE', #1414, 1000.000000000000000 ) ;
#5127 = VECTOR ( 'NONE', #9719, 1000.000000000000000 ) ;
#5128 = EDGE_CURVE ( 'NONE', #9550, #343, #9246, .T. ) ;
#5129 = SURFACE_STYLE_FILL_AREA ( #511 ) ;
#5130 = DIRECTION ( 'NONE',  ( 1.000000000000000000, 0.000000000000000000, 0.000000000000000000 ) ) ;
#5131 = DIRECTION ( 'NONE',  ( 0.000000000000000000, -1.000000000000000000, 0.000000000000000000 ) ) ;
#5132 = COLOUR_RGB ( '',0.8313725490196077761, 0.8313725490196077761, 0.8313725490196077761 ) ;
#5133 = FILL_AREA_STYLE_COLOUR ( '', #1222 ) ;
#5134 = FACE_OUTER_BOUND ( 'NONE', #3024, .T. ) ;
#5135 =( GEOMETRIC_REPRESENTATION_CONTEXT ( 3 ) GLOBAL_UNCERTAINTY_ASSIGNED_CONTEXT ( ( #6465 ) ) GLOBAL_UNIT_ASSIGNED_CONTEXT ( ( #3485, #8716, #3423 ) ) REPRESENTATION_CONTEXT ( 'NONE', 'WORKASPACE' ) );
#5136 = EDGE_CURVE ( 'NONE', #2535, #8423, #6373, .T. ) ;
#5137 = DIRECTION ( 'NONE',  ( -1.000000000000000000, -0.000000000000000000, 0.000000000000000000 ) ) ;
#5138 = FILL_AREA_STYLE ('',( #2063 ) ) ;
#5139 = ORIENTED_EDGE ( 'NONE', *, *, #626, .F. ) ;
#5140 = DIRECTION ( 'NONE',  ( -1.000000000000000000, -0.000000000000000000, 0.000000000000000000 ) ) ;
#5141 = PLANE ( 'NONE',  #9351 ) ;
#5142 = ORIENTED_EDGE ( 'NONE', *, *, #6844, .T. ) ;
#5143 = LINE ( 'NONE', #2999, #1711 ) ;
#5144 = CARTESIAN_POINT ( 'NONE',  ( 1.250000000000000000, 0.000000000000000000, -0.1250000000000001110 ) ) ;
#5145 = ORIENTED_EDGE ( 'NONE', *, *, #3022, .T. ) ;
#5146 = EDGE_CURVE ( 'NONE', #6760, #3546, #8464, .T. ) ;
#5147 = DIRECTION ( 'NONE',  ( -0.000000000000000000, 1.000000000000000000, 0.000000000000000000 ) ) ;
#5148 = SURFACE_STYLE_FILL_AREA ( #384 ) ;
#5149 = CARTESIAN_POINT ( 'NONE',  ( -0.9749999999999999778, 0.000000000000000000, 0.7500000000000000000 ) ) ;
#5150 = VERTEX_POINT ( 'NONE', #2548 ) ;
#5151 =( NAMED_UNIT ( * ) PLANE_ANGLE_UNIT ( ) SI_UNIT ( $, .RADIAN. ) );
#5152 = ORIENTED_EDGE ( 'NONE', *, *, #8323, .F. ) ;
#5153 = ORIENTED_EDGE ( 'NONE', *, *, #849, .F. ) ;
#5154 = FACE_OUTER_BOUND ( 'NONE', #3923, .T. ) ;
#5155 = SURFACE_SIDE_STYLE ('',( #6617 ) ) ;
#5156 = AXIS2_PLACEMENT_3D ( 'NONE', #4432, #552, #6015 ) ;
#5157 = CARTESIAN_POINT ( 'NONE',  ( 0.5000000000000000000, 0.000000000000000000, 0.000000000000000000 ) ) ;
#5158 = ORIENTED_EDGE ( 'NONE', *, *, #2143, .F. ) ;
#5159 = UNCERTAINTY_MEASURE_WITH_UNIT (LENGTH_MEASURE( 1.000000000000000082E-05 ), #6906, 'distance_accuracy_value', 'NONE');
#5160 = DIRECTION ( 'NONE',  ( -0.000000000000000000, -0.000000000000000000, 1.000000000000000000 ) ) ;
#5161 = DIRECTION ( 'NONE',  ( 1.000000000000000000, 0.000000000000000000, 0.000000000000000000 ) ) ;
#5162 = DIRECTION ( 'NONE',  ( -1.000000000000000000, 0.000000000000000000, 0.000000000000000000 ) ) ;
#5163 = MECHANICAL_DESIGN_GEOMETRIC_PRESENTATION_REPRESENTATION (  '', ( #1785 ), #8509 ) ;
#5164 = ORIENTED_EDGE ( 'NONE', *, *, #178, .F. ) ;
#5165 = PLANE ( 'NONE',  #213 ) ;
#5166 = VERTEX_POINT ( 'NONE', #7020 ) ;
#5167 = SURFACE_SIDE_STYLE ('',( #2094 ) ) ;
#5168 = DIRECTION ( 'NONE',  ( 0.000000000000000000, 0.000000000000000000, 1.000000000000000000 ) ) ;
#5169 = ORIENTED_EDGE ( 'NONE', *, *, #3717, .F. ) ;
#5170 = ADVANCED_FACE ( 'NONE', ( #4873 ), #157, .T. ) ;
#5171 = EDGE_CURVE ( 'NONE', #9035, #444, #7719, .T. ) ;
#5172 = DIRECTION ( 'NONE',  ( 0.000000000000000000, -1.000000000000000000, 0.000000000000000000 ) ) ;
#5173 =( NAMED_UNIT ( * ) SI_UNIT ( $, .STERADIAN. ) SOLID_ANGLE_UNIT ( ) );
#5174 = VECTOR ( 'NONE', #5871, 1000.000000000000000 ) ;
#5175 = VERTEX_POINT ( 'NONE', #861 ) ;
#5176 = AXIS2_PLACEMENT_3D ( 'NONE', #2964, #2234, #5348 ) ;
#5177 = DIRECTION ( 'NONE',  ( 0.000000000000000000, 1.000000000000000000, 0.000000000000000000 ) ) ;
#5178 = CARTESIAN_POINT ( 'NONE',  ( 1.250000000000000000, -0.04000000000000000083, 0.1250000000000000000 ) ) ;
#5179 = DIRECTION ( 'NONE',  ( 0.000000000000000000, 0.000000000000000000, -1.000000000000000000 ) ) ;
#5180 =( GEOMETRIC_REPRESENTATION_CONTEXT ( 3 ) GLOBAL_UNCERTAINTY_ASSIGNED_CONTEXT ( ( #7844 ) ) GLOBAL_UNIT_ASSIGNED_CONTEXT ( ( #7428, #5032, #1129 ) ) REPRESENTATION_CONTEXT ( 'NONE', 'WORKASPACE' ) );
#5181 = SURFACE_STYLE_FILL_AREA ( #5786 ) ;
#5182 = EDGE_LOOP ( 'NONE', ( #6733, #2674, #1109, #4309 ) ) ;
#5183 = LINE ( 'NONE', #8230, #6089 ) ;
#5184 = DIRECTION ( 'NONE',  ( 1.000000000000000000, -0.000000000000000000, 0.000000000000000000 ) ) ;
#5185 = EDGE_CURVE ( 'NONE', #2131, #188, #7105, .T. ) ;
#5186 = DIRECTION ( 'NONE',  ( 0.000000000000000000, 0.000000000000000000, -1.000000000000000000 ) ) ;
#5187 = CARTESIAN_POINT ( 'NONE',  ( -0.3750000000000000000, 0.000000000000000000, 1.975000000000000089 ) ) ;
#5188 = VERTEX_POINT ( 'NONE', #6277 ) ;
#5189 = CARTESIAN_POINT ( 'NONE',  ( -1.250000000000000000, 0.000000000000000000, -0.1250000000000001110 ) ) ;
#5190 = SURFACE_STYLE_USAGE ( .BOTH. , #9628 ) ;
#5191 = EDGE_LOOP ( 'NONE', ( #1169, #8929, #8173, #482 ) ) ;
#5192 = VECTOR ( 'NONE', #5897, 1000.000000000000000 ) ;
#5193 = VERTEX_POINT ( 'NONE', #5615 ) ;
#5194 = ORIENTED_EDGE ( 'NONE', *, *, #8341, .T. ) ;
#5195 = EDGE_CURVE ( 'NONE', #135, #1757, #5506, .T. ) ;
#5196 = CARTESIAN_POINT ( 'NONE',  ( 1.250000000000000000, 0.1749999999999999889, -1.375000000000000222 ) ) ;
#5197 = DIRECTION ( 'NONE',  ( 1.000000000000000000, 0.000000000000000000, 0.000000000000000000 ) ) ;
#5198 = VERTEX_POINT ( 'NONE', #7907 ) ;
#5199 = SURFACE_SIDE_STYLE ('',( #2229 ) ) ;
#5200 = AXIS2_PLACEMENT_3D ( 'NONE', #2411, #3902, #940 ) ;
#5201 = LINE ( 'NONE', #1274, #7506 ) ;
#5202 = PRESENTATION_LAYER_ASSIGNMENT (  '', '', ( #7919 ) ) ;
#5203 = FACE_OUTER_BOUND ( 'NONE', #7551, .T. ) ;
#5204 = ORIENTED_EDGE ( 'NONE', *, *, #6335, .F. ) ;
#5205 = FACE_OUTER_BOUND ( 'NONE', #1538, .T. ) ;
#5206 = LINE ( 'NONE', #6585, #8518 ) ;
#5207 = VECTOR ( 'NONE', #7213, 1000.000000000000000 ) ;
#5208 = DIRECTION ( 'NONE',  ( -0.000000000000000000, -1.000000000000000000, -0.000000000000000000 ) ) ;
#5209 =( NAMED_UNIT ( * ) PLANE_ANGLE_UNIT ( ) SI_UNIT ( $, .RADIAN. ) );
#5210 = EDGE_CURVE ( 'NONE', #7235, #4475, #9171, .T. ) ;
#5211 = DIRECTION ( 'NONE',  ( 0.000000000000000000, 0.000000000000000000, 1.000000000000000000 ) ) ;
#5212 = ORIENTED_EDGE ( 'NONE', *, *, #9832, .F. ) ;
#5213 = STYLED_ITEM ( 'NONE', ( #9846 ), #4712 ) ;
#5214 = MECHANICAL_DESIGN_GEOMETRIC_PRESENTATION_REPRESENTATION (  '', ( #3947 ), #6978 ) ;
#5215 = FILL_AREA_STYLE ('',( #3883 ) ) ;
#5216 = STYLED_ITEM ( 'NONE', ( #2934 ), #2032 ) ;
#5217 = DIRECTION ( 'NONE',  ( 0.000000000000000000, 0.000000000000000000, -1.000000000000000000 ) ) ;
#5218 = CIRCLE ( 'NONE', #6508, 0.1250000000000001110 ) ;
#5219 = CARTESIAN_POINT ( 'NONE',  ( -0.9749999999999999778, 0.1749999999999999889, -0.1250000000000000000 ) ) ;
#5220 = FILL_AREA_STYLE_COLOUR ( '', #5331 ) ;
#5221 = ORIENTED_EDGE ( 'NONE', *, *, #8812, .F. ) ;
#5222 = VECTOR ( 'NONE', #5708, 1000.000000000000000 ) ;
#5223 = MECHANICAL_DESIGN_GEOMETRIC_PRESENTATION_REPRESENTATION (  '', ( #9354 ), #7478 ) ;
#5224 = DIRECTION ( 'NONE',  ( 0.000000000000000000, -1.000000000000000000, 0.000000000000000000 ) ) ;
#5225 = DIRECTION ( 'NONE',  ( 0.000000000000000000, 1.000000000000000000, 0.000000000000000000 ) ) ;
#5226 = DIRECTION ( 'NONE',  ( -0.000000000000000000, -0.000000000000000000, 1.000000000000000000 ) ) ;
#5227 = AXIS2_PLACEMENT_3D ( 'NONE', #1518, #2159, #3739 ) ;
#5228 = ADVANCED_FACE ( 'NONE', ( #4777, #302 ), #7159, .F. ) ;
#5229 = EDGE_CURVE ( 'NONE', #3933, #6519, #7814, .T. ) ;
#5230 =( GEOMETRIC_REPRESENTATION_CONTEXT ( 3 ) GLOBAL_UNCERTAINTY_ASSIGNED_CONTEXT ( ( #9114 ) ) GLOBAL_UNIT_ASSIGNED_CONTEXT ( ( #2388, #911, #4576 ) ) REPRESENTATION_CONTEXT ( 'NONE', 'WORKASPACE' ) );
#5231 = ORIENTED_EDGE ( 'NONE', *, *, #2099, .F. ) ;
#5232 = VECTOR ( 'NONE', #9621, 1000.000000000000000 ) ;
#5233 = PRESENTATION_STYLE_ASSIGNMENT (( #2888 ) ) ;
#5234 = ORIENTED_EDGE ( 'NONE', *, *, #2380, .T. ) ;
#5235 = CARTESIAN_POINT ( 'NONE',  ( 1.241030663926139477, 0.9080625828929624888, -2.125094501859785101 ) ) ;
#5236 = CARTESIAN_POINT ( 'NONE',  ( 0.9749999999999999778, 0.2000000000000000111, 0.3750000000000000000 ) ) ;
#5237 = LINE ( 'NONE', #5944, #4451 ) ;
#5238 = VECTOR ( 'NONE', #4540, 1000.000000000000000 ) ;
#5239 = ORIENTED_EDGE ( 'NONE', *, *, #9024, .F. ) ;
#5240 = VECTOR ( 'NONE', #2017, 1000.000000000000000 ) ;
#5241 = COLOUR_RGB ( '',0.8313725490196077761, 0.8313725490196077761, 0.8313725490196077761 ) ;
#5242 = FACE_OUTER_BOUND ( 'NONE', #734, .T. ) ;
#5243 = DIRECTION ( 'NONE',  ( -0.000000000000000000, 0.000000000000000000, -1.000000000000000000 ) ) ;
#5244 = ADVANCED_FACE ( 'NONE', ( #349 ), #1162, .F. ) ;
#5245 =( NAMED_UNIT ( * ) SI_UNIT ( $, .STERADIAN. ) SOLID_ANGLE_UNIT ( ) );
#5246 = PRESENTATION_LAYER_ASSIGNMENT (  '', '', ( #3984 ) ) ;
#5247 =( LENGTH_UNIT ( ) NAMED_UNIT ( * ) SI_UNIT ( .MILLI., .METRE. ) );
#5248 = ORIENTED_EDGE ( 'NONE', *, *, #8418, .F. ) ;
#5249 = ORIENTED_EDGE ( 'NONE', *, *, #1321, .T. ) ;
#5250 =( NAMED_UNIT ( * ) PLANE_ANGLE_UNIT ( ) SI_UNIT ( $, .RADIAN. ) );
#5251 = CARTESIAN_POINT ( 'NONE',  ( 0.9749999999999999778, 0.000000000000000000, -1.375000000000000000 ) ) ;
#5252 = ORIENTED_EDGE ( 'NONE', *, *, #670, .T. ) ;
#5253 = UNCERTAINTY_MEASURE_WITH_UNIT (LENGTH_MEASURE( 1.000000000000000082E-05 ), #2026, 'distance_accuracy_value', 'NONE');
#5254 = LINE ( 'NONE', #8305, #4722 ) ;
#5255 = ADVANCED_FACE ( 'NONE', ( #4227 ), #8839, .F. ) ;
#5256 =( GEOMETRIC_REPRESENTATION_CONTEXT ( 3 ) GLOBAL_UNCERTAINTY_ASSIGNED_CONTEXT ( ( #6775 ) ) GLOBAL_UNIT_ASSIGNED_CONTEXT ( ( #4331, #9546, #4425 ) ) REPRESENTATION_CONTEXT ( 'NONE', 'WORKASPACE' ) );
#5257 = AXIS2_PLACEMENT_3D ( 'NONE', #6503, #8638, #6404 ) ;
#5258 = CARTESIAN_POINT ( 'NONE',  ( -1.207735026918963284, 0.9327350269189619292, 2.207735026918962618 ) ) ;
#5259 = ADVANCED_FACE ( 'NONE', ( #7370 ), #7263, .F. ) ;
#5260 = FACE_OUTER_BOUND ( 'NONE', #4372, .T. ) ;
#5261 = VERTEX_POINT ( 'NONE', #9443 ) ;
#5262 = VECTOR ( 'NONE', #6539, 1000.000000000000000 ) ;
#5263 = DIRECTION ( 'NONE',  ( 1.000000000000000000, 0.000000000000000000, 0.000000000000000000 ) ) ;
#5264 =( LENGTH_UNIT ( ) NAMED_UNIT ( * ) SI_UNIT ( .MILLI., .METRE. ) );
#5265 = AXIS2_PLACEMENT_3D ( 'NONE', #3909, #8589, #8637 ) ;
#5266 = VECTOR ( 'NONE', #1775, 1000.000000000000000 ) ;
#5267 = CARTESIAN_POINT ( 'NONE',  ( 1.250000000000000000, 0.000000000000000000, 0.000000000000000000 ) ) ;
#5268 =( NAMED_UNIT ( * ) PLANE_ANGLE_UNIT ( ) SI_UNIT ( $, .RADIAN. ) );
#5269 = STYLED_ITEM ( 'NONE', ( #9241 ), #7917 ) ;
#5270 = EDGE_CURVE ( 'NONE', #7251, #2725, #3462, .T. ) ;
#5271 = SURFACE_STYLE_FILL_AREA ( #6078 ) ;
#5272 = CARTESIAN_POINT ( 'NONE',  ( 0.000000000000000000, 0.000000000000000000, 0.3750000000000000000 ) ) ;
#5273 = AXIS2_PLACEMENT_3D ( 'NONE', #37, #2370, #5443 ) ;
#5274 = VECTOR ( 'NONE', #2578, 1000.000000000000000 ) ;
#5275 = DIRECTION ( 'NONE',  ( 1.000000000000000000, -0.000000000000000000, 0.000000000000000000 ) ) ;
#5276 = DIRECTION ( 'NONE',  ( -0.000000000000000000, -1.000000000000000000, 0.000000000000000000 ) ) ;
#5277 = PLANE ( 'NONE',  #1676 ) ;
#5278 = SURFACE_SIDE_STYLE ('',( #1511 ) ) ;
#5279 = COLOUR_RGB ( '',0.8313725490196077761, 0.8313725490196077761, 0.8313725490196077761 ) ;
#5280 = ORIENTED_EDGE ( 'NONE', *, *, #5438, .F. ) ;
#5281 = STYLED_ITEM ( 'NONE', ( #1905 ), #4606 ) ;
#5282 = DIRECTION ( 'NONE',  ( -0.000000000000000000, -1.000000000000000000, -0.000000000000000000 ) ) ;
#5283 = VERTEX_POINT ( 'NONE', #5711 ) ;
#5284 = CARTESIAN_POINT ( 'NONE',  ( 1.250000000000000000, 0.000000000000000000, 0.000000000000000000 ) ) ;
#5285 = ORIENTED_EDGE ( 'NONE', *, *, #3994, .T. ) ;
#5286 = LINE ( 'NONE', #8426, #1410 ) ;
#5287 = VERTEX_POINT ( 'NONE', #1898 ) ;
#5288 = CARTESIAN_POINT ( 'NONE',  ( -0.5999999999999999778, 0.1749999999999999889, 1.600000000000000089 ) ) ;
#5289 = SURFACE_STYLE_FILL_AREA ( #7692 ) ;
#5290 = ORIENTED_EDGE ( 'NONE', *, *, #359, .T. ) ;
#5291 =( GEOMETRIC_REPRESENTATION_CONTEXT ( 3 ) GLOBAL_UNCERTAINTY_ASSIGNED_CONTEXT ( ( #3880 ) ) GLOBAL_UNIT_ASSIGNED_CONTEXT ( ( #1440, #1337, #4399 ) ) REPRESENTATION_CONTEXT ( 'NONE', 'WORKASPACE' ) );
#5292 = EDGE_CURVE ( 'NONE', #3596, #6614, #3407, .T. ) ;
#5293 = EDGE_CURVE ( 'NONE', #8370, #492, #1117, .T. ) ;
#5294 = DIRECTION ( 'NONE',  ( 1.000000000000000000, 0.000000000000000000, 0.000000000000000000 ) ) ;
#5295 = CARTESIAN_POINT ( 'NONE',  ( -0.1250000000000000000, -0.04000000000000000083, 1.975000000000000089 ) ) ;
#5296 = LINE ( 'NONE', #3143, #3132 ) ;
#5297 = ORIENTED_EDGE ( 'NONE', *, *, #599, .F. ) ;
#5298 = LINE ( 'NONE', #6903, #4947 ) ;
#5299 = CARTESIAN_POINT ( 'NONE',  ( 1.250000000000000000, 0.000000000000000000, 0.1250000000000000000 ) ) ;
#5300 = LINE ( 'NONE', #8346, #3772 ) ;
#5301 = EDGE_CURVE ( 'NONE', #6205, #868, #8695, .T. ) ;
#5302 = PLANE ( 'NONE',  #3326 ) ;
#5303 =( NAMED_UNIT ( * ) PLANE_ANGLE_UNIT ( ) SI_UNIT ( $, .RADIAN. ) );
#5304 = CARTESIAN_POINT ( 'NONE',  ( -0.2500000000000000000, 0.1749999999999999889, -1.975000000000000089 ) ) ;
#5305 =( NAMED_UNIT ( * ) SI_UNIT ( $, .STERADIAN. ) SOLID_ANGLE_UNIT ( ) );
#5306 = ORIENTED_EDGE ( 'NONE', *, *, #4308, .F. ) ;
#5307 = SURFACE_SIDE_STYLE ('',( #103 ) ) ;
#5308 = SURFACE_SIDE_STYLE ('',( #6072 ) ) ;
#5309 = FILL_AREA_STYLE ('',( #3067 ) ) ;
#5310 = ORIENTED_EDGE ( 'NONE', *, *, #5060, .F. ) ;
#5311 = EDGE_CURVE ( 'NONE', #2131, #5498, #1209, .T. ) ;
#5312 = SURFACE_STYLE_FILL_AREA ( #5878 ) ;
#5313 = SURFACE_STYLE_USAGE ( .BOTH. , #2247 ) ;
#5314 = VECTOR ( 'NONE', #5915, 1000.000000000000000 ) ;
#5315 = ORIENTED_EDGE ( 'NONE', *, *, #4620, .T. ) ;
#5316 = CARTESIAN_POINT ( 'NONE',  ( -0.2500000000000000000, 0.2000000000000000111, 1.850000000000000089 ) ) ;
#5317 = EDGE_CURVE ( 'NONE', #7482, #1951, #6426, .T. ) ;
#5318 = LINE ( 'NONE', #8367, #9098 ) ;
#5319 = DIRECTION ( 'NONE',  ( -0.000000000000000000, -1.000000000000000000, -0.000000000000000000 ) ) ;
#5320 = CARTESIAN_POINT ( 'NONE',  ( 0.3750000000000000555, 0.000000000000000000, 2.250000000000000444 ) ) ;
#5321 = ORIENTED_EDGE ( 'NONE', *, *, #7723, .F. ) ;
#5322 = ORIENTED_EDGE ( 'NONE', *, *, #2796, .T. ) ;
#5323 = FILL_AREA_STYLE_COLOUR ( '', #416 ) ;
#5324 = LINE ( 'NONE', #634, #4457 ) ;
#5325 = AXIS2_PLACEMENT_3D ( 'NONE', #1075, #1761, #2405 ) ;
#5326 = CARTESIAN_POINT ( 'NONE',  ( 0.000000000000000000, 0.1749999999999999889, 1.625000000000000222 ) ) ;
#5327 = DIRECTION ( 'NONE',  ( 1.000000000000000000, 0.000000000000000000, -0.000000000000000000 ) ) ;
#5328 = CARTESIAN_POINT ( 'NONE',  ( 1.250000000000000000, 0.2000000000000000111, -1.125000000000000222 ) ) ;
#5329 = VERTEX_POINT ( 'NONE', #7416 ) ;
#5330 = DIRECTION ( 'NONE',  ( 0.000000000000000000, 0.000000000000000000, -1.000000000000000000 ) ) ;
#5331 = COLOUR_RGB ( '',0.8313725490196077761, 0.8313725490196077761, 0.8313725490196077761 ) ;
#5332 = CYLINDRICAL_SURFACE ( 'NONE', #8157, 0.1249999999999998890 ) ;
#5333 = SURFACE_STYLE_FILL_AREA ( #6051 ) ;
#5334 = AXIS2_PLACEMENT_3D ( 'NONE', #7721, #9345, #4033 ) ;
#5335 = SURFACE_SIDE_STYLE ('',( #5486 ) ) ;
#5336 = ORIENTED_EDGE ( 'NONE', *, *, #8707, .T. ) ;
#5337 = DIRECTION ( 'NONE',  ( 0.000000000000000000, 0.000000000000000000, -1.000000000000000000 ) ) ;
#5338 = ORIENTED_EDGE ( 'NONE', *, *, #7321, .T. ) ;
#5339 = CARTESIAN_POINT ( 'NONE',  ( -1.250000000000000000, 0.000000000000000000, 0.000000000000000000 ) ) ;
#5340 = DIRECTION ( 'NONE',  ( 1.000000000000000000, 0.000000000000000000, 0.000000000000000000 ) ) ;
#5341 = ORIENTED_EDGE ( 'NONE', *, *, #8133, .F. ) ;
#5342 = UNCERTAINTY_MEASURE_WITH_UNIT (LENGTH_MEASURE( 1.000000000000000082E-05 ), #5874, 'distance_accuracy_value', 'NONE');
#5343 = CARTESIAN_POINT ( 'NONE',  ( -1.250000000000000000, 0.000000000000000000, 0.6250000000000001110 ) ) ;
#5344 = VECTOR ( 'NONE', #1030, 1000.000000000000000 ) ;
#5345 = CARTESIAN_POINT ( 'NONE',  ( 0.9749999999999999778, 0.1749999999999999889, 0.8750000000000000000 ) ) ;
#5346 = FACE_OUTER_BOUND ( 'NONE', #2086, .T. ) ;
#5347 = CIRCLE ( 'NONE', #7744, 0.1250000000000001110 ) ;
#5348 = DIRECTION ( 'NONE',  ( 0.000000000000000000, 0.000000000000000000, 1.000000000000000000 ) ) ;
#5349 = ADVANCED_FACE ( 'NONE', ( #543 ), #6579, .F. ) ;
#5350 = ORIENTED_EDGE ( 'NONE', *, *, #4098, .F. ) ;
#5351 =( NAMED_UNIT ( * ) PLANE_ANGLE_UNIT ( ) SI_UNIT ( $, .RADIAN. ) );
#5352 = EDGE_CURVE ( 'NONE', #8727, #3933, #9031, .T. ) ;
#5353 =( NAMED_UNIT ( * ) PLANE_ANGLE_UNIT ( ) SI_UNIT ( $, .RADIAN. ) );
#5354 = LINE ( 'NONE', #9281, #928 ) ;
#5355 = ORIENTED_EDGE ( 'NONE', *, *, #7989, .F. ) ;
#5356 = CARTESIAN_POINT ( 'NONE',  ( -1.204088753711015203, 0.9871673344002981354, 2.156948992645573160 ) ) ;
#5357 = FILL_AREA_STYLE ('',( #4806 ) ) ;
#5358 = DIRECTION ( 'NONE',  ( -1.000000000000000000, -0.000000000000000000, -0.000000000000000000 ) ) ;
#5359 = DIRECTION ( 'NONE',  ( 0.000000000000000000, -1.000000000000000000, -0.000000000000000000 ) ) ;
#5360 = AXIS2_PLACEMENT_3D ( 'NONE', #3210, #4578, #9238 ) ;
#5361 = CARTESIAN_POINT ( 'NONE',  ( -0.9749999999999999778, 0.2000000000000000111, 0.2500000000000000000 ) ) ;
#5362 = FILL_AREA_STYLE ('',( #705 ) ) ;
#5363 = SURFACE_STYLE_USAGE ( .BOTH. , #9141 ) ;
#5364 = STYLED_ITEM ( 'NONE', ( #183 ), #5846 ) ;
#5365 = EDGE_CURVE ( 'NONE', #5188, #3183, #8209, .T. ) ;
#5366 = STYLED_ITEM ( 'NONE', ( #3259 ), #5170 ) ;
#5367 = DIRECTION ( 'NONE',  ( -0.000000000000000000, -1.000000000000000000, -0.000000000000000000 ) ) ;
#5368 = MECHANICAL_DESIGN_GEOMETRIC_PRESENTATION_REPRESENTATION (  '', ( #2151 ), #2989 ) ;
#5369 = FILL_AREA_STYLE ('',( #7027 ) ) ;
#5370 = PRESENTATION_STYLE_ASSIGNMENT (( #9148 ) ) ;
#5371 = DIRECTION ( 'NONE',  ( 0.000000000000000000, 0.000000000000000000, 1.000000000000000000 ) ) ;
#5372 = PRESENTATION_LAYER_ASSIGNMENT (  '', '', ( #9666 ) ) ;
#5373 = DIRECTION ( 'NONE',  ( -0.000000000000000000, -0.000000000000000000, 1.000000000000000000 ) ) ;
#5374 = FACE_OUTER_BOUND ( 'NONE', #6065, .T. ) ;
#5375 = ORIENTED_EDGE ( 'NONE', *, *, #3273, .F. ) ;
#5376 = EDGE_LOOP ( 'NONE', ( #5525, #7736 ) ) ;
#5377 = CARTESIAN_POINT ( 'NONE',  ( 1.205718880800481507, 0.8211389613474349147, -2.294659952694482641 ) ) ;
#5378 = ORIENTED_EDGE ( 'NONE', *, *, #7741, .F. ) ;
#5379 = CARTESIAN_POINT ( 'NONE',  ( -0.9749999999999999778, 0.000000000000000000, 1.625000000000000222 ) ) ;
#5380 = ORIENTED_EDGE ( 'NONE', *, *, #8649, .F. ) ;
#5381 = CARTESIAN_POINT ( 'NONE',  ( 0.5000000000000000000, 0.1000000000000000056, -1.500000000000000000 ) ) ;
#5382 = PLANE ( 'NONE',  #2806 ) ;
#5383 = DIRECTION ( 'NONE',  ( 1.000000000000000000, 0.000000000000000000, -0.000000000000000000 ) ) ;
#5384 = AXIS2_PLACEMENT_3D ( 'NONE', #1013, #1166, #8802 ) ;
#5385 = STYLED_ITEM ( 'NONE', ( #1621 ), #6327 ) ;
#5386 = CARTESIAN_POINT ( 'NONE',  ( 1.250000000000000000, 0.000000000000000000, 0.8749999999999998890 ) ) ;
#5387 = EDGE_CURVE ( 'NONE', #2991, #3241, #5254, .T. ) ;
#5388 = CARTESIAN_POINT ( 'NONE',  ( 1.250000000000000000, 0.1749999999999999889, -0.1250000000000000833 ) ) ;
#5389 = ORIENTED_EDGE ( 'NONE', *, *, #5790, .F. ) ;
#5390 = DIRECTION ( 'NONE',  ( 0.000000000000000000, -0.000000000000000000, 1.000000000000000000 ) ) ;
#5391 = DIRECTION ( 'NONE',  ( 0.000000000000000000, 0.000000000000000000, 1.000000000000000000 ) ) ;
#5392 = CIRCLE ( 'NONE', #761, 0.1250000000000000000 ) ;
#5393 = EDGE_LOOP ( 'NONE', ( #3867, #8878, #3006, #4773 ) ) ;
#5394 = AXIS2_PLACEMENT_3D ( 'NONE', #9120, #9821, #3003 ) ;
#5395 = FACE_OUTER_BOUND ( 'NONE', #6551, .T. ) ;
#5396 = FACE_OUTER_BOUND ( 'NONE', #3396, .T. ) ;
#5397 = CARTESIAN_POINT ( 'NONE',  ( -0.9749999999999999778, 0.000000000000000000, 0.1250000000000000000 ) ) ;
#5398 = VERTEX_POINT ( 'NONE', #5345 ) ;
#5399 = FILL_AREA_STYLE_COLOUR ( '', #6698 ) ;
#5400 = SURFACE_SIDE_STYLE ('',( #4056 ) ) ;
#5401 = VECTOR ( 'NONE', #4186, 1000.000000000000000 ) ;
#5402 = PRODUCT_DEFINITION_SHAPE ( 'NONE', 'NONE',  #9885 ) ;
#5403 = DIRECTION ( 'NONE',  ( 0.000000000000000000, 1.000000000000000000, 0.000000000000000000 ) ) ;
#5404 = AXIS2_PLACEMENT_3D ( 'NONE', #8466, #7021, #1607 ) ;
#5405 = CARTESIAN_POINT ( 'NONE',  ( 0.000000000000000000, 0.000000000000000000, 0.6250000000000000000 ) ) ;
#5406 = ORIENTED_EDGE ( 'NONE', *, *, #5480, .T. ) ;
#5407 = DIRECTION ( 'NONE',  ( 0.000000000000000000, -1.000000000000000000, 0.000000000000000000 ) ) ;
#5408 = ORIENTED_EDGE ( 'NONE', *, *, #1100, .F. ) ;
#5409 = DIRECTION ( 'NONE',  ( -1.000000000000000000, 0.000000000000000000, 0.000000000000000000 ) ) ;
#5410 = CARTESIAN_POINT ( 'NONE',  ( 0.9749999999999999778, 0.1749999999999999889, -0.8750000000000000000 ) ) ;
#5411 = ORIENTED_EDGE ( 'NONE', *, *, #2437, .T. ) ;
#5412 = CIRCLE ( 'NONE', #7172, 0.1250000000000000000 ) ;
#5413 = PLANE ( 'NONE',  #3350 ) ;
#5414 = SURFACE_SIDE_STYLE ('',( #667 ) ) ;
#5415 = DIRECTION ( 'NONE',  ( -0.000000000000000000, 0.000000000000000000, -1.000000000000000000 ) ) ;
#5416 = ADVANCED_FACE ( 'NONE', ( #1361 ), #2248, .T. ) ;
#5417 = ADVANCED_FACE ( 'NONE', ( #3013 ), #6814, .T. ) ;
#5418 = CARTESIAN_POINT ( 'NONE',  ( 0.000000000000000000, 0.1749999999999999889, 0.000000000000000000 ) ) ;
#5419 = PLANE ( 'NONE',  #5404 ) ;
#5420 = CARTESIAN_POINT ( 'NONE',  ( -1.250000000000000000, 0.000000000000000000, -0.8750000000000000000 ) ) ;
#5421 = PRESENTATION_STYLE_ASSIGNMENT (( #5313 ) ) ;
#5422 = CIRCLE ( 'NONE', #3667, 0.1250000000000000000 ) ;
#5423 = AXIS2_PLACEMENT_3D ( 'NONE', #9878, #8389, #2173 ) ;
#5424 = MECHANICAL_DESIGN_GEOMETRIC_PRESENTATION_REPRESENTATION (  '', ( #3671 ), #8295 ) ;
#5425 = DIRECTION ( 'NONE',  ( 0.000000000000000000, -0.000000000000000000, 1.000000000000000000 ) ) ;
#5426 = EDGE_LOOP ( 'NONE', ( #2119, #4739, #3133, #7053 ) ) ;
#5427 = SURFACE_SIDE_STYLE ('',( #6181 ) ) ;
#5428 = CARTESIAN_POINT ( 'NONE',  ( -0.9749999999999999778, 0.2000000000000000111, -0.7500000000000000000 ) ) ;
#5429 = MECHANICAL_DESIGN_GEOMETRIC_PRESENTATION_REPRESENTATION (  '', ( #2867 ), #3514 ) ;
#5430 = AXIS2_PLACEMENT_3D ( 'NONE', #2541, #7903, #2344 ) ;
#5431 = EDGE_CURVE ( 'NONE', #4219, #9550, #7752, .T. ) ;
#5432 = CARTESIAN_POINT ( 'NONE',  ( 0.000000000000000000, 0.000000000000000000, -2.250000000000000444 ) ) ;
#5433 = MECHANICAL_DESIGN_GEOMETRIC_PRESENTATION_REPRESENTATION (  '', ( #8465 ), #3520 ) ;
#5434 = AXIS2_PLACEMENT_3D ( 'NONE', #4566, #7599, #3959 ) ;
#5435 = ORIENTED_EDGE ( 'NONE', *, *, #6559, .F. ) ;
#5436 = ORIENTED_EDGE ( 'NONE', *, *, #2648, .T. ) ;
#5437 = CARTESIAN_POINT ( 'NONE',  ( -0.9749999999999999778, 0.000000000000000000, 0.6250000000000000000 ) ) ;
#5438 = EDGE_CURVE ( 'NONE', #6962, #5106, #2529, .T. ) ;
#5439 =( NAMED_UNIT ( * ) PLANE_ANGLE_UNIT ( ) SI_UNIT ( $, .RADIAN. ) );
#5440 = CARTESIAN_POINT ( 'NONE',  ( 0.000000000000000000, 0.000000000000000000, 1.625000000000000222 ) ) ;
#5441 = PRESENTATION_LAYER_ASSIGNMENT (  '', '', ( #3207 ) ) ;
#5442 = VECTOR ( 'NONE', #9194, 1000.000000000000000 ) ;
#5443 = DIRECTION ( 'NONE',  ( -0.5773502691896247319, 0.5773502691896279515, 0.5773502691896247319 ) ) ;
#5444 = VERTEX_POINT ( 'NONE', #8642 ) ;
#5445 = ORIENTED_EDGE ( 'NONE', *, *, #9268, .T. ) ;
#5446 = FILL_AREA_STYLE_COLOUR ( '', #9710 ) ;
#5447 = DIRECTION ( 'NONE',  ( -0.000000000000000000, -0.000000000000000000, -1.000000000000000000 ) ) ;
#5448 = ORIENTED_EDGE ( 'NONE', *, *, #8840, .F. ) ;
#5449 = UNCERTAINTY_MEASURE_WITH_UNIT (LENGTH_MEASURE( 1.000000000000000082E-05 ), #4798, 'distance_accuracy_value', 'NONE');
#5451 = ADVANCED_FACE ( 'NONE', ( #9324 ), #3294, .T. ) ;
#5450 = FACE_OUTER_BOUND ( 'NONE', #8682, .T. ) ;
#5452 =( NAMED_UNIT ( * ) SI_UNIT ( $, .STERADIAN. ) SOLID_ANGLE_UNIT ( ) );
#5453 = DIRECTION ( 'NONE',  ( -1.000000000000000000, -0.000000000000000000, -0.000000000000000000 ) ) ;
#5454 = CIRCLE ( 'NONE', #9267, 0.1250000000000000000 ) ;
#5455 = LINE ( 'NONE', #2231, #8596 ) ;
#5456 = FILL_AREA_STYLE ('',( #7008 ) ) ;
#5457 = ORIENTED_EDGE ( 'NONE', *, *, #1970, .F. ) ;
#5458 = CARTESIAN_POINT ( 'NONE',  ( -1.250000000000000000, 0.000000000000000000, -1.625000000000000222 ) ) ;
#5459 = ORIENTED_EDGE ( 'NONE', *, *, #4057, .T. ) ;
#5460 = LINE ( 'NONE', #7569, #85 ) ;
#5461 = DIRECTION ( 'NONE',  ( 1.000000000000000000, 0.000000000000000000, -0.000000000000000000 ) ) ;
#5462 = UNCERTAINTY_MEASURE_WITH_UNIT (LENGTH_MEASURE( 1.000000000000000082E-05 ), #2263, 'distance_accuracy_value', 'NONE');
#5463 = ORIENTED_EDGE ( 'NONE', *, *, #1531, .F. ) ;
#5464 = DIRECTION ( 'NONE',  ( 0.000000000000000000, -1.000000000000000000, 0.000000000000000000 ) ) ;
#5465 = SURFACE_SIDE_STYLE ('',( #4871 ) ) ;
#5466 = SURFACE_STYLE_FILL_AREA ( #8555 ) ;
#5467 = SURFACE_STYLE_FILL_AREA ( #62 ) ;
#5468 = DIRECTION ( 'NONE',  ( -1.000000000000000000, 0.000000000000000000, -0.000000000000000000 ) ) ;
#5469 = PRODUCT_RELATED_PRODUCT_CATEGORY ( 'part', '', ( #6846 ) ) ;
#5470 = ADVANCED_FACE ( 'NONE', ( #3203 ), #9227, .F. ) ;
#5471 = DIRECTION ( 'NONE',  ( 0.000000000000000000, 0.000000000000000000, -1.000000000000000000 ) ) ;
#5472 = CARTESIAN_POINT ( 'NONE',  ( 1.250000000000000000, 0.000000000000000000, 1.125000000000000222 ) ) ;
#5473 = CIRCLE ( 'NONE', #7071, 0.1249999999999998890 ) ;
#5474 = CARTESIAN_POINT ( 'NONE',  ( 0.1250000000000000000, -0.04000000000000000083, 2.250000000000000444 ) ) ;
#5475 = CARTESIAN_POINT ( 'NONE',  ( 0.000000000000000000, 0.000000000000000000, 2.250000000000000444 ) ) ;
#5476 = SURFACE_SIDE_STYLE ('',( #9774 ) ) ;
#5477 = ORIENTED_EDGE ( 'NONE', *, *, #6004, .T. ) ;
#5478 = ADVANCED_FACE ( 'NONE', ( #1148 ), #1256, .T. ) ;
#5479 = ORIENTED_EDGE ( 'NONE', *, *, #2480, .F. ) ;
#5480 = EDGE_CURVE ( 'NONE', #8497, #9127, #5347, .T. ) ;
#5481 =( NAMED_UNIT ( * ) SI_UNIT ( $, .STERADIAN. ) SOLID_ANGLE_UNIT ( ) );
#5482 = ORIENTED_EDGE ( 'NONE', *, *, #2201, .F. ) ;
#5483 = DIRECTION ( 'NONE',  ( 0.000000000000000000, -0.000000000000000000, 1.000000000000000000 ) ) ;
#5484 = SURFACE_STYLE_USAGE ( .BOTH. , #6938 ) ;
#5485 = DIRECTION ( 'NONE',  ( 0.000000000000000000, 0.000000000000000000, 1.000000000000000000 ) ) ;
#5486 = SURFACE_STYLE_FILL_AREA ( #6805 ) ;
#5487 = CARTESIAN_POINT ( 'NONE',  ( 0.000000000000000000, 0.1749999999999999889, -1.125000000000000222 ) ) ;
#5488 = EDGE_CURVE ( 'NONE', #3790, #8392, #4265, .T. ) ;
#5489 = AXIS2_PLACEMENT_3D ( 'NONE', #1464, #6680, #2803 ) ;
#5490 = SURFACE_SIDE_STYLE ('',( #376 ) ) ;
#5491 = ORIENTED_EDGE ( 'NONE', *, *, #5902, .F. ) ;
#5492 = DIRECTION ( 'NONE',  ( -1.000000000000000000, 0.000000000000000000, -0.000000000000000000 ) ) ;
#5493 = AXIS2_PLACEMENT_3D ( 'NONE', #2927, #5131, #5972 ) ;
#5494 = CARTESIAN_POINT ( 'NONE',  ( 0.2500000000000000000, 0.000000000000000000, -1.975000000000000089 ) ) ;
#5495 = ORIENTED_EDGE ( 'NONE', *, *, #2415, .T. ) ;
#5496 = VECTOR ( 'NONE', #603, 1000.000000000000000 ) ;
#5497 = CARTESIAN_POINT ( 'NONE',  ( 1.250000000000000000, 0.000000000000000000, 1.625000000000000444 ) ) ;
#5498 = VERTEX_POINT ( 'NONE', #8735 ) ;
#5499 = DIRECTION ( 'NONE',  ( 0.000000000000000000, 0.000000000000000000, 1.000000000000000000 ) ) ;
#5500 = EDGE_LOOP ( 'NONE', ( #5231, #3107, #8421, #5375 ) ) ;
#5501 = EDGE_CURVE ( 'NONE', #8427, #6989, #1035, .T. ) ;
#5502 = CARTESIAN_POINT ( 'NONE',  ( 0.9749999999999999778, 0.2000000000000000111, -1.875000000000000000 ) ) ;
#5503 = FACE_OUTER_BOUND ( 'NONE', #8213, .T. ) ;
#5504 = ORIENTED_EDGE ( 'NONE', *, *, #4583, .T. ) ;
#5505 = DIRECTION ( 'NONE',  ( 0.000000000000000000, -1.000000000000000000, 0.000000000000000000 ) ) ;
#5506 = LINE ( 'NONE', #1790, #2313 ) ;
#5507 = VECTOR ( 'NONE', #4181, 1000.000000000000000 ) ;
#5508 = LINE ( 'NONE', #8559, #1723 ) ;
#5509 = DIRECTION ( 'NONE',  ( -0.000000000000000000, 0.000000000000000000, -1.000000000000000000 ) ) ;
#5510 = CARTESIAN_POINT ( 'NONE',  ( -0.2500000000000000000, 0.000000000000000000, 1.975000000000000089 ) ) ;
#5511 = ADVANCED_FACE ( 'NONE', ( #4159 ), #2736, .F. ) ;
#5512 = LINE ( 'NONE', #203, #2164 ) ;
#5513 = VERTEX_POINT ( 'NONE', #1041 ) ;
#5514 = VECTOR ( 'NONE', #3948, 1000.000000000000000 ) ;
#5515 = CIRCLE ( 'NONE', #83, 0.1250000000000000000 ) ;
#5516 = CARTESIAN_POINT ( 'NONE',  ( -0.2500000000000000000, 0.000000000000000000, -1.975000000000000089 ) ) ;
#5517 = FILL_AREA_STYLE_COLOUR ( '', #7183 ) ;
#5518 = PLANE ( 'NONE',  #5855 ) ;
#5519 = DIRECTION ( 'NONE',  ( 0.000000000000000000, 1.000000000000000000, 0.000000000000000000 ) ) ;
#5520 = VECTOR ( 'NONE', #8182, 1000.000000000000000 ) ;
#5521 = PRESENTATION_LAYER_ASSIGNMENT (  '', '', ( #2633 ) ) ;
#5522 = ORIENTED_EDGE ( 'NONE', *, *, #454, .T. ) ;
#5523 = CARTESIAN_POINT ( 'NONE',  ( 1.243309800894466965, 0.9238392649474657103, 2.154368729000466054 ) ) ;
#5524 = SURFACE_STYLE_USAGE ( .BOTH. , #8627 ) ;
#5525 = ORIENTED_EDGE ( 'NONE', *, *, #7240, .T. ) ;
#5526 = AXIS2_PLACEMENT_3D ( 'NONE', #3287, #2520, #8459 ) ;
#5527 = CARTESIAN_POINT ( 'NONE',  ( -0.9749999999999999778, 0.000000000000000000, 0.3750000000000000000 ) ) ;
#5528 = AXIS2_PLACEMENT_3D ( 'NONE', #1423, #2976, #860 ) ;
#5529 = MECHANICAL_DESIGN_GEOMETRIC_PRESENTATION_REPRESENTATION (  '', ( #4279 ), #1478 ) ;
#5530 =( NAMED_UNIT ( * ) SI_UNIT ( $, .STERADIAN. ) SOLID_ANGLE_UNIT ( ) );
#5531 = CARTESIAN_POINT ( 'NONE',  ( -1.125094501859784657, 0.9080625828929622667, -2.241030663926139699 ) ) ;
#5532 = ADVANCED_FACE ( 'NONE', ( #7196 ), #1828, .T. ) ;
#5533 = VECTOR ( 'NONE', #9804, 1000.000000000000000 ) ;
#5534 = MECHANICAL_DESIGN_GEOMETRIC_PRESENTATION_REPRESENTATION (  '', ( #419 ), #8872 ) ;
#5535 = VERTEX_POINT ( 'NONE', #1344 ) ;
#5536 = ORIENTED_EDGE ( 'NONE', *, *, #4271, .T. ) ;
#5537 = PRESENTATION_STYLE_ASSIGNMENT (( #2472 ) ) ;
#5538 = CLOSED_SHELL ( 'NONE', ( #3127, #8208, #6217, #1457, #5115, #6718, #9465 ) ) ;
#5539 = DIRECTION ( 'NONE',  ( 0.000000000000000000, 0.000000000000000000, -1.000000000000000000 ) ) ;
#5540 = ORIENTED_EDGE ( 'NONE', *, *, #4955, .F. ) ;
#5541 = UNCERTAINTY_MEASURE_WITH_UNIT (LENGTH_MEASURE( 1.000000000000000082E-05 ), #1470, 'distance_accuracy_value', 'NONE');
#5542 = AXIS2_PLACEMENT_3D ( 'NONE', #5678, #365, #8181 ) ;
#5543 = AXIS2_PLACEMENT_3D ( 'NONE', #1387, #7353, #6798 ) ;
#5544 = ADVANCED_FACE ( 'NONE', ( #5947 ), #9872, .F. ) ;
#5545 = DIRECTION ( 'NONE',  ( 0.000000000000000000, -1.000000000000000000, 0.000000000000000000 ) ) ;
#5546 = EDGE_LOOP ( 'NONE', ( #9360, #215, #6622, #7206 ) ) ;
#5547 = CARTESIAN_POINT ( 'NONE',  ( -0.9749999999999999778, 0.000000000000000000, -1.625000000000000222 ) ) ;
#5548 = VECTOR ( 'NONE', #3850, 1000.000000000000000 ) ;
#5549 = EDGE_LOOP ( 'NONE', ( #4177, #6960, #1550, #6818 ) ) ;
#5550 =( GEOMETRIC_REPRESENTATION_CONTEXT ( 3 ) GLOBAL_UNCERTAINTY_ASSIGNED_CONTEXT ( ( #1054 ) ) GLOBAL_UNIT_ASSIGNED_CONTEXT ( ( #3858, #4993, #1333 ) ) REPRESENTATION_CONTEXT ( 'NONE', 'WORKASPACE' ) );
#5551 = FILL_AREA_STYLE ('',( #4112 ) ) ;
#5552 = DIRECTION ( 'NONE',  ( -1.000000000000000000, 0.000000000000000000, -0.000000000000000000 ) ) ;
#5553 = ORIENTED_EDGE ( 'NONE', *, *, #1818, .F. ) ;
#5554 = MECHANICAL_DESIGN_GEOMETRIC_PRESENTATION_REPRESENTATION (  '', ( #8744 ), #1089 ) ;
#5555 = UNCERTAINTY_MEASURE_WITH_UNIT (LENGTH_MEASURE( 1.000000000000000082E-05 ), #8028, 'distance_accuracy_value', 'NONE');
#5556 = ORIENTED_EDGE ( 'NONE', *, *, #4091, .T. ) ;
#5557 = PLANE ( 'NONE',  #141 ) ;
#5558 = EDGE_CURVE ( 'NONE', #7900, #3038, #7592, .T. ) ;
#5559 = LINE ( 'NONE', #8607, #4503 ) ;
#5560 = LINE ( 'NONE', #7859, #9793 ) ;
#5561 = DIRECTION ( 'NONE',  ( 0.000000000000000000, 1.000000000000000000, 0.000000000000000000 ) ) ;
#5562 = VECTOR ( 'NONE', #5813, 1000.000000000000000 ) ;
#5563 = PRESENTATION_LAYER_ASSIGNMENT (  '', '', ( #7642 ) ) ;
#5564 = MECHANICAL_DESIGN_GEOMETRIC_PRESENTATION_REPRESENTATION (  '', ( #2841 ), #4780 ) ;
#5565 = DIRECTION ( 'NONE',  ( 0.000000000000000000, -1.000000000000000000, 0.000000000000000000 ) ) ;
#5566 = FILL_AREA_STYLE ('',( #1754 ) ) ;
#5567 = DIRECTION ( 'NONE',  ( 0.000000000000000000, 0.000000000000000000, 1.000000000000000000 ) ) ;
#5568 = CARTESIAN_POINT ( 'NONE',  ( 1.184165146386241263, 0.9327350269189619292, -2.231304907451683750 ) ) ;
#5569 = EDGE_LOOP ( 'NONE', ( #2171, #2955, #5901, #6363 ) ) ;
#5570 = SURFACE_STYLE_FILL_AREA ( #8756 ) ;
#5571 = PRESENTATION_STYLE_ASSIGNMENT (( #3317 ) ) ;
#5572 = STYLED_ITEM ( 'NONE', ( #3362 ), #7091 ) ;
#5573 = PRESENTATION_STYLE_ASSIGNMENT (( #167 ) ) ;
#5574 =( NAMED_UNIT ( * ) PLANE_ANGLE_UNIT ( ) SI_UNIT ( $, .RADIAN. ) );
#5575 =( NAMED_UNIT ( * ) PLANE_ANGLE_UNIT ( ) SI_UNIT ( $, .RADIAN. ) );
#5576 = ADVANCED_FACE ( 'NONE', ( #8291 ), #7450, .F. ) ;
#5577 = SURFACE_STYLE_FILL_AREA ( #9407 ) ;
#5578 = PRESENTATION_LAYER_ASSIGNMENT (  '', '', ( #7516 ) ) ;
#5579 = AXIS2_PLACEMENT_3D ( 'NONE', #4302, #7344, #476 ) ;
#5580 = CARTESIAN_POINT ( 'NONE',  ( 1.250000000000000000, 0.2000000000000000111, -0.6250000000000000000 ) ) ;
#5581 = FACE_OUTER_BOUND ( 'NONE', #9798, .T. ) ;
#5582 = VERTEX_POINT ( 'NONE', #6707 ) ;
#5583 = LINE ( 'NONE', #4844, #8663 ) ;
#5584 = VECTOR ( 'NONE', #7412, 1000.000000000000000 ) ;
#5585 = VECTOR ( 'NONE', #9575, 1000.000000000000000 ) ;
#5586 = LINE ( 'NONE', #6343, #562 ) ;
#5587 = SURFACE_STYLE_FILL_AREA ( #1768 ) ;
#5588 = DIRECTION ( 'NONE',  ( 0.000000000000000000, 0.000000000000000000, -1.000000000000000000 ) ) ;
#5589 = AXIS2_PLACEMENT_3D ( 'NONE', #4136, #313, #4192 ) ;
#5590 = ORIENTED_EDGE ( 'NONE', *, *, #4639, .T. ) ;
#5592 = ORIENTED_EDGE ( 'NONE', *, *, #5975, .F. ) ;
#5591 = DIRECTION ( 'NONE',  ( 0.000000000000000000, 0.000000000000000000, 1.000000000000000000 ) ) ;
#5593 = ADVANCED_FACE ( 'NONE', ( #5242 ), #7512, .F. ) ;
#5594 = ORIENTED_EDGE ( 'NONE', *, *, #9639, .F. ) ;
#5595 = EDGE_CURVE ( 'NONE', #100, #6998, #2897, .T. ) ;
#5596 = LINE ( 'NONE', #2420, #3188 ) ;
#5597 = DIRECTION ( 'NONE',  ( 0.000000000000000000, -1.000000000000000000, -0.000000000000000000 ) ) ;
#5598 = CARTESIAN_POINT ( 'NONE',  ( 0.000000000000000000, 0.000000000000000000, 0.000000000000000000 ) ) ;
#5599 = ORIENTED_EDGE ( 'NONE', *, *, #9406, .F. ) ;
#5600 = PRESENTATION_LAYER_ASSIGNMENT (  '', '', ( #1913 ) ) ;
#5601 = CIRCLE ( 'NONE', #1293, 0.09999999999999996392 ) ;
#5602 = FILL_AREA_STYLE_COLOUR ( '', #133 ) ;
#5603 = ORIENTED_EDGE ( 'NONE', *, *, #1286, .T. ) ;
#5604 = DIRECTION ( 'NONE',  ( 1.000000000000000000, 0.000000000000000000, 0.000000000000000000 ) ) ;
#5605 = VECTOR ( 'NONE', #5276, 1000.000000000000000 ) ;
#5606 = VERTEX_POINT ( 'NONE', #9819 ) ;
#5607 = VERTEX_POINT ( 'NONE', #9116 ) ;
#5608 =( LENGTH_UNIT ( ) NAMED_UNIT ( * ) SI_UNIT ( .MILLI., .METRE. ) );
#5609 = ORIENTED_EDGE ( 'NONE', *, *, #329, .T. ) ;
#5610 = ORIENTED_EDGE ( 'NONE', *, *, #386, .F. ) ;
#5611 = ADVANCED_FACE ( 'NONE', ( #6848 ), #6048, .T. ) ;
#5612 = CARTESIAN_POINT ( 'NONE',  ( -1.250000000000000000, 0.000000000000000000, -0.6250000000000001110 ) ) ;
#5613 = FACE_OUTER_BOUND ( 'NONE', #637, .T. ) ;
#5614 = SURFACE_STYLE_USAGE ( .BOTH. , #5465 ) ;
#5615 = CARTESIAN_POINT ( 'NONE',  ( 0.9749999999999999778, 0.000000000000000000, -1.625000000000000222 ) ) ;
#5616 = DIRECTION ( 'NONE',  ( 1.000000000000000000, 0.000000000000000000, 0.000000000000000000 ) ) ;
#5617 = VECTOR ( 'NONE', #4396, 1000.000000000000000 ) ;
#5618 = FACE_OUTER_BOUND ( 'NONE', #7781, .T. ) ;
#5619 =( NAMED_UNIT ( * ) SI_UNIT ( $, .STERADIAN. ) SOLID_ANGLE_UNIT ( ) );
#5620 = LINE ( 'NONE', #1064, #7971 ) ;
#5621 = LINE ( 'NONE', #4076, #9461 ) ;
#5622 = VERTEX_POINT ( 'NONE', #4748 ) ;
#5623 = CARTESIAN_POINT ( 'NONE',  ( 1.250000000000000000, 0.2000000000000000111, 1.125000000000000222 ) ) ;
#5624 = ORIENTED_EDGE ( 'NONE', *, *, #5625, .F. ) ;
#5625 = EDGE_CURVE ( 'NONE', #3712, #1854, #8579, .T. ) ;
#5626 = PLANE ( 'NONE',  #6256 ) ;
#5627 = PRODUCT_DEFINITION_SHAPE ( 'NONE', 'NONE',  #4569 ) ;
#5628 = CARTESIAN_POINT ( 'NONE',  ( 0.9749999999999999778, 0.2000000000000000111, 0.6250000000000000000 ) ) ;
#5629 = CARTESIAN_POINT ( 'NONE',  ( 1.250000000000000000, 0.1749999999999999889, 0.8749999999999998890 ) ) ;
#5630 = ORIENTED_EDGE ( 'NONE', *, *, #145, .T. ) ;
#5631 = CARTESIAN_POINT ( 'NONE',  ( -1.250000000000000000, 0.2000000000000000111, -1.125000000000000222 ) ) ;
#5632 = DIRECTION ( 'NONE',  ( 0.000000000000000000, -0.000000000000000000, 1.000000000000000000 ) ) ;
#5633 = EDGE_CURVE ( 'NONE', #9123, #4168, #836, .T. ) ;
#5634 =( NAMED_UNIT ( * ) SI_UNIT ( $, .STERADIAN. ) SOLID_ANGLE_UNIT ( ) );
#5635 = ORIENTED_EDGE ( 'NONE', *, *, #8366, .F. ) ;
#5636 = SURFACE_STYLE_FILL_AREA ( #1914 ) ;
#5637 = DIRECTION ( 'NONE',  ( 0.000000000000000000, -1.000000000000000000, 0.000000000000000000 ) ) ;
#5638 = DIRECTION ( 'NONE',  ( 1.000000000000000000, 0.000000000000000000, 0.000000000000000000 ) ) ;
#5639 = ADVANCED_FACE ( 'NONE', ( #82 ), #4002, .F. ) ;
#5640 =( LENGTH_UNIT ( ) NAMED_UNIT ( * ) SI_UNIT ( .MILLI., .METRE. ) );
#5641 = CARTESIAN_POINT ( 'NONE',  ( -1.250000000000000000, 0.000000000000000000, -0.3750000000000000000 ) ) ;
#5642 = ORIENTED_EDGE ( 'NONE', *, *, #4374, .F. ) ;
#5643 = UNCERTAINTY_MEASURE_WITH_UNIT (LENGTH_MEASURE( 1.000000000000000082E-05 ), #3716, 'distance_accuracy_value', 'NONE');
#5644 =( NAMED_UNIT ( * ) SI_UNIT ( $, .STERADIAN. ) SOLID_ANGLE_UNIT ( ) );
#5645 = STYLED_ITEM ( 'NONE', ( #681 ), #1137 ) ;
#5646 = PRESENTATION_STYLE_ASSIGNMENT (( #6269 ) ) ;
#5647 = ORIENTED_EDGE ( 'NONE', *, *, #4118, .T. ) ;
#5648 = DIRECTION ( 'NONE',  ( -1.000000000000000000, 0.000000000000000000, -0.000000000000000000 ) ) ;
#5649 = EDGE_LOOP ( 'NONE', ( #8731, #1501, #104, #2734 ) ) ;
#5650 = EDGE_LOOP ( 'NONE', ( #3196, #2389, #4174, #226 ) ) ;
#5651 = AXIS2_PLACEMENT_3D ( 'NONE', #9177, #4574, #9838 ) ;
#5652 = VERTEX_POINT ( 'NONE', #8433 ) ;
#5653 = EDGE_LOOP ( 'NONE', ( #236, #3598, #701, #1263 ) ) ;
#5654 = CARTESIAN_POINT ( 'NONE',  ( -1.250000000000000000, 0.000000000000000000, 2.250000000000000444 ) ) ;
#5655 = UNCERTAINTY_MEASURE_WITH_UNIT (LENGTH_MEASURE( 1.000000000000000082E-05 ), #641, 'distance_accuracy_value', 'NONE');
#5656 = FILL_AREA_STYLE ('',( #2590 ) ) ;
#5657 = ORIENTED_EDGE ( 'NONE', *, *, #6336, .F. ) ;
#5658 = DIRECTION ( 'NONE',  ( -1.000000000000000000, 0.000000000000000000, -0.000000000000000000 ) ) ;
#5659 = STYLED_ITEM ( 'NONE', ( #1503 ), #2331 ) ;
#5660 = DIRECTION ( 'NONE',  ( -0.000000000000000000, 1.000000000000000000, 0.000000000000000000 ) ) ;
#5661 = SHAPE_REPRESENTATION_RELATIONSHIP ( 'NONE' , 'NONE' ,  #5780, #2714 ) ;
#5662 = CARTESIAN_POINT ( 'NONE',  ( -0.5999999999999999778, 0.2000000000000000111, 1.600000000000000089 ) ) ;
#5663 = ADVANCED_FACE ( 'NONE', ( #1581 ), #6293, .T. ) ;
#5664 =( NAMED_UNIT ( * ) SI_UNIT ( $, .STERADIAN. ) SOLID_ANGLE_UNIT ( ) );
#5665 = ADVANCED_FACE ( 'NONE', ( #887 ), #6253, .T. ) ;
#5666 = CARTESIAN_POINT ( 'NONE',  ( 1.125094501859785989, 0.9080625828929617116, -2.241030663926140143 ) ) ;
#5667 = CARTESIAN_POINT ( 'NONE',  ( 0.5999999999999999778, 0.1000000000000000056, -1.600000000000000089 ) ) ;
#5668 = ORIENTED_EDGE ( 'NONE', *, *, #6408, .T. ) ;
#5669 = CARTESIAN_POINT ( 'NONE',  ( 0.000000000000000000, 0.000000000000000000, -0.6250000000000000000 ) ) ;
#5670 = EDGE_LOOP ( 'NONE', ( #7533, #7999, #9777, #4322, #8687 ) ) ;
#5671 = ORIENTED_EDGE ( 'NONE', *, *, #8102, .T. ) ;
#5672 = LINE ( 'NONE', #4789, #8787 ) ;
#5673 = FACE_OUTER_BOUND ( 'NONE', #6958, .T. ) ;
#5674 = EDGE_CURVE ( 'NONE', #4662, #9225, #1029, .T. ) ;
#5675 = DIRECTION ( 'NONE',  ( 0.000000000000000000, 1.000000000000000000, 0.000000000000000000 ) ) ;
#5676 = MECHANICAL_DESIGN_GEOMETRIC_PRESENTATION_REPRESENTATION (  '', ( #8228 ), #885 ) ;
#5677 = CARTESIAN_POINT ( 'NONE',  ( 0.9749999999999999778, 0.1749999999999999889, -1.250000000000000000 ) ) ;
#5678 = CARTESIAN_POINT ( 'NONE',  ( 0.9749999999999999778, 0.000000000000000000, -1.250000000000000000 ) ) ;
#5679 = ORIENTED_EDGE ( 'NONE', *, *, #6316, .T. ) ;
#5680 = FILL_AREA_STYLE ('',( #4145 ) ) ;
#5681 = ADVANCED_FACE ( 'NONE', ( #3333 ), #9364, .F. ) ;
#5682 = LINE ( 'NONE', #1330, #7035 ) ;
#5683 = EDGE_CURVE ( 'NONE', #3782, #9286, #9683, .T. ) ;
#5684 = FILL_AREA_STYLE ('',( #8811 ) ) ;
#5685 = EDGE_CURVE ( 'NONE', #4223, #1904, #8253, .T. ) ;
#5686 =( GEOMETRIC_REPRESENTATION_CONTEXT ( 3 ) GLOBAL_UNCERTAINTY_ASSIGNED_CONTEXT ( ( #9428 ) ) GLOBAL_UNIT_ASSIGNED_CONTEXT ( ( #6997, #1490, #4702 ) ) REPRESENTATION_CONTEXT ( 'NONE', 'WORKASPACE' ) );
#5687 = LINE ( 'NONE', #4307, #5240 ) ;
#5688 = AXIS2_PLACEMENT_3D ( 'NONE', #2593, #8754, #1945 ) ;
#5689 = VECTOR ( 'NONE', #2908, 1000.000000000000000 ) ;
#5690 = FILL_AREA_STYLE_COLOUR ( '', #726 ) ;
#5691 = MECHANICAL_DESIGN_GEOMETRIC_PRESENTATION_REPRESENTATION (  '', ( #5366 ), #6815 ) ;
#5692 = ORIENTED_EDGE ( 'NONE', *, *, #826, .F. ) ;
#5693 = ORIENTED_EDGE ( 'NONE', *, *, #5045, .F. ) ;
#5694 = CARTESIAN_POINT ( 'NONE',  ( 0.000000000000000000, 0.1749999999999999889, 1.125000000000000222 ) ) ;
#5695 = FILL_AREA_STYLE ('',( #2623 ) ) ;
#5696 = CARTESIAN_POINT ( 'NONE',  ( 0.000000000000000000, 0.1749999999999999889, 0.000000000000000000 ) ) ;
#5697 = ORIENTED_EDGE ( 'NONE', *, *, #8032, .T. ) ;
#5698 = COLOUR_RGB ( '',0.8313725490196077761, 0.8313725490196077761, 0.8313725490196077761 ) ;
#5699 = EDGE_CURVE ( 'NONE', #7735, #3250, #5300, .T. ) ;
#5700 = FACE_OUTER_BOUND ( 'NONE', #1441, .T. ) ;
#5701 = SURFACE_STYLE_FILL_AREA ( #2334 ) ;
#5703 = ORIENTED_EDGE ( 'NONE', *, *, #1246, .T. ) ;
#5702 = FACE_OUTER_BOUND ( 'NONE', #4149, .T. ) ;
#5704 = DIRECTION ( 'NONE',  ( 0.000000000000000000, -0.000000000000000000, -1.000000000000000000 ) ) ;
#5705 = VERTEX_POINT ( 'NONE', #6860 ) ;
#5706 = FILL_AREA_STYLE ('',( #3253 ) ) ;
#5707 = EDGE_LOOP ( 'NONE', ( #2289, #8042, #8728, #9535 ) ) ;
#5708 = DIRECTION ( 'NONE',  ( 0.000000000000000000, -1.000000000000000000, -0.000000000000000000 ) ) ;
#5709 = ORIENTED_EDGE ( 'NONE', *, *, #4874, .F. ) ;
#5710 = DIRECTION ( 'NONE',  ( 0.000000000000000000, 1.000000000000000000, 0.000000000000000000 ) ) ;
#5711 = CARTESIAN_POINT ( 'NONE',  ( -0.9749999999999999778, 0.000000000000000000, -0.1250000000000000000 ) ) ;
#5712 = CLOSED_SHELL ( 'NONE', ( #7410, #2217, #2727, #7510, #1137, #3609 ) ) ;
#5713 = CARTESIAN_POINT ( 'NONE',  ( 0.000000000000000000, 0.2000000000000000111, 0.000000000000000000 ) ) ;
#5714 = CARTESIAN_POINT ( 'NONE',  ( 0.000000000000000000, 0.06000000000000000472, 0.000000000000000000 ) ) ;
#5715 = COLOUR_RGB ( '',0.8313725490196077761, 0.8313725490196077761, 0.8313725490196077761 ) ;
#5716 = CIRCLE ( 'NONE', #9202, 0.1250000000000000000 ) ;
#5717 = CARTESIAN_POINT ( 'NONE',  ( 0.000000000000000000, 0.2000000000000000111, -1.600000000000000089 ) ) ;
#5718 = CARTESIAN_POINT ( 'NONE',  ( 0.9749999999999999778, 0.000000000000000000, 1.250000000000000000 ) ) ;
#5719 = ORIENTED_EDGE ( 'NONE', *, *, #5722, .T. ) ;
#5720 = FACE_OUTER_BOUND ( 'NONE', #4630, .T. ) ;
#5721 = ORIENTED_EDGE ( 'NONE', *, *, #7270, .T. ) ;
#5722 = EDGE_CURVE ( 'NONE', #5105, #4017, #9881, .T. ) ;
#5723 =( GEOMETRIC_REPRESENTATION_CONTEXT ( 3 ) GLOBAL_UNCERTAINTY_ASSIGNED_CONTEXT ( ( #758 ) ) GLOBAL_UNIT_ASSIGNED_CONTEXT ( ( #5026, #2557, #2500 ) ) REPRESENTATION_CONTEXT ( 'NONE', 'WORKASPACE' ) );
#5724 = EDGE_CURVE ( 'NONE', #7112, #6760, #2849, .T. ) ;
#5725 = CARTESIAN_POINT ( 'NONE',  ( 0.000000000000000000, 0.1749999999999999889, 0.000000000000000000 ) ) ;
#5726 = SURFACE_STYLE_FILL_AREA ( #3416 ) ;
#5727 = FACE_OUTER_BOUND ( 'NONE', #8056, .T. ) ;
#5728 = DIRECTION ( 'NONE',  ( 1.000000000000000000, -0.000000000000000000, 0.000000000000000000 ) ) ;
#5729 = COLOUR_RGB ( '',0.8313725490196077761, 0.8313725490196077761, 0.8313725490196077761 ) ;
#5730 = LINE ( 'NONE', #8766, #6296 ) ;
#5731 = CARTESIAN_POINT ( 'NONE',  ( -1.250000000000000000, 0.2000000000000000111, 0.6250000000000000000 ) ) ;
#5732 = PLANE ( 'NONE',  #18 ) ;
#5733 = EDGE_CURVE ( 'NONE', #7405, #8742, #8937, .T. ) ;
#5734 = DIRECTION ( 'NONE',  ( 1.000000000000000000, -0.000000000000000000, 0.000000000000000000 ) ) ;
#5735 = CARTESIAN_POINT ( 'NONE',  ( -1.250000000000000000, 0.2000000000000000111, -1.375000000000000222 ) ) ;
#5736 = CIRCLE ( 'NONE', #5, 0.1250000000000001110 ) ;
#5737 = DIRECTION ( 'NONE',  ( 1.000000000000000000, 0.000000000000000000, 0.000000000000000000 ) ) ;
#5738 = MECHANICAL_DESIGN_GEOMETRIC_PRESENTATION_REPRESENTATION (  '', ( #142 ), #4954 ) ;
#5739 = COLOUR_RGB ( '',0.8313725490196077761, 0.8313725490196077761, 0.8313725490196077761 ) ;
#5740 = LINE ( 'NONE', #2021, #4902 ) ;
#5741 = VERTEX_POINT ( 'NONE', #8886 ) ;
#5742 = EDGE_CURVE ( 'NONE', #8423, #5980, #6333, .T. ) ;
#5743 = CARTESIAN_POINT ( 'NONE',  ( 0.000000000000000000, 0.000000000000000000, -1.125000000000000222 ) ) ;
#5744 = ORIENTED_EDGE ( 'NONE', *, *, #1275, .F. ) ;
#5745 = UNCERTAINTY_MEASURE_WITH_UNIT (LENGTH_MEASURE( 1.000000000000000082E-05 ), #8087, 'distance_accuracy_value', 'NONE');
#5746 = CARTESIAN_POINT ( 'NONE',  ( -0.2500000000000000000, 0.1749999999999999889, 1.975000000000000089 ) ) ;
#5747 = CIRCLE ( 'NONE', #7029, 0.1250000000000000000 ) ;
#5748 = AXIS2_PLACEMENT_3D ( 'NONE', #6017, #2187, #9751 ) ;
#5749 = COLOUR_RGB ( '',0.8313725490196077761, 0.8313725490196077761, 0.8313725490196077761 ) ;
#5750 = PLANE ( 'NONE',  #9580 ) ;
#5751 = LINE ( 'NONE', #1932, #6712 ) ;
#5752 = ORIENTED_EDGE ( 'NONE', *, *, #9832, .T. ) ;
#5753 = CARTESIAN_POINT ( 'NONE',  ( -1.250000000000000000, 0.000000000000000000, 0.000000000000000000 ) ) ;
#5754 = DIRECTION ( 'NONE',  ( 0.000000000000000000, -0.000000000000000000, -1.000000000000000000 ) ) ;
#5755 = ORIENTED_EDGE ( 'NONE', *, *, #3623, .F. ) ;
#5756 = CIRCLE ( 'NONE', #4013, 0.1250000000000001110 ) ;
#5757 = EDGE_LOOP ( 'NONE', ( #2457, #1353, #5169, #7898, #267 ) ) ;
#5758 = EDGE_CURVE ( 'NONE', #3559, #5283, #5110, .T. ) ;
#5759 = DIRECTION ( 'NONE',  ( -1.000000000000000000, 0.000000000000000000, 0.000000000000000000 ) ) ;
#5760 = SURFACE_STYLE_FILL_AREA ( #4967 ) ;
#5761 = UNCERTAINTY_MEASURE_WITH_UNIT (LENGTH_MEASURE( 1.000000000000000082E-05 ), #1085, 'distance_accuracy_value', 'NONE');
#5762 = CARTESIAN_POINT ( 'NONE',  ( -0.3750000000000000000, 0.000000000000000000, 1.975000000000000089 ) ) ;
#5763 = DIRECTION ( 'NONE',  ( 0.000000000000000000, 0.000000000000000000, -1.000000000000000000 ) ) ;
#5764 = DIRECTION ( 'NONE',  ( 0.000000000000000000, 0.000000000000000000, -1.000000000000000000 ) ) ;
#5765 = COLOUR_RGB ( '',0.8313725490196077761, 0.8313725490196077761, 0.8313725490196077761 ) ;
#5766 = CARTESIAN_POINT ( 'NONE',  ( -1.149999999999999911, 0.8750000000000000000, -2.149999999999999911 ) ) ;
#5767 = VECTOR ( 'NONE', #1857, 1000.000000000000000 ) ;
#5768 = LINE ( 'NONE', #1991, #7331 ) ;
#5769 = CARTESIAN_POINT ( 'NONE',  ( 1.250000000000000000, 0.1749999999999999889, 0.1250000000000000833 ) ) ;
#5770 = FILL_AREA_STYLE_COLOUR ( '', #7573 ) ;
#5771 = EDGE_LOOP ( 'NONE', ( #2256, #295, #5009, #7686 ) ) ;
#5772 = MECHANICAL_DESIGN_GEOMETRIC_PRESENTATION_REPRESENTATION (  '', ( #2222 ), #8012 ) ;
#5773 = EDGE_LOOP ( 'NONE', ( #2418, #1202, #6893, #1739 ) ) ;
#5774 = COLOUR_RGB ( '',0.8313725490196077761, 0.8313725490196077761, 0.8313725490196077761 ) ;
#5775 = LINE ( 'NONE', #7221, #5262 ) ;
#5776 = DIRECTION ( 'NONE',  ( 0.000000000000000000, -1.000000000000000000, 0.000000000000000000 ) ) ;
#5777 = FILL_AREA_STYLE ('',( #9702 ) ) ;
#5778 = VECTOR ( 'NONE', #6636, 1000.000000000000000 ) ;
#5779 = EDGE_CURVE ( 'NONE', #8488, #4812, #9781, .T. ) ;
#5780 = SHAPE_REPRESENTATION ( 'FRAME-RKS0020A', ( #4985 ), #7544 ) ;
#5781 = EDGE_CURVE ( 'NONE', #6629, #7112, #7413, .T. ) ;
#5782 = DIRECTION ( 'NONE',  ( 0.000000000000000000, 0.000000000000000000, 1.000000000000000000 ) ) ;
#5783 = SURFACE_STYLE_USAGE ( .BOTH. , #1290 ) ;
#5784 = DIRECTION ( 'NONE',  ( 0.000000000000000000, 0.000000000000000000, -1.000000000000000000 ) ) ;
#5785 = DIRECTION ( 'NONE',  ( 0.000000000000000000, 1.000000000000000000, 0.000000000000000000 ) ) ;
#5786 = FILL_AREA_STYLE ('',( #2882 ) ) ;
#5787 = LINE ( 'NONE', #3582, #8904 ) ;
#5788 = EDGE_CURVE ( 'NONE', #5606, #7303, #2085, .T. ) ;
#5789 = CARTESIAN_POINT ( 'NONE',  ( 0.9749999999999999778, 0.000000000000000000, -1.875000000000000000 ) ) ;
#5790 = EDGE_CURVE ( 'NONE', #6011, #7904, #2124, .T. ) ;
#5791 = ORIENTED_EDGE ( 'NONE', *, *, #7795, .F. ) ;
#5792 = DIRECTION ( 'NONE',  ( 0.000000000000000000, 1.000000000000000000, 0.000000000000000000 ) ) ;
#5793 = FACE_OUTER_BOUND ( 'NONE', #8221, .T. ) ;
#5794 = VERTEX_POINT ( 'NONE', #1405 ) ;
#5795 =( LENGTH_UNIT ( ) NAMED_UNIT ( * ) SI_UNIT ( .MILLI., .METRE. ) );
#5796 = CARTESIAN_POINT ( 'NONE',  ( 0.2500000000000000000, 0.2000000000000000111, -1.850000000000000089 ) ) ;
#5797 = VERTEX_POINT ( 'NONE', #6723 ) ;
#5798 = APPLICATION_PROTOCOL_DEFINITION ( 'draft international standard', 'automotive_design', 1998, #2558 ) ;
#5799 = PRESENTATION_STYLE_ASSIGNMENT (( #5900 ) ) ;
#5800 = ORIENTED_EDGE ( 'NONE', *, *, #160, .T. ) ;
#5802 = EDGE_LOOP ( 'NONE', ( #8492, #2170, #5152, #7871 ) ) ;
#5801 = CARTESIAN_POINT ( 'NONE',  ( -0.9749999999999999778, 0.000000000000000000, 1.375000000000000000 ) ) ;
#5803 = EDGE_LOOP ( 'NONE', ( #4495, #7733, #1499, #328 ) ) ;
#5804 = ORIENTED_EDGE ( 'NONE', *, *, #2572, .F. ) ;
#5805 = VERTEX_POINT ( 'NONE', #5251 ) ;
#5806 = CARTESIAN_POINT ( 'NONE',  ( -1.174094889548319642, 1.041934131648605488, -2.058158727481961936 ) ) ;
#5807 = CARTESIAN_POINT ( 'NONE',  ( -1.250000000000000000, 0.000000000000000000, 0.1250000000000000000 ) ) ;
#5808 =( NAMED_UNIT ( * ) SI_UNIT ( $, .STERADIAN. ) SOLID_ANGLE_UNIT ( ) );
#5809 = CARTESIAN_POINT ( 'NONE',  ( 0.3750000000000000000, 0.000000000000000000, 0.000000000000000000 ) ) ;
#5810 = CARTESIAN_POINT ( 'NONE',  ( 0.000000000000000000, 0.000000000000000000, 0.02500000000000000139 ) ) ;
#5811 = CARTESIAN_POINT ( 'NONE',  ( -0.9749999999999999778, 0.000000000000000000, 1.875000000000000000 ) ) ;
#5812 = SURFACE_STYLE_FILL_AREA ( #4332 ) ;
#5813 = DIRECTION ( 'NONE',  ( -0.000000000000000000, -1.000000000000000000, -0.000000000000000000 ) ) ;
#5814 = AXIS2_PLACEMENT_3D ( 'NONE', #1046, #6270, #147 ) ;
#5815 = EDGE_LOOP ( 'NONE', ( #9477, #3524, #458, #7663 ) ) ;
#5816 = DIRECTION ( 'NONE',  ( 1.000000000000000000, 0.000000000000000000, -0.000000000000000000 ) ) ;
#5817 = CARTESIAN_POINT ( 'NONE',  ( -1.250000000000000000, 0.000000000000000000, 2.149999999999999911 ) ) ;
#5818 = CARTESIAN_POINT ( 'NONE',  ( 0.000000000000000000, 0.000000000000000000, 0.000000000000000000 ) ) ;
#5819 = SURFACE_STYLE_USAGE ( .BOTH. , #1026 ) ;
#5820 = AXIS2_PLACEMENT_3D ( 'NONE', #5420, #2395, #1795 ) ;
#5821 = FILL_AREA_STYLE_COLOUR ( '', #8460 ) ;
#5822 = FILL_AREA_STYLE_COLOUR ( '', #4005 ) ;
#5823 = PRESENTATION_LAYER_ASSIGNMENT (  '', '', ( #3910 ) ) ;
#5824 = ADVANCED_FACE ( 'NONE', ( #6001 ), #3010, .T. ) ;
#5825 = DIRECTION ( 'NONE',  ( -0.000000000000000000, 1.000000000000000000, 0.000000000000000000 ) ) ;
#5826 = SURFACE_SIDE_STYLE ('',( #7275 ) ) ;
#5827 = SURFACE_STYLE_USAGE ( .BOTH. , #9414 ) ;
#5828 = FILL_AREA_STYLE ('',( #5133 ) ) ;
#5829 =( NAMED_UNIT ( * ) SI_UNIT ( $, .STERADIAN. ) SOLID_ANGLE_UNIT ( ) );
#5830 = DIRECTION ( 'NONE',  ( 1.000000000000000000, 0.000000000000000000, -0.000000000000000000 ) ) ;
#5831 = COLOUR_RGB ( '',0.8313725490196077761, 0.8313725490196077761, 0.8313725490196077761 ) ;
#5832 = VECTOR ( 'NONE', #8981, 1000.000000000000000 ) ;
#5833 = FILL_AREA_STYLE ('',( #1872 ) ) ;
#5834 = SURFACE_STYLE_FILL_AREA ( #2543 ) ;
#5835 = VECTOR ( 'NONE', #5638, 1000.000000000000000 ) ;
#5836 = ORIENTED_EDGE ( 'NONE', *, *, #3283, .T. ) ;
#5837 = VECTOR ( 'NONE', #6348, 1000.000000000000000 ) ;
#5838 = VERTEX_POINT ( 'NONE', #7049 ) ;
#5839 = AXIS2_PLACEMENT_3D ( 'NONE', #218, #4696, #3087 ) ;
#5840 = CARTESIAN_POINT ( 'NONE',  ( 0.9749999999999999778, 0.2000000000000000111, -1.125000000000000222 ) ) ;
#5841 = LINE ( 'NONE', #2023, #9841 ) ;
#5842 = LINE ( 'NONE', #1252, #2363 ) ;
#5843 = ORIENTED_EDGE ( 'NONE', *, *, #769, .F. ) ;
#5844 = EDGE_CURVE ( 'NONE', #8159, #3821, #9321, .T. ) ;
#5845 = UNCERTAINTY_MEASURE_WITH_UNIT (LENGTH_MEASURE( 1.000000000000000082E-05 ), #774, 'distance_accuracy_value', 'NONE');
#5846 = ADVANCED_FACE ( 'NONE', ( #3199 ), #6261, .T. ) ;
#5847 = VECTOR ( 'NONE', #4199, 1000.000000000000000 ) ;
#5848 = DIRECTION ( 'NONE',  ( 0.000000000000000000, -1.000000000000000000, 0.000000000000000000 ) ) ;
#5849 = APPLICATION_PROTOCOL_DEFINITION ( 'draft international standard', 'automotive_design', 1998, #8507 ) ;
#5850 = FACE_OUTER_BOUND ( 'NONE', #5906, .T. ) ;
#5851 = SURFACE_SIDE_STYLE ('',( #8052 ) ) ;
#5852 = AXIS2_PLACEMENT_3D ( 'NONE', #4721, #1650, #2392 ) ;
#5854 = ORIENTED_EDGE ( 'NONE', *, *, #8792, .F. ) ;
#5853 = SURFACE_SIDE_STYLE ('',( #3505 ) ) ;
#5855 = AXIS2_PLACEMENT_3D ( 'NONE', #1713, #4791, #975 ) ;
#5856 =( LENGTH_UNIT ( ) NAMED_UNIT ( * ) SI_UNIT ( .MILLI., .METRE. ) );
#5857 = VERTEX_POINT ( 'NONE', #9274 ) ;
#5858 = ORIENTED_EDGE ( 'NONE', *, *, #8649, .T. ) ;
#5859 = STYLED_ITEM ( 'NONE', ( #4229 ), #1794 ) ;
#5860 = DIRECTION ( 'NONE',  ( 0.000000000000000000, -1.000000000000000000, -0.000000000000000000 ) ) ;
#5861 = UNCERTAINTY_MEASURE_WITH_UNIT (LENGTH_MEASURE( 1.000000000000000082E-05 ), #7006, 'distance_accuracy_value', 'NONE');
#5862 = VECTOR ( 'NONE', #3597, 1000.000000000000000 ) ;
#5863 = EDGE_CURVE ( 'NONE', #135, #4051, #6661, .T. ) ;
#5864 = DIRECTION ( 'NONE',  ( 0.000000000000000000, -1.000000000000000000, 0.000000000000000000 ) ) ;
#5865 = SURFACE_SIDE_STYLE ('',( #8890 ) ) ;
#5866 = DIRECTION ( 'NONE',  ( -0.000000000000000000, 0.000000000000000000, -1.000000000000000000 ) ) ;
#5867 = DIRECTION ( 'NONE',  ( 0.000000000000000000, 0.000000000000000000, 1.000000000000000000 ) ) ;
#5868 =( GEOMETRIC_REPRESENTATION_CONTEXT ( 3 ) GLOBAL_UNCERTAINTY_ASSIGNED_CONTEXT ( ( #9624 ) ) GLOBAL_UNIT_ASSIGNED_CONTEXT ( ( #8860, #423, #2014 ) ) REPRESENTATION_CONTEXT ( 'NONE', 'WORKASPACE' ) );
#5869 = ORIENTED_EDGE ( 'NONE', *, *, #1275, .T. ) ;
#5870 = VECTOR ( 'NONE', #4395, 1000.000000000000000 ) ;
#5871 = DIRECTION ( 'NONE',  ( 1.000000000000000000, -0.000000000000000000, 0.000000000000000000 ) ) ;
#5872 = LINE ( 'NONE', #7534, #9185 ) ;
#5873 = EDGE_CURVE ( 'NONE', #6368, #50, #4755, .T. ) ;
#5874 =( LENGTH_UNIT ( ) NAMED_UNIT ( * ) SI_UNIT ( .MILLI., .METRE. ) );
#5875 = MECHANICAL_DESIGN_GEOMETRIC_PRESENTATION_REPRESENTATION (  '', ( #7945 ), #9678 ) ;
#5876 = COLOUR_RGB ( '',0.8313725490196077761, 0.8313725490196077761, 0.8313725490196077761 ) ;
#5877 = VECTOR ( 'NONE', #636, 1000.000000000000000 ) ;
#5878 = FILL_AREA_STYLE ('',( #4348 ) ) ;
#5879 = ORIENTED_EDGE ( 'NONE', *, *, #8184, .T. ) ;
#5880 = COLOUR_RGB ( '',0.8313725490196077761, 0.8313725490196077761, 0.8313725490196077761 ) ;
#5881 =( GEOMETRIC_REPRESENTATION_CONTEXT ( 3 ) GLOBAL_UNCERTAINTY_ASSIGNED_CONTEXT ( ( #8655 ) ) GLOBAL_UNIT_ASSIGNED_CONTEXT ( ( #2884, #2106, #4449 ) ) REPRESENTATION_CONTEXT ( 'NONE', 'WORKASPACE' ) );
#5882 = AXIS2_PLACEMENT_3D ( 'NONE', #8650, #3302, #5754 ) ;
#5883 = EDGE_CURVE ( 'NONE', #3241, #3821, #8553, .T. ) ;
#5884 = DIRECTION ( 'NONE',  ( -1.000000000000000000, -0.000000000000000000, -0.000000000000000000 ) ) ;
#5885 = CIRCLE ( 'NONE', #1093, 0.1250000000000000000 ) ;
#5886 = CARTESIAN_POINT ( 'NONE',  ( 0.9749999999999999778, 0.000000000000000000, 0.2500000000000000000 ) ) ;
#5887 = VECTOR ( 'NONE', #2035, 1000.000000000000000 ) ;
#5888 = CARTESIAN_POINT ( 'NONE',  ( -1.250000000000000000, 0.2000000000000000111, -0.8750000000000000000 ) ) ;
#5889 = CARTESIAN_POINT ( 'NONE',  ( -0.5999999999999999778, 0.1000000000000000056, -1.600000000000000089 ) ) ;
#5890 = FILL_AREA_STYLE ('',( #2675 ) ) ;
#5891 = ORIENTED_EDGE ( 'NONE', *, *, #7831, .T. ) ;
#5892 = CARTESIAN_POINT ( 'NONE',  ( 0.1250000000000000000, 0.000000000000000000, 1.975000000000000089 ) ) ;
#5893 = STYLED_ITEM ( 'NONE', ( #8983 ), #7186 ) ;
#5894 = LINE ( 'NONE', #9668, #8888 ) ;
#5895 = CARTESIAN_POINT ( 'NONE',  ( 0.000000000000000000, 0.000000000000000000, -1.875000000000000000 ) ) ;
#5896 = ORIENTED_EDGE ( 'NONE', *, *, #3465, .F. ) ;
#5897 = DIRECTION ( 'NONE',  ( 1.000000000000000000, -0.000000000000000000, 0.000000000000000000 ) ) ;
#5898 = CONTEXT_DEPENDENT_SHAPE_REPRESENTATION ( #4110, #8431 ) ;
#5899 = AXIS2_PLACEMENT_3D ( 'NONE', #4602, #1577, #5327 ) ;
#5900 = SURFACE_STYLE_USAGE ( .BOTH. , #5949 ) ;
#5901 = ORIENTED_EDGE ( 'NONE', *, *, #3301, .T. ) ;
#5902 = EDGE_CURVE ( 'NONE', #4168, #7763, #2312, .T. ) ;
#5903 = VERTEX_POINT ( 'NONE', #6140 ) ;
#5904 = EDGE_CURVE ( 'NONE', #377, #3494, #6934, .T. ) ;
#5905 = ORIENTED_EDGE ( 'NONE', *, *, #8884, .T. ) ;
#5906 = EDGE_LOOP ( 'NONE', ( #5668, #2355, #2583, #5285 ) ) ;
#5907 = CARTESIAN_POINT ( 'NONE',  ( 0.9749999999999999778, 0.1749999999999999889, 0.6250000000000000000 ) ) ;
#5908 = DIRECTION ( 'NONE',  ( 0.000000000000000000, 1.000000000000000000, 0.000000000000000000 ) ) ;
#5909 = DIRECTION ( 'NONE',  ( 0.000000000000000000, 1.000000000000000000, -0.000000000000000000 ) ) ;
#5910 = VERTEX_POINT ( 'NONE', #5437 ) ;
#5911 = VECTOR ( 'NONE', #2986, 1000.000000000000000 ) ;
#5912 = SURFACE_STYLE_FILL_AREA ( #4971 ) ;
#5913 = DIRECTION ( 'NONE',  ( 0.000000000000000000, 0.000000000000000000, -1.000000000000000000 ) ) ;
#5914 = DIRECTION ( 'NONE',  ( 0.000000000000000000, 1.000000000000000000, 0.000000000000000000 ) ) ;
#5915 = DIRECTION ( 'NONE',  ( 0.000000000000000000, -1.000000000000000000, -0.000000000000000000 ) ) ;
#5916 = COLOUR_RGB ( '',0.8313725490196077761, 0.8313725490196077761, 0.8313725490196077761 ) ;
#5917 = ORIENTED_EDGE ( 'NONE', *, *, #6301, .F. ) ;
#5918 = SURFACE_STYLE_FILL_AREA ( #8214 ) ;
#5919 = EDGE_CURVE ( 'NONE', #4155, #4770, #9157, .T. ) ;
#5920 =( NAMED_UNIT ( * ) SI_UNIT ( $, .STERADIAN. ) SOLID_ANGLE_UNIT ( ) );
#5921 = CARTESIAN_POINT ( 'NONE',  ( 1.149999999999999911, 0.8750000000000000000, 1.125000000000000222 ) ) ;
#5922 = SURFACE_STYLE_USAGE ( .BOTH. , #7535 ) ;
#5923 = ORIENTED_EDGE ( 'NONE', *, *, #4139, .F. ) ;
#5924 = DIRECTION ( 'NONE',  ( -0.000000000000000000, 0.000000000000000000, -1.000000000000000000 ) ) ;
#5925 = AXIS2_PLACEMENT_3D ( 'NONE', #8818, #2025, #6504 ) ;
#5926 = AXIS2_PLACEMENT_3D ( 'NONE', #9050, #6926, #8515 ) ;
#5927 =( NAMED_UNIT ( * ) SI_UNIT ( $, .STERADIAN. ) SOLID_ANGLE_UNIT ( ) );
#5928 = FACE_OUTER_BOUND ( 'NONE', #8960, .T. ) ;
#5929 = ADVANCED_FACE ( 'NONE', ( #9112 ), #5382, .F. ) ;
#5930 = VERTEX_POINT ( 'NONE', #4744 ) ;
#5931 = CIRCLE ( 'NONE', #172, 0.1249999999999998890 ) ;
#5932 = CARTESIAN_POINT ( 'NONE',  ( -1.250000000000000000, 0.000000000000000000, 1.375000000000000222 ) ) ;
#5933 = CARTESIAN_POINT ( 'NONE',  ( -1.250000000000000000, 0.2000000000000000111, -1.625000000000000444 ) ) ;
#5934 = CARTESIAN_POINT ( 'NONE',  ( -0.2500000000000000000, 0.2000000000000000111, 1.975000000000000089 ) ) ;
#5935 = CARTESIAN_POINT ( 'NONE',  ( 0.000000000000000000, 0.000000000000000000, 0.000000000000000000 ) ) ;
#5936 = DIRECTION ( 'NONE',  ( 0.000000000000000000, 1.000000000000000000, 0.000000000000000000 ) ) ;
#5937 = DIRECTION ( 'NONE',  ( -0.000000000000000000, -1.000000000000000000, -0.000000000000000000 ) ) ;
#5938 =( GEOMETRIC_REPRESENTATION_CONTEXT ( 3 ) GLOBAL_UNCERTAINTY_ASSIGNED_CONTEXT ( ( #2243 ) ) GLOBAL_UNIT_ASSIGNED_CONTEXT ( ( #3319, #6741, #2879 ) ) REPRESENTATION_CONTEXT ( 'NONE', 'WORKASPACE' ) );
#5939 = CARTESIAN_POINT ( 'NONE',  ( -0.9749999999999999778, 0.1749999999999999889, 0.3750000000000000000 ) ) ;
#5940 = EDGE_CURVE ( 'NONE', #8186, #7148, #7921, .T. ) ;
#5941 = DIRECTION ( 'NONE',  ( -1.000000000000000000, 0.000000000000000000, 0.000000000000000000 ) ) ;
#5942 = SURFACE_STYLE_FILL_AREA ( #4311 ) ;
#5943 = PLANE ( 'NONE',  #926 ) ;
#5944 = CARTESIAN_POINT ( 'NONE',  ( -0.1499999999999999667, 0.06000000000000000472, -1.500000000000000000 ) ) ;
#5945 = CYLINDRICAL_SURFACE ( 'NONE', #3363, 0.1249999999999998890 ) ;
#5946 = ORIENTED_EDGE ( 'NONE', *, *, #1641, .T. ) ;
#5947 = FACE_OUTER_BOUND ( 'NONE', #8452, .T. ) ;
#5948 = DIRECTION ( 'NONE',  ( -1.000000000000000000, -0.000000000000000000, -0.000000000000000000 ) ) ;
#5949 = SURFACE_SIDE_STYLE ('',( #9726 ) ) ;
#5950 = ADVANCED_FACE ( 'NONE', ( #4695 ), #3569, .F. ) ;
#5951 = VERTEX_POINT ( 'NONE', #551 ) ;
#5953 = ORIENTED_EDGE ( 'NONE', *, *, #1508, .F. ) ;
#5952 = SURFACE_STYLE_FILL_AREA ( #586 ) ;
#5954 = PLANE ( 'NONE',  #2179 ) ;
#5955 = EDGE_LOOP ( 'NONE', ( #2425, #7034, #1125, #4216, #5436 ) ) ;
#5956 = ORIENTED_EDGE ( 'NONE', *, *, #3159, .T. ) ;
#5957 = FILL_AREA_STYLE ('',( #2224 ) ) ;
#5958 =( LENGTH_UNIT ( ) NAMED_UNIT ( * ) SI_UNIT ( .MILLI., .METRE. ) );
#5959 = CARTESIAN_POINT ( 'NONE',  ( -0.2500000000000000000, 0.000000000000000000, 1.975000000000000089 ) ) ;
#5960 = CARTESIAN_POINT ( 'NONE',  ( -0.9749999999999999778, 0.000000000000000000, -0.1250000000000000000 ) ) ;
#5961 = CARTESIAN_POINT ( 'NONE',  ( 0.1250000000000000000, 0.000000000000000000, -2.250000000000000444 ) ) ;
#5962 = SURFACE_SIDE_STYLE ('',( #1545 ) ) ;
#5963 = ORIENTED_EDGE ( 'NONE', *, *, #3856, .F. ) ;
#5964 = CARTESIAN_POINT ( 'NONE',  ( 1.250000000000000000, 0.000000000000000000, 1.875000000000000000 ) ) ;
#5965 = EDGE_LOOP ( 'NONE', ( #190, #6474, #1214, #9022 ) ) ;
#5966 =( NAMED_UNIT ( * ) PLANE_ANGLE_UNIT ( ) SI_UNIT ( $, .RADIAN. ) );
#5967 = CARTESIAN_POINT ( 'NONE',  ( 0.000000000000000000, 0.000000000000000000, -1.125000000000000222 ) ) ;
#5968 = EDGE_CURVE ( 'NONE', #4475, #1681, #9039, .T. ) ;
#5969 = EDGE_CURVE ( 'NONE', #4471, #7218, #3722, .T. ) ;
#5970 = CIRCLE ( 'NONE', #1643, 0.09999999999999982514 ) ;
#5971 = DIRECTION ( 'NONE',  ( 0.000000000000000000, 0.000000000000000000, 1.000000000000000000 ) ) ;
#5972 = DIRECTION ( 'NONE',  ( 0.000000000000000000, -0.000000000000000000, -1.000000000000000000 ) ) ;
#5973 = VECTOR ( 'NONE', #606, 1000.000000000000000 ) ;
#5974 = CARTESIAN_POINT ( 'NONE',  ( 1.250000000000000000, 0.000000000000000000, 1.125000000000000222 ) ) ;
#5975 = EDGE_CURVE ( 'NONE', #6037, #9696, #2134, .T. ) ;
#5976 = AXIS2_PLACEMENT_3D ( 'NONE', #8765, #5825, #3574 ) ;
#5977 = CARTESIAN_POINT ( 'NONE',  ( 0.9749999999999999778, 0.2000000000000000111, 0.1250000000000000000 ) ) ;
#5978 = DIRECTION ( 'NONE',  ( 0.000000000000000000, 0.000000000000000000, -1.000000000000000000 ) ) ;
#5979 = ORIENTED_EDGE ( 'NONE', *, *, #2554, .F. ) ;
#5980 = VERTEX_POINT ( 'NONE', #2185 ) ;
#5981 = VECTOR ( 'NONE', #1653, 1000.000000000000000 ) ;
#5982 = FILL_AREA_STYLE ('',( #3692 ) ) ;
#5983 = EDGE_LOOP ( 'NONE', ( #4577, #7706, #7399, #7806 ) ) ;
#5984 = DIRECTION ( 'NONE',  ( -0.000000000000000000, 1.000000000000000000, -0.000000000000000000 ) ) ;
#5985 = CARTESIAN_POINT ( 'NONE',  ( -0.9749999999999999778, 0.000000000000000000, -1.375000000000000000 ) ) ;
#5986 = DIRECTION ( 'NONE',  ( -0.000000000000000000, 1.000000000000000000, 0.000000000000000000 ) ) ;
#5987 = ORIENTED_EDGE ( 'NONE', *, *, #7768, .T. ) ;
#5988 = COLOUR_RGB ( '',0.8313725490196077761, 0.8313725490196077761, 0.8313725490196077761 ) ;
#5989 = EDGE_CURVE ( 'NONE', #1808, #7665, #5872, .T. ) ;
#5990 =( NAMED_UNIT ( * ) PLANE_ANGLE_UNIT ( ) SI_UNIT ( $, .RADIAN. ) );
#5991 = FILL_AREA_STYLE_COLOUR ( '', #5729 ) ;
#5992 = CARTESIAN_POINT ( 'NONE',  ( 0.9749999999999999778, 0.000000000000000000, -0.2500000000000000000 ) ) ;
#5993 = PRESENTATION_LAYER_ASSIGNMENT (  '', '', ( #9162 ) ) ;
#5994 = PRESENTATION_STYLE_ASSIGNMENT (( #683 ) ) ;
#5995 = AXIS2_PLACEMENT_3D ( 'NONE', #7696, #6199, #5383 ) ;
#5996 = CARTESIAN_POINT ( 'NONE',  ( 0.9749999999999999778, -0.04000000000000000083, -0.6250000000000000000 ) ) ;
#5997 = ORIENTED_EDGE ( 'NONE', *, *, #7073, .F. ) ;
#5998 = ORIENTED_EDGE ( 'NONE', *, *, #9379, .T. ) ;
#5999 =( GEOMETRIC_REPRESENTATION_CONTEXT ( 3 ) GLOBAL_UNCERTAINTY_ASSIGNED_CONTEXT ( ( #9323 ) ) GLOBAL_UNIT_ASSIGNED_CONTEXT ( ( #1760, #4840, #3229 ) ) REPRESENTATION_CONTEXT ( 'NONE', 'WORKASPACE' ) );
#6000 = LINE ( 'NONE', #6721, #9870 ) ;
#6001 = FACE_OUTER_BOUND ( 'NONE', #7379, .T. ) ;
#6002 = ORIENTED_EDGE ( 'NONE', *, *, #3527, .F. ) ;
#6004 = EDGE_CURVE ( 'NONE', #3208, #1197, #3614, .T. ) ;
#6003 = FILL_AREA_STYLE_COLOUR ( '', #9856 ) ;
#6005 = CARTESIAN_POINT ( 'NONE',  ( -1.250000000000000000, 0.000000000000000000, -2.250000000000000444 ) ) ;
#6006 =( GEOMETRIC_REPRESENTATION_CONTEXT ( 3 ) GLOBAL_UNCERTAINTY_ASSIGNED_CONTEXT ( ( #8939 ) ) GLOBAL_UNIT_ASSIGNED_CONTEXT ( ( #3960, #4010, #3912 ) ) REPRESENTATION_CONTEXT ( 'NONE', 'WORKASPACE' ) );
#6007 = MECHANICAL_DESIGN_GEOMETRIC_PRESENTATION_REPRESENTATION (  '', ( #6489 ), #7722 ) ;
#6008 = LINE ( 'NONE', #4622, #4481 ) ;
#6009 =( GEOMETRIC_REPRESENTATION_CONTEXT ( 3 ) GLOBAL_UNCERTAINTY_ASSIGNED_CONTEXT ( ( #1929 ) ) GLOBAL_UNIT_ASSIGNED_CONTEXT ( ( #7940, #9371, #7043 ) ) REPRESENTATION_CONTEXT ( 'NONE', 'WORKASPACE' ) );
#6010 = DIRECTION ( 'NONE',  ( 0.000000000000000000, 0.000000000000000000, -1.000000000000000000 ) ) ;
#6011 = VERTEX_POINT ( 'NONE', #608 ) ;
#6012 =( NAMED_UNIT ( * ) SI_UNIT ( $, .STERADIAN. ) SOLID_ANGLE_UNIT ( ) );
#6013 = DIRECTION ( 'NONE',  ( 0.000000000000000000, 1.000000000000000000, 0.000000000000000000 ) ) ;
#6014 = CARTESIAN_POINT ( 'NONE',  ( -0.9749999999999999778, -0.04000000000000000083, -1.625000000000000222 ) ) ;
#6015 = DIRECTION ( 'NONE',  ( 0.000000000000000000, -0.000000000000000000, 1.000000000000000000 ) ) ;
#6016 = VECTOR ( 'NONE', #9006, 1000.000000000000000 ) ;
#6017 = CARTESIAN_POINT ( 'NONE',  ( -0.2500000000000000000, 0.000000000000000000, -1.975000000000000089 ) ) ;
#6018 = MECHANICAL_DESIGN_GEOMETRIC_PRESENTATION_REPRESENTATION (  '', ( #3303 ), #9507 ) ;
#6019 = DIRECTION ( 'NONE',  ( -0.000000000000000000, -1.000000000000000000, -0.000000000000000000 ) ) ;
#6020 = CARTESIAN_POINT ( 'NONE',  ( 0.9749999999999999778, 0.2000000000000000111, -0.6250000000000000000 ) ) ;
#6021 = ORIENTED_EDGE ( 'NONE', *, *, #9565, .F. ) ;
#6022 = ADVANCED_FACE ( 'NONE', ( #1368 ), #2050, .F. ) ;
#6023 = EDGE_CURVE ( 'NONE', #6224, #8044, #3668, .T. ) ;
#6024 = CLOSED_SHELL ( 'NONE', ( #6787, #9795, #2297, #3707, #9009, #5511 ) ) ;
#6025 = VECTOR ( 'NONE', #8625, 1000.000000000000000 ) ;
#6026 = CARTESIAN_POINT ( 'NONE',  ( -0.9749999999999999778, 0.000000000000000000, 1.125000000000000222 ) ) ;
#6027 = CARTESIAN_POINT ( 'NONE',  ( -0.2500000000000000000, 0.000000000000000000, -1.975000000000000089 ) ) ;
#6028 = CARTESIAN_POINT ( 'NONE',  ( 0.000000000000000000, 0.06000000000000000472, -1.600000000000000089 ) ) ;
#6029 = CARTESIAN_POINT ( 'NONE',  ( -0.9749999999999999778, 0.000000000000000000, -1.750000000000000000 ) ) ;
#6030 = SURFACE_STYLE_USAGE ( .BOTH. , #1476 ) ;
#6031 = DIRECTION ( 'NONE',  ( 0.000000000000000000, 1.000000000000000000, 0.000000000000000000 ) ) ;
#6032 = VECTOR ( 'NONE', #3041, 1000.000000000000000 ) ;
#6033 = AXIS2_PLACEMENT_3D ( 'NONE', #5889, #1962, #6550 ) ;
#6034 =( GEOMETRIC_REPRESENTATION_CONTEXT ( 3 ) GLOBAL_UNCERTAINTY_ASSIGNED_CONTEXT ( ( #3742 ) ) GLOBAL_UNIT_ASSIGNED_CONTEXT ( ( #8354, #9180, #6516 ) ) REPRESENTATION_CONTEXT ( 'NONE', 'WORKASPACE' ) );
#6035 = VERTEX_POINT ( 'NONE', #1419 ) ;
#6036 = VECTOR ( 'NONE', #5986, 1000.000000000000000 ) ;
#6037 = VERTEX_POINT ( 'NONE', #4489 ) ;
#6038 = EDGE_CURVE ( 'NONE', #486, #7482, #462, .T. ) ;
#6039 = CARTESIAN_POINT ( 'NONE',  ( 1.125094501859785101, 0.9080625828929618226, -2.241030663926139699 ) ) ;
#6041 = VERTEX_POINT ( 'NONE', #6587 ) ;
#6040 = FILL_AREA_STYLE ('',( #9716 ) ) ;
#6042 = LINE ( 'NONE', #3788, #5548 ) ;
#6043 = DIRECTION ( 'NONE',  ( 0.000000000000000000, -1.000000000000000000, -0.000000000000000000 ) ) ;
#6044 =( BOUNDED_SURFACE ( )  B_SPLINE_SURFACE ( 3, 3, ( 
 ( #4693, #3737, #9205, #9808 ),
 ( #2309, #880, #2940, #6794 ),
 ( #2157, #2994, #5377, #8329 ),
 ( #5235, #777, #716, #6039 ) ),
 .UNSPECIFIED., .F., .F., .T. ) 
 B_SPLINE_SURFACE_WITH_KNOTS ( ( 4, 4 ),
 ( 4, 4 ),
 ( 0.000000000000000000, 1.000000000000000000 ),
 ( 0.000000000000000000, 1.000000000000000000 ),
 .UNSPECIFIED. ) 
 GEOMETRIC_REPRESENTATION_ITEM ( )  RATIONAL_B_SPLINE_SURFACE ( (
 ( 1.000000000000000000, 0.3333333333333343140, 0.3333333333333343140, 1.000000000000000000),
 ( 0.9245018060306373631, 0.3081672686768800462, 0.3081672686768800462, 0.9245018060306373631),
 ( 0.9245018060306373631, 0.3081672686768800462, 0.3081672686768800462, 0.9245018060306373631),
 ( 1.000000000000000000, 0.3333333333333343140, 0.3333333333333343140, 1.000000000000000000) ) ) 
 REPRESENTATION_ITEM ( '' )  SURFACE ( )  );
#6045 = CIRCLE ( 'NONE', #8125, 0.1250000000000001110 ) ;
#6046 = ORIENTED_EDGE ( 'NONE', *, *, #4408, .F. ) ;
#6047 = STYLED_ITEM ( 'NONE', ( #7519 ), #3768 ) ;
#6048 = PLANE ( 'NONE',  #9327 ) ;
#6049 = LINE ( 'NONE', #6899, #611 ) ;
#6050 = CARTESIAN_POINT ( 'NONE',  ( -1.250000000000000000, 0.1749999999999999889, 0.6250000000000001110 ) ) ;
#6051 = FILL_AREA_STYLE ('',( #1394 ) ) ;
#6052 = CIRCLE ( 'NONE', #288, 0.1250000000000000000 ) ;
#6053 = ADVANCED_FACE ( 'NONE', ( #8847 ), #2859, .T. ) ;
#6054 = LINE ( 'NONE', #4563, #8088 ) ;
#6055 = ORIENTED_EDGE ( 'NONE', *, *, #1892, .T. ) ;
#6056 = CARTESIAN_POINT ( 'NONE',  ( -0.5000000000000000000, 0.06000000000000000472, 1.500000000000000000 ) ) ;
#6057 = CARTESIAN_POINT ( 'NONE',  ( 0.000000000000000000, 0.1749999999999999889, -0.3750000000000000000 ) ) ;
#6058 = ORIENTED_EDGE ( 'NONE', *, *, #9794, .T. ) ;
#6059 = UNCERTAINTY_MEASURE_WITH_UNIT (LENGTH_MEASURE( 1.000000000000000082E-05 ), #9402, 'distance_accuracy_value', 'NONE');
#6060 = SURFACE_STYLE_FILL_AREA ( #3012 ) ;
#6061 = FILL_AREA_STYLE ('',( #6673 ) ) ;
#6062 = VECTOR ( 'NONE', #144, 1000.000000000000000 ) ;
#6063 = CARTESIAN_POINT ( 'NONE',  ( -1.149999999999999911, 0.9197213595499957872, 2.239442719099991486 ) ) ;
#6064 = FACE_OUTER_BOUND ( 'NONE', #6160, .T. ) ;
#6065 = EDGE_LOOP ( 'NONE', ( #5719, #6783, #2687, #3925 ) ) ;
#6066 = ADVANCED_FACE ( 'NONE', ( #810 ), #2342, .F. ) ;
#6067 = CARTESIAN_POINT ( 'NONE',  ( -0.1250000000000000000, 0.2000000000000000111, 2.250000000000000444 ) ) ;
#6068 = AXIS2_PLACEMENT_3D ( 'NONE', #9758, #9707, #6084 ) ;
#6069 = LINE ( 'NONE', #4534, #7602 ) ;
#6070 = SURFACE_SIDE_STYLE ('',( #8357 ) ) ;
#6071 = MECHANICAL_DESIGN_GEOMETRIC_PRESENTATION_REPRESENTATION (  '', ( #7516 ), #8913 ) ;
#6072 = SURFACE_STYLE_FILL_AREA ( #4535 ) ;
#6073 = DIRECTION ( 'NONE',  ( 0.000000000000000000, 0.000000000000000000, 1.000000000000000000 ) ) ;
#6074 = ORIENTED_EDGE ( 'NONE', *, *, #6968, .F. ) ;
#6075 = SURFACE_SIDE_STYLE ('',( #814 ) ) ;
#6076 = COLOUR_RGB ( '',0.8313725490196077761, 0.8313725490196077761, 0.8313725490196077761 ) ;
#6077 = MECHANICAL_DESIGN_GEOMETRIC_PRESENTATION_REPRESENTATION (  '', ( #632 ), #151 ) ;
#6078 = FILL_AREA_STYLE ('',( #9100 ) ) ;
#6079 = DIRECTION ( 'NONE',  ( -1.000000000000000000, 0.000000000000000000, -0.000000000000000000 ) ) ;
#6080 = ORIENTED_EDGE ( 'NONE', *, *, #2269, .F. ) ;
#6081 = DIRECTION ( 'NONE',  ( -1.000000000000000000, 0.000000000000000000, -0.000000000000000000 ) ) ;
#6082 = COLOUR_RGB ( '',0.8313725490196077761, 0.8313725490196077761, 0.8313725490196077761 ) ;
#6083 = VECTOR ( 'NONE', #7368, 1000.000000000000000 ) ;
#6084 = DIRECTION ( 'NONE',  ( 0.000000000000000000, 0.000000000000000000, 1.000000000000000000 ) ) ;
#6085 = CARTESIAN_POINT ( 'NONE',  ( -1.250000000000000000, 0.2000000000000000111, -1.375000000000000000 ) ) ;
#6086 = DIRECTION ( 'NONE',  ( 0.000000000000000000, 0.000000000000000000, 1.000000000000000000 ) ) ;
#6087 = EDGE_CURVE ( 'NONE', #1938, #9811, #3141, .T. ) ;
#6088 = DIRECTION ( 'NONE',  ( 0.000000000000000000, -1.000000000000000000, -0.000000000000000000 ) ) ;
#6089 = VECTOR ( 'NONE', #5140, 1000.000000000000000 ) ;
#6090 = ORIENTED_EDGE ( 'NONE', *, *, #4295, .F. ) ;
#6091 = MECHANICAL_DESIGN_GEOMETRIC_PRESENTATION_REPRESENTATION (  '', ( #2887 ), #806 ) ;
#6092 = ORIENTED_EDGE ( 'NONE', *, *, #5758, .F. ) ;
#6093 = DIRECTION ( 'NONE',  ( 0.000000000000000000, 0.000000000000000000, -1.000000000000000000 ) ) ;
#6094 = LINE ( 'NONE', #3848, #1226 ) ;
#6095 = FACE_OUTER_BOUND ( 'NONE', #443, .T. ) ;
#6096 = ORIENTED_EDGE ( 'NONE', *, *, #4497, .T. ) ;
#6097 =( LENGTH_UNIT ( ) NAMED_UNIT ( * ) SI_UNIT ( .MILLI., .METRE. ) );
#6098 = EDGE_CURVE ( 'NONE', #9271, #2831, #3952, .T. ) ;
#6099 = FACE_OUTER_BOUND ( 'NONE', #6276, .T. ) ;
#6100 = DIRECTION ( 'NONE',  ( -1.000000000000000000, 0.000000000000000000, -0.000000000000000000 ) ) ;
#6101 = CARTESIAN_POINT ( 'NONE',  ( 0.000000000000000000, 0.000000000000000000, 0.000000000000000000 ) ) ;
#6102 = DIRECTION ( 'NONE',  ( 0.000000000000000000, -0.000000000000000000, -1.000000000000000000 ) ) ;
#6103 = ORIENTED_EDGE ( 'NONE', *, *, #3371, .T. ) ;
#6104 = DIRECTION ( 'NONE',  ( 0.000000000000000000, 0.000000000000000000, 1.000000000000000000 ) ) ;
#6105 = CARTESIAN_POINT ( 'NONE',  ( -0.9749999999999999778, 0.1749999999999999889, 0.6250000000000000000 ) ) ;
#6106 = DIRECTION ( 'NONE',  ( -0.000000000000000000, 1.000000000000000000, 0.000000000000000000 ) ) ;
#6107 = SURFACE_STYLE_USAGE ( .BOTH. , #9828 ) ;
#6108 = PRESENTATION_STYLE_ASSIGNMENT (( #9129 ) ) ;
#6109 = DIRECTION ( 'NONE',  ( 0.000000000000000000, 0.000000000000000000, 1.000000000000000000 ) ) ;
#6110 = EDGE_CURVE ( 'NONE', #184, #427, #1552, .T. ) ;
#6111 = LINE ( 'NONE', #9131, #1427 ) ;
#6112 = LINE ( 'NONE', #4530, #4241 ) ;
#6113 = VERTEX_POINT ( 'NONE', #2240 ) ;
#6114 = FILL_AREA_STYLE ('',( #5023 ) ) ;
#6115 = PLANE ( 'NONE',  #5882 ) ;
#6116 = STYLED_ITEM ( 'NONE', ( #7928 ), #3048 ) ;
#6117 = CARTESIAN_POINT ( 'NONE',  ( -1.184165146386241263, 0.9327350269189619292, 2.231304907451683750 ) ) ;
#6118 = FILL_AREA_STYLE ('',( #3066 ) ) ;
#6119 = CYLINDRICAL_SURFACE ( 'NONE', #5748, 0.1250000000000001110 ) ;
#6120 = LINE ( 'NONE', #3257, #9516 ) ;
#6121 = DIRECTION ( 'NONE',  ( -1.000000000000000000, 0.000000000000000000, 0.000000000000000000 ) ) ;
#6122 = ADVANCED_FACE ( 'NONE', ( #6349 ), #9373, .T. ) ;
#6123 =( NAMED_UNIT ( * ) PLANE_ANGLE_UNIT ( ) SI_UNIT ( $, .RADIAN. ) );
#6124 = FILL_AREA_STYLE ('',( #3071 ) ) ;
#6125 = PRODUCT ( 'BODY-QFN', 'BODY-QFN', '', ( #6657 ) ) ;
#6126 = LINE ( 'NONE', #6239, #1864 ) ;
#6127 = FILL_AREA_STYLE ('',( #1473 ) ) ;
#6128 = CARTESIAN_POINT ( 'NONE',  ( -0.9749999999999999778, 0.1749999999999999889, 0.2500000000000000000 ) ) ;
#6129 = EDGE_CURVE ( 'NONE', #7759, #5193, #7503, .T. ) ;
#6130 = DIRECTION ( 'NONE',  ( -0.000000000000000000, -1.000000000000000000, -0.000000000000000000 ) ) ;
#6131 = CARTESIAN_POINT ( 'NONE',  ( -0.9749999999999999778, 0.000000000000000000, -0.2500000000000000000 ) ) ;
#6132 = ORIENTED_EDGE ( 'NONE', *, *, #663, .F. ) ;
#6133 =( GEOMETRIC_REPRESENTATION_CONTEXT ( 3 ) GLOBAL_UNCERTAINTY_ASSIGNED_CONTEXT ( ( #3439 ) ) GLOBAL_UNIT_ASSIGNED_CONTEXT ( ( #513, #3576, #4294 ) ) REPRESENTATION_CONTEXT ( 'NONE', 'WORKASPACE' ) );
#6134 = ORIENTED_EDGE ( 'NONE', *, *, #6937, .F. ) ;
#6135 = ORIENTED_EDGE ( 'NONE', *, *, #1234, .T. ) ;
#6136 = DIRECTION ( 'NONE',  ( 0.000000000000000000, 0.000000000000000000, -1.000000000000000000 ) ) ;
#6137 = VECTOR ( 'NONE', #9609, 1000.000000000000000 ) ;
#6138 =( NAMED_UNIT ( * ) SI_UNIT ( $, .STERADIAN. ) SOLID_ANGLE_UNIT ( ) );
#6139 = FACE_OUTER_BOUND ( 'NONE', #9330, .T. ) ;
#6140 = CARTESIAN_POINT ( 'NONE',  ( -1.250000000000000000, 0.1749999999999999889, 1.625000000000000444 ) ) ;
#6141 = FILL_AREA_STYLE_COLOUR ( '', #1044 ) ;
#6142 =( LENGTH_UNIT ( ) NAMED_UNIT ( * ) SI_UNIT ( .MILLI., .METRE. ) );
#6143 = CARTESIAN_POINT ( 'NONE',  ( 1.250000000000000000, 0.2000000000000000111, -0.3750000000000000000 ) ) ;
#6144 = CARTESIAN_POINT ( 'NONE',  ( -0.2500000000000000000, 0.000000000000000000, -1.850000000000000089 ) ) ;
#6145 = DIRECTION ( 'NONE',  ( 0.000000000000000000, 1.000000000000000000, -0.000000000000000000 ) ) ;
#6146 = EDGE_CURVE ( 'NONE', #3653, #8060, #778, .T. ) ;
#6147 = EDGE_LOOP ( 'NONE', ( #8387, #8796, #8882, #3500 ) ) ;
#6148 = EDGE_CURVE ( 'NONE', #868, #953, #6094, .T. ) ;
#6149 = CARTESIAN_POINT ( 'NONE',  ( -0.3750000000000000000, 0.1749999999999999889, -1.975000000000000089 ) ) ;
#6150 = LINE ( 'NONE', #136, #8914 ) ;
#6151 = CARTESIAN_POINT ( 'NONE',  ( -0.9749999999999999778, -0.04000000000000000083, 1.625000000000000222 ) ) ;
#6152 = ORIENTED_EDGE ( 'NONE', *, *, #8992, .T. ) ;
#6153 = FILL_AREA_STYLE ('',( #5399 ) ) ;
#6154 = MANIFOLD_SOLID_BREP ( 'Imported20', #7624 ) ;
#6155 = CARTESIAN_POINT ( 'NONE',  ( 0.2500000000000000000, 0.000000000000000000, 1.850000000000000089 ) ) ;
#6156 =( LENGTH_UNIT ( ) NAMED_UNIT ( * ) SI_UNIT ( .MILLI., .METRE. ) );
#6157 = ORIENTED_EDGE ( 'NONE', *, *, #7222, .F. ) ;
#6158 = PLANE ( 'NONE',  #2101 ) ;
#6159 = ORIENTED_EDGE ( 'NONE', *, *, #1970, .T. ) ;
#6160 = EDGE_LOOP ( 'NONE', ( #7332, #5692, #6746, #9788 ) ) ;
#6161 = FACE_OUTER_BOUND ( 'NONE', #5773, .T. ) ;
#6162 =( NAMED_UNIT ( * ) SI_UNIT ( $, .STERADIAN. ) SOLID_ANGLE_UNIT ( ) );
#6163 = ORIENTED_EDGE ( 'NONE', *, *, #7966, .T. ) ;
#6164 = EDGE_CURVE ( 'NONE', #1197, #9786, #2995, .T. ) ;
#6165 =( NAMED_UNIT ( * ) SI_UNIT ( $, .STERADIAN. ) SOLID_ANGLE_UNIT ( ) );
#6166 = UNCERTAINTY_MEASURE_WITH_UNIT (LENGTH_MEASURE( 1.000000000000000082E-05 ), #7858, 'distance_accuracy_value', 'NONE');
#6167 = VERTEX_POINT ( 'NONE', #5801 ) ;
#6168 = CARTESIAN_POINT ( 'NONE',  ( -0.1499999999999999667, 0.1000000000000000056, -1.500000000000000000 ) ) ;
#6169 = CARTESIAN_POINT ( 'NONE',  ( 0.000000000000000000, 0.000000000000000000, -0.3750000000000000000 ) ) ;
#6170 = COLOUR_RGB ( '',0.8313725490196077761, 0.8313725490196077761, 0.8313725490196077761 ) ;
#6171 = SURFACE_STYLE_USAGE ( .BOTH. , #3119 ) ;
#6172 = PRESENTATION_STYLE_ASSIGNMENT (( #3121 ) ) ;
#6173 = EDGE_CURVE ( 'NONE', #2153, #4223, #4269, .T. ) ;
#6174 = MECHANICAL_DESIGN_GEOMETRIC_PRESENTATION_REPRESENTATION (  '', ( #5364 ), #7283 ) ;
#6175 = AXIS2_PLACEMENT_3D ( 'NONE', #1059, #1699, #4122 ) ;
#6176 = LINE ( 'NONE', #2295, #4547 ) ;
#6177 = CARTESIAN_POINT ( 'NONE',  ( -0.9749999999999999778, -0.04000000000000000083, 0.6250000000000000000 ) ) ;
#6178 = ORIENTED_EDGE ( 'NONE', *, *, #3008, .F. ) ;
#6179 = EDGE_CURVE ( 'NONE', #4756, #3559, #8014, .T. ) ;
#6180 =( GEOMETRIC_REPRESENTATION_CONTEXT ( 3 ) GLOBAL_UNCERTAINTY_ASSIGNED_CONTEXT ( ( #8821 ) ) GLOBAL_UNIT_ASSIGNED_CONTEXT ( ( #5640, #3383, #6602 ) ) REPRESENTATION_CONTEXT ( 'NONE', 'WORKASPACE' ) );
#6181 = SURFACE_STYLE_FILL_AREA ( #5369 ) ;
#6182 = DIRECTION ( 'NONE',  ( 0.000000000000000000, -1.000000000000000000, 0.000000000000000000 ) ) ;
#6183 = COLOUR_RGB ( '',0.8313725490196077761, 0.8313725490196077761, 0.8313725490196077761 ) ;
#6184 = LINE ( 'NONE', #7873, #6872 ) ;
#6185 = VECTOR ( 'NONE', #8404, 1000.000000000000000 ) ;
#6186 = PLANE ( 'NONE',  #7449 ) ;
#6187 = DIRECTION ( 'NONE',  ( -0.000000000000000000, -0.000000000000000000, 1.000000000000000000 ) ) ;
#6188 = ORIENTED_EDGE ( 'NONE', *, *, #6148, .T. ) ;
#6189 = PRESENTATION_LAYER_ASSIGNMENT (  '', '', ( #5216 ) ) ;
#6190 = SURFACE_STYLE_USAGE ( .BOTH. , #1437 ) ;
#6191 = MECHANICAL_DESIGN_GEOMETRIC_PRESENTATION_REPRESENTATION (  '', ( #1237 ), #3629 ) ;
#6192 = ORIENTED_EDGE ( 'NONE', *, *, #6284, .T. ) ;
#6193 = ADVANCED_FACE ( 'NONE', ( #3448 ), #7404, .F. ) ;
#6194 = CARTESIAN_POINT ( 'NONE',  ( -1.250000000000000000, 0.000000000000000000, 0.3750000000000000000 ) ) ;
#6195 = VERTEX_POINT ( 'NONE', #387 ) ;
#6196 = PRESENTATION_STYLE_ASSIGNMENT (( #8429 ) ) ;
#6197 = DIRECTION ( 'NONE',  ( -0.000000000000000000, -0.000000000000000000, 1.000000000000000000 ) ) ;
#6198 = MANIFOLD_SOLID_BREP ( 'Imported11', #6830 ) ;
#6199 = DIRECTION ( 'NONE',  ( 0.000000000000000000, 0.000000000000000000, 1.000000000000000000 ) ) ;
#6200 = VECTOR ( 'NONE', #9388, 1000.000000000000000 ) ;
#6201 = COLOUR_RGB ( '',0.8313725490196077761, 0.8313725490196077761, 0.8313725490196077761 ) ;
#6202 = AXIS2_PLACEMENT_3D ( 'NONE', #4261, #3436, #9520 ) ;
#6203 = SURFACE_STYLE_USAGE ( .BOTH. , #3907 ) ;
#6204 = VECTOR ( 'NONE', #8412, 1000.000000000000000 ) ;
#6205 = VERTEX_POINT ( 'NONE', #6663 ) ;
#6206 = STYLED_ITEM ( 'NONE', ( #3701 ), #6718 ) ;
#6207 = PLANE ( 'NONE',  #2868 ) ;
#6208 = CARTESIAN_POINT ( 'NONE',  ( 0.9749999999999999778, 0.000000000000000000, 0.6250000000000000000 ) ) ;
#6209 = CYLINDRICAL_SURFACE ( 'NONE', #4029, 0.1249999999999998890 ) ;
#6210 = FILL_AREA_STYLE ('',( #3148 ) ) ;
#6211 = EDGE_LOOP ( 'NONE', ( #3304, #3449, #8480, #4075, #4949 ) ) ;
#6212 = PLANE ( 'NONE',  #8127 ) ;
#6213 = SURFACE_STYLE_USAGE ( .BOTH. , #7139 ) ;
#6214 = PRESENTATION_LAYER_ASSIGNMENT (  '', '', ( #3487 ) ) ;
#6215 = CARTESIAN_POINT ( 'NONE',  ( -1.307966438303961088, 0.7741910341373196003, 2.192030276237607378 ) ) ;
#6216 = VECTOR ( 'NONE', #2218, 1000.000000000000000 ) ;
#6217 = ADVANCED_FACE ( 'NONE', ( #1198 ), #2787, .F. ) ;
#6218 =( GEOMETRIC_REPRESENTATION_CONTEXT ( 3 ) GLOBAL_UNCERTAINTY_ASSIGNED_CONTEXT ( ( #725 ) ) GLOBAL_UNIT_ASSIGNED_CONTEXT ( ( #2842, #5151, #654 ) ) REPRESENTATION_CONTEXT ( 'NONE', 'WORKASPACE' ) );
#6219 = DIRECTION ( 'NONE',  ( 0.000000000000000000, -1.000000000000000000, -0.000000000000000000 ) ) ;
#6220 = ORIENTED_EDGE ( 'NONE', *, *, #426, .T. ) ;
#6221 = SURFACE_SIDE_STYLE ('',( #4532 ) ) ;
#6222 = FILL_AREA_STYLE ('',( #7012 ) ) ;
#6223 = SURFACE_STYLE_USAGE ( .BOTH. , #853 ) ;
#6224 = VERTEX_POINT ( 'NONE', #6456 ) ;
#6225 = CARTESIAN_POINT ( 'NONE',  ( -1.207735026918961285, 0.9327350269189628174, 2.207735026918963506 ) ) ;
#6226 = FILL_AREA_STYLE_COLOUR ( '', #2369 ) ;
#6227 = ORIENTED_EDGE ( 'NONE', *, *, #7989, .T. ) ;
#6228 = COLOUR_RGB ( '',0.8313725490196077761, 0.8313725490196077761, 0.8313725490196077761 ) ;
#6229 = DIRECTION ( 'NONE',  ( -0.000000000000000000, 1.000000000000000000, 0.000000000000000000 ) ) ;
#6230 = PLANE ( 'NONE',  #247 ) ;
#6231 = ADVANCED_FACE ( 'NONE', ( #5702 ), #3859, .T. ) ;
#6232 = CARTESIAN_POINT ( 'NONE',  ( -1.250000000000000000, 0.2000000000000000111, 1.625000000000000444 ) ) ;
#6233 = EDGE_CURVE ( 'NONE', #309, #6443, #8199, .T. ) ;
#6234 =( NAMED_UNIT ( * ) PLANE_ANGLE_UNIT ( ) SI_UNIT ( $, .RADIAN. ) );
#6235 = CIRCLE ( 'NONE', #7658, 0.1250000000000000000 ) ;
#6236 = VECTOR ( 'NONE', #41, 1000.000000000000000 ) ;
#6237 = VERTEX_POINT ( 'NONE', #2952 ) ;
#6238 = MANIFOLD_SOLID_BREP ( 'Imported1', #3001 ) ;
#6239 = CARTESIAN_POINT ( 'NONE',  ( 0.000000000000000000, 0.1000000000000000056, -1.500000000000000000 ) ) ;
#6240 = EDGE_LOOP ( 'NONE', ( #5956, #8101, #9431, #4049 ) ) ;
#6241 = DIRECTION ( 'NONE',  ( 0.000000000000000000, 0.000000000000000000, -1.000000000000000000 ) ) ;
#6242 = VECTOR ( 'NONE', #8416, 1000.000000000000000 ) ;
#6243 = CARTESIAN_POINT ( 'NONE',  ( 0.9749999999999999778, 0.1749999999999999889, -1.375000000000000000 ) ) ;
#6244 = AXIS2_PLACEMENT_3D ( 'NONE', #5516, #4135, #4839 ) ;
#6245 = ADVANCED_FACE ( 'NONE', ( #6758 ), #3652, .F. ) ;
#6246 = SURFACE_STYLE_FILL_AREA ( #9409 ) ;
#6247 =( LENGTH_UNIT ( ) NAMED_UNIT ( * ) SI_UNIT ( .MILLI., .METRE. ) );
#6248 = ORIENTED_EDGE ( 'NONE', *, *, #9307, .F. ) ;
#6249 = COLOUR_RGB ( '',0.8313725490196077761, 0.8313725490196077761, 0.8313725490196077761 ) ;
#6250 = CARTESIAN_POINT ( 'NONE',  ( 1.125094501859784657, 0.9080625828929622667, 2.241030663926139699 ) ) ;
#6251 =( NAMED_UNIT ( * ) PLANE_ANGLE_UNIT ( ) SI_UNIT ( $, .RADIAN. ) );
#6252 = EDGE_LOOP ( 'NONE', ( #7133, #1810, #2579, #5043 ) ) ;
#6253 = PLANE ( 'NONE',  #1510 ) ;
#6254 =( GEOMETRIC_REPRESENTATION_CONTEXT ( 3 ) GLOBAL_UNCERTAINTY_ASSIGNED_CONTEXT ( ( #245 ) ) GLOBAL_UNIT_ASSIGNED_CONTEXT ( ( #1487, #4561, #791 ) ) REPRESENTATION_CONTEXT ( 'NONE', 'WORKASPACE' ) );
#6255 = EDGE_CURVE ( 'NONE', #3752, #3052, #9216, .T. ) ;
#6256 = AXIS2_PLACEMENT_3D ( 'NONE', #2657, #4933, #9451 ) ;
#6257 = ORIENTED_EDGE ( 'NONE', *, *, #3035, .T. ) ;
#6258 = CARTESIAN_POINT ( 'NONE',  ( 0.3750000000000000000, 0.000000000000000000, -2.250000000000000444 ) ) ;
#6259 = SURFACE_STYLE_FILL_AREA ( #895 ) ;
#6260 = DIRECTION ( 'NONE',  ( 0.000000000000000000, -1.000000000000000000, 0.000000000000000000 ) ) ;
#6261 = PLANE ( 'NONE',  #7604 ) ;
#6262 = ORIENTED_EDGE ( 'NONE', *, *, #4308, .T. ) ;
#6263 = ADVANCED_FACE ( 'NONE', ( #4151 ), #2020, .F. ) ;
#6264 = UNCERTAINTY_MEASURE_WITH_UNIT (LENGTH_MEASURE( 1.000000000000000082E-05 ), #6340, 'distance_accuracy_value', 'NONE');
#6265 = SURFACE_STYLE_FILL_AREA ( #4815 ) ;
#6266 = EDGE_CURVE ( 'NONE', #4323, #2611, #4995, .T. ) ;
#6267 = MANIFOLD_SOLID_BREP ( 'Imported19', #8574 ) ;
#6268 = COLOUR_RGB ( '',0.8313725490196077761, 0.8313725490196077761, 0.8313725490196077761 ) ;
#6269 = SURFACE_STYLE_USAGE ( .BOTH. , #4761 ) ;
#6270 = DIRECTION ( 'NONE',  ( 0.000000000000000000, -1.000000000000000000, 0.000000000000000000 ) ) ;
#6271 = EDGE_LOOP ( 'NONE', ( #9623, #5008, #994, #6650 ) ) ;
#6272 = LINE ( 'NONE', #6870, #9524 ) ;
#6273 = ORIENTED_EDGE ( 'NONE', *, *, #2419, .T. ) ;
#6274 = CARTESIAN_POINT ( 'NONE',  ( -0.9749999999999999778, 0.000000000000000000, -1.625000000000000222 ) ) ;
#6275 = UNCERTAINTY_MEASURE_WITH_UNIT (LENGTH_MEASURE( 1.000000000000000082E-05 ), #9480, 'distance_accuracy_value', 'NONE');
#6276 = EDGE_LOOP ( 'NONE', ( #358, #5836, #7477, #4598 ) ) ;
#6277 = CARTESIAN_POINT ( 'NONE',  ( -0.9749999999999999778, 0.2000000000000000111, 0.6250000000000000000 ) ) ;
#6278 = DIRECTION ( 'NONE',  ( 0.000000000000000000, -1.000000000000000000, 0.000000000000000000 ) ) ;
#6279 = PLANE ( 'NONE',  #2191 ) ;
#6280 = CARTESIAN_POINT ( 'NONE',  ( 1.103018577200448824, 1.026539568547497394, -2.191959649094453066 ) ) ;
#6281 = ORIENTED_EDGE ( 'NONE', *, *, #3595, .F. ) ;
#6282 = DIRECTION ( 'NONE',  ( 0.000000000000000000, 1.000000000000000000, 0.000000000000000000 ) ) ;
#6283 = EDGE_CURVE ( 'NONE', #1964, #132, #4255, .T. ) ;
#6284 = EDGE_CURVE ( 'NONE', #8875, #9271, #5218, .T. ) ;
#6285 = AXIS2_PLACEMENT_3D ( 'NONE', #7325, #1276, #457 ) ;
#6286 = DIRECTION ( 'NONE',  ( 0.000000000000000000, -1.000000000000000000, 0.000000000000000000 ) ) ;
#6287 = ORIENTED_EDGE ( 'NONE', *, *, #5742, .T. ) ;
#6288 = PLANE ( 'NONE',  #7311 ) ;
#6289 = EDGE_LOOP ( 'NONE', ( #3366, #2540, #3718, #6532 ) ) ;
#6290 = EDGE_LOOP ( 'NONE', ( #652, #1399, #4651, #9763 ) ) ;
#6291 = EDGE_CURVE ( 'NONE', #2761, #6037, #1245, .T. ) ;
#6292 = FILL_AREA_STYLE ('',( #176 ) ) ;
#6293 = PLANE ( 'NONE',  #5839 ) ;
#6294 = VECTOR ( 'NONE', #6473, 1000.000000000000000 ) ;
#6295 = DIRECTION ( 'NONE',  ( -1.000000000000000000, 0.000000000000000000, -0.000000000000000000 ) ) ;
#6296 = VECTOR ( 'NONE', #3325, 1000.000000000000000 ) ;
#6297 = ORIENTED_EDGE ( 'NONE', *, *, #1091, .F. ) ;
#6298 = MECHANICAL_DESIGN_GEOMETRIC_PRESENTATION_REPRESENTATION (  '', ( #8819 ), #702 ) ;
#6299 = ORIENTED_EDGE ( 'NONE', *, *, #3402, .F. ) ;
#6300 = ORIENTED_EDGE ( 'NONE', *, *, #9314, .F. ) ;
#6301 = EDGE_CURVE ( 'NONE', #5582, #7962, #8371, .T. ) ;
#6302 = CARTESIAN_POINT ( 'NONE',  ( 1.250000000000000000, 0.000000000000000000, -1.125000000000000222 ) ) ;
#6303 = LINE ( 'NONE', #3807, #1284 ) ;
#6304 = VECTOR ( 'NONE', #6623, 1000.000000000000000 ) ;
#6305 = LINE ( 'NONE', #6449, #162 ) ;
#6306 = EDGE_LOOP ( 'NONE', ( #4997, #7268, #5556, #4929 ) ) ;
#6307 = AXIS2_PLACEMENT_3D ( 'NONE', #4688, #6286, #7827 ) ;
#6308 = SURFACE_STYLE_FILL_AREA ( #3204 ) ;
#6309 = MANIFOLD_SOLID_BREP ( 'Imported9', #5712 ) ;
#6310 =( NAMED_UNIT ( * ) PLANE_ANGLE_UNIT ( ) SI_UNIT ( $, .RADIAN. ) );
#6311 = ORIENTED_EDGE ( 'NONE', *, *, #1920, .F. ) ;
#6312 = CARTESIAN_POINT ( 'NONE',  ( -0.9749999999999999778, 0.1749999999999999889, -1.375000000000000000 ) ) ;
#6313 = VERTEX_POINT ( 'NONE', #2068 ) ;
#6314 = ORIENTED_EDGE ( 'NONE', *, *, #1081, .F. ) ;
#6315 = DIRECTION ( 'NONE',  ( -0.000000000000000000, 1.000000000000000000, 0.000000000000000000 ) ) ;
#6316 = EDGE_CURVE ( 'NONE', #2914, #6011, #8187, .T. ) ;
#6317 = DIRECTION ( 'NONE',  ( 0.000000000000000000, -0.000000000000000000, -1.000000000000000000 ) ) ;
#6318 = ORIENTED_EDGE ( 'NONE', *, *, #4757, .F. ) ;
#6319 = SURFACE_SIDE_STYLE ('',( #155 ) ) ;
#6320 =( NAMED_UNIT ( * ) SI_UNIT ( $, .STERADIAN. ) SOLID_ANGLE_UNIT ( ) );
#6321 = STYLED_ITEM ( 'NONE', ( #2427 ), #5451 ) ;
#6322 = DIRECTION ( 'NONE',  ( 0.000000000000000000, 0.000000000000000000, -1.000000000000000000 ) ) ;
#6323 =( LENGTH_UNIT ( ) NAMED_UNIT ( * ) SI_UNIT ( .MILLI., .METRE. ) );
#6324 = CARTESIAN_POINT ( 'NONE',  ( 0.9749999999999999778, -0.04000000000000000083, -0.7500000000000000000 ) ) ;
#6325 = DIRECTION ( 'NONE',  ( 0.000000000000000000, -0.000000000000000000, -1.000000000000000000 ) ) ;
#6326 = STYLED_ITEM ( 'NONE', ( #1208 ), #4849 ) ;
#6327 = MANIFOLD_SOLID_BREP ( 'Imported15', #3633 ) ;
#6328 = DIRECTION ( 'NONE',  ( 0.000000000000000000, 0.000000000000000000, 1.000000000000000000 ) ) ;
#6329 = EDGE_LOOP ( 'NONE', ( #8243, #2901, #1034, #8400 ) ) ;
#6330 = COLOUR_RGB ( '',0.8313725490196077761, 0.8313725490196077761, 0.8313725490196077761 ) ;
#6331 = CARTESIAN_POINT ( 'NONE',  ( -0.5999999999999999778, 0.06000000000000000472, -1.600000000000000089 ) ) ;
#6332 = CARTESIAN_POINT ( 'NONE',  ( 0.000000000000000000, 0.2000000000000000111, 0.000000000000000000 ) ) ;
#6333 = CIRCLE ( 'NONE', #1219, 0.1250000000000001110 ) ;
#6334 = LINE ( 'NONE', #9356, #6677 ) ;
#6335 = EDGE_CURVE ( 'NONE', #7941, #2181, #9264, .T. ) ;
#6336 = EDGE_CURVE ( 'NONE', #2656, #8402, #1479, .T. ) ;
#6337 = CARTESIAN_POINT ( 'NONE',  ( 0.3750000000000000000, -0.04000000000000000083, -1.975000000000000089 ) ) ;
#6338 = VERTEX_POINT ( 'NONE', #8575 ) ;
#6339 = CARTESIAN_POINT ( 'NONE',  ( 1.294659952694481309, 0.8211389613474356919, 2.205718880800482840 ) ) ;
#6340 =( LENGTH_UNIT ( ) NAMED_UNIT ( * ) SI_UNIT ( .MILLI., .METRE. ) );
#6341 = MECHANICAL_DESIGN_GEOMETRIC_PRESENTATION_REPRESENTATION (  '', ( #5062 ), #8251 ) ;
#6342 = ORIENTED_EDGE ( 'NONE', *, *, #9458, .F. ) ;
#6343 = CARTESIAN_POINT ( 'NONE',  ( 0.000000000000000000, 0.000000000000000000, -0.1250000000000000000 ) ) ;
#6344 = MANIFOLD_SOLID_BREP ( 'Imported14', #6685 ) ;
#6345 = CYLINDRICAL_SURFACE ( 'NONE', #1212, 0.1250000000000000000 ) ;
#6346 = ADVANCED_FACE ( 'NONE', ( #7633 ), #4006, .T. ) ;
#6347 = ORIENTED_EDGE ( 'NONE', *, *, #7386, .F. ) ;
#6348 = DIRECTION ( 'NONE',  ( 1.000000000000000000, 0.000000000000000000, 0.000000000000000000 ) ) ;
#6350 = ORIENTED_EDGE ( 'NONE', *, *, #1246, .F. ) ;
#6349 = FACE_OUTER_BOUND ( 'NONE', #7783, .T. ) ;
#6351 = ORIENTED_EDGE ( 'NONE', *, *, #5788, .T. ) ;
#6352 = CARTESIAN_POINT ( 'NONE',  ( 1.250000000000000000, 0.000000000000000000, -2.149999999999999911 ) ) ;
#6353 = VECTOR ( 'NONE', #7313, 1000.000000000000000 ) ;
#6354 = ORIENTED_EDGE ( 'NONE', *, *, #3727, .T. ) ;
#6355 = UNCERTAINTY_MEASURE_WITH_UNIT (LENGTH_MEASURE( 1.000000000000000082E-05 ), #6603, 'distance_accuracy_value', 'NONE');
#6356 = AXIS2_PLACEMENT_3D ( 'NONE', #9457, #4940, #2612 ) ;
#6357 = DIRECTION ( 'NONE',  ( 0.000000000000000000, -0.000000000000000000, 1.000000000000000000 ) ) ;
#6358 = CARTESIAN_POINT ( 'NONE',  ( 0.000000000000000000, 0.000000000000000000, 0.000000000000000000 ) ) ;
#6359 = LINE ( 'NONE', #1691, #6062 ) ;
#6360 = ADVANCED_FACE ( 'NONE', ( #3844 ), #6288, .F. ) ;
#6361 = ORIENTED_EDGE ( 'NONE', *, *, #5989, .F. ) ;
#6362 = COLOUR_RGB ( '',0.8313725490196077761, 0.8313725490196077761, 0.8313725490196077761 ) ;
#6363 = ORIENTED_EDGE ( 'NONE', *, *, #3217, .F. ) ;
#6364 = MECHANICAL_DESIGN_GEOMETRIC_PRESENTATION_REPRESENTATION (  '', ( #2502 ), #4460 ) ;
#6365 = PRESENTATION_LAYER_ASSIGNMENT (  '', '', ( #4461 ) ) ;
#6366 = DIRECTION ( 'NONE',  ( 0.000000000000000000, -0.000000000000000000, -1.000000000000000000 ) ) ;
#6367 = ORIENTED_EDGE ( 'NONE', *, *, #5438, .T. ) ;
#6368 = VERTEX_POINT ( 'NONE', #26 ) ;
#6369 = DIRECTION ( 'NONE',  ( 0.000000000000000000, 0.000000000000000000, 1.000000000000000000 ) ) ;
#6370 = UNCERTAINTY_MEASURE_WITH_UNIT (LENGTH_MEASURE( 1.000000000000000082E-05 ), #6156, 'distance_accuracy_value', 'NONE');
#6371 = PRESENTATION_STYLE_ASSIGNMENT (( #9393 ) ) ;
#6372 = DIRECTION ( 'NONE',  ( -1.000000000000000000, -0.000000000000000000, 0.000000000000000000 ) ) ;
#6373 = LINE ( 'NONE', #8609, #3617 ) ;
#6374 = STYLED_ITEM ( 'NONE', ( #5421 ), #488 ) ;
#6375 = VECTOR ( 'NONE', #9820, 1000.000000000000000 ) ;
#6376 = AXIS2_PLACEMENT_3D ( 'NONE', #3869, #4568, #9783 ) ;
#6377 = DIRECTION ( 'NONE',  ( 0.000000000000000000, 0.000000000000000000, -1.000000000000000000 ) ) ;
#6378 = SURFACE_SIDE_STYLE ('',( #1118 ) ) ;
#6379 = ADVANCED_FACE ( 'NONE', ( #4045 ), #3081, .T. ) ;
#6380 = CARTESIAN_POINT ( 'NONE',  ( 1.149999999999999911, 0.000000000000000000, 2.149999999999999911 ) ) ;
#6381 = MANIFOLD_SOLID_BREP ( 'Imported4', #7308 ) ;
#6382 = EDGE_LOOP ( 'NONE', ( #8653, #4865, #3394, #970, #8364 ) ) ;
#6383 = DIRECTION ( 'NONE',  ( 0.5773502691896236216, 0.5773502691896257311, 0.5773502691896279515 ) ) ;
#6384 = AXIS2_PLACEMENT_3D ( 'NONE', #6865, #1, #3154 ) ;
#6385 = VERTEX_POINT ( 'NONE', #417 ) ;
#6386 = CARTESIAN_POINT ( 'NONE',  ( -1.250000000000000000, 0.2000000000000000111, -1.625000000000000222 ) ) ;
#6387 = FACE_OUTER_BOUND ( 'NONE', #677, .T. ) ;
#6388 = FILL_AREA_STYLE_COLOUR ( '', #2298 ) ;
#6389 = COLOUR_RGB ( '',0.8313725490196077761, 0.8313725490196077761, 0.8313725490196077761 ) ;
#6390 = AXIS2_PLACEMENT_3D ( 'NONE', #5089, #1239, #5830 ) ;
#6391 = DIRECTION ( 'NONE',  ( 1.000000000000000000, 0.000000000000000000, -0.000000000000000000 ) ) ;
#6392 = DIRECTION ( 'NONE',  ( 0.000000000000000000, 1.000000000000000000, 0.000000000000000000 ) ) ;
#6393 = ORIENTED_EDGE ( 'NONE', *, *, #4894, .F. ) ;
#6394 = DIRECTION ( 'NONE',  ( 0.000000000000000000, 0.000000000000000000, -1.000000000000000000 ) ) ;
#6395 = ORIENTED_EDGE ( 'NONE', *, *, #6493, .F. ) ;
#6396 = VERTEX_POINT ( 'NONE', #8675 ) ;
#6397 = VECTOR ( 'NONE', #4039, 1000.000000000000000 ) ;
#6398 = VECTOR ( 'NONE', #5358, 1000.000000000000000 ) ;
#6399 = PLANE ( 'NONE',  #9247 ) ;
#6400 = VECTOR ( 'NONE', #7905, 1000.000000000000000 ) ;
#6401 = VECTOR ( 'NONE', #6949, 1000.000000000000000 ) ;
#6402 = SURFACE_SIDE_STYLE ('',( #2726 ) ) ;
#6403 = ORIENTED_EDGE ( 'NONE', *, *, #6857, .T. ) ;
#6404 = DIRECTION ( 'NONE',  ( 0.000000000000000000, -0.000000000000000000, 1.000000000000000000 ) ) ;
#6405 = DIRECTION ( 'NONE',  ( -0.000000000000000000, -0.000000000000000000, -1.000000000000000000 ) ) ;
#6406 = VERTEX_POINT ( 'NONE', #6544 ) ;
#6407 = VECTOR ( 'NONE', #6563, 1000.000000000000000 ) ;
#6408 = EDGE_CURVE ( 'NONE', #8826, #1964, #1080, .T. ) ;
#6409 = CIRCLE ( 'NONE', #5925, 0.1250000000000000000 ) ;
#6410 = EDGE_CURVE ( 'NONE', #188, #393, #2569, .T. ) ;
#6411 = AXIS2_PLACEMENT_3D ( 'NONE', #5725, #2503, #7220 ) ;
#6412 = SURFACE_SIDE_STYLE ('',( #6308 ) ) ;
#6413 = CARTESIAN_POINT ( 'NONE',  ( -0.5000000000000000000, 0.06000000000000000472, 1.500000000000000000 ) ) ;
#6414 =( NAMED_UNIT ( * ) PLANE_ANGLE_UNIT ( ) SI_UNIT ( $, .RADIAN. ) );
#6415 = EDGE_LOOP ( 'NONE', ( #6311, #2936, #3691, #5896 ) ) ;
#6416 =( LENGTH_UNIT ( ) NAMED_UNIT ( * ) SI_UNIT ( .MILLI., .METRE. ) );
#6417 = VERTEX_POINT ( 'NONE', #4296 ) ;
#6418 = DIRECTION ( 'NONE',  ( 0.000000000000000000, -1.000000000000000000, 0.000000000000000000 ) ) ;
#6419 = ORIENTED_EDGE ( 'NONE', *, *, #170, .F. ) ;
#6420 = ORIENTED_EDGE ( 'NONE', *, *, #6780, .F. ) ;
#6421 = CARTESIAN_POINT ( 'NONE',  ( 1.250000000000000000, 0.000000000000000000, 0.6250000000000000000 ) ) ;
#6422 = ORIENTED_EDGE ( 'NONE', *, *, #647, .T. ) ;
#6423 = EDGE_CURVE ( 'NONE', #953, #6615, #7341, .T. ) ;
#6424 = FACE_OUTER_BOUND ( 'NONE', #3082, .T. ) ;
#6425 = DIRECTION ( 'NONE',  ( -1.000000000000000000, 0.000000000000000000, -0.000000000000000000 ) ) ;
#6426 = LINE ( 'NONE', #4375, #2128 ) ;
#6427 = DIRECTION ( 'NONE',  ( 0.000000000000000000, -0.000000000000000000, 1.000000000000000000 ) ) ;
#6428 =( LENGTH_UNIT ( ) NAMED_UNIT ( * ) SI_UNIT ( .MILLI., .METRE. ) );
#6429 = CARTESIAN_POINT ( 'NONE',  ( 1.191959649094450402, 1.026539568547498504, -2.103018577200450157 ) ) ;
#6430 =( NAMED_UNIT ( * ) PLANE_ANGLE_UNIT ( ) SI_UNIT ( $, .RADIAN. ) );
#6431 = CARTESIAN_POINT ( 'NONE',  ( -1.250000000000000000, 0.000000000000000000, -2.250000000000000444 ) ) ;
#6432 = EDGE_CURVE ( 'NONE', #7182, #9811, #4086, .T. ) ;
#6433 = ORIENTED_EDGE ( 'NONE', *, *, #4820, .F. ) ;
#6434 = ADVANCED_FACE ( 'NONE', ( #3535 ), #3376, .T. ) ;
#6435 = CARTESIAN_POINT ( 'NONE',  ( 0.9749999999999999778, 0.000000000000000000, -0.7500000000000000000 ) ) ;
#6436 = EDGE_LOOP ( 'NONE', ( #5059, #7005, #1640, #5249 ) ) ;
#6437 = ORIENTED_EDGE ( 'NONE', *, *, #7348, .F. ) ;
#6438 = EDGE_CURVE ( 'NONE', #6965, #4320, #4292, .T. ) ;
#6439 = CARTESIAN_POINT ( 'NONE',  ( 1.250000000000000000, 0.000000000000000000, 1.125000000000000222 ) ) ;
#6440 = LINE ( 'NONE', #2506, #7936 ) ;
#6441 = EDGE_LOOP ( 'NONE', ( #9417, #1056, #1600, #5280 ) ) ;
#6442 = AXIS2_PLACEMENT_3D ( 'NONE', #5015, #3461, #8750 ) ;
#6443 = VERTEX_POINT ( 'NONE', #5932 ) ;
#6444 = EDGE_CURVE ( 'NONE', #486, #7235, #1471, .T. ) ;
#6445 = FILL_AREA_STYLE_COLOUR ( '', #9342 ) ;
#6446 = AXIS2_PLACEMENT_3D ( 'NONE', #6910, #4666, #6769 ) ;
#6447 =( NAMED_UNIT ( * ) SI_UNIT ( $, .STERADIAN. ) SOLID_ANGLE_UNIT ( ) );
#6448 = ORIENTED_EDGE ( 'NONE', *, *, #3607, .T. ) ;
#6449 = CARTESIAN_POINT ( 'NONE',  ( 0.3750000000000000000, 0.1749999999999999889, 1.975000000000000089 ) ) ;
#6450 = VERTEX_POINT ( 'NONE', #4388 ) ;
#6451 = FILL_AREA_STYLE_COLOUR ( '', #6481 ) ;
#6452 = SURFACE_SIDE_STYLE ('',( #5701 ) ) ;
#6453 = CARTESIAN_POINT ( 'NONE',  ( -1.250000000000000000, 0.1749999999999999889, -1.375000000000000222 ) ) ;
#6454 = PRESENTATION_LAYER_ASSIGNMENT (  '', '', ( #8819 ) ) ;
#6455 = EDGE_CURVE ( 'NONE', #3225, #4764, #593, .T. ) ;
#6457 = ORIENTED_EDGE ( 'NONE', *, *, #2066, .T. ) ;
#6456 = CARTESIAN_POINT ( 'NONE',  ( -0.9749999999999999778, 0.000000000000000000, -0.6250000000000000000 ) ) ;
#6458 = EDGE_CURVE ( 'NONE', #2599, #4819, #2873, .T. ) ;
#6459 = CARTESIAN_POINT ( 'NONE',  ( 1.250000000000000000, 0.1749999999999999889, -1.875000000000000000 ) ) ;
#6460 = EDGE_LOOP ( 'NONE', ( #1784, #268, #1887, #7130 ) ) ;
#6461 = VERTEX_POINT ( 'NONE', #7491 ) ;
#6462 = CARTESIAN_POINT ( 'NONE',  ( -0.5000000000000000000, 0.000000000000000000, 1.500000000000000000 ) ) ;
#6463 = ORIENTED_EDGE ( 'NONE', *, *, #8884, .F. ) ;
#6464 = CARTESIAN_POINT ( 'NONE',  ( 1.149999999999999911, 0.8750000000000000000, 2.149999999999999911 ) ) ;
#6465 = UNCERTAINTY_MEASURE_WITH_UNIT (LENGTH_MEASURE( 1.000000000000000082E-05 ), #3485, 'distance_accuracy_value', 'NONE');
#6466 = SURFACE_SIDE_STYLE ('',( #8605 ) ) ;
#6467 = PRESENTATION_STYLE_ASSIGNMENT (( #5614 ) ) ;
#6468 = AXIS2_PLACEMENT_3D ( 'NONE', #3678, #4539, #9796 ) ;
#6469 = DIRECTION ( 'NONE',  ( 1.000000000000000000, 0.000000000000000000, 0.000000000000000000 ) ) ;
#6470 = LINE ( 'NONE', #1849, #5401 ) ;
#6471 = EDGE_CURVE ( 'NONE', #3375, #3793, #5084, .T. ) ;
#6472 = AXIS2_PLACEMENT_3D ( 'NONE', #9292, #2444, #922 ) ;
#6473 = DIRECTION ( 'NONE',  ( 0.000000000000000000, -1.000000000000000000, -0.000000000000000000 ) ) ;
#6474 = ORIENTED_EDGE ( 'NONE', *, *, #2572, .T. ) ;
#6475 = SURFACE_STYLE_FILL_AREA ( #4188 ) ;
#6476 = DIRECTION ( 'NONE',  ( 0.000000000000000000, -1.000000000000000000, 0.000000000000000000 ) ) ;
#6477 = AXIS2_PLACEMENT_3D ( 'NONE', #902, #1593, #6357 ) ;
#6478 = CARTESIAN_POINT ( 'NONE',  ( 0.9749999999999999778, 0.2000000000000000111, 0.8750000000000000000 ) ) ;
#6479 = SURFACE_SIDE_STYLE ('',( #5726 ) ) ;
#6480 = CARTESIAN_POINT ( 'NONE',  ( -1.250000000000000000, 0.000000000000000000, 0.8750000000000000000 ) ) ;
#6481 = COLOUR_RGB ( '',0.8313725490196077761, 0.8313725490196077761, 0.8313725490196077761 ) ;
#6482 = ADVANCED_FACE ( 'NONE', ( #9144 ), #8414, .T. ) ;
#6483 = LINE ( 'NONE', #9505, #6619 ) ;
#6484 = VECTOR ( 'NONE', #4250, 1000.000000000000000 ) ;
#6485 = VECTOR ( 'NONE', #1651, 999.9999999999998863 ) ;
#6486 = CARTESIAN_POINT ( 'NONE',  ( 1.250000000000000000, 0.2000000000000000111, -1.875000000000000000 ) ) ;
#6487 =( NAMED_UNIT ( * ) PLANE_ANGLE_UNIT ( ) SI_UNIT ( $, .RADIAN. ) );
#6488 = DIRECTION ( 'NONE',  ( 1.000000000000000000, 0.000000000000000000, -0.000000000000000000 ) ) ;
#6489 = STYLED_ITEM ( 'NONE', ( #8838 ), #4882 ) ;
#6490 = COLOUR_RGB ( '',0.8313725490196077761, 0.8313725490196077761, 0.8313725490196077761 ) ;
#6491 = CARTESIAN_POINT ( 'NONE',  ( 0.000000000000000000, 0.2000000000000000111, 0.000000000000000000 ) ) ;
#6492 = DIRECTION ( 'NONE',  ( 0.000000000000000000, 0.000000000000000000, -1.000000000000000000 ) ) ;
#6493 = EDGE_CURVE ( 'NONE', #3375, #533, #6520, .T. ) ;
#6494 = ORIENTED_EDGE ( 'NONE', *, *, #849, .T. ) ;
#6495 = COLOUR_RGB ( '',0.8313725490196077761, 0.8313725490196077761, 0.8313725490196077761 ) ;
#6496 = STYLED_ITEM ( 'NONE', ( #3763 ), #6122 ) ;
#6497 = FILL_AREA_STYLE_COLOUR ( '', #9165 ) ;
#6498 = VECTOR ( 'NONE', #3684, 1000.000000000000000 ) ;
#6499 = PRESENTATION_STYLE_ASSIGNMENT (( #4258 ) ) ;
#6500 = EDGE_LOOP ( 'NONE', ( #7893, #9204, #2029, #9134 ) ) ;
#6501 = COLOUR_RGB ( '',0.8313725490196077761, 0.8313725490196077761, 0.8313725490196077761 ) ;
#6502 = DIRECTION ( 'NONE',  ( 0.000000000000000000, -1.000000000000000000, 0.000000000000000000 ) ) ;
#6503 = CARTESIAN_POINT ( 'NONE',  ( 0.000000000000000000, 0.2000000000000000111, 0.000000000000000000 ) ) ;
#6504 = DIRECTION ( 'NONE',  ( 0.000000000000000000, 0.000000000000000000, 1.000000000000000000 ) ) ;
#6505 = ORIENTED_EDGE ( 'NONE', *, *, #7617, .F. ) ;
#6506 = PRESENTATION_STYLE_ASSIGNMENT (( #4210 ) ) ;
#6507 = AXIS2_PLACEMENT_3D ( 'NONE', #9199, #8229, #5978 ) ;
#6508 = AXIS2_PLACEMENT_3D ( 'NONE', #3431, #5792, #8091 ) ;
#6509 = SURFACE_SIDE_STYLE ('',( #8970 ) ) ;
#6510 = DIRECTION ( 'NONE',  ( -0.000000000000000000, -0.000000000000000000, -1.000000000000000000 ) ) ;
#6511 = ORIENTED_EDGE ( 'NONE', *, *, #704, .T. ) ;
#6513 = VERTEX_POINT ( 'NONE', #5316 ) ;
#6512 = DIRECTION ( 'NONE',  ( 0.000000000000000000, -1.000000000000000000, 0.000000000000000000 ) ) ;
#6514 = PLANE ( 'NONE',  #3051 ) ;
#6515 = ORIENTED_EDGE ( 'NONE', *, *, #4497, .F. ) ;
#6516 =( NAMED_UNIT ( * ) SI_UNIT ( $, .STERADIAN. ) SOLID_ANGLE_UNIT ( ) );
#6517 = CIRCLE ( 'NONE', #1863, 0.09999999999999982514 ) ;
#6518 = VERTEX_POINT ( 'NONE', #6883 ) ;
#6519 = VERTEX_POINT ( 'NONE', #2249 ) ;
#6520 = CIRCLE ( 'NONE', #4924, 0.09999999999999982514 ) ;
#6521 = CARTESIAN_POINT ( 'NONE',  ( -1.156948992645574492, 0.9871673344002975803, -2.204088753711014537 ) ) ;
#6522 = DIRECTION ( 'NONE',  ( 0.000000000000000000, -1.000000000000000000, 0.000000000000000000 ) ) ;
#6523 = FACE_OUTER_BOUND ( 'NONE', #4326, .T. ) ;
#6524 = EDGE_CURVE ( 'NONE', #8107, #7843, #6126, .T. ) ;
#6525 = EDGE_CURVE ( 'NONE', #393, #2991, #7137, .T. ) ;
#6526 = FILL_AREA_STYLE_COLOUR ( '', #9181 ) ;
#6527 = FACE_OUTER_BOUND ( 'NONE', #1833, .T. ) ;
#6528 = PRESENTATION_LAYER_ASSIGNMENT (  '', '', ( #1243 ) ) ;
#6529 = CARTESIAN_POINT ( 'NONE',  ( -1.250000000000000000, 0.1749999999999999889, -2.250000000000000444 ) ) ;
#6530 = PRESENTATION_LAYER_ASSIGNMENT (  '', '', ( #3799 ) ) ;
#6531 = PRESENTATION_STYLE_ASSIGNMENT (( #4337 ) ) ;
#6532 = ORIENTED_EDGE ( 'NONE', *, *, #3314, .T. ) ;
#6533 = ORIENTED_EDGE ( 'NONE', *, *, #7566, .T. ) ;
#6534 = VECTOR ( 'NONE', #7022, 1000.000000000000000 ) ;
#6535 = VERTEX_POINT ( 'NONE', #3124 ) ;
#6536 = COLOUR_RGB ( '',0.8313725490196077761, 0.8313725490196077761, 0.8313725490196077761 ) ;
#6537 = AXIS2_PLACEMENT_3D ( 'NONE', #5056, #9732, #3557 ) ;
#6538 = DIRECTION ( 'NONE',  ( 0.000000000000000000, -1.000000000000000000, 0.000000000000000000 ) ) ;
#6539 = DIRECTION ( 'NONE',  ( 0.000000000000000000, -1.000000000000000000, -0.000000000000000000 ) ) ;
#6540 = EDGE_CURVE ( 'NONE', #9286, #9703, #2296, .T. ) ;
#6541 = EDGE_CURVE ( 'NONE', #7802, #8107, #4681, .T. ) ;
#6542 = CARTESIAN_POINT ( 'NONE',  ( -0.5999999999999999778, 0.1000000000000000056, 1.600000000000000089 ) ) ;
#6543 = CARTESIAN_POINT ( 'NONE',  ( -1.250000000000000000, 0.000000000000000000, 0.6250000000000000000 ) ) ;
#6544 = CARTESIAN_POINT ( 'NONE',  ( 0.9749999999999999778, 0.000000000000000000, -0.6250000000000000000 ) ) ;
#6545 = CARTESIAN_POINT ( 'NONE',  ( -1.250000000000000000, 0.000000000000000000, -1.625000000000000444 ) ) ;
#6546 = CARTESIAN_POINT ( 'NONE',  ( 0.000000000000000000, 0.000000000000000000, 1.125000000000000222 ) ) ;
#6547 = MECHANICAL_DESIGN_GEOMETRIC_PRESENTATION_REPRESENTATION (  '', ( #7018 ), #8448 ) ;
#6548 = EDGE_CURVE ( 'NONE', #2409, #4023, #68, .T. ) ;
#6549 = SURFACE_SIDE_STYLE ('',( #2062 ) ) ;
#6550 = DIRECTION ( 'NONE',  ( 0.000000000000000000, 0.000000000000000000, 1.000000000000000000 ) ) ;
#6551 = EDGE_LOOP ( 'NONE', ( #5697, #3164, #1294, #6021 ) ) ;
#6552 = AXIS2_PLACEMENT_3D ( 'NONE', #3077, #2105, #5179 ) ;
#6553 = VECTOR ( 'NONE', #180, 1000.000000000000000 ) ;
#6554 = ADVANCED_FACE ( 'NONE', ( #2447 ), #9192, .F. ) ;
#6555 = CARTESIAN_POINT ( 'NONE',  ( 1.250000000000000000, 0.000000000000000000, 1.375000000000000000 ) ) ;
#6556 = CARTESIAN_POINT ( 'NONE',  ( 1.250000000000000000, 0.1749999999999999889, 0.6250000000000001110 ) ) ;
#6557 = ORIENTED_EDGE ( 'NONE', *, *, #1395, .F. ) ;
#6558 = UNCERTAINTY_MEASURE_WITH_UNIT (LENGTH_MEASURE( 1.000000000000000082E-05 ), #8726, 'distance_accuracy_value', 'NONE');
#6559 = EDGE_CURVE ( 'NONE', #241, #132, #5512, .T. ) ;
#6560 = DIRECTION ( 'NONE',  ( 0.000000000000000000, -1.000000000000000000, 0.000000000000000000 ) ) ;
#6561 = AXIS2_PLACEMENT_3D ( 'NONE', #5992, #1393, #4520 ) ;
#6562 = CIRCLE ( 'NONE', #7824, 0.1250000000000000000 ) ;
#6563 = DIRECTION ( 'NONE',  ( 1.000000000000000000, 0.000000000000000000, -0.000000000000000000 ) ) ;
#6564 =( LENGTH_UNIT ( ) NAMED_UNIT ( * ) SI_UNIT ( .MILLI., .METRE. ) );
#6565 = VERTEX_POINT ( 'NONE', #4588 ) ;
#6566 = DIRECTION ( 'NONE',  ( -1.000000000000000000, -0.000000000000000000, -0.000000000000000000 ) ) ;
#6567 = FILL_AREA_STYLE_COLOUR ( '', #3816 ) ;
#6568 = VERTEX_POINT ( 'NONE', #2353 ) ;
#6569 = PRESENTATION_LAYER_ASSIGNMENT (  '', '', ( #7537 ) ) ;
#6570 = VECTOR ( 'NONE', #7135, 1000.000000000000000 ) ;
#6571 = ORIENTED_EDGE ( 'NONE', *, *, #1019, .T. ) ;
#6572 =( NAMED_UNIT ( * ) SI_UNIT ( $, .STERADIAN. ) SOLID_ANGLE_UNIT ( ) );
#6573 = CARTESIAN_POINT ( 'NONE',  ( 0.9749999999999999778, 0.2000000000000000111, -1.750000000000000000 ) ) ;
#6574 = CARTESIAN_POINT ( 'NONE',  ( -0.9749999999999999778, 0.000000000000000000, 1.375000000000000000 ) ) ;
#6575 = UNCERTAINTY_MEASURE_WITH_UNIT (LENGTH_MEASURE( 1.000000000000000082E-05 ), #130, 'distance_accuracy_value', 'NONE');
#6576 = FACE_OUTER_BOUND ( 'NONE', #3601, .T. ) ;
#6578 = EDGE_CURVE ( 'NONE', #5741, #1603, #2399, .T. ) ;
#6577 = FACE_OUTER_BOUND ( 'NONE', #2809, .T. ) ;
#6579 = PLANE ( 'NONE',  #1363 ) ;
#6580 = FACE_OUTER_BOUND ( 'NONE', #1680, .T. ) ;
#6581 = LINE ( 'NONE', #8841, #8287 ) ;
#6582 = LINE ( 'NONE', #9600, #4687 ) ;
#6583 = ORIENTED_EDGE ( 'NONE', *, *, #6110, .T. ) ;
#6584 = LINE ( 'NONE', #8844, #5973 ) ;
#6585 = CARTESIAN_POINT ( 'NONE',  ( -0.1250000000000000000, 0.000000000000000000, -2.250000000000000444 ) ) ;
#6586 = ORIENTED_EDGE ( 'NONE', *, *, #865, .T. ) ;
#6587 = CARTESIAN_POINT ( 'NONE',  ( -0.1250000000000000000, 0.2000000000000000111, 1.975000000000000089 ) ) ;
#6588 =( NAMED_UNIT ( * ) PLANE_ANGLE_UNIT ( ) SI_UNIT ( $, .RADIAN. ) );
#6589 = FILL_AREA_STYLE_COLOUR ( '', #6362 ) ;
#6590 = AXIS2_PLACEMENT_3D ( 'NONE', #4407, #1345, #2898 ) ;
#6591 = CARTESIAN_POINT ( 'NONE',  ( -0.9749999999999999778, 0.2000000000000000111, 1.250000000000000000 ) ) ;
#6592 = EDGE_CURVE ( 'NONE', #3250, #8875, #766, .T. ) ;
#6593 = EDGE_CURVE ( 'NONE', #3712, #6748, #1611, .T. ) ;
#6594 = SURFACE_STYLE_USAGE ( .BOTH. , #2768 ) ;
#6595 = CARTESIAN_POINT ( 'NONE',  ( 0.2500000000000000000, 0.000000000000000000, 1.975000000000000089 ) ) ;
#6596 = CARTESIAN_POINT ( 'NONE',  ( 0.9749999999999999778, 0.1749999999999999889, 1.875000000000000000 ) ) ;
#6597 =( NAMED_UNIT ( * ) SI_UNIT ( $, .STERADIAN. ) SOLID_ANGLE_UNIT ( ) );
#6598 = CARTESIAN_POINT ( 'NONE',  ( -0.5999999999999999778, 0.1000000000000000056, 1.600000000000000089 ) ) ;
#6599 = LINE ( 'NONE', #8089, #3951 ) ;
#6600 = DIRECTION ( 'NONE',  ( -0.000000000000000000, 1.000000000000000000, 0.000000000000000000 ) ) ;
#6601 = EDGE_CURVE ( 'NONE', #3596, #3543, #6689, .T. ) ;
#6602 =( NAMED_UNIT ( * ) SI_UNIT ( $, .STERADIAN. ) SOLID_ANGLE_UNIT ( ) );
#6603 =( LENGTH_UNIT ( ) NAMED_UNIT ( * ) SI_UNIT ( .MILLI., .METRE. ) );
#6604 = CARTESIAN_POINT ( 'NONE',  ( 0.000000000000000000, 0.1749999999999999889, -1.875000000000000000 ) ) ;
#6605 = CARTESIAN_POINT ( 'NONE',  ( -0.9749999999999999778, -0.04000000000000000083, -1.250000000000000000 ) ) ;
#6606 = ORIENTED_EDGE ( 'NONE', *, *, #2001, .T. ) ;
#6607 =( GEOMETRIC_REPRESENTATION_CONTEXT ( 3 ) GLOBAL_UNCERTAINTY_ASSIGNED_CONTEXT ( ( #3563 ) ) GLOBAL_UNIT_ASSIGNED_CONTEXT ( ( #3605, #5066, #9483 ) ) REPRESENTATION_CONTEXT ( 'NONE', 'WORKASPACE' ) );
#6608 = EDGE_CURVE ( 'NONE', #5838, #1923, #2670, .T. ) ;
#6609 = DIRECTION ( 'NONE',  ( 0.000000000000000000, -1.000000000000000000, 0.000000000000000000 ) ) ;
#6610 = CARTESIAN_POINT ( 'NONE',  ( -1.149999999999999911, 0.000000000000000000, 2.149999999999999911 ) ) ;
#6611 = ORIENTED_EDGE ( 'NONE', *, *, #1091, .T. ) ;
#6613 = EDGE_LOOP ( 'NONE', ( #4289, #4275, #4116, #3453 ) ) ;
#6612 =( LENGTH_UNIT ( ) NAMED_UNIT ( * ) SI_UNIT ( .MILLI., .METRE. ) );
#6614 = VERTEX_POINT ( 'NONE', #2707 ) ;
#6615 = VERTEX_POINT ( 'NONE', #9350 ) ;
#6616 = DIRECTION ( 'NONE',  ( 0.000000000000000000, 1.000000000000000000, 0.000000000000000000 ) ) ;
#6617 = SURFACE_STYLE_FILL_AREA ( #7522 ) ;
#6618 = DIRECTION ( 'NONE',  ( 0.000000000000000000, 0.000000000000000000, 1.000000000000000000 ) ) ;
#6619 = VECTOR ( 'NONE', #2662, 1000.000000000000000 ) ;
#6620 = PLANE ( 'NONE',  #1102 ) ;
#6621 = DIRECTION ( 'NONE',  ( 1.000000000000000000, 0.000000000000000000, 0.000000000000000000 ) ) ;
#6622 = ORIENTED_EDGE ( 'NONE', *, *, #3228, .T. ) ;
#6623 = DIRECTION ( 'NONE',  ( 0.000000000000000000, 0.000000000000000000, -1.000000000000000000 ) ) ;
#6624 = EDGE_CURVE ( 'NONE', #3447, #6406, #3367, .T. ) ;
#6625 = DIRECTION ( 'NONE',  ( 0.000000000000000000, 0.000000000000000000, 1.000000000000000000 ) ) ;
#6626 = ORIENTED_EDGE ( 'NONE', *, *, #8129, .F. ) ;
#6627 = ORIENTED_EDGE ( 'NONE', *, *, #3386, .T. ) ;
#6628 = PRESENTATION_LAYER_ASSIGNMENT (  '', '', ( #1021 ) ) ;
#6629 = VERTEX_POINT ( 'NONE', #4078 ) ;
#6630 = VECTOR ( 'NONE', #1067, 1000.000000000000000 ) ;
#6631 = SURFACE_STYLE_FILL_AREA ( #3621 ) ;
#6632 = LINE ( 'NONE', #8076, #7082 ) ;
#6633 = AXIS2_PLACEMENT_3D ( 'NONE', #200, #3263, #5567 ) ;
#6634 = PLANE ( 'NONE',  #7144 ) ;
#6635 = DIRECTION ( 'NONE',  ( 0.000000000000000000, -1.000000000000000000, 0.000000000000000000 ) ) ;
#6636 = DIRECTION ( 'NONE',  ( -0.000000000000000000, 1.000000000000000000, 0.000000000000000000 ) ) ;
#6637 =( GEOMETRIC_REPRESENTATION_CONTEXT ( 3 ) GLOBAL_UNCERTAINTY_ASSIGNED_CONTEXT ( ( #8732 ) ) GLOBAL_UNIT_ASSIGNED_CONTEXT ( ( #8136, #7995, #2820 ) ) REPRESENTATION_CONTEXT ( 'NONE', 'WORKASPACE' ) );
#6638 = DIRECTION ( 'NONE',  ( 0.000000000000000000, -1.000000000000000000, 0.000000000000000000 ) ) ;
#6639 = DIRECTION ( 'NONE',  ( 0.000000000000000000, 0.000000000000000000, 1.000000000000000000 ) ) ;
#6640 = SURFACE_STYLE_USAGE ( .BOTH. , #8773 ) ;
#6641 = ADVANCED_FACE ( 'NONE', ( #7171 ), #7915, .F. ) ;
#6642 = AXIS2_PLACEMENT_3D ( 'NONE', #7244, #436, #1930 ) ;
#6643 = ADVANCED_FACE ( 'NONE', ( #5720 ), #4980, .T. ) ;
#6644 = CARTESIAN_POINT ( 'NONE',  ( 0.1249999999999999167, 0.1749999999999999889, -2.250000000000000444 ) ) ;
#6645 = FILL_AREA_STYLE_COLOUR ( '', #1422 ) ;
#6646 = PLANE ( 'NONE',  #6033 ) ;
#6647 =( GEOMETRIC_REPRESENTATION_CONTEXT ( 3 ) GLOBAL_UNCERTAINTY_ASSIGNED_CONTEXT ( ( #2735 ) ) GLOBAL_UNIT_ASSIGNED_CONTEXT ( ( #3989, #2563, #8623 ) ) REPRESENTATION_CONTEXT ( 'NONE', 'WORKASPACE' ) );
#6648 = ORIENTED_EDGE ( 'NONE', *, *, #6146, .T. ) ;
#6649 =( LENGTH_UNIT ( ) NAMED_UNIT ( * ) SI_UNIT ( .MILLI., .METRE. ) );
#6650 = ORIENTED_EDGE ( 'NONE', *, *, #8472, .F. ) ;
#6651 = VECTOR ( 'NONE', #271, 1000.000000000000000 ) ;
#6652 = DIRECTION ( 'NONE',  ( -0.000000000000000000, 0.000000000000000000, -1.000000000000000000 ) ) ;
#6653 = CARTESIAN_POINT ( 'NONE',  ( -0.2500000000000000000, 0.1749999999999999889, 1.850000000000000089 ) ) ;
#6654 = VERTEX_POINT ( 'NONE', #1070 ) ;
#6655 = AXIS2_PLACEMENT_3D ( 'NONE', #3284, #1143, #2621 ) ;
#6656 = SURFACE_STYLE_FILL_AREA ( #7552 ) ;
#6657 = PRODUCT_CONTEXT ( 'NONE', #3591, 'mechanical' ) ;
#6658 = EDGE_CURVE ( 'NONE', #5079, #4603, #1853, .T. ) ;
#6659 = CARTESIAN_POINT ( 'NONE',  ( -0.9749999999999999778, 0.000000000000000000, 1.250000000000000000 ) ) ;
#6660 =( NAMED_UNIT ( * ) SI_UNIT ( $, .STERADIAN. ) SOLID_ANGLE_UNIT ( ) );
#6661 = CIRCLE ( 'NONE', #4094, 0.1250000000000000000 ) ;
#6662 = VECTOR ( 'NONE', #5415, 1000.000000000000000 ) ;
#6663 = CARTESIAN_POINT ( 'NONE',  ( -0.4999999999999998890, 0.06000000000000001166, -1.150000000000000355 ) ) ;
#6664 = SURFACE_SIDE_STYLE ('',( #3702 ) ) ;
#6665 = CARTESIAN_POINT ( 'NONE',  ( -0.9749999999999999778, 0.1749999999999999889, 0.8750000000000000000 ) ) ;
#6666 = VERTEX_POINT ( 'NONE', #4235 ) ;
#6667 = EDGE_LOOP ( 'NONE', ( #7556, #2335, #5248, #1800 ) ) ;
#6668 = DIRECTION ( 'NONE',  ( 0.000000000000000000, -0.000000000000000000, -1.000000000000000000 ) ) ;
#6669 = CARTESIAN_POINT ( 'NONE',  ( 0.1250000000000000000, 0.000000000000000000, 0.000000000000000000 ) ) ;
#6670 = ORIENTED_EDGE ( 'NONE', *, *, #6852, .F. ) ;
#6671 = ADVANCED_FACE ( 'NONE', ( #1799 ), #8383, .F. ) ;
#6672 = UNCERTAINTY_MEASURE_WITH_UNIT (LENGTH_MEASURE( 1.000000000000000082E-05 ), #3743, 'distance_accuracy_value', 'NONE');
#6673 = FILL_AREA_STYLE_COLOUR ( '', #8533 ) ;
#6674 = EDGE_CURVE ( 'NONE', #7941, #2691, #8294, .T. ) ;
#6675 = CARTESIAN_POINT ( 'NONE',  ( -1.071318980712212987, 0.9749999999999999778, -1.798520184795527666 ) ) ;
#6676 = CARTESIAN_POINT ( 'NONE',  ( 1.250000000000000000, 0.2000000000000000111, 0.8750000000000000000 ) ) ;
#6677 = VECTOR ( 'NONE', #3372, 1000.000000000000000 ) ;
#6678 = EDGE_LOOP ( 'NONE', ( #8794, #4416, #4202, #3710, #4037 ) ) ;
#6679 =( NAMED_UNIT ( * ) SI_UNIT ( $, .STERADIAN. ) SOLID_ANGLE_UNIT ( ) );
#6680 = DIRECTION ( 'NONE',  ( 0.000000000000000000, -1.000000000000000000, 0.000000000000000000 ) ) ;
#6681 = FILL_AREA_STYLE ('',( #5074 ) ) ;
#6682 = CARTESIAN_POINT ( 'NONE',  ( 1.250000000000000000, 0.000000000000000000, 0.8750000000000000000 ) ) ;
#6683 = ORIENTED_EDGE ( 'NONE', *, *, #3180, .F. ) ;
#6684 = CARTESIAN_POINT ( 'NONE',  ( 0.000000000000000000, 0.000000000000000000, 0.000000000000000000 ) ) ;
#6685 = CLOSED_SHELL ( 'NONE', ( #5929, #4849, #1794, #8952, #5170, #1728 ) ) ;
#6686 = EDGE_CURVE ( 'NONE', #8152, #1692, #3047, .T. ) ;
#6687 = CARTESIAN_POINT ( 'NONE',  ( 0.9749999999999999778, 0.000000000000000000, -0.7500000000000000000 ) ) ;
#6688 = VECTOR ( 'NONE', #6315, 1000.000000000000000 ) ;
#6689 = CIRCLE ( 'NONE', #9689, 0.1250000000000000000 ) ;
#6690 = AXIS2_PLACEMENT_3D ( 'NONE', #8, #3876, #808 ) ;
#6691 = AXIS2_PLACEMENT_3D ( 'NONE', #1328, #2928, #3630 ) ;
#6692 = DIRECTION ( 'NONE',  ( -0.000000000000000000, 1.000000000000000000, 0.000000000000000000 ) ) ;
#6693 = FACE_OUTER_BOUND ( 'NONE', #4055, .T. ) ;
#6694 = EDGE_CURVE ( 'NONE', #8215, #6518, #9201, .T. ) ;
#6695 = AXIS2_PLACEMENT_3D ( 'NONE', #6380, #9397, #2553 ) ;
#6696 = DIRECTION ( 'NONE',  ( 0.000000000000000000, 0.000000000000000000, 1.000000000000000000 ) ) ;
#6697 = VECTOR ( 'NONE', #9068, 1000.000000000000000 ) ;
#6698 = COLOUR_RGB ( '',0.8313725490196077761, 0.8313725490196077761, 0.8313725490196077761 ) ;
#6699 = DIRECTION ( 'NONE',  ( 0.000000000000000000, -0.000000000000000000, 1.000000000000000000 ) ) ;
#6700 = FILL_AREA_STYLE ('',( #1334 ) ) ;
#6701 = DIRECTION ( 'NONE',  ( 1.000000000000000000, 0.000000000000000000, 0.000000000000000000 ) ) ;
#6702 = DIRECTION ( 'NONE',  ( 0.000000000000000000, 0.000000000000000000, 1.000000000000000000 ) ) ;
#6703 = AXIS2_PLACEMENT_3D ( 'NONE', #3060, #5403, #7661 ) ;
#6704 = CARTESIAN_POINT ( 'NONE',  ( -0.5000000000000000000, 0.1000000000000000056, 0.000000000000000000 ) ) ;
#6705 = CARTESIAN_POINT ( 'NONE',  ( 0.000000000000000000, 0.2000000000000000111, 1.600000000000000089 ) ) ;
#6706 = ORIENTED_EDGE ( 'NONE', *, *, #3008, .T. ) ;
#6707 = CARTESIAN_POINT ( 'NONE',  ( 0.9749999999999999778, 0.1749999999999999889, 1.375000000000000000 ) ) ;
#6708 = DIRECTION ( 'NONE',  ( 0.000000000000000000, 1.000000000000000000, -0.000000000000000000 ) ) ;
#6709 = AXIS2_PLACEMENT_3D ( 'NONE', #5381, #3852, #834 ) ;
#6710 = CYLINDRICAL_SURFACE ( 'NONE', #9256, 0.1249999999999998890 ) ;
#6711 = DIRECTION ( 'NONE',  ( 0.000000000000000000, 1.000000000000000000, 0.000000000000000000 ) ) ;
#6712 = VECTOR ( 'NONE', #1257, 1000.000000000000000 ) ;
#6713 = STYLED_ITEM ( 'NONE', ( #5537 ), #3986 ) ;
#6714 = VERTEX_POINT ( 'NONE', #7646 ) ;
#6715 = SURFACE_STYLE_USAGE ( .BOTH. , #5476 ) ;
#6716 = EDGE_LOOP ( 'NONE', ( #2845, #9471, #1604, #9469 ) ) ;
#6717 = ORIENTED_EDGE ( 'NONE', *, *, #727, .T. ) ;
#6718 = ADVANCED_FACE ( 'NONE', ( #4467 ), #6851, .F. ) ;
#6719 = ORIENTED_EDGE ( 'NONE', *, *, #6578, .F. ) ;
#6720 = EDGE_CURVE ( 'NONE', #7665, #7038, #5687, .T. ) ;
#6721 = CARTESIAN_POINT ( 'NONE',  ( -0.5000000000000000000, 0.000000000000000000, 1.500000000000000000 ) ) ;
#6722 = DIRECTION ( 'NONE',  ( 0.000000000000000000, -1.000000000000000000, -0.000000000000000000 ) ) ;
#6723 = CARTESIAN_POINT ( 'NONE',  ( 1.250000000000000000, 0.2000000000000000111, -0.3750000000000000555 ) ) ;
#6724 = ORIENTED_EDGE ( 'NONE', *, *, #7471, .F. ) ;
#6725 = AXIS2_PLACEMENT_3D ( 'NONE', #194, #5461, #8550 ) ;
#6726 = CARTESIAN_POINT ( 'NONE',  ( 0.2500000000000000000, -0.04000000000000000083, -1.850000000000000089 ) ) ;
#6727 = DIRECTION ( 'NONE',  ( 0.000000000000000000, 0.000000000000000000, -1.000000000000000000 ) ) ;
#6728 = STYLED_ITEM ( 'NONE', ( #6371 ), #9178 ) ;
#6729 = CIRCLE ( 'NONE', #9405, 0.09999999999999982514 ) ;
#6730 = EDGE_LOOP ( 'NONE', ( #2625, #4784, #8027, #1981 ) ) ;
#6731 = DIRECTION ( 'NONE',  ( 1.000000000000000000, -0.000000000000000000, 0.000000000000000000 ) ) ;
#6732 = DIRECTION ( 'NONE',  ( 0.000000000000000000, -1.000000000000000000, -0.000000000000000000 ) ) ;
#6733 = ORIENTED_EDGE ( 'NONE', *, *, #6335, .T. ) ;
#6734 = CARTESIAN_POINT ( 'NONE',  ( 0.000000000000000000, 0.000000000000000000, -0.6250000000000000000 ) ) ;
#6735 = ADVANCED_FACE ( 'NONE', ( #480 ), #6646, .T. ) ;
#6736 = VECTOR ( 'NONE', #8351, 1000.000000000000000 ) ;
#6737 =( LENGTH_UNIT ( ) NAMED_UNIT ( * ) SI_UNIT ( .MILLI., .METRE. ) );
#6738 = AXIS2_PLACEMENT_3D ( 'NONE', #4129, #306, #6325 ) ;
#6739 = CARTESIAN_POINT ( 'NONE',  ( -1.250000000000000000, 0.000000000000000000, 1.875000000000000000 ) ) ;
#6740 = LINE ( 'NONE', #4505, #5520 ) ;
#6741 =( NAMED_UNIT ( * ) PLANE_ANGLE_UNIT ( ) SI_UNIT ( $, .RADIAN. ) );
#6742 = PLANE ( 'NONE',  #1432 ) ;
#6743 = CARTESIAN_POINT ( 'NONE',  ( -0.9749999999999999778, 0.1749999999999999889, 0.3750000000000000000 ) ) ;
#6744 = COLOUR_RGB ( '',0.8313725490196077761, 0.8313725490196077761, 0.8313725490196077761 ) ;
#6745 = DIRECTION ( 'NONE',  ( 0.000000000000000000, 0.000000000000000000, 1.000000000000000000 ) ) ;
#6746 = ORIENTED_EDGE ( 'NONE', *, *, #5625, .T. ) ;
#6747 = SURFACE_STYLE_FILL_AREA ( #571 ) ;
#6748 = VERTEX_POINT ( 'NONE', #3634 ) ;
#6749 = EDGE_CURVE ( 'NONE', #283, #8618, #9045, .T. ) ;
#6750 = CARTESIAN_POINT ( 'NONE',  ( 0.5000000000000000000, 0.000000000000000000, -1.500000000000000000 ) ) ;
#6751 = DIRECTION ( 'NONE',  ( 0.000000000000000000, -1.000000000000000000, -0.000000000000000000 ) ) ;
#6752 = LINE ( 'NONE', #8288, #8736 ) ;
#6753 = LINE ( 'NONE', #8379, #320 ) ;
#6754 = ORIENTED_EDGE ( 'NONE', *, *, #6694, .F. ) ;
#6755 = UNCERTAINTY_MEASURE_WITH_UNIT (LENGTH_MEASURE( 1.000000000000000082E-05 ), #4198, 'distance_accuracy_value', 'NONE');
#6756 = DIRECTION ( 'NONE',  ( 0.000000000000000000, -1.000000000000000000, -0.000000000000000000 ) ) ;
#6757 = ORIENTED_EDGE ( 'NONE', *, *, #4080, .T. ) ;
#6759 = ORIENTED_EDGE ( 'NONE', *, *, #7884, .T. ) ;
#6758 = FACE_OUTER_BOUND ( 'NONE', #7134, .T. ) ;
#6760 = VERTEX_POINT ( 'NONE', #5789 ) ;
#6761 = ORIENTED_EDGE ( 'NONE', *, *, #4745, .T. ) ;
#6762 = DIRECTION ( 'NONE',  ( 0.000000000000000000, 0.000000000000000000, -1.000000000000000000 ) ) ;
#6763 = ORIENTED_EDGE ( 'NONE', *, *, #4992, .T. ) ;
#6764 = LINE ( 'NONE', #6908, #4306 ) ;
#6765 = CARTESIAN_POINT ( 'NONE',  ( 1.191959649094452844, 1.026539568547497616, 2.103018577200448824 ) ) ;
#6766 = ADVANCED_FACE ( 'NONE', ( #1242 ), #5040, .T. ) ;
#6767 = CARTESIAN_POINT ( 'NONE',  ( -1.150000000000000133, 0.000000000000000000, -2.250000000000000444 ) ) ;
#6768 = EDGE_CURVE ( 'NONE', #9316, #6965, #1690, .T. ) ;
#6769 = DIRECTION ( 'NONE',  ( 0.000000000000000000, -0.000000000000000000, -1.000000000000000000 ) ) ;
#6770 = ORIENTED_EDGE ( 'NONE', *, *, #9437, .T. ) ;
#6771 = SURFACE_STYLE_USAGE ( .BOTH. , #9693 ) ;
#6772 = ORIENTED_EDGE ( 'NONE', *, *, #8450, .F. ) ;
#6773 = CARTESIAN_POINT ( 'NONE',  ( -0.1250000000000000000, 0.000000000000000000, 1.975000000000000089 ) ) ;
#6774 = DIRECTION ( 'NONE',  ( 1.000000000000000000, 0.000000000000000000, 0.000000000000000000 ) ) ;
#6775 = UNCERTAINTY_MEASURE_WITH_UNIT (LENGTH_MEASURE( 1.000000000000000082E-05 ), #4331, 'distance_accuracy_value', 'NONE');
#6776 = VERTEX_POINT ( 'NONE', #904 ) ;
#6777 =( NAMED_UNIT ( * ) SI_UNIT ( $, .STERADIAN. ) SOLID_ANGLE_UNIT ( ) );
#6778 = AXIS2_PLACEMENT_3D ( 'NONE', #8713, #2766, #6394 ) ;
#6779 =( GEOMETRIC_REPRESENTATION_CONTEXT ( 3 ) GLOBAL_UNCERTAINTY_ASSIGNED_CONTEXT ( ( #4856 ) ) GLOBAL_UNIT_ASSIGNED_CONTEXT ( ( #1663, #7780, #1618 ) ) REPRESENTATION_CONTEXT ( 'NONE', 'WORKASPACE' ) );
#6780 = EDGE_CURVE ( 'NONE', #1452, #7482, #7052, .T. ) ;
#6781 = SURFACE_STYLE_USAGE ( .BOTH. , #1425 ) ;
#6782 = LINE ( 'NONE', #2979, #5238 ) ;
#6783 = ORIENTED_EDGE ( 'NONE', *, *, #565, .F. ) ;
#6784 = FILL_AREA_STYLE ('',( #3835 ) ) ;
#6785 = CARTESIAN_POINT ( 'NONE',  ( 0.1250000000000000000, 0.000000000000000000, 0.000000000000000000 ) ) ;
#6786 = FILL_AREA_STYLE ('',( #2930 ) ) ;
#6787 = ADVANCED_FACE ( 'NONE', ( #186 ), #9230, .T. ) ;
#6788 = PRESENTATION_LAYER_ASSIGNMENT (  '', '', ( #6932 ) ) ;
#6789 = LINE ( 'NONE', #8368, #712 ) ;
#6790 = ADVANCED_FACE ( 'NONE', ( #4106 ), #8684, .T. ) ;
#6791 = LINE ( 'NONE', #3781, #1537 ) ;
#6792 = ORIENTED_EDGE ( 'NONE', *, *, #1726, .T. ) ;
#6793 = VERTEX_POINT ( 'NONE', #8494 ) ;
#6794 = CARTESIAN_POINT ( 'NONE',  ( 1.184165146386241041, 0.9327350269189622622, -2.231304907451683306 ) ) ;
#6795 = CARTESIAN_POINT ( 'NONE',  ( -1.250000000000000000, 0.000000000000000000, -2.250000000000000444 ) ) ;
#6796 = ORIENTED_EDGE ( 'NONE', *, *, #5863, .F. ) ;
#6797 = FACE_OUTER_BOUND ( 'NONE', #7520, .T. ) ;
#6798 = DIRECTION ( 'NONE',  ( 0.000000000000000000, 0.000000000000000000, -1.000000000000000000 ) ) ;
#6799 = SURFACE_SIDE_STYLE ('',( #5289 ) ) ;
#6800 = ORIENTED_EDGE ( 'NONE', *, *, #6540, .T. ) ;
#6801 =( GEOMETRIC_REPRESENTATION_CONTEXT ( 3 ) GLOBAL_UNCERTAINTY_ASSIGNED_CONTEXT ( ( #4969 ) ) GLOBAL_UNIT_ASSIGNED_CONTEXT ( ( #5016, #5067, #2697 ) ) REPRESENTATION_CONTEXT ( 'NONE', 'WORKASPACE' ) );
#6802 = DIRECTION ( 'NONE',  ( 0.000000000000000000, 1.000000000000000000, 0.000000000000000000 ) ) ;
#6803 = EDGE_CURVE ( 'NONE', #6793, #9123, #3295, .T. ) ;
#6804 = CARTESIAN_POINT ( 'NONE',  ( -1.250000000000000000, 0.1749999999999999889, 1.125000000000000222 ) ) ;
#6805 = FILL_AREA_STYLE ('',( #730 ) ) ;
#6806 = PRESENTATION_LAYER_ASSIGNMENT (  '', '', ( #3130 ) ) ;
#6807 = SURFACE_STYLE_FILL_AREA ( #9073 ) ;
#6808 = ORIENTED_EDGE ( 'NONE', *, *, #9773, .F. ) ;
#6809 = PLANE ( 'NONE',  #3669 ) ;
#6810 = LINE ( 'NONE', #6057, #9251 ) ;
#6811 = SURFACE_STYLE_FILL_AREA ( #2174 ) ;
#6812 = ORIENTED_EDGE ( 'NONE', *, *, #8593, .F. ) ;
#6813 = DIRECTION ( 'NONE',  ( -1.000000000000000000, 0.000000000000000000, 0.000000000000000000 ) ) ;
#6814 = PLANE ( 'NONE',  #6477 ) ;
#6815 =( GEOMETRIC_REPRESENTATION_CONTEXT ( 3 ) GLOBAL_UNCERTAINTY_ASSIGNED_CONTEXT ( ( #740 ) ) GLOBAL_UNIT_ASSIGNED_CONTEXT ( ( #4028, #7767, #6320 ) ) REPRESENTATION_CONTEXT ( 'NONE', 'WORKASPACE' ) );
#6816 = CARTESIAN_POINT ( 'NONE',  ( -0.9749999999999999778, 0.2000000000000000111, -1.875000000000000000 ) ) ;
#6817 = STYLED_ITEM ( 'NONE', ( #3337 ), #2924 ) ;
#6818 = ORIENTED_EDGE ( 'NONE', *, *, #1381, .F. ) ;
#6819 = PRESENTATION_STYLE_ASSIGNMENT (( #6223 ) ) ;
#6820 = CARTESIAN_POINT ( 'NONE',  ( -1.103018577200448824, 1.026539568547497394, 2.191959649094453066 ) ) ;
#6821 = FILL_AREA_STYLE ('',( #9040 ) ) ;
#6822 = PRESENTATION_LAYER_ASSIGNMENT (  '', '', ( #7613 ) ) ;
#6823 =( NAMED_UNIT ( * ) PLANE_ANGLE_UNIT ( ) SI_UNIT ( $, .RADIAN. ) );
#6824 = ORIENTED_EDGE ( 'NONE', *, *, #4956, .F. ) ;
#6825 = PRESENTATION_LAYER_ASSIGNMENT (  '', '', ( #1999 ) ) ;
#6826 = ADVANCED_FACE ( 'NONE', ( #1829 ), #9380, .F. ) ;
#6827 = DIRECTION ( 'NONE',  ( -1.000000000000000000, -0.000000000000000000, -0.000000000000000000 ) ) ;
#6828 = STYLED_ITEM ( 'NONE', ( #2672 ), #1866 ) ;
#6829 = PRESENTATION_STYLE_ASSIGNMENT (( #6781 ) ) ;
#6830 = CLOSED_SHELL ( 'NONE', ( #6231, #5681, #5349, #1909, #6066, #9876 ) ) ;
#6831 = EDGE_CURVE ( 'NONE', #3543, #5797, #7246, .T. ) ;
#6832 = PRESENTATION_LAYER_ASSIGNMENT (  '', '', ( #9036 ) ) ;
#6833 = EDGE_CURVE ( 'NONE', #25, #983, #9161, .T. ) ;
#6834 = PLANE ( 'NONE',  #8007 ) ;
#6835 = LINE ( 'NONE', #6028, #6242 ) ;
#6836 = LINE ( 'NONE', #9053, #3626 ) ;
#6837 = PRESENTATION_LAYER_ASSIGNMENT (  '', '', ( #7788 ) ) ;
#6838 = EDGE_LOOP ( 'NONE', ( #5953, #5744, #9164, #1396 ) ) ;
#6839 = SURFACE_SIDE_STYLE ('',( #6747 ) ) ;
#6840 = VERTEX_POINT ( 'NONE', #2116 ) ;
#6841 = CARTESIAN_POINT ( 'NONE',  ( -0.9749999999999999778, 0.000000000000000000, -1.875000000000000000 ) ) ;
#6842 = DIRECTION ( 'NONE',  ( -0.000000000000000000, -1.000000000000000000, 0.000000000000000000 ) ) ;
#6843 = CARTESIAN_POINT ( 'NONE',  ( -0.5999999999999999778, 0.06000000000000000472, 1.600000000000000089 ) ) ;
#6844 = EDGE_CURVE ( 'NONE', #4207, #9035, #2165, .T. ) ;
#6845 = VECTOR ( 'NONE', #6621, 1000.000000000000000 ) ;
#6846 = PRODUCT ( 'FRAME-RKS0020A', 'FRAME-RKS0020A', '', ( #2782 ) ) ;
#6847 = STYLED_ITEM ( 'NONE', ( #270 ), #3847 ) ;
#6848 = FACE_OUTER_BOUND ( 'NONE', #4111, .T. ) ;
#6849 = CARTESIAN_POINT ( 'NONE',  ( -1.250000000000000000, 0.000000000000000000, 0.8749999999999998890 ) ) ;
#6850 = DIRECTION ( 'NONE',  ( -0.000000000000000000, 0.000000000000000000, -1.000000000000000000 ) ) ;
#6851 = PLANE ( 'NONE',  #1870 ) ;
#6852 = EDGE_CURVE ( 'NONE', #6385, #3095, #2318, .T. ) ;
#6853 = SURFACE_SIDE_STYLE ('',( #5952 ) ) ;
#6854 = MECHANICAL_DESIGN_GEOMETRIC_PRESENTATION_REPRESENTATION (  '', ( #5893 ), #5256 ) ;
#6855 = SURFACE_STYLE_USAGE ( .BOTH. , #3195 ) ;
#6856 = ORIENTED_EDGE ( 'NONE', *, *, #3402, .T. ) ;
#6857 = EDGE_CURVE ( 'NONE', #8407, #8933, #6049, .T. ) ;
#6858 = PLANE ( 'NONE',  #5423 ) ;
#6859 = CARTESIAN_POINT ( 'NONE',  ( 1.250000000000000000, 0.2000000000000000111, -0.8750000000000000000 ) ) ;
#6860 = CARTESIAN_POINT ( 'NONE',  ( -0.1250000000000000000, 0.2000000000000000111, -2.250000000000000444 ) ) ;
#6861 = EDGE_LOOP ( 'NONE', ( #175, #5120, #1731, #2944 ) ) ;
#6862 = LINE ( 'NONE', #3754, #2671 ) ;
#6863 = AXIS2_PLACEMENT_3D ( 'NONE', #447, #4325, #650 ) ;
#6864 = VECTOR ( 'NONE', #9222, 1000.000000000000000 ) ;
#6865 = CARTESIAN_POINT ( 'NONE',  ( 1.149999999999999911, 0.8750000000000000000, -2.149999999999999911 ) ) ;
#6866 = LINE ( 'NONE', #2, #318 ) ;
#6867 =( NAMED_UNIT ( * ) SI_UNIT ( $, .STERADIAN. ) SOLID_ANGLE_UNIT ( ) );
#6868 = ORIENTED_EDGE ( 'NONE', *, *, #1100, .T. ) ;
#6869 = LINE ( 'NONE', #9037, #2442 ) ;
#6870 = CARTESIAN_POINT ( 'NONE',  ( -0.9749999999999999778, -0.04000000000000000083, -1.875000000000000000 ) ) ;
#6871 = VERTEX_POINT ( 'NONE', #5386 ) ;
#6872 = VECTOR ( 'NONE', #209, 1000.000000000000000 ) ;
#6873 = CARTESIAN_POINT ( 'NONE',  ( -1.207735026918962173, 0.9327350269189623733, 2.207735026918962618 ) ) ;
#6874 = DIRECTION ( 'NONE',  ( 1.000000000000000000, 0.000000000000000000, -0.000000000000000000 ) ) ;
#6875 = EDGE_CURVE ( 'NONE', #4567, #6450, #7644, .T. ) ;
#6876 = UNCERTAINTY_MEASURE_WITH_UNIT (LENGTH_MEASURE( 1.000000000000000082E-05 ), #2634, 'distance_accuracy_value', 'NONE');
#6877 = DIRECTION ( 'NONE',  ( 0.000000000000000000, 0.000000000000000000, -1.000000000000000000 ) ) ;
#6878 = MECHANICAL_DESIGN_GEOMETRIC_PRESENTATION_REPRESENTATION (  '', ( #6728 ), #2875 ) ;
#6879 = CIRCLE ( 'NONE', #9089, 0.1250000000000001110 ) ;
#6880 =( NAMED_UNIT ( * ) SI_UNIT ( $, .STERADIAN. ) SOLID_ANGLE_UNIT ( ) );
#6881 = COLOUR_RGB ( '',0.8313725490196077761, 0.8313725490196077761, 0.8313725490196077761 ) ;
#6882 = ORIENTED_EDGE ( 'NONE', *, *, #8434, .T. ) ;
#6883 = CARTESIAN_POINT ( 'NONE',  ( 0.9749999999999999778, 0.000000000000000000, 0.6250000000000000000 ) ) ;
#6884 = CIRCLE ( 'NONE', #5273, 0.09999999999999996392 ) ;
#6885 = VECTOR ( 'NONE', #4404, 1000.000000000000000 ) ;
#6886 = CARTESIAN_POINT ( 'NONE',  ( 0.5999999999999999778, 0.1000000000000000056, 1.600000000000000089 ) ) ;
#6887 = DIRECTION ( 'NONE',  ( -0.000000000000000000, -1.000000000000000000, -0.000000000000000000 ) ) ;
#6888 = FACE_OUTER_BOUND ( 'NONE', #9284, .T. ) ;
#6889 = LINE ( 'NONE', #2301, #4889 ) ;
#6890 = COLOUR_RGB ( '',0.8313725490196077761, 0.8313725490196077761, 0.8313725490196077761 ) ;
#6891 = EDGE_CURVE ( 'NONE', #9691, #9035, #583, .T. ) ;
#6892 = ADVANCED_FACE ( 'NONE', ( #6099 ), #9118, .T. ) ;
#6893 = ORIENTED_EDGE ( 'NONE', *, *, #2619, .F. ) ;
#6894 = DIRECTION ( 'NONE',  ( -1.000000000000000000, 0.000000000000000000, -0.000000000000000000 ) ) ;
#6895 = ORIENTED_EDGE ( 'NONE', *, *, #4387, .F. ) ;
#6896 =( NAMED_UNIT ( * ) SI_UNIT ( $, .STERADIAN. ) SOLID_ANGLE_UNIT ( ) );
#6897 = ORIENTED_EDGE ( 'NONE', *, *, #4148, .T. ) ;
#6898 = LINE ( 'NONE', #3084, #3802 ) ;
#6899 = CARTESIAN_POINT ( 'NONE',  ( -1.250000000000000000, 0.000000000000000000, -1.875000000000000000 ) ) ;
#6900 = LINE ( 'NONE', #8241, #2064 ) ;
#6901 = EDGE_CURVE ( 'NONE', #2691, #3019, #3905, .T. ) ;
#6902 = ORIENTED_EDGE ( 'NONE', *, *, #5685, .F. ) ;
#6903 = CARTESIAN_POINT ( 'NONE',  ( -1.250000000000000000, 0.000000000000000000, -0.6250000000000000000 ) ) ;
#6904 = LINE ( 'NONE', #6208, #4153 ) ;
#6905 = DIRECTION ( 'NONE',  ( -0.000000000000000000, 1.000000000000000000, 0.000000000000000000 ) ) ;
#6906 =( LENGTH_UNIT ( ) NAMED_UNIT ( * ) SI_UNIT ( .MILLI., .METRE. ) );
#6907 = ORIENTED_EDGE ( 'NONE', *, *, #3926, .T. ) ;
#6908 = CARTESIAN_POINT ( 'NONE',  ( 0.9749999999999999778, 0.2000000000000000111, 0.8750000000000000000 ) ) ;
#6909 = CARTESIAN_POINT ( 'NONE',  ( 0.9749999999999999778, 0.000000000000000000, 0.3750000000000000000 ) ) ;
#6910 = CARTESIAN_POINT ( 'NONE',  ( 0.000000000000000000, 0.000000000000000000, 0.000000000000000000 ) ) ;
#6911 = VERTEX_POINT ( 'NONE', #84 ) ;
#6912 =( NAMED_UNIT ( * ) SI_UNIT ( $, .STERADIAN. ) SOLID_ANGLE_UNIT ( ) );
#6913 = MECHANICAL_DESIGN_GEOMETRIC_PRESENTATION_REPRESENTATION (  '', ( #6116 ), #7226 ) ;
#6914 = CARTESIAN_POINT ( 'NONE',  ( -1.149999999999999911, 0.000000000000000000, -2.250000000000000444 ) ) ;
#6915 = SURFACE_STYLE_FILL_AREA ( #8680 ) ;
#6916 = PRESENTATION_STYLE_ASSIGNMENT (( #3879 ) ) ;
#6917 = ORIENTED_EDGE ( 'NONE', *, *, #106, .F. ) ;
#6918 = LINE ( 'NONE', #3767, #4435 ) ;
#6919 = DIRECTION ( 'NONE',  ( 0.000000000000000000, 1.000000000000000000, 0.000000000000000000 ) ) ;
#6920 = FILL_AREA_STYLE_COLOUR ( '', #6183 ) ;
#6921 = EDGE_CURVE ( 'NONE', #3572, #7869, #7333, .T. ) ;
#6922 = CARTESIAN_POINT ( 'NONE',  ( 1.250000000000000000, 0.1749999999999999889, -1.875000000000000000 ) ) ;
#6923 = DIRECTION ( 'NONE',  ( 1.000000000000000000, 0.000000000000000000, 0.000000000000000000 ) ) ;
#6924 = ORIENTED_EDGE ( 'NONE', *, *, #8082, .F. ) ;
#6925 = SURFACE_STYLE_USAGE ( .BOTH. , #9254 ) ;
#6926 = DIRECTION ( 'NONE',  ( 0.4082482904638640164, -0.8164965809277250353, 0.4082482904638640164 ) ) ;
#6927 = DIRECTION ( 'NONE',  ( 0.000000000000000000, 0.000000000000000000, -1.000000000000000000 ) ) ;
#6928 = ORIENTED_EDGE ( 'NONE', *, *, #4464, .T. ) ;
#6929 = ORIENTED_EDGE ( 'NONE', *, *, #826, .T. ) ;
#6930 = SURFACE_STYLE_USAGE ( .BOTH. , #9058 ) ;
#6931 = ORIENTED_EDGE ( 'NONE', *, *, #6833, .T. ) ;
#6932 = STYLED_ITEM ( 'NONE', ( #4500 ), #2351 ) ;
#6933 = LINE ( 'NONE', #78, #7514 ) ;
#6934 = LINE ( 'NONE', #5328, #95 ) ;
#6935 = VERTEX_POINT ( 'NONE', #7789 ) ;
#6936 = EDGE_CURVE ( 'NONE', #6714, #1681, #521, .T. ) ;
#6937 = EDGE_CURVE ( 'NONE', #2510, #1265, #5787, .T. ) ;
#6938 = SURFACE_SIDE_STYLE ('',( #7080 ) ) ;
#6939 =( NAMED_UNIT ( * ) SI_UNIT ( $, .STERADIAN. ) SOLID_ANGLE_UNIT ( ) );
#6940 = CARTESIAN_POINT ( 'NONE',  ( 0.000000000000000000, 0.000000000000000000, -0.8750000000000000000 ) ) ;
#6941 = DIRECTION ( 'NONE',  ( -0.000000000000000000, 1.000000000000000000, 0.000000000000000000 ) ) ;
#6942 = VECTOR ( 'NONE', #866, 1000.000000000000000 ) ;
#6943 = CARTESIAN_POINT ( 'NONE',  ( 0.3750000000000000000, 0.1749999999999999889, -1.975000000000000089 ) ) ;
#6944 = LINE ( 'NONE', #1092, #1834 ) ;
#6945 = ORIENTED_EDGE ( 'NONE', *, *, #5758, .T. ) ;
#6946 = STYLED_ITEM ( 'NONE', ( #2910 ), #5417 ) ;
#6947 = LINE ( 'NONE', #7085, #6553 ) ;
#6948 = CARTESIAN_POINT ( 'NONE',  ( 0.9749999999999999778, 0.000000000000000000, -0.1250000000000000000 ) ) ;
#6949 = DIRECTION ( 'NONE',  ( -0.000000000000000000, -1.000000000000000000, -0.000000000000000000 ) ) ;
#6950 = ORIENTED_EDGE ( 'NONE', *, *, #3856, .T. ) ;
#6951 = UNCERTAINTY_MEASURE_WITH_UNIT (LENGTH_MEASURE( 1.000000000000000082E-05 ), #4552, 'distance_accuracy_value', 'NONE');
#6952 = EDGE_CURVE ( 'NONE', #5805, #2744, #5039, .T. ) ;
#6953 = CYLINDRICAL_SURFACE ( 'NONE', #2192, 0.1250000000000001110 ) ;
#6954 = DIRECTION ( 'NONE',  ( -0.000000000000000000, 0.000000000000000000, 1.000000000000000000 ) ) ;
#6955 = AXIS2_PLACEMENT_3D ( 'NONE', #7977, #353, #1068 ) ;
#6956 = CARTESIAN_POINT ( 'NONE',  ( -1.243309800894466965, 0.9238392649474665985, 2.154368729000465166 ) ) ;
#6957 = MECHANICAL_DESIGN_GEOMETRIC_PRESENTATION_REPRESENTATION (  '', ( #3130 ), #401 ) ;
#6958 = EDGE_LOOP ( 'NONE', ( #6422, #5642, #4979, #854 ) ) ;
#6959 = DIRECTION ( 'NONE',  ( -0.000000000000000000, 1.000000000000000000, 0.000000000000000000 ) ) ;
#6960 = ORIENTED_EDGE ( 'NONE', *, *, #564, .F. ) ;
#6961 = LINE ( 'NONE', #754, #3135 ) ;
#6962 = VERTEX_POINT ( 'NONE', #8861 ) ;
#6963 = FACE_OUTER_BOUND ( 'NONE', #7957, .T. ) ;
#6964 = UNCERTAINTY_MEASURE_WITH_UNIT (LENGTH_MEASURE( 1.000000000000000082E-05 ), #8491, 'distance_accuracy_value', 'NONE');
#6965 = VERTEX_POINT ( 'NONE', #1919 ) ;
#6966 = VECTOR ( 'NONE', #817, 1000.000000000000000 ) ;
#6967 = MECHANICAL_DESIGN_GEOMETRIC_PRESENTATION_REPRESENTATION (  '', ( #3616 ), #7468 ) ;
#6968 = EDGE_CURVE ( 'NONE', #981, #4819, #280, .T. ) ;
#6969 = PRESENTATION_STYLE_ASSIGNMENT (( #1057 ) ) ;
#6970 = CARTESIAN_POINT ( 'NONE',  ( 0.9749999999999999778, 0.1749999999999999889, -0.6250000000000000000 ) ) ;
#6971 = DIRECTION ( 'NONE',  ( -0.000000000000000000, 1.000000000000000000, 0.000000000000000000 ) ) ;
#6972 = COLOUR_RGB ( '',0.8313725490196077761, 0.8313725490196077761, 0.8313725490196077761 ) ;
#6973 = PLANE ( 'NONE',  #2319 ) ;
#6974 = CARTESIAN_POINT ( 'NONE',  ( 0.9749999999999999778, 0.000000000000000000, -0.3750000000000000000 ) ) ;
#6975 = PLANE ( 'NONE',  #8902 ) ;
#6976 = STYLED_ITEM ( 'NONE', ( #1523 ), #5929 ) ;
#6977 = VERTEX_POINT ( 'NONE', #2015 ) ;
#6978 =( GEOMETRIC_REPRESENTATION_CONTEXT ( 3 ) GLOBAL_UNCERTAINTY_ASSIGNED_CONTEXT ( ( #6951 ) ) GLOBAL_UNIT_ASSIGNED_CONTEXT ( ( #4552, #28, #6896 ) ) REPRESENTATION_CONTEXT ( 'NONE', 'WORKASPACE' ) );
#6979 = ADVANCED_FACE ( 'NONE', ( #8137 ), #8723, .T. ) ;
#6980 = DIRECTION ( 'NONE',  ( -1.000000000000000000, -0.000000000000000000, 0.000000000000000000 ) ) ;
#6981 = AXIS2_PLACEMENT_3D ( 'NONE', #8814, #9712, #1332 ) ;
#6982 = DIRECTION ( 'NONE',  ( 0.000000000000000000, 0.000000000000000000, -1.000000000000000000 ) ) ;
#6983 = LINE ( 'NONE', #9454, #2154 ) ;
#6984 = VERTEX_POINT ( 'NONE', #5735 ) ;
#6985 =( GEOMETRIC_REPRESENTATION_CONTEXT ( 3 ) GLOBAL_UNCERTAINTY_ASSIGNED_CONTEXT ( ( #5845 ) ) GLOBAL_UNIT_ASSIGNED_CONTEXT ( ( #774, #8280, #3841 ) ) REPRESENTATION_CONTEXT ( 'NONE', 'WORKASPACE' ) );
#6986 = CARTESIAN_POINT ( 'NONE',  ( 1.231304907451683750, 0.9327350269189623733, 2.184165146386241929 ) ) ;
#6987 = STYLED_ITEM ( 'NONE', ( #3382 ), #6267 ) ;
#6988 = DIRECTION ( 'NONE',  ( 0.000000000000000000, 0.000000000000000000, -1.000000000000000000 ) ) ;
#6989 = VERTEX_POINT ( 'NONE', #7287 ) ;
#6990 = EDGE_CURVE ( 'NONE', #3655, #9528, #424, .T. ) ;
#6991 = PRESENTATION_STYLE_ASSIGNMENT (( #7590 ) ) ;
#6992 = FILL_AREA_STYLE ('',( #6141 ) ) ;
#6993 = CLOSED_SHELL ( 'NONE', ( #87, #415, #4048, #3490, #7555, #7062 ) ) ;
#6994 = PRESENTATION_STYLE_ASSIGNMENT (( #131 ) ) ;
#6995 = VECTOR ( 'NONE', #4036, 1000.000000000000000 ) ;
#6996 = COLOUR_RGB ( '',0.8313725490196077761, 0.8313725490196077761, 0.8313725490196077761 ) ;
#6997 =( LENGTH_UNIT ( ) NAMED_UNIT ( * ) SI_UNIT ( .MILLI., .METRE. ) );
#6998 = VERTEX_POINT ( 'NONE', #64 ) ;
#6999 = MECHANICAL_DESIGN_GEOMETRIC_PRESENTATION_REPRESENTATION (  '', ( #9368 ), #1412 ) ;
#7000 = VECTOR ( 'NONE', #8247, 1000.000000000000000 ) ;
#7001 = LINE ( 'NONE', #4052, #624 ) ;
#7002 = DIRECTION ( 'NONE',  ( 0.000000000000000000, -0.000000000000000000, -1.000000000000000000 ) ) ;
#7003 = FACE_OUTER_BOUND ( 'NONE', #2383, .T. ) ;
#7004 = PRESENTATION_STYLE_ASSIGNMENT (( #9027 ) ) ;
#7005 = ORIENTED_EDGE ( 'NONE', *, *, #3623, .T. ) ;
#7006 =( LENGTH_UNIT ( ) NAMED_UNIT ( * ) SI_UNIT ( .MILLI., .METRE. ) );
#7007 = DIRECTION ( 'NONE',  ( 1.000000000000000000, -0.000000000000000000, 0.000000000000000000 ) ) ;
#7008 = FILL_AREA_STYLE_COLOUR ( '', #523 ) ;
#7009 = EDGE_CURVE ( 'NONE', #8053, #2656, #3120, .T. ) ;
#7010 = ORIENTED_EDGE ( 'NONE', *, *, #6891, .F. ) ;
#7011 = ADVANCED_FACE ( 'NONE', ( #7499 ), #5419, .T. ) ;
#7012 = FILL_AREA_STYLE_COLOUR ( '', #5132 ) ;
#7013 = CARTESIAN_POINT ( 'NONE',  ( 0.3750000000000000555, 0.2000000000000000111, -2.250000000000000444 ) ) ;
#7014 = ORIENTED_EDGE ( 'NONE', *, *, #7472, .T. ) ;
#7015 =( NAMED_UNIT ( * ) PLANE_ANGLE_UNIT ( ) SI_UNIT ( $, .RADIAN. ) );
#7016 = DIRECTION ( 'NONE',  ( -0.000000000000000000, 1.000000000000000000, 0.000000000000000000 ) ) ;
#7017 = ORIENTED_EDGE ( 'NONE', *, *, #7742, .T. ) ;
#7018 = STYLED_ITEM ( 'NONE', ( #7800 ), #7422 ) ;
#7019 =( NAMED_UNIT ( * ) PLANE_ANGLE_UNIT ( ) SI_UNIT ( $, .RADIAN. ) );
#7020 = CARTESIAN_POINT ( 'NONE',  ( -1.250000000000000000, 0.000000000000000000, 0.6250000000000000000 ) ) ;
#7021 = DIRECTION ( 'NONE',  ( 0.000000000000000000, 0.000000000000000000, -1.000000000000000000 ) ) ;
#7022 = DIRECTION ( 'NONE',  ( 1.000000000000000000, 0.000000000000000000, 0.000000000000000000 ) ) ;
#7023 = PRESENTATION_LAYER_ASSIGNMENT (  '', '', ( #2867 ) ) ;
#7024 = PRESENTATION_LAYER_ASSIGNMENT (  '', '', ( #1575 ) ) ;
#7025 = FILL_AREA_STYLE_COLOUR ( '', #3635 ) ;
#7026 = ORIENTED_EDGE ( 'NONE', *, *, #5210, .F. ) ;
#7027 = FILL_AREA_STYLE_COLOUR ( '', #6744 ) ;
#7028 = DIRECTION ( 'NONE',  ( 0.000000000000000000, 0.000000000000000000, -1.000000000000000000 ) ) ;
#7029 = AXIS2_PLACEMENT_3D ( 'NONE', #8031, #1906, #1172 ) ;
#7030 = SURFACE_STYLE_USAGE ( .BOTH. , #2866 ) ;
#7031 = EDGE_CURVE ( 'NONE', #983, #687, #7972, .T. ) ;
#7032 = LINE ( 'NONE', #8671, #9673 ) ;
#7033 = EDGE_CURVE ( 'NONE', #820, #5513, #864, .T. ) ;
#7034 = ORIENTED_EDGE ( 'NONE', *, *, #3070, .T. ) ;
#7035 = VECTOR ( 'NONE', #4989, 1000.000000000000000 ) ;
#7036 =( NAMED_UNIT ( * ) SI_UNIT ( $, .STERADIAN. ) SOLID_ANGLE_UNIT ( ) );
#7037 = CIRCLE ( 'NONE', #2877, 0.09999999999999982514 ) ;
#7038 = VERTEX_POINT ( 'NONE', #6232 ) ;
#7039 = ORIENTED_EDGE ( 'NONE', *, *, #4138, .F. ) ;
#7040 = DIRECTION ( 'NONE',  ( 0.000000000000000000, -0.000000000000000000, 1.000000000000000000 ) ) ;
#7041 =( GEOMETRIC_REPRESENTATION_CONTEXT ( 3 ) GLOBAL_UNCERTAINTY_ASSIGNED_CONTEXT ( ( #2345 ) ) GLOBAL_UNIT_ASSIGNED_CONTEXT ( ( #1347, #5050, #8788 ) ) REPRESENTATION_CONTEXT ( 'NONE', 'WORKASPACE' ) );
#7042 = AXIS2_PLACEMENT_3D ( 'NONE', #6331, #1709, #168 ) ;
#7043 =( NAMED_UNIT ( * ) SI_UNIT ( $, .STERADIAN. ) SOLID_ANGLE_UNIT ( ) );
#7044 = ORIENTED_EDGE ( 'NONE', *, *, #7009, .F. ) ;
#7045 = EDGE_LOOP ( 'NONE', ( #9806, #2555, #8532, #5053 ) ) ;
#7046 = STYLED_ITEM ( 'NONE', ( #9288 ), #4799 ) ;
#7047 = DIRECTION ( 'NONE',  ( 0.000000000000000000, -0.000000000000000000, 1.000000000000000000 ) ) ;
#7048 = CARTESIAN_POINT ( 'NONE',  ( -0.9749999999999999778, 0.000000000000000000, -1.125000000000000222 ) ) ;
#7049 = CARTESIAN_POINT ( 'NONE',  ( 1.207735026918962395, 0.9327350269189628174, 2.207735026918962618 ) ) ;
#7050 = ORIENTED_EDGE ( 'NONE', *, *, #3956, .F. ) ;
#7051 = UNCERTAINTY_MEASURE_WITH_UNIT (LENGTH_MEASURE( 1.000000000000000082E-05 ), #8617, 'distance_accuracy_value', 'NONE');
#7052 = LINE ( 'NONE', #1042, #1708 ) ;
#7053 = ORIENTED_EDGE ( 'NONE', *, *, #649, .T. ) ;
#7054 = CARTESIAN_POINT ( 'NONE',  ( 0.000000000000000000, 0.1000000000000000056, -1.600000000000000089 ) ) ;
#7055 = ORIENTED_EDGE ( 'NONE', *, *, #828, .F. ) ;
#7056 = ORIENTED_EDGE ( 'NONE', *, *, #9855, .F. ) ;
#7057 = UNCERTAINTY_MEASURE_WITH_UNIT (LENGTH_MEASURE( 1.000000000000000082E-05 ), #1657, 'distance_accuracy_value', 'NONE');
#7058 = ORIENTED_EDGE ( 'NONE', *, *, #900, .F. ) ;
#7059 =( NAMED_UNIT ( * ) PLANE_ANGLE_UNIT ( ) SI_UNIT ( $, .RADIAN. ) );
#7060 = CARTESIAN_POINT ( 'NONE',  ( 0.5999999999999999778, 0.1000000000000000056, 1.600000000000000089 ) ) ;
#7061 = SHAPE_REPRESENTATION ( 'BODY-QFN', ( #4985 ), #9752 ) ;
#7062 = ADVANCED_FACE ( 'NONE', ( #8510 ), #6279, .F. ) ;
#7063 = DIRECTION ( 'NONE',  ( 0.000000000000000000, 0.000000000000000000, -1.000000000000000000 ) ) ;
#7064 = CARTESIAN_POINT ( 'NONE',  ( 0.3750000000000000555, 0.000000000000000000, -2.250000000000000444 ) ) ;
#7065 = CARTESIAN_POINT ( 'NONE',  ( -0.9749999999999999778, 0.000000000000000000, 0.6250000000000000000 ) ) ;
#7066 = DIRECTION ( 'NONE',  ( -0.000000000000000000, -1.000000000000000000, -0.000000000000000000 ) ) ;
#7067 = ORIENTED_EDGE ( 'NONE', *, *, #8262, .T. ) ;
#7068 = CARTESIAN_POINT ( 'NONE',  ( 0.2500000000000000000, 0.1749999999999999889, 1.975000000000000089 ) ) ;
#7069 = ORIENTED_EDGE ( 'NONE', *, *, #2114, .T. ) ;
#7070 =( NAMED_UNIT ( * ) SI_UNIT ( $, .STERADIAN. ) SOLID_ANGLE_UNIT ( ) );
#7071 = AXIS2_PLACEMENT_3D ( 'NONE', #9107, #322, #6988 ) ;
#7072 =( LENGTH_UNIT ( ) NAMED_UNIT ( * ) SI_UNIT ( .MILLI., .METRE. ) );
#7073 = EDGE_CURVE ( 'NONE', #2372, #5175, #2443, .T. ) ;
#7074 = PLANE ( 'NONE',  #2810 ) ;
#7075 = LINE ( 'NONE', #9301, #7476 ) ;
#7076 = CARTESIAN_POINT ( 'NONE',  ( -0.1249999999999998890, 0.000000000000000000, -2.250000000000000444 ) ) ;
#7077 = ORIENTED_EDGE ( 'NONE', *, *, #9437, .F. ) ;
#7078 = ORIENTED_EDGE ( 'NONE', *, *, #1173, .T. ) ;
#7079 = EDGE_CURVE ( 'NONE', #5188, #7671, #5412, .T. ) ;
#7080 = SURFACE_STYLE_FILL_AREA ( #2461 ) ;
#7081 = STYLED_ITEM ( 'NONE', ( #4910 ), #1079 ) ;
#7082 = VECTOR ( 'NONE', #1227, 1000.000000000000000 ) ;
#7083 = CARTESIAN_POINT ( 'NONE',  ( -0.5000000000000000000, -6.352747104407252543E-19, -1.150000000000000133 ) ) ;
#7084 = ORIENTED_EDGE ( 'NONE', *, *, #9276, .T. ) ;
#7085 = CARTESIAN_POINT ( 'NONE',  ( -0.3750000000000000000, 0.000000000000000000, 0.000000000000000000 ) ) ;
#7086 = CARTESIAN_POINT ( 'NONE',  ( 1.250000000000000000, 0.000000000000000000, -0.3749999999999998890 ) ) ;
#7087 = PRESENTATION_LAYER_ASSIGNMENT (  '', '', ( #1652 ) ) ;
#7088 = SURFACE_SIDE_STYLE ('',( #327 ) ) ;
#7089 = FILL_AREA_STYLE ('',( #2377 ) ) ;
#7090 = VERTEX_POINT ( 'NONE', #7064 ) ;
#7091 = ADVANCED_FACE ( 'NONE', ( #9291 ), #1010, .T. ) ;
#7092 = DIRECTION ( 'NONE',  ( 0.000000000000000000, 0.000000000000000000, 1.000000000000000000 ) ) ;
#7093 = PRESENTATION_STYLE_ASSIGNMENT (( #4760 ) ) ;
#7094 = CARTESIAN_POINT ( 'NONE',  ( 0.000000000000000000, 0.2000000000000000111, 0.000000000000000000 ) ) ;
#7095 = EDGE_LOOP ( 'NONE', ( #1094, #4263, #5457, #541 ) ) ;
#7096 = DIRECTION ( 'NONE',  ( -0.000000000000000000, -1.000000000000000000, -0.000000000000000000 ) ) ;
#7097 = ORIENTED_EDGE ( 'NONE', *, *, #354, .F. ) ;
#7098 =( LENGTH_UNIT ( ) NAMED_UNIT ( * ) SI_UNIT ( .MILLI., .METRE. ) );
#7099 = VERTEX_POINT ( 'NONE', #1793 ) ;
#7100 = FACE_OUTER_BOUND ( 'NONE', #2856, .T. ) ;
#7101 = ORIENTED_EDGE ( 'NONE', *, *, #7861, .T. ) ;
#7102 = FACE_OUTER_BOUND ( 'NONE', #5546, .T. ) ;
#7103 = DIRECTION ( 'NONE',  ( 0.000000000000000000, -1.000000000000000000, 0.000000000000000000 ) ) ;
#7104 = DIRECTION ( 'NONE',  ( 0.000000000000000000, -1.000000000000000000, 0.000000000000000000 ) ) ;
#7105 = LINE ( 'NONE', #3308, #6662 ) ;
#7106 = FACE_OUTER_BOUND ( 'NONE', #9680, .T. ) ;
#7107 =( NAMED_UNIT ( * ) SI_UNIT ( $, .STERADIAN. ) SOLID_ANGLE_UNIT ( ) );
#7108 = PRESENTATION_LAYER_ASSIGNMENT (  '', '', ( #7598 ) ) ;
#7109 = DIRECTION ( 'NONE',  ( 1.000000000000000000, 0.000000000000000000, -0.000000000000000000 ) ) ;
#7110 = CARTESIAN_POINT ( 'NONE',  ( -0.3750000000000000555, 0.000000000000000000, -2.250000000000000444 ) ) ;
#7111 = VECTOR ( 'NONE', #1500, 1000.000000000000000 ) ;
#7112 = VERTEX_POINT ( 'NONE', #351 ) ;
#7113 =( NAMED_UNIT ( * ) SI_UNIT ( $, .STERADIAN. ) SOLID_ANGLE_UNIT ( ) );
#7114 = COLOUR_RGB ( '',0.8313725490196077761, 0.8313725490196077761, 0.8313725490196077761 ) ;
#7115 = VECTOR ( 'NONE', #2881, 1000.000000000000000 ) ;
#7116 = FACE_OUTER_BOUND ( 'NONE', #2513, .T. ) ;
#7117 = CARTESIAN_POINT ( 'NONE',  ( 0.9749999999999999778, 0.000000000000000000, 1.750000000000000000 ) ) ;
#7118 =( GEOMETRIC_REPRESENTATION_CONTEXT ( 3 ) GLOBAL_UNCERTAINTY_ASSIGNED_CONTEXT ( ( #1359 ) ) GLOBAL_UNIT_ASSIGNED_CONTEXT ( ( #883, #9266, #2459 ) ) REPRESENTATION_CONTEXT ( 'NONE', 'WORKASPACE' ) );
#7119 = DIRECTION ( 'NONE',  ( -1.000000000000000000, 0.000000000000000000, -0.000000000000000000 ) ) ;
#7120 = STYLED_ITEM ( 'NONE', ( #4846 ), #4960 ) ;
#7121 = LINE ( 'NONE', #1716, #8050 ) ;
#7122 = ORIENTED_EDGE ( 'NONE', *, *, #7777, .T. ) ;
#7123 = EDGE_CURVE ( 'NONE', #8524, #658, #3408, .T. ) ;
#7124 = ADVANCED_FACE ( 'NONE', ( #9489, #4781 ), #2650, .T. ) ;
#7125 = FILL_AREA_STYLE_COLOUR ( '', #5002 ) ;
#7126 = ORIENTED_EDGE ( 'NONE', *, *, #7291, .T. ) ;
#7127 = COLOUR_RGB ( '',0.8313725490196077761, 0.8313725490196077761, 0.8313725490196077761 ) ;
#7128 = CARTESIAN_POINT ( 'NONE',  ( 1.250000000000000000, 0.000000000000000000, 1.125000000000000222 ) ) ;
#7129 = FILL_AREA_STYLE ('',( #7740 ) ) ;
#7130 = ORIENTED_EDGE ( 'NONE', *, *, #7831, .F. ) ;
#7131 = EDGE_CURVE ( 'NONE', #3604, #832, #5508, .T. ) ;
#7132 = SURFACE_SIDE_STYLE ('',( #7190 ) ) ;
#7133 = ORIENTED_EDGE ( 'NONE', *, *, #5387, .F. ) ;
#7134 = EDGE_LOOP ( 'NONE', ( #813, #2439, #3328, #5963 ) ) ;
#7135 = DIRECTION ( 'NONE',  ( 0.000000000000000000, 0.000000000000000000, 1.000000000000000000 ) ) ;
#7136 = VERTEX_POINT ( 'NONE', #3564 ) ;
#7137 = CIRCLE ( 'NONE', #2823, 0.1250000000000001110 ) ;
#7138 = VECTOR ( 'NONE', #4357, 1000.000000000000000 ) ;
#7139 = SURFACE_SIDE_STYLE ('',( #4816 ) ) ;
#7140 = EDGE_CURVE ( 'NONE', #8524, #2235, #5201, .T. ) ;
#7141 = LINE ( 'NONE', #6413, #1281 ) ;
#7142 = PRESENTATION_STYLE_ASSIGNMENT (( #1103 ) ) ;
#7143 = LINE ( 'NONE', #908, #9135 ) ;
#7144 = AXIS2_PLACEMENT_3D ( 'NONE', #3533, #8220, #2814 ) ;
#7145 = ORIENTED_EDGE ( 'NONE', *, *, #4659, .T. ) ;
#7146 = AXIS2_PLACEMENT_3D ( 'NONE', #2485, #8741, #6366 ) ;
#7147 = EDGE_CURVE ( 'NONE', #7942, #820, #463, .T. ) ;
#7148 = VERTEX_POINT ( 'NONE', #600 ) ;
#7149 = SURFACE_SIDE_STYLE ('',( #7961 ) ) ;
#7150 = VERTEX_POINT ( 'NONE', #5811 ) ;
#7151 = COLOUR_RGB ( '',1.000000000000000000, 1.000000000000000000, 1.000000000000000000 ) ;
#7152 = ORIENTED_EDGE ( 'NONE', *, *, #9865, .T. ) ;
#7153 = UNCERTAINTY_MEASURE_WITH_UNIT (LENGTH_MEASURE( 1.000000000000000082E-05 ), #4184, 'distance_accuracy_value', 'NONE');
#7154 = CARTESIAN_POINT ( 'NONE',  ( -0.9749999999999999778, 0.1749999999999999889, 0.7500000000000000000 ) ) ;
#7155 = FACE_OUTER_BOUND ( 'NONE', #8029, .T. ) ;
#7156 = ORIENTED_EDGE ( 'NONE', *, *, #7471, .T. ) ;
#7157 = FILL_AREA_STYLE_COLOUR ( '', #6076 ) ;
#7158 = PLANE ( 'NONE',  #4403 ) ;
#7159 = PLANE ( 'NONE',  #3946 ) ;
#7160 = DIRECTION ( 'NONE',  ( 0.000000000000000000, -1.000000000000000000, 0.000000000000000000 ) ) ;
#7161 =( GEOMETRIC_REPRESENTATION_CONTEXT ( 3 ) GLOBAL_UNCERTAINTY_ASSIGNED_CONTEXT ( ( #1254 ) ) GLOBAL_UNIT_ASSIGNED_CONTEXT ( ( #7676, #6234, #8468 ) ) REPRESENTATION_CONTEXT ( 'NONE', 'WORKASPACE' ) );
#7162 = STYLED_ITEM ( 'NONE', ( #8040 ), #6979 ) ;
#7163 = VECTOR ( 'NONE', #8256, 1000.000000000000000 ) ;
#7164 = PRESENTATION_STYLE_ASSIGNMENT (( #4125 ) ) ;
#7165 = SURFACE_STYLE_USAGE ( .BOTH. , #4126 ) ;
#7166 = DIRECTION ( 'NONE',  ( 0.000000000000000000, 0.000000000000000000, -1.000000000000000000 ) ) ;
#7167 = DIRECTION ( 'NONE',  ( -1.000000000000000000, -0.000000000000000000, -0.000000000000000000 ) ) ;
#7168 = ADVANCED_FACE ( 'NONE', ( #4377 ), #2854, .T. ) ;
#7169 = LINE ( 'NONE', #3365, #8210 ) ;
#7170 = VERTEX_POINT ( 'NONE', #5961 ) ;
#7171 = FACE_OUTER_BOUND ( 'NONE', #1623, .T. ) ;
#7172 = AXIS2_PLACEMENT_3D ( 'NONE', #4831, #9396, #199 ) ;
#7173 = FACE_OUTER_BOUND ( 'NONE', #6306, .T. ) ;
#7174 = CARTESIAN_POINT ( 'NONE',  ( -1.250000000000000000, 0.000000000000000000, 2.250000000000000444 ) ) ;
#7175 = PRESENTATION_LAYER_ASSIGNMENT (  '', '', ( #4150 ) ) ;
#7176 = CARTESIAN_POINT ( 'NONE',  ( 1.149999999999999911, 0.9749999999999999778, -2.149999999999999911 ) ) ;
#7177 = DIRECTION ( 'NONE',  ( 0.000000000000000000, 0.000000000000000000, -1.000000000000000000 ) ) ;
#7178 = ORIENTED_EDGE ( 'NONE', *, *, #3994, .F. ) ;
#7179 = CARTESIAN_POINT ( 'NONE',  ( -0.1250000000000000000, 0.2000000000000000111, -1.975000000000000089 ) ) ;
#7180 = CARTESIAN_POINT ( 'NONE',  ( 1.250000000000000000, 0.2000000000000000111, 0.6250000000000000000 ) ) ;
#7181 = SURFACE_STYLE_FILL_AREA ( #3943 ) ;
#7182 = VERTEX_POINT ( 'NONE', #8116 ) ;
#7183 = COLOUR_RGB ( '',0.8313725490196077761, 0.8313725490196077761, 0.8313725490196077761 ) ;
#7184 = AXIS2_PLACEMENT_3D ( 'NONE', #6274, #7809, #959 ) ;
#7185 = CARTESIAN_POINT ( 'NONE',  ( -0.9749999999999999778, -0.04000000000000000083, 1.375000000000000000 ) ) ;
#7186 = ADVANCED_FACE ( 'NONE', ( #7373 ), #6620, .T. ) ;
#7187 = ADVANCED_FACE ( 'NONE', ( #6527 ), #544, .F. ) ;
#7188 = VECTOR ( 'NONE', #7261, 1000.000000000000000 ) ;
#7189 =( GEOMETRIC_REPRESENTATION_CONTEXT ( 3 ) GLOBAL_UNCERTAINTY_ASSIGNED_CONTEXT ( ( #6964 ) ) GLOBAL_UNIT_ASSIGNED_CONTEXT ( ( #8491, #5250, #4854 ) ) REPRESENTATION_CONTEXT ( 'NONE', 'WORKASPACE' ) );
#7190 = SURFACE_STYLE_FILL_AREA ( #8531 ) ;
#7191 = ORIENTED_EDGE ( 'NONE', *, *, #8665, .T. ) ;
#7192 = FACE_OUTER_BOUND ( 'NONE', #8828, .T. ) ;
#7193 = PLANE ( 'NONE',  #1755 ) ;
#7194 = ORIENTED_EDGE ( 'NONE', *, *, #6593, .F. ) ;
#7195 = AXIS2_PLACEMENT_3D ( 'NONE', #8923, #1342, #1296 ) ;
#7196 = FACE_OUTER_BOUND ( 'NONE', #4011, .T. ) ;
#7197 = AXIS2_PLACEMENT_3D ( 'NONE', #5428, #6182, #2357 ) ;
#7198 = EDGE_CURVE ( 'NONE', #3933, #1204, #2797, .T. ) ;
#7199 = ORIENTED_EDGE ( 'NONE', *, *, #4894, .T. ) ;
#7200 = DIRECTION ( 'NONE',  ( -0.000000000000000000, -1.000000000000000000, -0.000000000000000000 ) ) ;
#7201 = AXIS2_PLACEMENT_3D ( 'NONE', #4167, #6418, #5704 ) ;
#7203 = ORIENTED_EDGE ( 'NONE', *, *, #7198, .F. ) ;
#7202 = CARTESIAN_POINT ( 'NONE',  ( 0.3750000000000000000, 0.000000000000000000, 2.250000000000000444 ) ) ;
#7204 = ORIENTED_EDGE ( 'NONE', *, *, #6164, .T. ) ;
#7205 = EDGE_LOOP ( 'NONE', ( #4694, #296, #4087, #5522 ) ) ;
#7206 = ORIENTED_EDGE ( 'NONE', *, *, #1149, .T. ) ;
#7207 = CARTESIAN_POINT ( 'NONE',  ( -1.207735026918962173, 0.9327350269189621512, -2.207735026918963062 ) ) ;
#7208 = SURFACE_STYLE_FILL_AREA ( #9441 ) ;
#7209 = CARTESIAN_POINT ( 'NONE',  ( -0.9749999999999999778, 0.000000000000000000, 0.3750000000000000000 ) ) ;
#7210 = CARTESIAN_POINT ( 'NONE',  ( 0.9749999999999999778, 0.000000000000000000, 0.1250000000000000000 ) ) ;
#7211 =( NAMED_UNIT ( * ) SI_UNIT ( $, .STERADIAN. ) SOLID_ANGLE_UNIT ( ) );
#7212 = EDGE_CURVE ( 'NONE', #7694, #7148, #5020, .T. ) ;
#7213 = DIRECTION ( 'NONE',  ( 0.000000000000000000, -1.000000000000000000, 0.000000000000000000 ) ) ;
#7214 = DIRECTION ( 'NONE',  ( 0.000000000000000000, 0.000000000000000000, 1.000000000000000000 ) ) ;
#7215 = CYLINDRICAL_SURFACE ( 'NONE', #1807, 0.1249999999999998890 ) ;
#7216 = ORIENTED_EDGE ( 'NONE', *, *, #3860, .F. ) ;
#7217 = CARTESIAN_POINT ( 'NONE',  ( 0.9749999999999999778, 0.2000000000000000111, -0.2500000000000000000 ) ) ;
#7218 = VERTEX_POINT ( 'NONE', #9599 ) ;
#7219 = ORIENTED_EDGE ( 'NONE', *, *, #7679, .T. ) ;
#7220 = DIRECTION ( 'NONE',  ( 0.000000000000000000, -0.000000000000000000, 1.000000000000000000 ) ) ;
#7221 = CARTESIAN_POINT ( 'NONE',  ( -1.250000000000000000, 0.000000000000000000, 0.8750000000000000000 ) ) ;
#7222 = EDGE_CURVE ( 'NONE', #2831, #7735, #6581, .T. ) ;
#7223 = DIRECTION ( 'NONE',  ( 1.000000000000000000, 0.000000000000000000, 0.000000000000000000 ) ) ;
#7224 = LINE ( 'NONE', #7179, #7407 ) ;
#7225 = DIRECTION ( 'NONE',  ( 1.000000000000000000, -0.000000000000000000, 0.000000000000000000 ) ) ;
#7226 =( GEOMETRIC_REPRESENTATION_CONTEXT ( 3 ) GLOBAL_UNCERTAINTY_ASSIGNED_CONTEXT ( ( #6264 ) ) GLOBAL_UNIT_ASSIGNED_CONTEXT ( ( #6340, #6251, #5481 ) ) REPRESENTATION_CONTEXT ( 'NONE', 'WORKASPACE' ) );
#7227 = ORIENTED_EDGE ( 'NONE', *, *, #1675, .T. ) ;
#7228 = FACE_OUTER_BOUND ( 'NONE', #259, .T. ) ;
#7229 = CARTESIAN_POINT ( 'NONE',  ( 0.9749999999999999778, 0.000000000000000000, 0.8750000000000000000 ) ) ;
#7230 = CIRCLE ( 'NONE', #6285, 0.1250000000000001110 ) ;
#7231 = DIRECTION ( 'NONE',  ( 0.000000000000000000, 0.000000000000000000, -1.000000000000000000 ) ) ;
#7232 = DIRECTION ( 'NONE',  ( 0.000000000000000000, -1.000000000000000000, 0.000000000000000000 ) ) ;
#7233 = SURFACE_STYLE_USAGE ( .BOTH. , #6549 ) ;
#7234 = SURFACE_SIDE_STYLE ('',( #4201 ) ) ;
#7235 = VERTEX_POINT ( 'NONE', #5116 ) ;
#7236 = DIRECTION ( 'NONE',  ( -0.000000000000000000, -1.000000000000000000, -0.000000000000000000 ) ) ;
#7237 = CARTESIAN_POINT ( 'NONE',  ( -0.9749999999999999778, 0.1749999999999999889, -0.6250000000000000000 ) ) ;
#7238 = PRODUCT_DEFINITION ( 'UNKNOWN', '', #8325, #2970 ) ;
#7239 = ORIENTED_EDGE ( 'NONE', *, *, #4746, .T. ) ;
#7240 = EDGE_CURVE ( 'NONE', #1090, #5261, #3030, .T. ) ;
#7241 = CARTESIAN_POINT ( 'NONE',  ( -0.9749999999999999778, 0.000000000000000000, -1.125000000000000222 ) ) ;
#7242 = CARTESIAN_POINT ( 'NONE',  ( 0.9749999999999999778, 0.000000000000000000, 0.8750000000000000000 ) ) ;
#7243 = VERTEX_POINT ( 'NONE', #6063 ) ;
#7244 = CARTESIAN_POINT ( 'NONE',  ( 0.2500000000000000000, 0.2000000000000000111, -1.975000000000000089 ) ) ;
#7245 = VECTOR ( 'NONE', #7096, 1000.000000000000000 ) ;
#7246 = LINE ( 'NONE', #6143, #6375 ) ;
#7247 =( NAMED_UNIT ( * ) SI_UNIT ( $, .STERADIAN. ) SOLID_ANGLE_UNIT ( ) );
#7248 = VECTOR ( 'NONE', #2916, 1000.000000000000000 ) ;
#7249 = ORIENTED_EDGE ( 'NONE', *, *, #838, .T. ) ;
#7251 = VERTEX_POINT ( 'NONE', #9172 ) ;
#7250 =( LENGTH_UNIT ( ) NAMED_UNIT ( * ) SI_UNIT ( .MILLI., .METRE. ) );
#7252 = MECHANICAL_DESIGN_GEOMETRIC_PRESENTATION_REPRESENTATION (  '', ( #1652 ), #8212 ) ;
#7253 = VERTEX_POINT ( 'NONE', #8495 ) ;
#7254 = PRESENTATION_LAYER_ASSIGNMENT (  '', '', ( #1184 ) ) ;
#7255 = EDGE_CURVE ( 'NONE', #6989, #1546, #2963, .T. ) ;
#7256 = ORIENTED_EDGE ( 'NONE', *, *, #3334, .T. ) ;
#7257 = EDGE_CURVE ( 'NONE', #2372, #4770, #6052, .T. ) ;
#7258 = CARTESIAN_POINT ( 'NONE',  ( -1.250000000000000000, 0.000000000000000000, -0.6250000000000000000 ) ) ;
#7259 = PLANE ( 'NONE',  #8268 ) ;
#7260 = UNCERTAINTY_MEASURE_WITH_UNIT (LENGTH_MEASURE( 1.000000000000000082E-05 ), #3714, 'distance_accuracy_value', 'NONE');
#7261 = DIRECTION ( 'NONE',  ( 0.000000000000000000, 0.000000000000000000, -1.000000000000000000 ) ) ;
#7262 = AXIS2_PLACEMENT_3D ( 'NONE', #977, #4841, #7119 ) ;
#7263 = CYLINDRICAL_SURFACE ( 'NONE', #3426, 0.1250000000000000000 ) ;
#7264 = SURFACE_SIDE_STYLE ('',( #3361 ) ) ;
#7265 = DIRECTION ( 'NONE',  ( -0.000000000000000000, 1.000000000000000000, 0.000000000000000000 ) ) ;
#7266 = LINE ( 'NONE', #5717, #8984 ) ;
#7267 = PRESENTATION_STYLE_ASSIGNMENT (( #9493 ) ) ;
#7268 = ORIENTED_EDGE ( 'NONE', *, *, #7697, .T. ) ;
#7269 = FILL_AREA_STYLE_COLOUR ( '', #6536 ) ;
#7270 = EDGE_CURVE ( 'NONE', #4901, #6313, #6008, .T. ) ;
#7271 = VECTOR ( 'NONE', #9595, 999.9999999999998863 ) ;
#7272 = FILL_AREA_STYLE ('',( #8030 ) ) ;
#7273 = FACE_OUTER_BOUND ( 'NONE', #3451, .T. ) ;
#7274 = SURFACE_SIDE_STYLE ('',( #7985 ) ) ;
#7275 = SURFACE_STYLE_FILL_AREA ( #5777 ) ;
#7276 =( GEOMETRIC_REPRESENTATION_CONTEXT ( 3 ) GLOBAL_UNCERTAINTY_ASSIGNED_CONTEXT ( ( #2851 ) ) GLOBAL_UNIT_ASSIGNED_CONTEXT ( ( #8483, #5439, #787 ) ) REPRESENTATION_CONTEXT ( 'NONE', 'WORKASPACE' ) );
#7277 = LINE ( 'NONE', #7076, #8823 ) ;
#7278 = FACE_OUTER_BOUND ( 'NONE', #1389, .T. ) ;
#7279 = EDGE_CURVE ( 'NONE', #7584, #7938, #4529, .T. ) ;
#7280 = SURFACE_STYLE_USAGE ( .BOTH. , #7881 ) ;
#7281 =( LENGTH_UNIT ( ) NAMED_UNIT ( * ) SI_UNIT ( .MILLI., .METRE. ) );
#7282 =( LENGTH_UNIT ( ) NAMED_UNIT ( * ) SI_UNIT ( .MILLI., .METRE. ) );
#7283 =( GEOMETRIC_REPRESENTATION_CONTEXT ( 3 ) GLOBAL_UNCERTAINTY_ASSIGNED_CONTEXT ( ( #5159 ) ) GLOBAL_UNIT_ASSIGNED_CONTEXT ( ( #6906, #8444, #4616 ) ) REPRESENTATION_CONTEXT ( 'NONE', 'WORKASPACE' ) );
#7284 = LINE ( 'NONE', #9513, #1990 ) ;
#7285 = VECTOR ( 'NONE', #224, 1000.000000000000000 ) ;
#7286 = PRESENTATION_STYLE_ASSIGNMENT (( #9615 ) ) ;
#7287 = CARTESIAN_POINT ( 'NONE',  ( 0.1250000000000000000, 0.2000000000000000111, -1.975000000000000089 ) ) ;
#7288 = MECHANICAL_DESIGN_GEOMETRIC_PRESENTATION_REPRESENTATION (  '', ( #4740 ), #94 ) ;
#7289 = DIRECTION ( 'NONE',  ( -0.000000000000000000, 1.000000000000000000, 0.000000000000000000 ) ) ;
#7290 = MECHANICAL_DESIGN_GEOMETRIC_PRESENTATION_REPRESENTATION (  '', ( #7613 ), #3777 ) ;
#7291 = EDGE_CURVE ( 'NONE', #5797, #2611, #5455, .T. ) ;
#7292 =( GEOMETRIC_REPRESENTATION_CONTEXT ( 3 ) GLOBAL_UNCERTAINTY_ASSIGNED_CONTEXT ( ( #8748 ) ) GLOBAL_UNIT_ASSIGNED_CONTEXT ( ( #9792, #5268, #2290 ) ) REPRESENTATION_CONTEXT ( 'NONE', 'WORKASPACE' ) );
#7293 =( NAMED_UNIT ( * ) SI_UNIT ( $, .STERADIAN. ) SOLID_ANGLE_UNIT ( ) );
#7294 = VECTOR ( 'NONE', #3785, 1000.000000000000000 ) ;
#7295 = DIRECTION ( 'NONE',  ( -0.000000000000000000, -1.000000000000000000, -0.000000000000000000 ) ) ;
#7296 = LINE ( 'NONE', #3550, #5127 ) ;
#7297 = ORIENTED_EDGE ( 'NONE', *, *, #5431, .T. ) ;
#7298 = CARTESIAN_POINT ( 'NONE',  ( 0.000000000000000000, 0.2000000000000000111, 0.000000000000000000 ) ) ;
#7299 =( NAMED_UNIT ( * ) SI_UNIT ( $, .STERADIAN. ) SOLID_ANGLE_UNIT ( ) );
#7300 = PRESENTATION_LAYER_ASSIGNMENT (  '', '', ( #3303 ) ) ;
#7301 = STYLED_ITEM ( 'NONE', ( #731 ), #6231 ) ;
#7302 =( NAMED_UNIT ( * ) PLANE_ANGLE_UNIT ( ) SI_UNIT ( $, .RADIAN. ) );
#7303 = VERTEX_POINT ( 'NONE', #2332 ) ;
#7305 = ORIENTED_EDGE ( 'NONE', *, *, #7, .T. ) ;
#7304 = FILL_AREA_STYLE_COLOUR ( '', #2328 ) ;
#7306 = ORIENTED_EDGE ( 'NONE', *, *, #1220, .F. ) ;
#7307 = CARTESIAN_POINT ( 'NONE',  ( 0.5000000000000000000, 0.000000000000000000, 1.500000000000000000 ) ) ;
#7308 = CLOSED_SHELL ( 'NONE', ( #976, #4799, #3834, #5950, #4882, #3847, #1424 ) ) ;
#7309 = VERTEX_POINT ( 'NONE', #6816 ) ;
#7310 = EDGE_LOOP ( 'NONE', ( #6227, #1555, #4804, #3658, #8619, #6583, #9579, #1462, #9647, #6135, #1705, #5252 ) ) ;
#7311 = AXIS2_PLACEMENT_3D ( 'NONE', #9306, #982, #6894 ) ;
#7312 = FACE_OUTER_BOUND ( 'NONE', #98, .T. ) ;
#7313 = DIRECTION ( 'NONE',  ( -0.000000000000000000, -0.000000000000000000, 1.000000000000000000 ) ) ;
#7314 = ORIENTED_EDGE ( 'NONE', *, *, #4572, .F. ) ;
#7315 = DIRECTION ( 'NONE',  ( -1.000000000000000000, 0.000000000000000000, 0.000000000000000000 ) ) ;
#7316 = FACE_OUTER_BOUND ( 'NONE', #9427, .T. ) ;
#7317 = CARTESIAN_POINT ( 'NONE',  ( 0.1249999999999998890, 0.000000000000000000, 2.250000000000000444 ) ) ;
#7318 = DIRECTION ( 'NONE',  ( 0.000000000000000000, 0.000000000000000000, 1.000000000000000000 ) ) ;
#7319 = AXIS2_PLACEMENT_3D ( 'NONE', #559, #5971, #2765 ) ;
#7320 = FACE_OUTER_BOUND ( 'NONE', #7205, .T. ) ;
#7321 = EDGE_CURVE ( 'NONE', #202, #6614, #8132, .T. ) ;
#7322 = CARTESIAN_POINT ( 'NONE',  ( 0.5000000000000000000, 0.06000000000000000472, 1.500000000000000000 ) ) ;
#7323 = COLOUR_RGB ( '',0.8313725490196077761, 0.8313725490196077761, 0.8313725490196077761 ) ;
#7324 = EDGE_CURVE ( 'NONE', #1586, #7942, #7563, .T. ) ;
#7325 = CARTESIAN_POINT ( 'NONE',  ( 0.2500000000000000000, 0.1749999999999999889, 1.975000000000000089 ) ) ;
#7326 = ORIENTED_EDGE ( 'NONE', *, *, #7723, .T. ) ;
#7327 = FILL_AREA_STYLE_COLOUR ( '', #4559 ) ;
#7328 = DIRECTION ( 'NONE',  ( 0.000000000000000000, 0.000000000000000000, -1.000000000000000000 ) ) ;
#7329 = ORIENTED_EDGE ( 'NONE', *, *, #3717, .T. ) ;
#7330 = SURFACE_SIDE_STYLE ('',( #4290 ) ) ;
#7331 = VECTOR ( 'NONE', #8169, 1000.000000000000000 ) ;
#7332 = ORIENTED_EDGE ( 'NONE', *, *, #8721, .F. ) ;
#7333 = CIRCLE ( 'NONE', #3496, 0.1250000000000001110 ) ;
#7334 = MECHANICAL_DESIGN_GEOMETRIC_PRESENTATION_REPRESENTATION (  '', ( #6047 ), #6218 ) ;
#7335 =( NAMED_UNIT ( * ) PLANE_ANGLE_UNIT ( ) SI_UNIT ( $, .RADIAN. ) );
#7336 =( LENGTH_UNIT ( ) NAMED_UNIT ( * ) SI_UNIT ( .MILLI., .METRE. ) );
#7337 = ADVANCED_FACE ( 'NONE', ( #5346 ), #8086, .T. ) ;
#7338 = DIRECTION ( 'NONE',  ( 0.000000000000000000, 0.000000000000000000, -1.000000000000000000 ) ) ;
#7339 =( LENGTH_UNIT ( ) NAMED_UNIT ( * ) SI_UNIT ( .MILLI., .METRE. ) );
#7340 = PRESENTATION_LAYER_ASSIGNMENT (  '', '', ( #5572 ) ) ;
#7341 = LINE ( 'NONE', #473, #4605 ) ;
#7342 = DIRECTION ( 'NONE',  ( 0.000000000000000000, -1.000000000000000000, 0.000000000000000000 ) ) ;
#7343 = DIRECTION ( 'NONE',  ( 0.000000000000000000, 1.000000000000000000, 0.000000000000000000 ) ) ;
#7344 = DIRECTION ( 'NONE',  ( 0.000000000000000000, -1.000000000000000000, 0.000000000000000000 ) ) ;
#7345 = AXIS2_PLACEMENT_3D ( 'NONE', #9583, #1974, #5051 ) ;
#7346 = COLOUR_RGB ( '',0.8313725490196077761, 0.8313725490196077761, 0.8313725490196077761 ) ;
#7347 = CARTESIAN_POINT ( 'NONE',  ( 0.9749999999999999778, 0.000000000000000000, 0.8750000000000000000 ) ) ;
#7348 = EDGE_CURVE ( 'NONE', #1131, #6385, #2683, .T. ) ;
#7349 = SURFACE_SIDE_STYLE ('',( #5181 ) ) ;
#7350 = CARTESIAN_POINT ( 'NONE',  ( 1.250000000000000000, 0.000000000000000000, 0.3749999999999998890 ) ) ;
#7351 = ORIENTED_EDGE ( 'NONE', *, *, #7279, .T. ) ;
#7352 = VECTOR ( 'NONE', #2252, 1000.000000000000000 ) ;
#7353 = DIRECTION ( 'NONE',  ( 0.000000000000000000, -1.000000000000000000, 0.000000000000000000 ) ) ;
#7354 = LINE ( 'NONE', #6705, #2552 ) ;
#7355 = UNCERTAINTY_MEASURE_WITH_UNIT (LENGTH_MEASURE( 1.000000000000000082E-05 ), #3817, 'distance_accuracy_value', 'NONE');
#7356 = AXIS2_PLACEMENT_3D ( 'NONE', #7969, #7315, #347 ) ;
#7357 = VECTOR ( 'NONE', #3387, 1000.000000000000000 ) ;
#7358 = ADVANCED_FACE ( 'NONE', ( #2178 ), #8307, .F. ) ;
#7359 = DIRECTION ( 'NONE',  ( 0.000000000000000000, 0.000000000000000000, -1.000000000000000000 ) ) ;
#7360 = ORIENTED_EDGE ( 'NONE', *, *, #5136, .T. ) ;
#7362 = ORIENTED_EDGE ( 'NONE', *, *, #9817, .T. ) ;
#7361 =( NAMED_UNIT ( * ) PLANE_ANGLE_UNIT ( ) SI_UNIT ( $, .RADIAN. ) );
#7363 = DIRECTION ( 'NONE',  ( -0.000000000000000000, -0.000000000000000000, 1.000000000000000000 ) ) ;
#7364 = ORIENTED_EDGE ( 'NONE', *, *, #9423, .F. ) ;
#7365 = PRESENTATION_LAYER_ASSIGNMENT (  '', '', ( #3530 ) ) ;
#7366 =( GEOMETRIC_REPRESENTATION_CONTEXT ( 3 ) GLOBAL_UNCERTAINTY_ASSIGNED_CONTEXT ( ( #960 ) ) GLOBAL_UNIT_ASSIGNED_CONTEXT ( ( #4919, #1306, #6572 ) ) REPRESENTATION_CONTEXT ( 'NONE', 'WORKASPACE' ) );
#7367 = ORIENTED_EDGE ( 'NONE', *, *, #1006, .F. ) ;
#7368 = DIRECTION ( 'NONE',  ( -1.000000000000000000, 0.000000000000000000, -0.000000000000000000 ) ) ;
#7369 =( NAMED_UNIT ( * ) PLANE_ANGLE_UNIT ( ) SI_UNIT ( $, .RADIAN. ) );
#7370 = FACE_OUTER_BOUND ( 'NONE', #9714, .T. ) ;
#7371 =( NAMED_UNIT ( * ) PLANE_ANGLE_UNIT ( ) SI_UNIT ( $, .RADIAN. ) );
#7372 = AXIS2_PLACEMENT_3D ( 'NONE', #1154, #9432, #1835 ) ;
#7373 = FACE_OUTER_BOUND ( 'NONE', #537, .T. ) ;
#7374 = AXIS2_PLACEMENT_3D ( 'NONE', #6439, #9297, #1801 ) ;
#7375 = CARTESIAN_POINT ( 'NONE',  ( -0.2500000000000000000, 0.000000000000000000, 1.850000000000000089 ) ) ;
#7376 = ORIENTED_EDGE ( 'NONE', *, *, #8910, .F. ) ;
#7377 = FILL_AREA_STYLE_COLOUR ( '', #7729 ) ;
#7378 =( NAMED_UNIT ( * ) PLANE_ANGLE_UNIT ( ) SI_UNIT ( $, .RADIAN. ) );
#7379 = EDGE_LOOP ( 'NONE', ( #6080, #2971, #3327, #6586 ) ) ;
#7380 = FACE_OUTER_BOUND ( 'NONE', #4788, .T. ) ;
#7381 = EDGE_CURVE ( 'NONE', #5805, #4365, #800, .T. ) ;
#7382 =( GEOMETRIC_REPRESENTATION_CONTEXT ( 3 ) GLOBAL_UNCERTAINTY_ASSIGNED_CONTEXT ( ( #653 ) ) GLOBAL_UNIT_ASSIGNED_CONTEXT ( ( #8506, #7019, #4720 ) ) REPRESENTATION_CONTEXT ( 'NONE', 'WORKASPACE' ) );
#7383 = DIRECTION ( 'NONE',  ( 0.000000000000000000, 0.000000000000000000, -1.000000000000000000 ) ) ;
#7384 = SURFACE_SIDE_STYLE ('',( #9561 ) ) ;
#7385 = FACE_OUTER_BOUND ( 'NONE', #8591, .T. ) ;
#7386 = EDGE_CURVE ( 'NONE', #2040, #1696, #773, .T. ) ;
#7387 =( NAMED_UNIT ( * ) SI_UNIT ( $, .STERADIAN. ) SOLID_ANGLE_UNIT ( ) );
#7388 = CARTESIAN_POINT ( 'NONE',  ( 0.2500000000000000000, 0.000000000000000000, 1.975000000000000089 ) ) ;
#7389 = LINE ( 'NONE', #8858, #1448 ) ;
#7390 = CARTESIAN_POINT ( 'NONE',  ( -0.9749999999999999778, 0.1749999999999999889, -0.2500000000000000000 ) ) ;
#7391 = CYLINDRICAL_SURFACE ( 'NONE', #9026, 0.1250000000000000000 ) ;
#7392 = DIRECTION ( 'NONE',  ( 0.000000000000000000, 0.000000000000000000, -1.000000000000000000 ) ) ;
#7393 = ORIENTED_EDGE ( 'NONE', *, *, #1946, .F. ) ;
#7394 = PRESENTATION_LAYER_ASSIGNMENT (  '', '', ( #3238 ) ) ;
#7395 = FILL_AREA_STYLE ('',( #5042 ) ) ;
#7396 = EDGE_CURVE ( 'NONE', #1197, #4368, #6111, .T. ) ;
#7397 = LINE ( 'NONE', #2943, #6036 ) ;
#7398 = CARTESIAN_POINT ( 'NONE',  ( 0.000000000000000000, 0.1749999999999999889, 0.000000000000000000 ) ) ;
#7399 = ORIENTED_EDGE ( 'NONE', *, *, #4700, .T. ) ;
#7400 =( NAMED_UNIT ( * ) PLANE_ANGLE_UNIT ( ) SI_UNIT ( $, .RADIAN. ) );
#7401 = PRESENTATION_LAYER_ASSIGNMENT (  '', '', ( #1785 ) ) ;
#7402 = FILL_AREA_STYLE_COLOUR ( '', #2551 ) ;
#7403 = ORIENTED_EDGE ( 'NONE', *, *, #500, .F. ) ;
#7405 = VERTEX_POINT ( 'NONE', #6909 ) ;
#7404 = CYLINDRICAL_SURFACE ( 'NONE', #4105, 0.1249999999999998890 ) ;
#7406 = CARTESIAN_POINT ( 'NONE',  ( 1.149999999999999911, 0.8750000000000000000, -2.149999999999999911 ) ) ;
#7407 = VECTOR ( 'NONE', #4938, 1000.000000000000000 ) ;
#7408 = ORIENTED_EDGE ( 'NONE', *, *, #6038, .F. ) ;
#7409 = VERTEX_POINT ( 'NONE', #3103 ) ;
#7410 = ADVANCED_FACE ( 'NONE', ( #5700 ), #4858, .T. ) ;
#7411 = VECTOR ( 'NONE', #1350, 1000.000000000000000 ) ;
#7412 = DIRECTION ( 'NONE',  ( 0.000000000000000000, -1.000000000000000000, -0.000000000000000000 ) ) ;
#7413 = LINE ( 'NONE', #1308, #9658 ) ;
#7414 = VERTEX_POINT ( 'NONE', #5497 ) ;
#7415 = CARTESIAN_POINT ( 'NONE',  ( 1.250000000000000000, 0.1749999999999999889, 2.250000000000000444 ) ) ;
#7416 = CARTESIAN_POINT ( 'NONE',  ( 1.149999999999999911, 0.000000000000000000, 2.250000000000000444 ) ) ;
#7417 = VECTOR ( 'NONE', #8666, 1000.000000000000000 ) ;
#7418 = DIRECTION ( 'NONE',  ( 0.000000000000000000, 0.000000000000000000, 1.000000000000000000 ) ) ;
#7419 = ORIENTED_EDGE ( 'NONE', *, *, #670, .F. ) ;
#7420 = DIRECTION ( 'NONE',  ( -1.000000000000000000, -0.000000000000000000, -0.000000000000000000 ) ) ;
#7421 = FILL_AREA_STYLE ('',( #7377 ) ) ;
#7422 = ADVANCED_FACE ( 'NONE', ( #4957 ), #905, .T. ) ;
#7423 = COLOUR_RGB ( '',0.8313725490196077761, 0.8313725490196077761, 0.8313725490196077761 ) ;
#7424 = ORIENTED_EDGE ( 'NONE', *, *, #9565, .T. ) ;
#7425 = ORIENTED_EDGE ( 'NONE', *, *, #6768, .T. ) ;
#7426 = PLANE ( 'NONE',  #1584 ) ;
#7427 = FILL_AREA_STYLE_COLOUR ( '', #656 ) ;
#7428 =( LENGTH_UNIT ( ) NAMED_UNIT ( * ) SI_UNIT ( .MILLI., .METRE. ) );
#7429 = LINE ( 'NONE', #6542, #8580 ) ;
#7430 = PLANE ( 'NONE',  #5493 ) ;
#7431 =( GEOMETRIC_REPRESENTATION_CONTEXT ( 3 ) GLOBAL_UNCERTAINTY_ASSIGNED_CONTEXT ( ( #2041 ) ) GLOBAL_UNIT_ASSIGNED_CONTEXT ( ( #1649, #7766, #1844 ) ) REPRESENTATION_CONTEXT ( 'NONE', 'WORKASPACE' ) );
#7432 = VERTEX_POINT ( 'NONE', #3966 ) ;
#7433 =( GEOMETRIC_REPRESENTATION_CONTEXT ( 3 ) GLOBAL_UNCERTAINTY_ASSIGNED_CONTEXT ( ( #9029 ) ) GLOBAL_UNIT_ASSIGNED_CONTEXT ( ( #3538, #3578, #1378 ) ) REPRESENTATION_CONTEXT ( 'NONE', 'WORKASPACE' ) );
#7434 =( NAMED_UNIT ( * ) SI_UNIT ( $, .STERADIAN. ) SOLID_ANGLE_UNIT ( ) );
#7435 = LINE ( 'NONE', #2615, #3682 ) ;
#7436 = VECTOR ( 'NONE', #8751, 1000.000000000000000 ) ;
#7437 = EDGE_CURVE ( 'NONE', #3604, #8053, #187, .T. ) ;
#7438 = CARTESIAN_POINT ( 'NONE',  ( 0.1250000000000000000, 0.000000000000000000, 2.250000000000000444 ) ) ;
#7439 = EDGE_CURVE ( 'NONE', #2744, #8673, #4107, .T. ) ;
#7440 = CIRCLE ( 'NONE', #1513, 0.1249999999999998890 ) ;
#7441 = CARTESIAN_POINT ( 'NONE',  ( 0.9749999999999999778, 0.000000000000000000, 1.875000000000000000 ) ) ;
#7442 = SURFACE_STYLE_FILL_AREA ( #7395 ) ;
#7443 = EDGE_LOOP ( 'NONE', ( #2261, #7509 ) ) ;
#7444 = LINE ( 'NONE', #8043, #8114 ) ;
#7445 = STYLED_ITEM ( 'NONE', ( #7950 ), #5532 ) ;
#7446 = CARTESIAN_POINT ( 'NONE',  ( 0.9749999999999999778, 0.000000000000000000, -1.125000000000000222 ) ) ;
#7447 = DIRECTION ( 'NONE',  ( 1.000000000000000000, -0.000000000000000000, -0.000000000000000000 ) ) ;
#7448 = ORIENTED_EDGE ( 'NONE', *, *, #3674, .T. ) ;
#7449 = AXIS2_PLACEMENT_3D ( 'NONE', #9198, #9300, #8475 ) ;
#7450 = PLANE ( 'NONE',  #3766 ) ;
#7451 = SURFACE_STYLE_USAGE ( .BOTH. , #6509 ) ;
#7452 = CARTESIAN_POINT ( 'NONE',  ( 1.250000000000000000, 0.000000000000000000, 0.1250000000000000833 ) ) ;
#7453 = COLOUR_RGB ( '',0.8313725490196077761, 0.8313725490196077761, 0.8313725490196077761 ) ;
#7454 = EDGE_CURVE ( 'NONE', #444, #3477, #6359, .T. ) ;
#7455 = ORIENTED_EDGE ( 'NONE', *, *, #2984, .T. ) ;
#7456 = VECTOR ( 'NONE', #1270, 1000.000000000000000 ) ;
#7458 = ORIENTED_EDGE ( 'NONE', *, *, #9249, .F. ) ;
#7457 = FILL_AREA_STYLE_COLOUR ( '', #3471 ) ;
#7459 =( GEOMETRIC_REPRESENTATION_CONTEXT ( 3 ) GLOBAL_UNCERTAINTY_ASSIGNED_CONTEXT ( ( #8446 ) ) GLOBAL_UNIT_ASSIGNED_CONTEXT ( ( #8092, #4452, #2777 ) ) REPRESENTATION_CONTEXT ( 'NONE', 'WORKASPACE' ) );
#7460 = FILL_AREA_STYLE ('',( #6567 ) ) ;
#7461 = ORIENTED_EDGE ( 'NONE', *, *, #9554, .F. ) ;
#7462 = ORIENTED_EDGE ( 'NONE', *, *, #1058, .T. ) ;
#7463 = DIRECTION ( 'NONE',  ( 0.000000000000000000, -1.000000000000000000, 0.000000000000000000 ) ) ;
#7464 = CARTESIAN_POINT ( 'NONE',  ( -0.5999999999999999778, 0.1000000000000000056, -1.600000000000000089 ) ) ;
#7465 = CARTESIAN_POINT ( 'NONE',  ( 0.000000000000000000, 0.000000000000000000, -0.6250000000000000000 ) ) ;
#7466 = ORIENTED_EDGE ( 'NONE', *, *, #59, .T. ) ;
#7467 = UNCERTAINTY_MEASURE_WITH_UNIT (LENGTH_MEASURE( 1.000000000000000082E-05 ), #1820, 'distance_accuracy_value', 'NONE');
#7468 =( GEOMETRIC_REPRESENTATION_CONTEXT ( 3 ) GLOBAL_UNCERTAINTY_ASSIGNED_CONTEXT ( ( #1539 ) ) GLOBAL_UNIT_ASSIGNED_CONTEXT ( ( #7693, #1625, #2760 ) ) REPRESENTATION_CONTEXT ( 'NONE', 'WORKASPACE' ) );
#7469 = FILL_AREA_STYLE_COLOUR ( '', #5831 ) ;
#7470 = DIRECTION ( 'NONE',  ( -1.000000000000000000, 0.000000000000000000, -0.000000000000000000 ) ) ;
#7471 = EDGE_CURVE ( 'NONE', #6443, #3752, #8737, .T. ) ;
#7472 = EDGE_CURVE ( 'NONE', #7548, #6205, #7141, .T. ) ;
#7473 = DIRECTION ( 'NONE',  ( 1.000000000000000000, 0.000000000000000000, 0.000000000000000000 ) ) ;
#7474 = EDGE_CURVE ( 'NONE', #6776, #8060, #5751, .T. ) ;
#7475 = PLANE ( 'NONE',  #8036 ) ;
#7476 = VECTOR ( 'NONE', #1020, 1000.000000000000000 ) ;
#7477 = ORIENTED_EDGE ( 'NONE', *, *, #9307, .T. ) ;
#7478 =( GEOMETRIC_REPRESENTATION_CONTEXT ( 3 ) GLOBAL_UNCERTAINTY_ASSIGNED_CONTEXT ( ( #2077 ) ) GLOBAL_UNIT_ASSIGNED_CONTEXT ( ( #8928, #1450, #8385 ) ) REPRESENTATION_CONTEXT ( 'NONE', 'WORKASPACE' ) );
#7479 = DIRECTION ( 'NONE',  ( 0.000000000000000000, -0.000000000000000000, -1.000000000000000000 ) ) ;
#7480 = ORIENTED_EDGE ( 'NONE', *, *, #5883, .T. ) ;
#7481 = PRESENTATION_STYLE_ASSIGNMENT (( #4434 ) ) ;
#7482 = VERTEX_POINT ( 'NONE', #7452 ) ;
#7483 = ORIENTED_EDGE ( 'NONE', *, *, #4016, .T. ) ;
#7484 = CARTESIAN_POINT ( 'NONE',  ( 0.9749999999999999778, 0.000000000000000000, -0.6250000000000000000 ) ) ;
#7485 = VECTOR ( 'NONE', #957, 1000.000000000000000 ) ;
#7486 = UNCERTAINTY_MEASURE_WITH_UNIT (LENGTH_MEASURE( 1.000000000000000082E-05 ), #9121, 'distance_accuracy_value', 'NONE');
#7487 = VECTOR ( 'NONE', #4637, 1000.000000000000000 ) ;
#7488 = ADVANCED_FACE ( 'NONE', ( #4317 ), #1348, .T. ) ;
#7489 = SURFACE_STYLE_USAGE ( .BOTH. , #8993 ) ;
#7490 = VECTOR ( 'NONE', #6923, 1000.000000000000000 ) ;
#7491 = CARTESIAN_POINT ( 'NONE',  ( 0.9749999999999999778, 0.000000000000000000, 0.6250000000000000000 ) ) ;
#7492 = SURFACE_SIDE_STYLE ('',( #4542 ) ) ;
#7493 = DIRECTION ( 'NONE',  ( 0.000000000000000000, -1.000000000000000000, 0.000000000000000000 ) ) ;
#7494 = CARTESIAN_POINT ( 'NONE',  ( 0.9749999999999999778, 0.000000000000000000, -0.8750000000000000000 ) ) ;
#7495 = DIRECTION ( 'NONE',  ( 0.000000000000000000, -0.000000000000000000, 1.000000000000000000 ) ) ;
#7496 = COLOUR_RGB ( '',0.8313725490196077761, 0.8313725490196077761, 0.8313725490196077761 ) ;
#7497 = STYLED_ITEM ( 'NONE', ( #2329 ), #3834 ) ;
#7498 = DIRECTION ( 'NONE',  ( -1.000000000000000000, 0.000000000000000000, 0.000000000000000000 ) ) ;
#7499 = FACE_OUTER_BOUND ( 'NONE', #7761, .T. ) ;
#7500 = FILL_AREA_STYLE_COLOUR ( '', #5072 ) ;
#7501 = CARTESIAN_POINT ( 'NONE',  ( 0.3750000000000000000, -0.04000000000000000083, 1.975000000000000089 ) ) ;
#7502 = ORIENTED_EDGE ( 'NONE', *, *, #9406, .T. ) ;
#7503 = LINE ( 'NONE', #2891, #6016 ) ;
#7504 = LINE ( 'NONE', #6750, #431 ) ;
#7505 = CARTESIAN_POINT ( 'NONE',  ( -1.250000000000000000, 0.1749999999999999889, 0.8749999999999998890 ) ) ;
#7506 = VECTOR ( 'NONE', #9742, 1000.000000000000000 ) ;
#7507 = LINE ( 'NONE', #8093, #9849 ) ;
#7508 = LINE ( 'NONE', #5895, #1596 ) ;
#7509 = ORIENTED_EDGE ( 'NONE', *, *, #3136, .F. ) ;
#7510 = ADVANCED_FACE ( 'NONE', ( #490 ), #5005, .T. ) ;
#7511 = ADVANCED_FACE ( 'NONE', ( #1151 ), #4362, .F. ) ;
#7512 = CYLINDRICAL_SURFACE ( 'NONE', #1374, 0.1250000000000001110 ) ;
#7513 = PRODUCT_CONTEXT ( 'NONE', #8869, 'mechanical' ) ;
#7514 = VECTOR ( 'NONE', #2490, 1000.000000000000000 ) ;
#7515 = LINE ( 'NONE', #4609, #2701 ) ;
#7516 = STYLED_ITEM ( 'NONE', ( #8873 ), #7511 ) ;
#7517 = VERTEX_POINT ( 'NONE', #8097 ) ;
#7518 = ORIENTED_EDGE ( 'NONE', *, *, #8881, .F. ) ;
#7519 = PRESENTATION_STYLE_ASSIGNMENT (( #2121 ) ) ;
#7520 = EDGE_LOOP ( 'NONE', ( #4187, #2684, #6808, #6931 ) ) ;
#7521 = ORIENTED_EDGE ( 'NONE', *, *, #9268, .F. ) ;
#7522 = FILL_AREA_STYLE ('',( #539 ) ) ;
#7523 = DIRECTION ( 'NONE',  ( -0.000000000000000000, 1.000000000000000000, 0.000000000000000000 ) ) ;
#7524 = ORIENTED_EDGE ( 'NONE', *, *, #4234, .T. ) ;
#7525 = EDGE_CURVE ( 'NONE', #5607, #7904, #3444, .T. ) ;
#7526 = DIRECTION ( 'NONE',  ( 0.000000000000000000, 0.000000000000000000, 1.000000000000000000 ) ) ;
#7527 = DIRECTION ( 'NONE',  ( 1.000000000000000000, 0.000000000000000000, -0.000000000000000000 ) ) ;
#7528 = CIRCLE ( 'NONE', #8621, 0.1249999999999998890 ) ;
#7529 = VECTOR ( 'NONE', #2273, 1000.000000000000000 ) ;
#7530 = ORIENTED_EDGE ( 'NONE', *, *, #8411, .T. ) ;
#7531 =( NAMED_UNIT ( * ) PLANE_ANGLE_UNIT ( ) SI_UNIT ( $, .RADIAN. ) );
#7532 = DIRECTION ( 'NONE',  ( 0.000000000000000000, 0.000000000000000000, 1.000000000000000000 ) ) ;
#7533 = ORIENTED_EDGE ( 'NONE', *, *, #9155, .T. ) ;
#7534 = CARTESIAN_POINT ( 'NONE',  ( -1.250000000000000000, 0.000000000000000000, 0.000000000000000000 ) ) ;
#7535 = SURFACE_SIDE_STYLE ('',( #9095 ) ) ;
#7536 = FILL_AREA_STYLE ('',( #8315 ) ) ;
#7537 = STYLED_ITEM ( 'NONE', ( #7756 ), #9445 ) ;
#7538 = AXIS2_PLACEMENT_3D ( 'NONE', #6029, #8322, #3776 ) ;
#7539 = ADVANCED_FACE ( 'NONE', ( #2837 ), #2078, .T. ) ;
#7540 = LINE ( 'NONE', #6169, #6498 ) ;
#7541 = LINE ( 'NONE', #7627, #8770 ) ;
#7542 = DIRECTION ( 'NONE',  ( -1.000000000000000000, -0.000000000000000000, 0.000000000000000000 ) ) ;
#7543 = CARTESIAN_POINT ( 'NONE',  ( 0.9749999999999999778, 0.000000000000000000, -1.250000000000000000 ) ) ;
#7544 =( GEOMETRIC_REPRESENTATION_CONTEXT ( 3 ) GLOBAL_UNCERTAINTY_ASSIGNED_CONTEXT ( ( #2641 ) ) GLOBAL_UNIT_ASSIGNED_CONTEXT ( ( #2549, #4228, #7211 ) ) REPRESENTATION_CONTEXT ( 'NONE', 'WORKASPACE' ) );
#7545 = DIRECTION ( 'NONE',  ( 0.000000000000000000, -1.000000000000000000, 0.000000000000000000 ) ) ;
#7546 = EDGE_LOOP ( 'NONE', ( #116, #8071, #4573, #9093 ) ) ;
#7547 = VERTEX_POINT ( 'NONE', #4565 ) ;
#7548 = VERTEX_POINT ( 'NONE', #8250 ) ;
#7549 = CARTESIAN_POINT ( 'NONE',  ( 0.9749999999999999778, -0.04000000000000000083, 1.750000000000000000 ) ) ;
#7550 = CARTESIAN_POINT ( 'NONE',  ( 0.5999999999999999778, 0.06000000000000000472, 0.000000000000000000 ) ) ;
#7551 = EDGE_LOOP ( 'NONE', ( #3810, #6350, #4996, #242 ) ) ;
#7552 = FILL_AREA_STYLE ('',( #9014 ) ) ;
#7553 = EDGE_CURVE ( 'NONE', #6615, #7548, #1403, .T. ) ;
#7554 = FILL_AREA_STYLE ('',( #9775 ) ) ;
#7555 = ADVANCED_FACE ( 'NONE', ( #594 ), #9779, .F. ) ;
#7556 = ORIENTED_EDGE ( 'NONE', *, *, #7943, .F. ) ;
#7557 = CYLINDRICAL_SURFACE ( 'NONE', #9229, 0.1250000000000000000 ) ;
#7558 = CARTESIAN_POINT ( 'NONE',  ( 1.250000000000000000, 0.2000000000000000111, -1.625000000000000222 ) ) ;
#7559 = DIRECTION ( 'NONE',  ( -0.000000000000000000, -1.000000000000000000, -0.000000000000000000 ) ) ;
#7560 = ORIENTED_EDGE ( 'NONE', *, *, #7884, .F. ) ;
#7561 = UNCERTAINTY_MEASURE_WITH_UNIT (LENGTH_MEASURE( 1.000000000000000082E-05 ), #5264, 'distance_accuracy_value', 'NONE');
#7562 = CARTESIAN_POINT ( 'NONE',  ( 1.154368729000465610, 0.9238392649474663765, 2.243309800894466743 ) ) ;
#7563 = LINE ( 'NONE', #6767, #3332 ) ;
#7564 = VERTEX_POINT ( 'NONE', #5907 ) ;
#7565 = SURFACE_STYLE_USAGE ( .BOTH. , #1496 ) ;
#7566 = EDGE_CURVE ( 'NONE', #3612, #173, #6000, .T. ) ;
#7567 = ORIENTED_EDGE ( 'NONE', *, *, #2680, .T. ) ;
#7568 = ADVANCED_FACE ( 'NONE', ( #8934 ), #6858, .T. ) ;
#7569 = CARTESIAN_POINT ( 'NONE',  ( 0.9749999999999999778, 0.000000000000000000, -1.375000000000000000 ) ) ;
#7570 = SURFACE_SIDE_STYLE ('',( #6915 ) ) ;
#7571 = DIRECTION ( 'NONE',  ( 1.000000000000000000, 0.000000000000000000, -0.000000000000000000 ) ) ;
#7572 = UNCERTAINTY_MEASURE_WITH_UNIT (LENGTH_MEASURE( 1.000000000000000082E-05 ), #5033, 'distance_accuracy_value', 'NONE');
#7573 = COLOUR_RGB ( '',0.8313725490196077761, 0.8313725490196077761, 0.8313725490196077761 ) ;
#7574 = LINE ( 'NONE', #9046, #2608 ) ;
#7575 = CARTESIAN_POINT ( 'NONE',  ( -0.9749999999999999778, -0.04000000000000000083, 0.8750000000000000000 ) ) ;
#7576 = ADVANCED_FACE ( 'NONE', ( #5154 ), #7557, .F. ) ;
#7577 = CARTESIAN_POINT ( 'NONE',  ( 0.9749999999999999778, -0.04000000000000000083, 0.1250000000000000000 ) ) ;
#7578 = PRESENTATION_LAYER_ASSIGNMENT (  '', '', ( #1961 ) ) ;
#7579 = CARTESIAN_POINT ( 'NONE',  ( 1.250000000000000000, 0.2000000000000000111, 0.3750000000000000555 ) ) ;
#7580 = CARTESIAN_POINT ( 'NONE',  ( 1.149999999999999911, 0.000000000000000000, -2.250000000000000444 ) ) ;
#7581 =( GEOMETRIC_REPRESENTATION_CONTEXT ( 3 ) GLOBAL_UNCERTAINTY_ASSIGNED_CONTEXT ( ( #5541 ) ) GLOBAL_UNIT_ASSIGNED_CONTEXT ( ( #1470, #6123, #5619 ) ) REPRESENTATION_CONTEXT ( 'NONE', 'WORKASPACE' ) );
#7582 = FACE_OUTER_BOUND ( 'NONE', #7662, .T. ) ;
#7583 = ADVANCED_FACE ( 'NONE', ( #3749 ), #6809, .F. ) ;
#7584 = VERTEX_POINT ( 'NONE', #8203 ) ;
#7585 = VERTEX_POINT ( 'NONE', #9075 ) ;
#7586 =( NAMED_UNIT ( * ) PLANE_ANGLE_UNIT ( ) SI_UNIT ( $, .RADIAN. ) );
#7587 = ORIENTED_EDGE ( 'NONE', *, *, #468, .F. ) ;
#7588 = DIRECTION ( 'NONE',  ( -1.000000000000000000, -0.000000000000000000, -0.000000000000000000 ) ) ;
#7589 = DIRECTION ( 'NONE',  ( -1.000000000000000000, -0.000000000000000000, 0.000000000000000000 ) ) ;
#7590 = SURFACE_STYLE_USAGE ( .BOTH. , #9211 ) ;
#7591 = ORIENTED_EDGE ( 'NONE', *, *, #4785, .T. ) ;
#7592 = LINE ( 'NONE', #2946, #5192 ) ;
#7593 = DIRECTION ( 'NONE',  ( 0.000000000000000000, -0.000000000000000000, 1.000000000000000000 ) ) ;
#7594 = EDGE_CURVE ( 'NONE', #343, #8044, #5298, .T. ) ;
#7595 = VECTOR ( 'NONE', #1390, 1000.000000000000000 ) ;
#7596 = CARTESIAN_POINT ( 'NONE',  ( 1.250000000000000000, 0.1749999999999999889, 2.250000000000000444 ) ) ;
#7597 = ORIENTED_EDGE ( 'NONE', *, *, #5699, .F. ) ;
#7598 = STYLED_ITEM ( 'NONE', ( #4546 ), #2727 ) ;
#7599 = DIRECTION ( 'NONE',  ( 0.000000000000000000, 1.000000000000000000, 0.000000000000000000 ) ) ;
#7600 = PRESENTATION_STYLE_ASSIGNMENT (( #738 ) ) ;
#7601 = ORIENTED_EDGE ( 'NONE', *, *, #1855, .T. ) ;
#7602 = VECTOR ( 'NONE', #7762, 1000.000000000000000 ) ;
#7603 = CARTESIAN_POINT ( 'NONE',  ( 0.9749999999999999778, 0.1749999999999999889, 1.250000000000000000 ) ) ;
#7604 = AXIS2_PLACEMENT_3D ( 'NONE', #1634, #3245, #7749 ) ;
#7605 = VECTOR ( 'NONE', #561, 1000.000000000000000 ) ;
#7606 = CARTESIAN_POINT ( 'NONE',  ( 0.000000000000000000, 0.000000000000000000, -1.375000000000000000 ) ) ;
#7607 = CARTESIAN_POINT ( 'NONE',  ( -0.3750000000000000000, 0.000000000000000000, -1.975000000000000089 ) ) ;
#7608 = ORIENTED_EDGE ( 'NONE', *, *, #1488, .T. ) ;
#7609 = FILL_AREA_STYLE_COLOUR ( '', #1346 ) ;
#7610 = ORIENTED_EDGE ( 'NONE', *, *, #4445, .F. ) ;
#7611 = FILL_AREA_STYLE_COLOUR ( '', #4410 ) ;
#7612 = CYLINDRICAL_SURFACE ( 'NONE', #6778, 0.1250000000000001110 ) ;
#7613 = STYLED_ITEM ( 'NONE', ( #9060 ), #6154 ) ;
#7614 = CARTESIAN_POINT ( 'NONE',  ( 0.9749999999999999778, 0.2000000000000000111, 0.7500000000000000000 ) ) ;
#7615 = VERTEX_POINT ( 'NONE', #6149 ) ;
#7616 = DIRECTION ( 'NONE',  ( -0.000000000000000000, -0.000000000000000000, 1.000000000000000000 ) ) ;
#7617 = EDGE_CURVE ( 'NONE', #4454, #8742, #7001, .T. ) ;
#7618 = ADVANCED_FACE ( 'NONE', ( #8441 ), #3242, .T. ) ;
#7619 = VECTOR ( 'NONE', #9261, 1000.000000000000000 ) ;
#7620 = COLOUR_RGB ( '',0.8313725490196077761, 0.8313725490196077761, 0.8313725490196077761 ) ;
#7621 = LINE ( 'NONE', #763, #2829 ) ;
#7622 = FACE_OUTER_BOUND ( 'NONE', #6716, .T. ) ;
#7623 = CARTESIAN_POINT ( 'NONE',  ( -0.5000000000000000000, 0.000000000000000000, -1.500000000000000000 ) ) ;
#7624 = CLOSED_SHELL ( 'NONE', ( #2331, #6826, #9214, #7689, #1512, #5824, #5417 ) ) ;
#7625 = STYLED_ITEM ( 'NONE', ( #1571 ), #6344 ) ;
#7626 = CARTESIAN_POINT ( 'NONE',  ( 0.3750000000000000000, 0.000000000000000000, 1.975000000000000089 ) ) ;
#7627 = CARTESIAN_POINT ( 'NONE',  ( 0.9749999999999999778, -0.04000000000000000083, -0.3750000000000000000 ) ) ;
#7628 = EDGE_CURVE ( 'NONE', #8152, #1112, #1630, .T. ) ;
#7629 = CARTESIAN_POINT ( 'NONE',  ( -1.149999999999999911, 0.8750000000000000000, 2.149999999999999911 ) ) ;
#7630 = SURFACE_STYLE_USAGE ( .BOTH. , #875 ) ;
#7631 = AXIS2_PLACEMENT_3D ( 'NONE', #1549, #3209, #7664 ) ;
#7632 = VERTEX_POINT ( 'NONE', #6302 ) ;
#7633 = FACE_OUTER_BOUND ( 'NONE', #238, .T. ) ;
#7634 = ORIENTED_EDGE ( 'NONE', *, *, #9748, .T. ) ;
#7635 = FACE_OUTER_BOUND ( 'NONE', #5707, .T. ) ;
#7636 = ORIENTED_EDGE ( 'NONE', *, *, #5919, .T. ) ;
#7637 = CARTESIAN_POINT ( 'NONE',  ( -1.250000000000000000, 0.000000000000000000, 1.875000000000000000 ) ) ;
#7638 = EDGE_CURVE ( 'NONE', #9456, #1191, #6947, .T. ) ;
#7639 = PLANE ( 'NONE',  #604 ) ;
#7640 = PLANE ( 'NONE',  #5899 ) ;
#7641 = PRODUCT_DEFINITION_SHAPE ( 'NONE', 'NONE',  #7238 ) ;
#7642 = STYLED_ITEM ( 'NONE', ( #1582 ), #6892 ) ;
#7643 = EDGE_CURVE ( 'NONE', #3392, #2743, #2523, .T. ) ;
#7644 = LINE ( 'NONE', #5189, #6697 ) ;
#7645 = LINE ( 'NONE', #4466, #1753 ) ;
#7646 = CARTESIAN_POINT ( 'NONE',  ( 1.250000000000000000, 0.000000000000000000, 0.3749999999999998890 ) ) ;
#7647 = PRESENTATION_STYLE_ASSIGNMENT (( #8338 ) ) ;
#7648 = FILL_AREA_STYLE ('',( #4411 ) ) ;
#7649 = MECHANICAL_DESIGN_GEOMETRIC_PRESENTATION_REPRESENTATION (  '', ( #5572 ), #3825 ) ;
#7650 = ORIENTED_EDGE ( 'NONE', *, *, #3778, .T. ) ;
#7651 = DIRECTION ( 'NONE',  ( -1.000000000000000000, 0.000000000000000000, 0.000000000000000000 ) ) ;
#7652 = CARTESIAN_POINT ( 'NONE',  ( -0.3750000000000000555, 0.2000000000000000111, 2.250000000000000444 ) ) ;
#7653 = CARTESIAN_POINT ( 'NONE',  ( 1.149999999999999911, 0.8750000000000000000, -2.250000000000000444 ) ) ;
#7654 = SURFACE_STYLE_FILL_AREA ( #7089 ) ;
#7655 = ORIENTED_EDGE ( 'NONE', *, *, #8395, .T. ) ;
#7656 = EDGE_CURVE ( 'NONE', #7804, #8200, #5596, .T. ) ;
#7657 = CARTESIAN_POINT ( 'NONE',  ( -1.250000000000000000, 0.2000000000000000111, 0.6250000000000000000 ) ) ;
#7658 = AXIS2_PLACEMENT_3D ( 'NONE', #9669, #1194, #8236 ) ;
#7659 = COLOUR_RGB ( '',0.8313725490196077761, 0.8313725490196077761, 0.8313725490196077761 ) ;
#7660 =( GEOMETRIC_REPRESENTATION_CONTEXT ( 3 ) GLOBAL_UNCERTAINTY_ASSIGNED_CONTEXT ( ( #6755 ) ) GLOBAL_UNIT_ASSIGNED_CONTEXT ( ( #4198, #4941, #6597 ) ) REPRESENTATION_CONTEXT ( 'NONE', 'WORKASPACE' ) );
#7661 = DIRECTION ( 'NONE',  ( 0.000000000000000000, 0.000000000000000000, 1.000000000000000000 ) ) ;
#7662 = EDGE_LOOP ( 'NONE', ( #4514, #2082, #3567, #881 ) ) ;
#7663 = ORIENTED_EDGE ( 'NONE', *, *, #4387, .T. ) ;
#7664 = DIRECTION ( 'NONE',  ( 0.000000000000000000, 0.000000000000000000, -1.000000000000000000 ) ) ;
#7665 = VERTEX_POINT ( 'NONE', #3146 ) ;
#7666 = COLOUR_RGB ( '',0.8313725490196077761, 0.8313725490196077761, 0.8313725490196077761 ) ;
#7667 = FACE_OUTER_BOUND ( 'NONE', #4197, .T. ) ;
#7668 = MECHANICAL_DESIGN_GEOMETRIC_PRESENTATION_REPRESENTATION (  '', ( #7993 ), #9715 ) ;
#7669 = FACE_OUTER_BOUND ( 'NONE', #8628, .T. ) ;
#7670 = UNCERTAINTY_MEASURE_WITH_UNIT (LENGTH_MEASURE( 1.000000000000000082E-05 ), #8685, 'distance_accuracy_value', 'NONE');
#7671 = VERTEX_POINT ( 'NONE', #8534 ) ;
#7672 = SURFACE_STYLE_USAGE ( .BOTH. , #5414 ) ;
#7673 = DIRECTION ( 'NONE',  ( 0.000000000000000000, -1.000000000000000000, 0.000000000000000000 ) ) ;
#7674 = VECTOR ( 'NONE', #3009, 1000.000000000000000 ) ;
#7675 = CYLINDRICAL_SURFACE ( 'NONE', #66, 0.1250000000000001110 ) ;
#7676 =( LENGTH_UNIT ( ) NAMED_UNIT ( * ) SI_UNIT ( .MILLI., .METRE. ) );
#7677 = ORIENTED_EDGE ( 'NONE', *, *, #3642, .F. ) ;
#7678 = SURFACE_STYLE_FILL_AREA ( #8514 ) ;
#7679 = EDGE_CURVE ( 'NONE', #820, #3793, #3864, .T. ) ;
#7680 = COLOUR_RGB ( '',0.8313725490196077761, 0.8313725490196077761, 0.8313725490196077761 ) ;
#7681 = AXIS2_PLACEMENT_3D ( 'NONE', #8144, #1388, #4458 ) ;
#7682 = DIRECTION ( 'NONE',  ( 1.000000000000000000, 0.000000000000000000, -0.000000000000000000 ) ) ;
#7683 =( NAMED_UNIT ( * ) SI_UNIT ( $, .STERADIAN. ) SOLID_ANGLE_UNIT ( ) );
#7684 = CYLINDRICAL_SURFACE ( 'NONE', #6507, 0.1250000000000000000 ) ;
#7685 = PRESENTATION_LAYER_ASSIGNMENT (  '', '', ( #8632 ) ) ;
#7686 = ORIENTED_EDGE ( 'NONE', *, *, #7291, .F. ) ;
#7687 =( LENGTH_UNIT ( ) NAMED_UNIT ( * ) SI_UNIT ( .MILLI., .METRE. ) );
#7688 = EDGE_LOOP ( 'NONE', ( #4518, #985, #380, #7305 ) ) ;
#7689 = ADVANCED_FACE ( 'NONE', ( #5395 ), #6207, .T. ) ;
#7690 = PRESENTATION_STYLE_ASSIGNMENT (( #6930 ) ) ;
#7691 = ORIENTED_EDGE ( 'NONE', *, *, #6087, .F. ) ;
#7692 = FILL_AREA_STYLE ('',( #9210 ) ) ;
#7693 =( LENGTH_UNIT ( ) NAMED_UNIT ( * ) SI_UNIT ( .MILLI., .METRE. ) );
#7694 = VERTEX_POINT ( 'NONE', #4752 ) ;
#7695 = CIRCLE ( 'NONE', #1301, 0.1250000000000001110 ) ;
#7696 = CARTESIAN_POINT ( 'NONE',  ( -1.250000000000000000, 0.000000000000000000, 1.125000000000000222 ) ) ;
#7697 = EDGE_CURVE ( 'NONE', #8044, #4219, #944, .T. ) ;
#7698 = PRESENTATION_STYLE_ASSIGNMENT (( #6855 ) ) ;
#7699 = ORIENTED_EDGE ( 'NONE', *, *, #1971, .F. ) ;
#7700 = DIRECTION ( 'NONE',  ( 1.000000000000000000, 0.000000000000000000, 0.000000000000000000 ) ) ;
#7701 = LINE ( 'NONE', #4008, #6864 ) ;
#7702 = CARTESIAN_POINT ( 'NONE',  ( -1.250000000000000000, 0.000000000000000000, -1.375000000000000222 ) ) ;
#7703 = VERTEX_POINT ( 'NONE', #3435 ) ;
#7704 = CARTESIAN_POINT ( 'NONE',  ( -1.250000000000000000, 0.8750000000000000000, 2.149999999999999911 ) ) ;
#7705 = CARTESIAN_POINT ( 'NONE',  ( -1.211381300126909588, 0.8783027194376270552, 2.258521061192350743 ) ) ;
#7706 = ORIENTED_EDGE ( 'NONE', *, *, #6578, .T. ) ;
#7707 = DIRECTION ( 'NONE',  ( 0.000000000000000000, 0.000000000000000000, 1.000000000000000000 ) ) ;
#7708 = ORIENTED_EDGE ( 'NONE', *, *, #3607, .F. ) ;
#7709 = SURFACE_STYLE_USAGE ( .BOTH. , #3819 ) ;
#7710 = PRESENTATION_STYLE_ASSIGNMENT (( #9179 ) ) ;
#7711 = DIRECTION ( 'NONE',  ( 0.000000000000000000, 0.000000000000000000, 1.000000000000000000 ) ) ;
#7712 = VERTEX_POINT ( 'NONE', #1823 ) ;
#7713 = CARTESIAN_POINT ( 'NONE',  ( 0.3750000000000000000, 0.000000000000000000, -1.975000000000000089 ) ) ;
#7714 = DIRECTION ( 'NONE',  ( 0.000000000000000000, 1.000000000000000000, 0.000000000000000000 ) ) ;
#7715 = VERTEX_POINT ( 'NONE', #7944 ) ;
#7716 = ORIENTED_EDGE ( 'NONE', *, *, #3482, .T. ) ;
#7717 = LINE ( 'NONE', #3116, #6400 ) ;
#7718 = PLANE ( 'NONE',  #5528 ) ;
#7719 = LINE ( 'NONE', #197, #8244 ) ;
#7720 = CARTESIAN_POINT ( 'NONE',  ( -1.250000000000000000, 0.000000000000000000, -2.149999999999999911 ) ) ;
#7721 = CARTESIAN_POINT ( 'NONE',  ( 1.250000000000000000, 0.000000000000000000, -1.375000000000000000 ) ) ;
#7722 =( GEOMETRIC_REPRESENTATION_CONTEXT ( 3 ) GLOBAL_UNCERTAINTY_ASSIGNED_CONTEXT ( ( #2959 ) ) GLOBAL_UNIT_ASSIGNED_CONTEXT ( ( #1269, #499, #8940 ) ) REPRESENTATION_CONTEXT ( 'NONE', 'WORKASPACE' ) );
#7723 = EDGE_CURVE ( 'NONE', #1112, #981, #1096, .T. ) ;
#7724 = CARTESIAN_POINT ( 'NONE',  ( 1.250000000000000000, -0.04000000000000000083, -0.3750000000000000000 ) ) ;
#7725 = DIRECTION ( 'NONE',  ( 0.000000000000000000, -0.000000000000000000, 1.000000000000000000 ) ) ;
#7726 = CARTESIAN_POINT ( 'NONE',  ( -1.250000000000000000, 0.1749999999999999889, -1.875000000000000000 ) ) ;
#7727 = PRESENTATION_STYLE_ASSIGNMENT (( #8571 ) ) ;
#7728 = FACE_OUTER_BOUND ( 'NONE', #7310, .T. ) ;
#7729 = COLOUR_RGB ( '',0.8313725490196077761, 0.8313725490196077761, 0.8313725490196077761 ) ;
#7730 = ORIENTED_EDGE ( 'NONE', *, *, #6423, .F. ) ;
#7731 = AXIS2_PLACEMENT_3D ( 'NONE', #5677, #8711, #1861 ) ;
#7732 = CARTESIAN_POINT ( 'NONE',  ( 1.207735026918962173, 0.9327350269189627063, 2.207735026918962618 ) ) ;
#7733 = ORIENTED_EDGE ( 'NONE', *, *, #8262, .F. ) ;
#7734 = DIRECTION ( 'NONE',  ( 1.000000000000000000, 0.000000000000000000, 0.000000000000000000 ) ) ;
#7735 = VERTEX_POINT ( 'NONE', #2732 ) ;
#7736 = ORIENTED_EDGE ( 'NONE', *, *, #3136, .T. ) ;
#7737 = PRESENTATION_LAYER_ASSIGNMENT (  '', '', ( #4393 ) ) ;
#7738 = FILL_AREA_STYLE ('',( #9208 ) ) ;
#7739 = CARTESIAN_POINT ( 'NONE',  ( 0.000000000000000000, 0.000000000000000000, 0.000000000000000000 ) ) ;
#7740 = FILL_AREA_STYLE_COLOUR ( '', #1031 ) ;
#7741 = EDGE_CURVE ( 'NONE', #3494, #3225, #4100, .T. ) ;
#7742 = EDGE_CURVE ( 'NONE', #9280, #6535, #8865, .T. ) ;
#7743 = ORIENTED_EDGE ( 'NONE', *, *, #289, .T. ) ;
#7744 = AXIS2_PLACEMENT_3D ( 'NONE', #5746, #8786, #8049 ) ;
#7745 =( NAMED_UNIT ( * ) SI_UNIT ( $, .STERADIAN. ) SOLID_ANGLE_UNIT ( ) );
#7746 = SURFACE_SIDE_STYLE ('',( #894 ) ) ;
#7747 = CARTESIAN_POINT ( 'NONE',  ( -0.9749999999999999778, -0.04000000000000000083, 1.750000000000000000 ) ) ;
#7748 = CARTESIAN_POINT ( 'NONE',  ( -1.250000000000000000, 0.000000000000000000, -1.375000000000000000 ) ) ;
#7749 = DIRECTION ( 'NONE',  ( 0.000000000000000000, 0.000000000000000000, -1.000000000000000000 ) ) ;
#7750 = ORIENTED_EDGE ( 'NONE', *, *, #4672, .T. ) ;
#7751 = UNCERTAINTY_MEASURE_WITH_UNIT (LENGTH_MEASURE( 1.000000000000000082E-05 ), #4634, 'distance_accuracy_value', 'NONE');
#7752 = LINE ( 'NONE', #2330, #73 ) ;
#7753 = ADVANCED_FACE ( 'NONE', ( #1036 ), #4204, .T. ) ;
#7754 = DIRECTION ( 'NONE',  ( 0.000000000000000000, 1.000000000000000000, 0.000000000000000000 ) ) ;
#7755 = MECHANICAL_DESIGN_GEOMETRIC_PRESENTATION_REPRESENTATION (  '', ( #1210 ), #3279 ) ;
#7756 = PRESENTATION_STYLE_ASSIGNMENT (( #907 ) ) ;
#7757 = VERTEX_POINT ( 'NONE', #3338 ) ;
#7758 = LINE ( 'NONE', #8876, #7411 ) ;
#7759 = VERTEX_POINT ( 'NONE', #9425 ) ;
#7760 = SURFACE_STYLE_USAGE ( .BOTH. , #3820 ) ;
#7761 = EDGE_LOOP ( 'NONE', ( #8055, #8740, #1924, #877 ) ) ;
#7762 = DIRECTION ( 'NONE',  ( 1.000000000000000000, 0.000000000000000000, 0.000000000000000000 ) ) ;
#7763 = VERTEX_POINT ( 'NONE', #3497 ) ;
#7764 = ADVANCED_FACE ( 'NONE', ( #4237 ), #8949, .T. ) ;
#7765 = DIRECTION ( 'NONE',  ( -0.000000000000000000, 1.000000000000000000, 0.000000000000000000 ) ) ;
#7766 =( NAMED_UNIT ( * ) PLANE_ANGLE_UNIT ( ) SI_UNIT ( $, .RADIAN. ) );
#7767 =( NAMED_UNIT ( * ) PLANE_ANGLE_UNIT ( ) SI_UNIT ( $, .RADIAN. ) );
#7768 = EDGE_CURVE ( 'NONE', #8046, #9449, #3839, .T. ) ;
#7769 = FACE_OUTER_BOUND ( 'NONE', #1282, .T. ) ;
#7770 = DIRECTION ( 'NONE',  ( 0.4082482904638637389, 0.8164965809277250353, 0.4082482904638641275 ) ) ;
#7771 =( GEOMETRIC_REPRESENTATION_CONTEXT ( 3 ) GLOBAL_UNCERTAINTY_ASSIGNED_CONTEXT ( ( #7561 ) ) GLOBAL_UNIT_ASSIGNED_CONTEXT ( ( #5264, #7378, #8313 ) ) REPRESENTATION_CONTEXT ( 'NONE', 'WORKASPACE' ) );
#7772 = AXIS2_PLACEMENT_3D ( 'NONE', #9510, #4988, #8035 ) ;
#7773 =( NAMED_UNIT ( * ) PLANE_ANGLE_UNIT ( ) SI_UNIT ( $, .RADIAN. ) );
#7774 = PRESENTATION_LAYER_ASSIGNMENT (  '', '', ( #2151 ) ) ;
#7775 =( LENGTH_UNIT ( ) NAMED_UNIT ( * ) SI_UNIT ( .MILLI., .METRE. ) );
#7776 = AXIS2_PLACEMENT_3D ( 'NONE', #9760, #673, #6927 ) ;
#7777 = EDGE_CURVE ( 'NONE', #909, #3208, #12, .T. ) ;
#7778 = SURFACE_SIDE_STYLE ('',( #1660 ) ) ;
#7779 = DIRECTION ( 'NONE',  ( 0.000000000000000000, 0.000000000000000000, 1.000000000000000000 ) ) ;
#7780 =( NAMED_UNIT ( * ) PLANE_ANGLE_UNIT ( ) SI_UNIT ( $, .RADIAN. ) );
#7781 = EDGE_LOOP ( 'NONE', ( #7708, #4587, #5610, #7367 ) ) ;
#7782 =( GEOMETRIC_REPRESENTATION_CONTEXT ( 3 ) GLOBAL_UNCERTAINTY_ASSIGNED_CONTEXT ( ( #8542 ) ) GLOBAL_UNIT_ASSIGNED_CONTEXT ( ( #7687, #830, #214 ) ) REPRESENTATION_CONTEXT ( 'NONE', 'WORKASPACE' ) );
#7783 = EDGE_LOOP ( 'NONE', ( #3932, #9435, #1597, #4274 ) ) ;
#7784 = PRESENTATION_STYLE_ASSIGNMENT (( #5819 ) ) ;
#7785 = ORIENTED_EDGE ( 'NONE', *, *, #8734, .F. ) ;
#7786 = VECTOR ( 'NONE', #2892, 1000.000000000000000 ) ;
#7787 = PRESENTATION_LAYER_ASSIGNMENT (  '', '', ( #4297 ) ) ;
#7788 = STYLED_ITEM ( 'NONE', ( #9839 ), #3585 ) ;
#7789 = CARTESIAN_POINT ( 'NONE',  ( -1.250000000000000000, 0.000000000000000000, 0.8750000000000000000 ) ) ;
#7790 = DIRECTION ( 'NONE',  ( -0.000000000000000000, 1.000000000000000000, 0.000000000000000000 ) ) ;
#7791 = VECTOR ( 'NONE', #3519, 1000.000000000000000 ) ;
#7792 = ORIENTED_EDGE ( 'NONE', *, *, #9731, .T. ) ;
#7793 = EDGE_CURVE ( 'NONE', #6167, #6443, #2969, .T. ) ;
#7794 = ORIENTED_EDGE ( 'NONE', *, *, #6548, .F. ) ;
#7795 = EDGE_CURVE ( 'NONE', #8392, #7414, #4537, .T. ) ;
#7796 = LINE ( 'NONE', #5339, #2364 ) ;
#7797 = PLANE ( 'NONE',  #3845 ) ;
#7798 = CARTESIAN_POINT ( 'NONE',  ( -0.1250000000000000000, 0.000000000000000000, 0.000000000000000000 ) ) ;
#7799 = EDGE_LOOP ( 'NONE', ( #7567, #1383, #5869, #2373 ) ) ;
#7800 = PRESENTATION_STYLE_ASSIGNMENT (( #4908 ) ) ;
#7801 =( GEOMETRIC_REPRESENTATION_CONTEXT ( 3 ) GLOBAL_UNCERTAINTY_ASSIGNED_CONTEXT ( ( #5655 ) ) GLOBAL_UNIT_ASSIGNED_CONTEXT ( ( #641, #8239, #4465 ) ) REPRESENTATION_CONTEXT ( 'NONE', 'WORKASPACE' ) );
#7802 = VERTEX_POINT ( 'NONE', #8218 ) ;
#7803 = DIRECTION ( 'NONE',  ( 0.000000000000000000, 0.000000000000000000, -1.000000000000000000 ) ) ;
#7804 = VERTEX_POINT ( 'NONE', #9844 ) ;
#7805 = CARTESIAN_POINT ( 'NONE',  ( -0.1250000000000000000, 0.2000000000000000111, -1.975000000000000089 ) ) ;
#7806 = ORIENTED_EDGE ( 'NONE', *, *, #6524, .T. ) ;
#7807 = DIRECTION ( 'NONE',  ( 0.000000000000000000, -3.252606517456518824E-15, 1.000000000000000000 ) ) ;
#7808 = ADVANCED_FACE ( 'NONE', ( #7669 ), #1553, .F. ) ;
#7809 = DIRECTION ( 'NONE',  ( 0.000000000000000000, 0.000000000000000000, -1.000000000000000000 ) ) ;
#7810 = ORIENTED_EDGE ( 'NONE', *, *, #4551, .T. ) ;
#7811 = AXIS2_PLACEMENT_3D ( 'NONE', #1848, #8661, #4923 ) ;
#7812 = STYLED_ITEM ( 'NONE', ( #3152 ), #3888 ) ;
#7813 = CARTESIAN_POINT ( 'NONE',  ( 0.3750000000000000555, 0.000000000000000000, 2.250000000000000444 ) ) ;
#7814 = LINE ( 'NONE', #963, #7456 ) ;
#7815 = CARTESIAN_POINT ( 'NONE',  ( -0.5000000000000000000, 0.000000000000000000, -1.149999999999999911 ) ) ;
#7816 = LINE ( 'NONE', #1703, #2352 ) ;
#7817 = PRESENTATION_LAYER_ASSIGNMENT (  '', '', ( #3838 ) ) ;
#7818 = COLOUR_RGB ( '',0.8313725490196077761, 0.8313725490196077761, 0.8313725490196077761 ) ;
#7819 = ORIENTED_EDGE ( 'NONE', *, *, #61, .T. ) ;
#7820 = DIRECTION ( 'NONE',  ( 1.000000000000000000, 0.000000000000000000, 0.000000000000000000 ) ) ;
#7821 = FACE_OUTER_BOUND ( 'NONE', #8298, .T. ) ;
#7822 = FILL_AREA_STYLE_COLOUR ( '', #4160 ) ;
#7823 = VECTOR ( 'NONE', #6756, 1000.000000000000000 ) ;
#7824 = AXIS2_PLACEMENT_3D ( 'NONE', #4771, #3924, #916 ) ;
#7825 = SURFACE_STYLE_USAGE ( .BOTH. , #7778 ) ;
#7826 =( GEOMETRIC_REPRESENTATION_CONTEXT ( 3 ) GLOBAL_UNCERTAINTY_ASSIGNED_CONTEXT ( ( #9539 ) ) GLOBAL_UNIT_ASSIGNED_CONTEXT ( ( #4238, #2098, #1225 ) ) REPRESENTATION_CONTEXT ( 'NONE', 'WORKASPACE' ) );
#7827 = DIRECTION ( 'NONE',  ( 0.000000000000000000, 0.000000000000000000, -1.000000000000000000 ) ) ;
#7828 = CARTESIAN_POINT ( 'NONE',  ( -0.9749999999999999778, 0.000000000000000000, -0.8750000000000000000 ) ) ;
#7829 = PRESENTATION_LAYER_ASSIGNMENT (  '', '', ( #1595 ) ) ;
#7830 = AXIS2_PLACEMENT_3D ( 'NONE', #896, #9168, #3808 ) ;
#7831 = EDGE_CURVE ( 'NONE', #4580, #8826, #307, .T. ) ;
#7832 = ORIENTED_EDGE ( 'NONE', *, *, #3035, .F. ) ;
#7833 =( NAMED_UNIT ( * ) PLANE_ANGLE_UNIT ( ) SI_UNIT ( $, .RADIAN. ) );
#7834 = VECTOR ( 'NONE', #8889, 1000.000000000000000 ) ;
#7835 = DIRECTION ( 'NONE',  ( 0.000000000000000000, 0.000000000000000000, 1.000000000000000000 ) ) ;
#7836 = CIRCLE ( 'NONE', #972, 0.1249999999999998890 ) ;
#7837 = EDGE_LOOP ( 'NONE', ( #5609, #2406, #7601, #1189 ) ) ;
#7838 = CARTESIAN_POINT ( 'NONE',  ( 0.2500000000000000000, 0.000000000000000000, 1.975000000000000089 ) ) ;
#7839 = ORIENTED_EDGE ( 'NONE', *, *, #7031, .F. ) ;
#7840 = CARTESIAN_POINT ( 'NONE',  ( -1.250000000000000000, 0.000000000000000000, -1.375000000000000000 ) ) ;
#7841 = LINE ( 'NONE', #8782, #1244 ) ;
#7842 = DIRECTION ( 'NONE',  ( 0.000000000000000000, -1.000000000000000000, 0.000000000000000000 ) ) ;
#7843 = VERTEX_POINT ( 'NONE', #8991 ) ;
#7844 = UNCERTAINTY_MEASURE_WITH_UNIT (LENGTH_MEASURE( 1.000000000000000082E-05 ), #7428, 'distance_accuracy_value', 'NONE');
#7845 = EDGE_CURVE ( 'NONE', #8488, #3149, #2288, .T. ) ;
#7846 = DIRECTION ( 'NONE',  ( 0.000000000000000000, 0.000000000000000000, 1.000000000000000000 ) ) ;
#7847 = ORIENTED_EDGE ( 'NONE', *, *, #9115, .T. ) ;
#7848 = DIRECTION ( 'NONE',  ( 0.000000000000000000, 1.000000000000000000, -0.000000000000000000 ) ) ;
#7849 = ORIENTED_EDGE ( 'NONE', *, *, #6803, .T. ) ;
#7850 = PRESENTATION_STYLE_ASSIGNMENT (( #4822 ) ) ;
#7851 = ORIENTED_EDGE ( 'NONE', *, *, #5146, .T. ) ;
#7852 = LINE ( 'NONE', #2586, #602 ) ;
#7853 = ORIENTED_EDGE ( 'NONE', *, *, #2066, .F. ) ;
#7854 = LINE ( 'NONE', #4024, #3478 ) ;
#7855 = CARTESIAN_POINT ( 'NONE',  ( -1.149999999999999911, 0.8750000000000000000, -2.250000000000000444 ) ) ;
#7856 = UNCERTAINTY_MEASURE_WITH_UNIT (LENGTH_MEASURE( 1.000000000000000082E-05 ), #1868, 'distance_accuracy_value', 'NONE');
#7857 = DIRECTION ( 'NONE',  ( -0.000000000000000000, -0.000000000000000000, 1.000000000000000000 ) ) ;
#7858 =( LENGTH_UNIT ( ) NAMED_UNIT ( * ) SI_UNIT ( .MILLI., .METRE. ) );
#7859 = CARTESIAN_POINT ( 'NONE',  ( 1.250000000000000000, 0.000000000000000000, -1.875000000000000000 ) ) ;
#7860 = SURFACE_SIDE_STYLE ('',( #5466 ) ) ;
#7861 = EDGE_CURVE ( 'NONE', #8249, #8331, #1369, .T. ) ;
#7862 = CARTESIAN_POINT ( 'NONE',  ( 0.000000000000000000, 0.2000000000000000111, 0.000000000000000000 ) ) ;
#7863 = ADVANCED_FACE ( 'NONE', ( #757 ), #6119, .T. ) ;
#7864 = CARTESIAN_POINT ( 'NONE',  ( -0.1250000000000000000, 0.2000000000000000111, 1.975000000000000089 ) ) ;
#7865 = CARTESIAN_POINT ( 'NONE',  ( -1.149999999999999911, 0.000000000000000000, 2.250000000000000444 ) ) ;
#7866 = CARTESIAN_POINT ( 'NONE',  ( 1.149999999999999911, 0.8750000000000000000, 2.149999999999999911 ) ) ;
#7867 = DIRECTION ( 'NONE',  ( 0.000000000000000000, -1.000000000000000000, -0.000000000000000000 ) ) ;
#7868 = CARTESIAN_POINT ( 'NONE',  ( 0.9749999999999999778, 0.000000000000000000, -1.625000000000000222 ) ) ;
#7869 = VERTEX_POINT ( 'NONE', #4579 ) ;
#7870 = SURFACE_STYLE_USAGE ( .BOTH. , #1903 ) ;
#7871 = ORIENTED_EDGE ( 'NONE', *, *, #143, .F. ) ;
#7872 = LINE ( 'NONE', #8568, #2544 ) ;
#7873 = CARTESIAN_POINT ( 'NONE',  ( 1.250000000000000000, 0.000000000000000000, -0.1250000000000000000 ) ) ;
#7874 = CARTESIAN_POINT ( 'NONE',  ( -0.9749999999999999778, 0.000000000000000000, 0.8750000000000000000 ) ) ;
#7875 = EDGE_CURVE ( 'NONE', #7148, #9420, #3193, .T. ) ;
#7876 = FACE_OUTER_BOUND ( 'NONE', #7799, .T. ) ;
#7877 = DIRECTION ( 'NONE',  ( 1.000000000000000000, 0.000000000000000000, -0.000000000000000000 ) ) ;
#7878 = ORIENTED_EDGE ( 'NONE', *, *, #7474, .F. ) ;
#7879 =( GEOMETRIC_REPRESENTATION_CONTEXT ( 3 ) GLOBAL_UNCERTAINTY_ASSIGNED_CONTEXT ( ( #7355 ) ) GLOBAL_UNIT_ASSIGNED_CONTEXT ( ( #3817, #9835, #6867 ) ) REPRESENTATION_CONTEXT ( 'NONE', 'WORKASPACE' ) );
#7880 = ADVANCED_FACE ( 'NONE', ( #8265 ), #3823, .F. ) ;
#7881 = SURFACE_SIDE_STYLE ('',( #5636 ) ) ;
#7882 = DIRECTION ( 'NONE',  ( 0.000000000000000000, 0.000000000000000000, 1.000000000000000000 ) ) ;
#7883 = CARTESIAN_POINT ( 'NONE',  ( 0.2500000000000000000, 0.000000000000000000, -1.975000000000000089 ) ) ;
#7884 = EDGE_CURVE ( 'NONE', #3734, #6037, #3037, .T. ) ;
#7885 = DIRECTION ( 'NONE',  ( 1.000000000000000000, 0.000000000000000000, -0.000000000000000000 ) ) ;
#7886 = MECHANICAL_DESIGN_GEOMETRIC_PRESENTATION_REPRESENTATION (  '', ( #5645 ), #6779 ) ;
#7887 = ORIENTED_EDGE ( 'NONE', *, *, #8366, .T. ) ;
#7888 = ORIENTED_EDGE ( 'NONE', *, *, #5883, .F. ) ;
#7889 = PRESENTATION_STYLE_ASSIGNMENT (( #1774 ) ) ;
#7890 =( NAMED_UNIT ( * ) SI_UNIT ( $, .STERADIAN. ) SOLID_ANGLE_UNIT ( ) );
#7891 = AXIS2_PLACEMENT_3D ( 'NONE', #2092, #8986, #3472 ) ;
#7892 = DIRECTION ( 'NONE',  ( -0.4082482904638641830, 0.8164965809277251463, 0.4082482904638640164 ) ) ;
#7893 = ORIENTED_EDGE ( 'NONE', *, *, #2099, .T. ) ;
#7894 = ADVANCED_FACE ( 'NONE', ( #5503 ), #9390, .F. ) ;
#7895 = CARTESIAN_POINT ( 'NONE',  ( 1.250000000000000000, 0.2000000000000000111, 1.875000000000000000 ) ) ;
#7896 = ORIENTED_EDGE ( 'NONE', *, *, #770, .T. ) ;
#7897 = ORIENTED_EDGE ( 'NONE', *, *, #7348, .T. ) ;
#7898 = ORIENTED_EDGE ( 'NONE', *, *, #5788, .F. ) ;
#7899 =( NAMED_UNIT ( * ) PLANE_ANGLE_UNIT ( ) SI_UNIT ( $, .RADIAN. ) );
#7900 = VERTEX_POINT ( 'NONE', #5410 ) ;
#7901 = EDGE_LOOP ( 'NONE', ( #6367, #3062, #7360, #6287, #8095 ) ) ;
#7902 = VECTOR ( 'NONE', #2721, 1000.000000000000000 ) ;
#7903 = DIRECTION ( 'NONE',  ( 0.000000000000000000, -1.000000000000000000, 0.000000000000000000 ) ) ;
#7904 = VERTEX_POINT ( 'NONE', #5612 ) ;
#7905 = DIRECTION ( 'NONE',  ( 0.000000000000000000, 0.000000000000000000, 1.000000000000000000 ) ) ;
#7906 = FILL_AREA_STYLE_COLOUR ( '', #4278 ) ;
#7907 = CARTESIAN_POINT ( 'NONE',  ( -0.3750000000000000555, 0.2000000000000000111, -2.250000000000000444 ) ) ;
#7908 = COLOUR_RGB ( '',0.8313725490196077761, 0.8313725490196077761, 0.8313725490196077761 ) ;
#7909 = SURFACE_SIDE_STYLE ('',( #9545 ) ) ;
#7910 = FACE_OUTER_BOUND ( 'NONE', #9086, .T. ) ;
#7911 = MECHANICAL_DESIGN_GEOMETRIC_PRESENTATION_REPRESENTATION (  '', ( #2139 ), #5999 ) ;
#7912 = DIRECTION ( 'NONE',  ( -0.5773502691896236216, 0.5773502691896257311, -0.5773502691896279515 ) ) ;
#7913 = CARTESIAN_POINT ( 'NONE',  ( -1.250000000000000000, 0.000000000000000000, 0.3749999999999998890 ) ) ;
#7914 = ORIENTED_EDGE ( 'NONE', *, *, #7643, .T. ) ;
#7915 = PLANE ( 'NONE',  #8420 ) ;
#7916 = STYLED_ITEM ( 'NONE', ( #7600 ), #5681 ) ;
#7917 = ADVANCED_FACE ( 'NONE', ( #4673 ), #297, .F. ) ;
#7918 = EDGE_CURVE ( 'NONE', #7564, #5398, #6562, .T. ) ;
#7919 = STYLED_ITEM ( 'NONE', ( #4050 ), #2921 ) ;
#7920 = FACE_OUTER_BOUND ( 'NONE', #4166, .T. ) ;
#7921 = CIRCLE ( 'NONE', #2141, 0.1250000000000001110 ) ;
#7922 = PLANE ( 'NONE',  #1806 ) ;
#7923 = AXIS2_PLACEMENT_3D ( 'NONE', #5178, #9612, #1959 ) ;
#7924 = VECTOR ( 'NONE', #8408, 1000.000000000000000 ) ;
#7925 = VECTOR ( 'NONE', #9866, 1000.000000000000000 ) ;
#7926 = ORIENTED_EDGE ( 'NONE', *, *, #454, .F. ) ;
#7927 = DIRECTION ( 'NONE',  ( -0.000000000000000000, 1.000000000000000000, 0.000000000000000000 ) ) ;
#7928 = PRESENTATION_STYLE_ASSIGNMENT (( #4046 ) ) ;
#7929 = AXIS2_PLACEMENT_3D ( 'NONE', #1164, #501, #455 ) ;
#7930 = EDGE_LOOP ( 'NONE', ( #8521, #1925, #408, #9313 ) ) ;
#7931 = DIRECTION ( 'NONE',  ( 0.000000000000000000, -1.000000000000000000, 0.000000000000000000 ) ) ;
#7932 = ADVANCED_FACE ( 'NONE', ( #9285 ), #3974, .F. ) ;
#7933 =( NAMED_UNIT ( * ) SI_UNIT ( $, .STERADIAN. ) SOLID_ANGLE_UNIT ( ) );
#7934 = FACE_OUTER_BOUND ( 'NONE', #8194, .T. ) ;
#7935 = SURFACE_STYLE_FILL_AREA ( #4352 ) ;
#7936 = VECTOR ( 'NONE', #4083, 1000.000000000000000 ) ;
#7937 = VECTOR ( 'NONE', #38, 1000.000000000000000 ) ;
#7938 = VERTEX_POINT ( 'NONE', #9335 ) ;
#7939 = CARTESIAN_POINT ( 'NONE',  ( 1.250000000000000000, 0.000000000000000000, 0.000000000000000000 ) ) ;
#7940 =( LENGTH_UNIT ( ) NAMED_UNIT ( * ) SI_UNIT ( .MILLI., .METRE. ) );
#7941 = VERTEX_POINT ( 'NONE', #4866 ) ;
#7942 = VERTEX_POINT ( 'NONE', #7855 ) ;
#7943 = EDGE_CURVE ( 'NONE', #8784, #2691, #1001, .T. ) ;
#7944 = CARTESIAN_POINT ( 'NONE',  ( -0.9749999999999999778, 0.000000000000000000, 1.875000000000000000 ) ) ;
#7945 = STYLED_ITEM ( 'NONE', ( #24 ), #87 ) ;
#7946 = FACE_OUTER_BOUND ( 'NONE', #2939, .T. ) ;
#7947 = ORIENTED_EDGE ( 'NONE', *, *, #5086, .F. ) ;
#7948 = UNCERTAINTY_MEASURE_WITH_UNIT (LENGTH_MEASURE( 1.000000000000000082E-05 ), #4927, 'distance_accuracy_value', 'NONE');
#7949 = VECTOR ( 'NONE', #4143, 1000.000000000000000 ) ;
#7950 = PRESENTATION_STYLE_ASSIGNMENT (( #4906 ) ) ;
#7951 = CIRCLE ( 'NONE', #9196, 0.09999999999999982514 ) ;
#7952 =( LENGTH_UNIT ( ) NAMED_UNIT ( * ) SI_UNIT ( .MILLI., .METRE. ) );
#7953 =( LENGTH_UNIT ( ) NAMED_UNIT ( * ) SI_UNIT ( .MILLI., .METRE. ) );
#7954 = CARTESIAN_POINT ( 'NONE',  ( 1.149999999999999911, 0.9197213595499960093, 2.239442719099991486 ) ) ;
#7955 = AXIS2_PLACEMENT_3D ( 'NONE', #243, #3351, #4400 ) ;
#7957 = EDGE_LOOP ( 'NONE', ( #8015, #4191, #528, #5145 ) ) ;
#7956 = PRESENTATION_STYLE_ASSIGNMENT (( #1105 ) ) ;
#7958 = VECTOR ( 'NONE', #1486, 1000.000000000000000 ) ;
#7959 = AXIS2_PLACEMENT_3D ( 'NONE', #2283, #4766, #7711 ) ;
#7960 = EDGE_LOOP ( 'NONE', ( #5435, #2058, #2706, #7058 ) ) ;
#7961 = SURFACE_STYLE_FILL_AREA ( #5706 ) ;
#7962 = VERTEX_POINT ( 'NONE', #4066 ) ;
#7963 = CARTESIAN_POINT ( 'NONE',  ( -1.149999999999999911, 0.8750000000000000000, -2.149999999999999911 ) ) ;
#7964 = VECTOR ( 'NONE', #2403, 1000.000000000000000 ) ;
#7965 = ORIENTED_EDGE ( 'NONE', *, *, #2528, .F. ) ;
#7966 = EDGE_CURVE ( 'NONE', #7900, #4727, #2531, .T. ) ;
#7967 = UNCERTAINTY_MEASURE_WITH_UNIT (LENGTH_MEASURE( 1.000000000000000082E-05 ), #1141, 'distance_accuracy_value', 'NONE');
#7968 = ORIENTED_EDGE ( 'NONE', *, *, #2526, .F. ) ;
#7969 = CARTESIAN_POINT ( 'NONE',  ( 0.6250000000000000000, 0.8750000000000000000, -2.149999999999999911 ) ) ;
#7970 = CARTESIAN_POINT ( 'NONE',  ( 0.9749999999999999778, 0.000000000000000000, -0.1250000000000000000 ) ) ;
#7971 = VECTOR ( 'NONE', #7166, 1000.000000000000000 ) ;
#7972 = CIRCLE ( 'NONE', #3654, 0.1250000000000001110 ) ;
#7973 = CARTESIAN_POINT ( 'NONE',  ( -1.149999999999999911, 0.000000000000000000, -2.149999999999999911 ) ) ;
#7974 = CARTESIAN_POINT ( 'NONE',  ( -0.9749999999999999778, 0.000000000000000000, 0.1250000000000000000 ) ) ;
#7975 = CYLINDRICAL_SURFACE ( 'NONE', #8584, 0.1250000000000000000 ) ;
#7976 = CARTESIAN_POINT ( 'NONE',  ( 0.1250000000000000000, 0.000000000000000000, 2.250000000000000444 ) ) ;
#7977 = CARTESIAN_POINT ( 'NONE',  ( 0.000000000000000000, 0.1749999999999999889, 0.000000000000000000 ) ) ;
#7978 = ORIENTED_EDGE ( 'NONE', *, *, #7033, .T. ) ;
#7979 = DIRECTION ( 'NONE',  ( -0.000000000000000000, -0.000000000000000000, 1.000000000000000000 ) ) ;
#7980 = MECHANICAL_DESIGN_GEOMETRIC_PRESENTATION_REPRESENTATION (  '', ( #9217 ), #4942 ) ;
#7981 = EDGE_LOOP ( 'NONE', ( #4359, #7990, #5590, #3508 ) ) ;
#7982 = ORIENTED_EDGE ( 'NONE', *, *, #6146, .F. ) ;
#7983 = SURFACE_SIDE_STYLE ('',( #1071 ) ) ;
#7984 = CARTESIAN_POINT ( 'NONE',  ( 0.9749999999999999778, 0.000000000000000000, 1.875000000000000000 ) ) ;
#7985 = SURFACE_STYLE_FILL_AREA ( #4194 ) ;
#7986 = MECHANICAL_DESIGN_GEOMETRIC_PRESENTATION_REPRESENTATION (  '', ( #4150 ), #2516 ) ;
#7987 = AXIS2_PLACEMENT_3D ( 'NONE', #6948, #91, #8390 ) ;
#7988 = ADVANCED_FACE ( 'NONE', ( #6963 ), #4324, .T. ) ;
#7989 = EDGE_CURVE ( 'NONE', #1191, #1586, #4369, .T. ) ;
#7990 = ORIENTED_EDGE ( 'NONE', *, *, #8593, .T. ) ;
#7991 = VECTOR ( 'NONE', #120, 1000.000000000000000 ) ;
#7992 = DIRECTION ( 'NONE',  ( 0.000000000000000000, -0.000000000000000000, -1.000000000000000000 ) ) ;
#7993 = STYLED_ITEM ( 'NONE', ( #6916 ), #7863 ) ;
#7994 = STYLED_ITEM ( 'NONE', ( #4538 ), #4690 ) ;
#7995 =( NAMED_UNIT ( * ) PLANE_ANGLE_UNIT ( ) SI_UNIT ( $, .RADIAN. ) );
#7996 = EDGE_CURVE ( 'NONE', #4716, #3149, #5010, .T. ) ;
#7997 = AXIS2_PLACEMENT_3D ( 'NONE', #5598, #946, #2473 ) ;
#7998 = EDGE_CURVE ( 'NONE', #5930, #909, #6729, .T. ) ;
#7999 = ORIENTED_EDGE ( 'NONE', *, *, #2183, .T. ) ;
#8000 = ORIENTED_EDGE ( 'NONE', *, *, #1173, .F. ) ;
#8001 = EDGE_LOOP ( 'NONE', ( #8016, #6945, #951, #3157 ) ) ;
#8002 = SURFACE_STYLE_FILL_AREA ( #5695 ) ;
#8003 = FILL_AREA_STYLE_COLOUR ( '', #4346 ) ;
#8004 = ORIENTED_EDGE ( 'NONE', *, *, #9348, .T. ) ;
#8005 = FILL_AREA_STYLE ('',( #1880 ) ) ;
#8006 = CONTEXT_DEPENDENT_SHAPE_REPRESENTATION ( #4631, #5402 ) ;
#8007 = AXIS2_PLACEMENT_3D ( 'NONE', #1507, #6241, #2985 ) ;
#8008 = CARTESIAN_POINT ( 'NONE',  ( 0.000000000000000000, 0.000000000000000000, 0.000000000000000000 ) ) ;
#8009 = EDGE_CURVE ( 'NONE', #2000, #5329, #4221, .T. ) ;
#8010 = ORIENTED_EDGE ( 'NONE', *, *, #1299, .T. ) ;
#8011 = DIRECTION ( 'NONE',  ( 1.000000000000000000, 0.000000000000000000, 0.000000000000000000 ) ) ;
#8012 =( GEOMETRIC_REPRESENTATION_CONTEXT ( 3 ) GLOBAL_UNCERTAINTY_ASSIGNED_CONTEXT ( ( #344 ) ) GLOBAL_UNIT_ASSIGNED_CONTEXT ( ( #7098, #4861, #2534 ) ) REPRESENTATION_CONTEXT ( 'NONE', 'WORKASPACE' ) );
#8013 = APPLICATION_CONTEXT ( 'automotive_design' ) ;
#8015 = ORIENTED_EDGE ( 'NONE', *, *, #3937, .T. ) ;
#8014 = LINE ( 'NONE', #5104, #5862 ) ;
#8016 = ORIENTED_EDGE ( 'NONE', *, *, #8629, .T. ) ;
#8017 = ORIENTED_EDGE ( 'NONE', *, *, #3194, .F. ) ;
#8018 = DIRECTION ( 'NONE',  ( 1.000000000000000000, 0.000000000000000000, -0.000000000000000000 ) ) ;
#8019 = DIRECTION ( 'NONE',  ( 0.000000000000000000, 0.000000000000000000, -1.000000000000000000 ) ) ;
#8020 = LINE ( 'NONE', #1360, #8335 ) ;
#8021 = PRESENTATION_STYLE_ASSIGNMENT (( #2749 ) ) ;
#8022 = STYLED_ITEM ( 'NONE', ( #5573 ), #9801 ) ;
#8023 =( NAMED_UNIT ( * ) PLANE_ANGLE_UNIT ( ) SI_UNIT ( $, .RADIAN. ) );
#8024 =( NAMED_UNIT ( * ) PLANE_ANGLE_UNIT ( ) SI_UNIT ( $, .RADIAN. ) );
#8025 = CARTESIAN_POINT ( 'NONE',  ( -0.3750000000000000000, -0.04000000000000000083, -1.975000000000000089 ) ) ;
#8026 = LINE ( 'NONE', #7868, #4562 ) ;
#8027 = ORIENTED_EDGE ( 'NONE', *, *, #6891, .T. ) ;
#8028 =( LENGTH_UNIT ( ) NAMED_UNIT ( * ) SI_UNIT ( .MILLI., .METRE. ) );
#8029 = EDGE_LOOP ( 'NONE', ( #5142, #9684, #3398, #3173 ) ) ;
#8030 = FILL_AREA_STYLE_COLOUR ( '', #6881 ) ;
#8031 = CARTESIAN_POINT ( 'NONE',  ( 0.9749999999999999778, 0.2000000000000000111, -0.7500000000000000000 ) ) ;
#8032 = EDGE_CURVE ( 'NONE', #1546, #3556, #9635, .T. ) ;
#8033 = CARTESIAN_POINT ( 'NONE',  ( -1.071318980712213431, 0.9749999999999999778, -2.015427290062257626 ) ) ;
#8034 = CARTESIAN_POINT ( 'NONE',  ( 0.5000000000000000000, 0.1000000000000000056, 1.500000000000000000 ) ) ;
#8035 = DIRECTION ( 'NONE',  ( 0.000000000000000000, 0.000000000000000000, -1.000000000000000000 ) ) ;
#8036 = AXIS2_PLACEMENT_3D ( 'NONE', #1900, #5867, #1314 ) ;
#8037 = PLANE ( 'NONE',  #1590 ) ;
#8038 = CARTESIAN_POINT ( 'NONE',  ( -0.2500000000000000000, -0.04000000000000000083, 1.975000000000000089 ) ) ;
#8039 = DIRECTION ( 'NONE',  ( -0.000000000000000000, 1.000000000000000000, 0.000000000000000000 ) ) ;
#8040 = PRESENTATION_STYLE_ASSIGNMENT (( #9663 ) ) ;
#8041 = ORIENTED_EDGE ( 'NONE', *, *, #6857, .F. ) ;
#8042 = ORIENTED_EDGE ( 'NONE', *, *, #3296, .F. ) ;
#8043 = CARTESIAN_POINT ( 'NONE',  ( 0.5000000000000000000, 0.06000000000000000472, -1.500000000000000000 ) ) ;
#8044 = VERTEX_POINT ( 'NONE', #7258 ) ;
#8045 = DIRECTION ( 'NONE',  ( 0.000000000000000000, -1.000000000000000000, 0.000000000000000000 ) ) ;
#8046 = VERTEX_POINT ( 'NONE', #3561 ) ;
#8047 = ADVANCED_FACE ( 'NONE', ( #7312 ), #4175, .F. ) ;
#8048 = ADVANCED_FACE ( 'NONE', ( #8746 ), #211, .T. ) ;
#8049 = DIRECTION ( 'NONE',  ( 0.000000000000000000, 0.000000000000000000, -1.000000000000000000 ) ) ;
#8050 = VECTOR ( 'NONE', #4936, 1000.000000000000000 ) ;
#8051 =( LENGTH_UNIT ( ) NAMED_UNIT ( * ) SI_UNIT ( .MILLI., .METRE. ) );
#8052 = SURFACE_STYLE_FILL_AREA ( #4266 ) ;
#8053 = VERTEX_POINT ( 'NONE', #2038 ) ;
#8054 = CIRCLE ( 'NONE', #7731, 0.1249999999999998890 ) ;
#8055 = ORIENTED_EDGE ( 'NONE', *, *, #9041, .F. ) ;
#8056 = EDGE_LOOP ( 'NONE', ( #2872, #5221, #9106, #5350 ) ) ;
#8057 = DIRECTION ( 'NONE',  ( 0.000000000000000000, 1.000000000000000000, 0.000000000000000000 ) ) ;
#8058 = CARTESIAN_POINT ( 'NONE',  ( 0.3750000000000000000, 0.2000000000000000111, -1.975000000000000089 ) ) ;
#8059 = PLANE ( 'NONE',  #631 ) ;
#8060 = VERTEX_POINT ( 'NONE', #3911 ) ;
#8061 = UNCERTAINTY_MEASURE_WITH_UNIT (LENGTH_MEASURE( 1.000000000000000082E-05 ), #3027, 'distance_accuracy_value', 'NONE');
#8062 = EDGE_CURVE ( 'NONE', #146, #1854, #4661, .T. ) ;
#8063 = CARTESIAN_POINT ( 'NONE',  ( -0.1250000000000000000, 0.1749999999999999889, 1.975000000000000089 ) ) ;
#8064 = DIRECTION ( 'NONE',  ( -0.000000000000000000, 1.000000000000000000, -0.000000000000000000 ) ) ;
#8065 = AXIS2_PLACEMENT_3D ( 'NONE', #8907, #5675, #2764 ) ;
#8066 = SURFACE_STYLE_FILL_AREA ( #8799 ) ;
#8067 =( NAMED_UNIT ( * ) SI_UNIT ( $, .STERADIAN. ) SOLID_ANGLE_UNIT ( ) );
#8068 = FILL_AREA_STYLE ('',( #8942 ) ) ;
#8069 = LINE ( 'NONE', #9690, #5314 ) ;
#8070 = CARTESIAN_POINT ( 'NONE',  ( 1.250000000000000000, 0.2000000000000000111, 1.625000000000000222 ) ) ;
#8071 = ORIENTED_EDGE ( 'NONE', *, *, #8246, .T. ) ;
#8072 = VERTEX_POINT ( 'NONE', #7653 ) ;
#8073 =( GEOMETRIC_REPRESENTATION_CONTEXT ( 3 ) GLOBAL_UNCERTAINTY_ASSIGNED_CONTEXT ( ( #9637 ) ) GLOBAL_UNIT_ASSIGNED_CONTEXT ( ( #9081, #1459, #655 ) ) REPRESENTATION_CONTEXT ( 'NONE', 'WORKASPACE' ) );
#8074 = EDGE_CURVE ( 'NONE', #1696, #8072, #7037, .T. ) ;
#8075 =( NAMED_UNIT ( * ) PLANE_ANGLE_UNIT ( ) SI_UNIT ( $, .RADIAN. ) );
#8076 = CARTESIAN_POINT ( 'NONE',  ( 0.2500000000000000000, 0.000000000000000000, -1.850000000000000089 ) ) ;
#8077 = SURFACE_STYLE_USAGE ( .BOTH. , #7384 ) ;
#8078 =( GEOMETRIC_REPRESENTATION_CONTEXT ( 3 ) GLOBAL_UNCERTAINTY_ASSIGNED_CONTEXT ( ( #5253 ) ) GLOBAL_UNIT_ASSIGNED_CONTEXT ( ( #2026, #4103, #5644 ) ) REPRESENTATION_CONTEXT ( 'NONE', 'WORKASPACE' ) );
#8079 = SURFACE_SIDE_STYLE ('',( #1288 ) ) ;
#8080 = DIRECTION ( 'NONE',  ( 0.000000000000000000, 1.000000000000000000, 0.000000000000000000 ) ) ;
#8081 = AXIS2_PLACEMENT_3D ( 'NONE', #7347, #1135, #6488 ) ;
#8082 = EDGE_CURVE ( 'NONE', #2346, #6984, #1588, .T. ) ;
#8083 = LINE ( 'NONE', #2012, #4802 ) ;
#8084 = SURFACE_STYLE_FILL_AREA ( #9567 ) ;
#8085 = STYLED_ITEM ( 'NONE', ( #993 ), #5824 ) ;
#8086 =( BOUNDED_SURFACE ( )  B_SPLINE_SURFACE ( 3, 3, ( 
 ( #1594, #4711, #5258, #4665 ),
 ( #9785, #3916, #7705, #3715 ),
 ( #6956, #3814, #8396, #3014 ),
 ( #1495, #6215, #9032, #1461 ) ),
 .UNSPECIFIED., .F., .F., .T. ) 
 B_SPLINE_SURFACE_WITH_KNOTS ( ( 4, 4 ),
 ( 4, 4 ),
 ( 0.000000000000000000, 1.000000000000000000 ),
 ( 0.000000000000000000, 1.000000000000000000 ),
 .UNSPECIFIED. ) 
 GEOMETRIC_REPRESENTATION_ITEM ( )  RATIONAL_B_SPLINE_SURFACE ( (
 ( 1.000000000000000000, 0.3333333333333343140, 0.3333333333333343140, 1.000000000000000000),
 ( 0.9245018060306373631, 0.3081672686768800462, 0.3081672686768800462, 0.9245018060306373631),
 ( 0.9245018060306373631, 0.3081672686768800462, 0.3081672686768800462, 0.9245018060306373631),
 ( 1.000000000000000000, 0.3333333333333343140, 0.3333333333333343140, 1.000000000000000000) ) ) 
 REPRESENTATION_ITEM ( '' )  SURFACE ( )  );
#8087 =( LENGTH_UNIT ( ) NAMED_UNIT ( * ) SI_UNIT ( .MILLI., .METRE. ) );
#8088 = VECTOR ( 'NONE', #3801, 1000.000000000000000 ) ;
#8089 = CARTESIAN_POINT ( 'NONE',  ( 0.000000000000000000, 0.000000000000000000, 0.1250000000000000000 ) ) ;
#8090 = FILL_AREA_STYLE_COLOUR ( '', #7323 ) ;
#8091 = DIRECTION ( 'NONE',  ( 0.000000000000000000, 0.000000000000000000, 1.000000000000000000 ) ) ;
#8092 =( LENGTH_UNIT ( ) NAMED_UNIT ( * ) SI_UNIT ( .MILLI., .METRE. ) );
#8093 = CARTESIAN_POINT ( 'NONE',  ( -0.9749999999999999778, 0.2000000000000000111, -0.6250000000000000000 ) ) ;
#8094 = DIRECTION ( 'NONE',  ( 0.000000000000000000, 0.000000000000000000, -1.000000000000000000 ) ) ;
#8095 = ORIENTED_EDGE ( 'NONE', *, *, #614, .T. ) ;
#8096 =( LENGTH_UNIT ( ) NAMED_UNIT ( * ) SI_UNIT ( .MILLI., .METRE. ) );
#8097 = CARTESIAN_POINT ( 'NONE',  ( -0.1499999999999999667, -1.270549420881450509E-18, -1.500000000000000000 ) ) ;
#8098 = ORIENTED_EDGE ( 'NONE', *, *, #2144, .T. ) ;
#8099 = PLANE ( 'NONE',  #2435 ) ;
#8101 = ORIENTED_EDGE ( 'NONE', *, *, #1946, .T. ) ;
#8100 = PRESENTATION_STYLE_ASSIGNMENT (( #1977 ) ) ;
#8102 = EDGE_CURVE ( 'NONE', #3793, #1938, #2059, .T. ) ;
#8103 = VERTEX_POINT ( 'NONE', #43 ) ;
#8104 =( NAMED_UNIT ( * ) SI_UNIT ( $, .STERADIAN. ) SOLID_ANGLE_UNIT ( ) );
#8105 = PRESENTATION_LAYER_ASSIGNMENT (  '', '', ( #5081 ) ) ;
#8106 = ORIENTED_EDGE ( 'NONE', *, *, #9175, .T. ) ;
#8107 = VERTEX_POINT ( 'NONE', #137 ) ;
#8108 = VECTOR ( 'NONE', #7225, 1000.000000000000000 ) ;
#8109 = FILL_AREA_STYLE_COLOUR ( '', #2216 ) ;
#8110 = ORIENTED_EDGE ( 'NONE', *, *, #314, .T. ) ;
#8111 = VECTOR ( 'NONE', #3549, 1000.000000000000000 ) ;
#8112 = CARTESIAN_POINT ( 'NONE',  ( -0.2500000000000000000, 0.000000000000000000, 1.975000000000000089 ) ) ;
#8113 = CARTESIAN_POINT ( 'NONE',  ( 0.000000000000000000, 0.1749999999999999889, 0.000000000000000000 ) ) ;
#8114 = VECTOR ( 'NONE', #2827, 1000.000000000000000 ) ;
#8115 = DIRECTION ( 'NONE',  ( 0.000000000000000000, 0.000000000000000000, 1.000000000000000000 ) ) ;
#8116 = CARTESIAN_POINT ( 'NONE',  ( -1.149999999999999911, 0.9749999999999999778, -2.149999999999999911 ) ) ;
#8117 = AXIS2_PLACEMENT_3D ( 'NONE', #6101, #6941, #7593 ) ;
#8118 = VECTOR ( 'NONE', #4823, 1000.000000000000000 ) ;
#8119 = LINE ( 'NONE', #9744, #5003 ) ;
#8120 = VERTEX_POINT ( 'NONE', #9827 ) ;
#8121 = CARTESIAN_POINT ( 'NONE',  ( 0.000000000000000000, 0.1749999999999999889, 0.000000000000000000 ) ) ;
#8122 = EDGE_CURVE ( 'NONE', #7869, #7712, #6879, .T. ) ;
#8123 = PLANE ( 'NONE',  #8692 ) ;
#8124 = FILL_AREA_STYLE ('',( #7125 ) ) ;
#8125 = AXIS2_PLACEMENT_3D ( 'NONE', #5510, #8562, #4877 ) ;
#8126 = EDGE_LOOP ( 'NONE', ( #9588, #7424, #1253, #3555 ) ) ;
#8127 = AXIS2_PLACEMENT_3D ( 'NONE', #1134, #1960, #5784 ) ;
#8128 = CARTESIAN_POINT ( 'NONE',  ( 0.5999999999999999778, 0.2000000000000000111, 1.600000000000000089 ) ) ;
#8129 = EDGE_CURVE ( 'NONE', #4965, #7941, #1633, .T. ) ;
#8130 = SURFACE_STYLE_USAGE ( .BOTH. , #8179 ) ;
#8131 = FACE_OUTER_BOUND ( 'NONE', #1083, .T. ) ;
#8132 = CIRCLE ( 'NONE', #6703, 0.1250000000000000000 ) ;
#8133 = EDGE_CURVE ( 'NONE', #6629, #4843, #3750, .T. ) ;
#8134 = SURFACE_STYLE_FILL_AREA ( #1179 ) ;
#8135 = VECTOR ( 'NONE', #9111, 1000.000000000000000 ) ;
#8136 =( LENGTH_UNIT ( ) NAMED_UNIT ( * ) SI_UNIT ( .MILLI., .METRE. ) );
#8137 = FACE_OUTER_BOUND ( 'NONE', #6500, .T. ) ;
#8138 = EDGE_CURVE ( 'NONE', #4962, #1757, #6810, .T. ) ;
#8139 = PRESENTATION_LAYER_ASSIGNMENT (  '', '', ( #9069 ) ) ;
#8140 =( GEOMETRIC_REPRESENTATION_CONTEXT ( 3 ) GLOBAL_UNCERTAINTY_ASSIGNED_CONTEXT ( ( #57 ) ) GLOBAL_UNIT_ASSIGNED_CONTEXT ( ( #244, #8603, #4718 ) ) REPRESENTATION_CONTEXT ( 'NONE', 'WORKASPACE' ) );
#8141 = CARTESIAN_POINT ( 'NONE',  ( 0.000000000000000000, 0.1749999999999999889, 0.000000000000000000 ) ) ;
#8142 = ORIENTED_EDGE ( 'NONE', *, *, #8009, .F. ) ;
#8143 = CARTESIAN_POINT ( 'NONE',  ( -1.207735026918962395, 0.9327350269189628174, -2.207735026918962618 ) ) ;
#8144 = CARTESIAN_POINT ( 'NONE',  ( -0.2500000000000000000, 0.2000000000000000111, 1.975000000000000089 ) ) ;
#8145 = ORIENTED_EDGE ( 'NONE', *, *, #8804, .F. ) ;
#8146 = UNCERTAINTY_MEASURE_WITH_UNIT (LENGTH_MEASURE( 1.000000000000000082E-05 ), #5856, 'distance_accuracy_value', 'NONE');
#8147 = FILL_AREA_STYLE_COLOUR ( '', #4260 ) ;
#8148 = MECHANICAL_DESIGN_GEOMETRIC_PRESENTATION_REPRESENTATION (  '', ( #639 ), #3843 ) ;
#8149 =( GEOMETRIC_REPRESENTATION_CONTEXT ( 3 ) GLOBAL_UNCERTAINTY_ASSIGNED_CONTEXT ( ( #3256 ) ) GLOBAL_UNIT_ASSIGNED_CONTEXT ( ( #992, #2624, #8537 ) ) REPRESENTATION_CONTEXT ( 'NONE', 'WORKASPACE' ) );
#8150 =( NAMED_UNIT ( * ) PLANE_ANGLE_UNIT ( ) SI_UNIT ( $, .RADIAN. ) );
#8151 = EDGE_CURVE ( 'NONE', #3650, #9475, #2225, .T. ) ;
#8152 = VERTEX_POINT ( 'NONE', #7702 ) ;
#8154 = ORIENTED_EDGE ( 'NONE', *, *, #289, .F. ) ;
#8153 =( NAMED_UNIT ( * ) PLANE_ANGLE_UNIT ( ) SI_UNIT ( $, .RADIAN. ) );
#8155 = DIRECTION ( 'NONE',  ( 1.000000000000000000, 0.000000000000000000, -0.000000000000000000 ) ) ;
#8156 = ORIENTED_EDGE ( 'NONE', *, *, #2010, .T. ) ;
#8157 = AXIS2_PLACEMENT_3D ( 'NONE', #2166, #9017, #3857 ) ;
#8158 = CIRCLE ( 'NONE', #8447, 0.1000000000000000472 ) ;
#8159 = VERTEX_POINT ( 'NONE', #4705 ) ;
#8160 = CARTESIAN_POINT ( 'NONE',  ( -0.3750000000000000000, 0.000000000000000000, -2.250000000000000444 ) ) ;
#8161 = DIRECTION ( 'NONE',  ( 0.000000000000000000, -1.000000000000000000, 0.000000000000000000 ) ) ;
#8162 = CARTESIAN_POINT ( 'NONE',  ( 1.250000000000000000, 0.000000000000000000, -1.125000000000000222 ) ) ;
#8163 = ORIENTED_EDGE ( 'NONE', *, *, #2912, .F. ) ;
#8164 = UNCERTAINTY_MEASURE_WITH_UNIT (LENGTH_MEASURE( 1.000000000000000082E-05 ), #233, 'distance_accuracy_value', 'NONE');
#8165 = LINE ( 'NONE', #5762, #2407 ) ;
#8166 = CARTESIAN_POINT ( 'NONE',  ( -0.5000000000000000000, 0.06000000000000000472, -1.149999999999999911 ) ) ;
#8167 = DIRECTION ( 'NONE',  ( -0.000000000000000000, 1.000000000000000000, 0.000000000000000000 ) ) ;
#8168 = CARTESIAN_POINT ( 'NONE',  ( -0.8544118754454819165, 0.9749999999999999778, -1.798520184795526555 ) ) ;
#8169 = DIRECTION ( 'NONE',  ( 0.000000000000000000, -0.000000000000000000, 1.000000000000000000 ) ) ;
#8170 = ORIENTED_EDGE ( 'NONE', *, *, #346, .F. ) ;
#8171 = CARTESIAN_POINT ( 'NONE',  ( 0.000000000000000000, 0.000000000000000000, -0.3750000000000000000 ) ) ;
#8172 = CARTESIAN_POINT ( 'NONE',  ( 0.000000000000000000, 0.1000000000000000056, 1.500000000000000000 ) ) ;
#8173 = ORIENTED_EDGE ( 'NONE', *, *, #3400, .T. ) ;
#8174 = SURFACE_STYLE_USAGE ( .BOTH. , #5167 ) ;
#8175 = AXIS2_PLACEMENT_3D ( 'NONE', #1178, #7342, #7992 ) ;
#8176 = FILL_AREA_STYLE_COLOUR ( '', #5749 ) ;
#8177 = EDGE_CURVE ( 'NONE', #9206, #6237, #3198, .T. ) ;
#8178 = EDGE_CURVE ( 'NONE', #2281, #7243, #3352, .T. ) ;
#8179 = SURFACE_SIDE_STYLE ('',( #6246 ) ) ;
#8180 = CARTESIAN_POINT ( 'NONE',  ( -1.250000000000000000, 0.000000000000000000, -1.875000000000000000 ) ) ;
#8181 = DIRECTION ( 'NONE',  ( 0.000000000000000000, 0.000000000000000000, 1.000000000000000000 ) ) ;
#8182 = DIRECTION ( 'NONE',  ( -1.000000000000000000, -0.000000000000000000, 0.000000000000000000 ) ) ;
#8183 = DIRECTION ( 'NONE',  ( 1.000000000000000000, 0.000000000000000000, -0.000000000000000000 ) ) ;
#8184 = EDGE_CURVE ( 'NONE', #3052, #9518, #92, .T. ) ;
#8185 = FACE_OUTER_BOUND ( 'NONE', #3068, .T. ) ;
#8186 = VERTEX_POINT ( 'NONE', #2325 ) ;
#8187 = LINE ( 'NONE', #8327, #3797 ) ;
#8188 = LINE ( 'NONE', #1335, #5617 ) ;
#8189 = CARTESIAN_POINT ( 'NONE',  ( 0.000000000000000000, 0.2000000000000000111, 0.000000000000000000 ) ) ;
#8190 = EDGE_CURVE ( 'NONE', #6035, #9023, #9570, .T. ) ;
#8191 = ORIENTED_EDGE ( 'NONE', *, *, #8606, .F. ) ;
#8192 = CARTESIAN_POINT ( 'NONE',  ( -1.250000000000000000, 0.2000000000000000111, 1.875000000000000000 ) ) ;
#8193 = DIRECTION ( 'NONE',  ( 0.000000000000000000, -1.000000000000000000, 0.000000000000000000 ) ) ;
#8194 = EDGE_LOOP ( 'NONE', ( #3390, #1300, #2446, #4356 ) ) ;
#8195 = MECHANICAL_DESIGN_GEOMETRIC_PRESENTATION_REPRESENTATION (  '', ( #6326 ), #6607 ) ;
#8196 =( NAMED_UNIT ( * ) SI_UNIT ( $, .STERADIAN. ) SOLID_ANGLE_UNIT ( ) );
#8197 = CARTESIAN_POINT ( 'NONE',  ( -1.250000000000000000, 0.000000000000000000, -0.6250000000000001110 ) ) ;
#8198 = ORIENTED_EDGE ( 'NONE', *, *, #6852, .T. ) ;
#8200 = VERTEX_POINT ( 'NONE', #5397 ) ;
#8199 = LINE ( 'NONE', #3747, #7937 ) ;
#8201 = EDGE_LOOP ( 'NONE', ( #2581, #9004, #2622, #8110 ) ) ;
#8202 = ORIENTED_EDGE ( 'NONE', *, *, #2437, .F. ) ;
#8203 = CARTESIAN_POINT ( 'NONE',  ( 0.2500000000000000000, 0.2000000000000000111, 1.850000000000000089 ) ) ;
#8204 = VECTOR ( 'NONE', #2532, 1000.000000000000000 ) ;
#8205 =( NAMED_UNIT ( * ) PLANE_ANGLE_UNIT ( ) SI_UNIT ( $, .RADIAN. ) );
#8206 = CARTESIAN_POINT ( 'NONE',  ( 0.000000000000000000, 0.000000000000000000, 0.3750000000000000000 ) ) ;
#8207 = ORIENTED_EDGE ( 'NONE', *, *, #7628, .T. ) ;
#8208 = ADVANCED_FACE ( 'NONE', ( #737 ), #9125, .T. ) ;
#8209 = LINE ( 'NONE', #7657, #5832 ) ;
#8210 = VECTOR ( 'NONE', #1851, 1000.000000000000000 ) ;
#8211 = DIRECTION ( 'NONE',  ( 0.000000000000000000, -1.000000000000000000, 0.000000000000000000 ) ) ;
#8212 =( GEOMETRIC_REPRESENTATION_CONTEXT ( 3 ) GLOBAL_UNCERTAINTY_ASSIGNED_CONTEXT ( ( #330 ) ) GLOBAL_UNIT_ASSIGNED_CONTEXT ( ( #2802, #548, #6679 ) ) REPRESENTATION_CONTEXT ( 'NONE', 'WORKASPACE' ) );
#8213 = EDGE_LOOP ( 'NONE', ( #1435, #7730, #16, #6351 ) ) ;
#8214 = FILL_AREA_STYLE ('',( #7327 ) ) ;
#8215 = VERTEX_POINT ( 'NONE', #7242 ) ;
#8216 = DIRECTION ( 'NONE',  ( 0.000000000000000000, -0.000000000000000000, -1.000000000000000000 ) ) ;
#8217 =( GEOMETRIC_REPRESENTATION_CONTEXT ( 3 ) GLOBAL_UNCERTAINTY_ASSIGNED_CONTEXT ( ( #2527 ) ) GLOBAL_UNIT_ASSIGNED_CONTEXT ( ( #4196, #4984, #9652 ) ) REPRESENTATION_CONTEXT ( 'NONE', 'WORKASPACE' ) );
#8218 = CARTESIAN_POINT ( 'NONE',  ( -0.5000000000000000000, 0.1000000000000000194, -1.149999999999999911 ) ) ;
#8219 = DIRECTION ( 'NONE',  ( 0.000000000000000000, -1.000000000000000000, -0.000000000000000000 ) ) ;
#8220 = DIRECTION ( 'NONE',  ( 1.000000000000000000, 0.000000000000000000, 0.000000000000000000 ) ) ;
#8221 = EDGE_LOOP ( 'NONE', ( #3, #5341, #5540, #9232 ) ) ;
#8222 = EDGE_CURVE ( 'NONE', #8546, #1696, #640, .T. ) ;
#8223 = CARTESIAN_POINT ( 'NONE',  ( -0.5999999999999999778, 0.2000000000000000111, -1.600000000000000089 ) ) ;
#8224 = SURFACE_STYLE_USAGE ( .BOTH. , #5034 ) ;
#8225 = CARTESIAN_POINT ( 'NONE',  ( -1.149999999999999911, 0.9749999999999999778, 2.149999999999999911 ) ) ;
#8226 = CARTESIAN_POINT ( 'NONE',  ( 1.250000000000000000, 0.000000000000000000, 0.3750000000000000555 ) ) ;
#8227 = CARTESIAN_POINT ( 'NONE',  ( 1.250000000000000000, 0.000000000000000000, -0.8750000000000000000 ) ) ;
#8228 = STYLED_ITEM ( 'NONE', ( #3698 ), #5611 ) ;
#8229 = DIRECTION ( 'NONE',  ( 0.000000000000000000, -1.000000000000000000, 0.000000000000000000 ) ) ;
#8230 = CARTESIAN_POINT ( 'NONE',  ( -1.250000000000000000, 0.2000000000000000111, 1.125000000000000222 ) ) ;
#8231 = EDGE_CURVE ( 'NONE', #3653, #6035, #1145, .T. ) ;
#8232 =( NAMED_UNIT ( * ) PLANE_ANGLE_UNIT ( ) SI_UNIT ( $, .RADIAN. ) );
#8233 = DIRECTION ( 'NONE',  ( 0.000000000000000000, 0.000000000000000000, -1.000000000000000000 ) ) ;
#8234 = VECTOR ( 'NONE', #4420, 1000.000000000000000 ) ;
#8235 = DIRECTION ( 'NONE',  ( -0.000000000000000000, -1.000000000000000000, 0.000000000000000000 ) ) ;
#8236 = DIRECTION ( 'NONE',  ( 0.000000000000000000, 0.000000000000000000, 1.000000000000000000 ) ) ;
#8237 = ORIENTED_EDGE ( 'NONE', *, *, #5873, .T. ) ;
#8238 = CARTESIAN_POINT ( 'NONE',  ( -1.250000000000000000, 0.000000000000000000, 1.375000000000000000 ) ) ;
#8239 =( NAMED_UNIT ( * ) PLANE_ANGLE_UNIT ( ) SI_UNIT ( $, .RADIAN. ) );
#8240 = AXIS2_PLACEMENT_3D ( 'NONE', #4632, #6278, #6377 ) ;
#8241 = CARTESIAN_POINT ( 'NONE',  ( 0.000000000000000000, 0.000000000000000000, -1.625000000000000222 ) ) ;
#8242 = VECTOR ( 'NONE', #5208, 1000.000000000000000 ) ;
#8243 = ORIENTED_EDGE ( 'NONE', *, *, #5595, .F. ) ;
#8244 = VECTOR ( 'NONE', #3359, 1000.000000000000000 ) ;
#8245 = SURFACE_STYLE_FILL_AREA ( #7648 ) ;
#8246 = EDGE_CURVE ( 'NONE', #4340, #8159, #6305, .T. ) ;
#8247 = DIRECTION ( 'NONE',  ( 1.000000000000000000, -0.000000000000000000, 0.000000000000000000 ) ) ;
#8248 = ORIENTED_EDGE ( 'NONE', *, *, #2783, .F. ) ;
#8249 = VERTEX_POINT ( 'NONE', #7048 ) ;
#8250 = CARTESIAN_POINT ( 'NONE',  ( -0.5000000000000000000, 0.06000000000000000472, 1.500000000000000000 ) ) ;
#8251 =( GEOMETRIC_REPRESENTATION_CONTEXT ( 3 ) GLOBAL_UNCERTAINTY_ASSIGNED_CONTEXT ( ( #1147 ) ) GLOBAL_UNIT_ASSIGNED_CONTEXT ( ( #6142, #837, #6939 ) ) REPRESENTATION_CONTEXT ( 'NONE', 'WORKASPACE' ) );
#8252 = FACE_OUTER_BOUND ( 'NONE', #7981, .T. ) ;
#8253 = LINE ( 'NONE', #3809, #4433 ) ;
#8254 = ORIENTED_EDGE ( 'NONE', *, *, #4295, .T. ) ;
#8255 = AXIS2_PLACEMENT_3D ( 'NONE', #5641, #5591, #6874 ) ;
#8256 = DIRECTION ( 'NONE',  ( 0.000000000000000000, -1.000000000000000000, -0.000000000000000000 ) ) ;
#8257 = DIRECTION ( 'NONE',  ( 1.000000000000000000, 0.000000000000000000, -0.000000000000000000 ) ) ;
#8258 = PLANE ( 'NONE',  #8522 ) ;
#8259 = CLOSED_SHELL ( 'NONE', ( #6671, #9367, #3115, #2559, #5532, #4712 ) ) ;
#8260 = EDGE_LOOP ( 'NONE', ( #5123, #4417, #7097, #6770 ) ) ;
#8261 = DIRECTION ( 'NONE',  ( 0.000000000000000000, -0.000000000000000000, 1.000000000000000000 ) ) ;
#8262 = EDGE_CURVE ( 'NONE', #7585, #8497, #5756, .T. ) ;
#8263 = PRESENTATION_STYLE_ASSIGNMENT (( #6771 ) ) ;
#8264 = ORIENTED_EDGE ( 'NONE', *, *, #1675, .F. ) ;
#8265 = FACE_OUTER_BOUND ( 'NONE', #6730, .T. ) ;
#8266 = VERTEX_POINT ( 'NONE', #8639 ) ;
#8267 = CARTESIAN_POINT ( 'NONE',  ( -1.250000000000000000, 0.2000000000000000111, -0.1250000000000000000 ) ) ;
#8268 = AXIS2_PLACEMENT_3D ( 'NONE', #9537, #6522, #1939 ) ;
#8269 = CARTESIAN_POINT ( 'NONE',  ( -0.9749999999999999778, -0.04000000000000000083, -0.1250000000000000000 ) ) ;
#8270 = CARTESIAN_POINT ( 'NONE',  ( 1.149999999999999911, 0.9749999999999999778, 0.000000000000000000 ) ) ;
#8271 = PRESENTATION_LAYER_ASSIGNMENT (  '', '', ( #123 ) ) ;
#8272 = AXIS2_PLACEMENT_3D ( 'NONE', #6435, #9551, #6328 ) ;
#8273 = PRESENTATION_LAYER_ASSIGNMENT (  '', '', ( #6847 ) ) ;
#8274 = LINE ( 'NONE', #1430, #9659 ) ;
#8275 = LINE ( 'NONE', #9859, #9873 ) ;
#8276 = FILL_AREA_STYLE ('',( #3840 ) ) ;
#8277 = EDGE_CURVE ( 'NONE', #179, #5193, #4101, .T. ) ;
#8278 = VECTOR ( 'NONE', #2949, 1000.000000000000000 ) ;
#8279 = EDGE_CURVE ( 'NONE', #9271, #7869, #1776, .T. ) ;
#8280 =( NAMED_UNIT ( * ) PLANE_ANGLE_UNIT ( ) SI_UNIT ( $, .RADIAN. ) );
#8281 = ORIENTED_EDGE ( 'NONE', *, *, #6831, .T. ) ;
#8282 = ORIENTED_EDGE ( 'NONE', *, *, #7996, .F. ) ;
#8283 = DIRECTION ( 'NONE',  ( 0.000000000000000000, 0.000000000000000000, -1.000000000000000000 ) ) ;
#8284 = ORIENTED_EDGE ( 'NONE', *, *, #8679, .T. ) ;
#8285 = CARTESIAN_POINT ( 'NONE',  ( -0.3750000000000000000, 0.1749999999999999889, -2.250000000000000444 ) ) ;
#8286 = CARTESIAN_POINT ( 'NONE',  ( -0.9749999999999999778, 0.1749999999999999889, 1.750000000000000000 ) ) ;
#8287 = VECTOR ( 'NONE', #5866, 1000.000000000000000 ) ;
#8288 = CARTESIAN_POINT ( 'NONE',  ( -1.250000000000000000, 0.1749999999999999889, -2.250000000000000444 ) ) ;
#8289 = CARTESIAN_POINT ( 'NONE',  ( -0.2500000000000000000, 0.000000000000000000, 1.850000000000000089 ) ) ;
#8290 = ORIENTED_EDGE ( 'NONE', *, *, #846, .F. ) ;
#8291 = FACE_OUTER_BOUND ( 'NONE', #93, .T. ) ;
#8292 = EDGE_CURVE ( 'NONE', #2019, #8152, #4206, .T. ) ;
#8293 = VECTOR ( 'NONE', #2147, 1000.000000000000000 ) ;
#8294 = LINE ( 'NONE', #642, #7958 ) ;
#8295 =( GEOMETRIC_REPRESENTATION_CONTEXT ( 3 ) GLOBAL_UNCERTAINTY_ASSIGNED_CONTEXT ( ( #4360 ) ) GLOBAL_UNIT_ASSIGNED_CONTEXT ( ( #3388, #4853, #7890 ) ) REPRESENTATION_CONTEXT ( 'NONE', 'WORKASPACE' ) );
#8296 = CARTESIAN_POINT ( 'NONE',  ( -1.250000000000000000, 0.000000000000000000, 1.125000000000000222 ) ) ;
#8297 = ORIENTED_EDGE ( 'NONE', *, *, #5724, .T. ) ;
#8298 = EDGE_LOOP ( 'NONE', ( #4911, #7810, #691, #5290 ) ) ;
#8299 = DIRECTION ( 'NONE',  ( -1.000000000000000000, 0.000000000000000000, 0.000000000000000000 ) ) ;
#8300 =( NAMED_UNIT ( * ) SI_UNIT ( $, .STERADIAN. ) SOLID_ANGLE_UNIT ( ) );
#8301 = ORIENTED_EDGE ( 'NONE', *, *, #3644, .F. ) ;
#8302 = MECHANICAL_DESIGN_GEOMETRIC_PRESENTATION_REPRESENTATION (  '', ( #5119 ), #4334 ) ;
#8303 = AXIS2_PLACEMENT_3D ( 'NONE', #2136, #9186, #5168 ) ;
#8304 = DIRECTION ( 'NONE',  ( -1.000000000000000000, -0.000000000000000000, 0.000000000000000000 ) ) ;
#8305 = CARTESIAN_POINT ( 'NONE',  ( 0.2500000000000000000, -0.04000000000000000083, 1.850000000000000089 ) ) ;
#8306 = ADVANCED_FACE ( 'NONE', ( #7946 ), #7193, .T. ) ;
#8307 = PLANE ( 'NONE',  #9382 ) ;
#8308 = AXIS2_PLACEMENT_3D ( 'NONE', #249, #5505, #1749 ) ;
#8309 = MECHANICAL_DESIGN_GEOMETRIC_PRESENTATION_REPRESENTATION (  '', ( #4648 ), #7189 ) ;
#8310 = ORIENTED_EDGE ( 'NONE', *, *, #160, .F. ) ;
#8311 = SURFACE_STYLE_FILL_AREA ( #7421 ) ;
#8312 = CARTESIAN_POINT ( 'NONE',  ( -1.156948992645572716, 0.9871673344002979134, 2.204088753711016313 ) ) ;
#8313 =( NAMED_UNIT ( * ) SI_UNIT ( $, .STERADIAN. ) SOLID_ANGLE_UNIT ( ) );
#8314 = LINE ( 'NONE', #4383, #2923 ) ;
#8315 = FILL_AREA_STYLE_COLOUR ( '', #474 ) ;
#8316 = SURFACE_STYLE_USAGE ( .BOTH. , #6075 ) ;
#8317 = ADVANCED_FACE ( 'NONE', ( #231 ), #7797, .T. ) ;
#8318 = MECHANICAL_DESIGN_GEOMETRIC_PRESENTATION_REPRESENTATION (  '', ( #8632 ), #2393 ) ;
#8319 = MECHANICAL_DESIGN_GEOMETRIC_PRESENTATION_REPRESENTATION (  '', ( #7046 ), #7431 ) ;
#8320 = EDGE_CURVE ( 'NONE', #492, #6113, #8730, .T. ) ;
#8321 =( NAMED_UNIT ( * ) PLANE_ANGLE_UNIT ( ) SI_UNIT ( $, .RADIAN. ) );
#8322 = DIRECTION ( 'NONE',  ( 0.000000000000000000, -1.000000000000000000, 0.000000000000000000 ) ) ;
#8323 = EDGE_CURVE ( 'NONE', #7182, #74, #8158, .T. ) ;
#8324 = FACE_OUTER_BOUND ( 'NONE', #3899, .T. ) ;
#8325 = PRODUCT_DEFINITION_FORMATION_WITH_SPECIFIED_SOURCE ( 'ANY', '', #6846, .NOT_KNOWN. ) ;
#8326 = ORIENTED_EDGE ( 'NONE', *, *, #688, .T. ) ;
#8327 = CARTESIAN_POINT ( 'NONE',  ( -0.9749999999999999778, -0.04000000000000000083, -0.6250000000000000000 ) ) ;
#8328 = EDGE_LOOP ( 'NONE', ( #2863, #5657, #8651, #2996 ) ) ;
#8329 = CARTESIAN_POINT ( 'NONE',  ( 1.154368729000465388, 0.9238392649474658214, -2.243309800894466299 ) ) ;
#8330 = LINE ( 'NONE', #5236, #9741 ) ;
#8331 = VERTEX_POINT ( 'NONE', #432 ) ;
#8332 = LINE ( 'NONE', #2941, #8891 ) ;
#8333 = VERTEX_POINT ( 'NONE', #2894 ) ;
#8334 = SURFACE_STYLE_FILL_AREA ( #9067 ) ;
#8335 = VECTOR ( 'NONE', #4422, 1000.000000000000000 ) ;
#8336 = SURFACE_STYLE_USAGE ( .BOTH. , #35 ) ;
#8337 = DIRECTION ( 'NONE',  ( 0.000000000000000000, 0.000000000000000000, 1.000000000000000000 ) ) ;
#8338 = SURFACE_STYLE_USAGE ( .BOTH. , #5335 ) ;
#8339 = SURFACE_SIDE_STYLE ('',( #8245 ) ) ;
#8340 = CARTESIAN_POINT ( 'NONE',  ( -0.1250000000000000000, 0.000000000000000000, -1.975000000000000089 ) ) ;
#8341 = EDGE_CURVE ( 'NONE', #658, #283, #5842, .T. ) ;
#8342 = EDGE_LOOP ( 'NONE', ( #7968, #1114, #2162, #4649 ) ) ;
#8343 = EDGE_CURVE ( 'NONE', #4667, #4471, #3437, .T. ) ;
#8344 = DIRECTION ( 'NONE',  ( -0.5773502691896236216, 0.5773502691896257311, 0.5773502691896279515 ) ) ;
#8345 =( GEOMETRIC_REPRESENTATION_CONTEXT ( 3 ) GLOBAL_UNCERTAINTY_ASSIGNED_CONTEXT ( ( #5449 ) ) GLOBAL_UNIT_ASSIGNED_CONTEXT ( ( #4798, #9308, #5634 ) ) REPRESENTATION_CONTEXT ( 'NONE', 'WORKASPACE' ) );
#8346 = CARTESIAN_POINT ( 'NONE',  ( 0.000000000000000000, 0.000000000000000000, -2.250000000000000444 ) ) ;
#8347 = UNCERTAINTY_MEASURE_WITH_UNIT (LENGTH_MEASURE( 1.000000000000000082E-05 ), #3111, 'distance_accuracy_value', 'NONE');
#8348 = DIRECTION ( 'NONE',  ( -0.000000000000000000, 1.000000000000000000, 0.000000000000000000 ) ) ;
#8349 = PRODUCT ( 'SN74HCS541RKSR', 'SN74HCS541RKSR', '', ( #7513 ) ) ;
#8350 = CARTESIAN_POINT ( 'NONE',  ( 0.000000000000000000, 0.1749999999999999889, 0.000000000000000000 ) ) ;
#8351 = DIRECTION ( 'NONE',  ( 0.000000000000000000, -1.000000000000000000, -0.000000000000000000 ) ) ;
#8352 = SURFACE_STYLE_FILL_AREA ( #9033 ) ;
#8353 = EDGE_LOOP ( 'NONE', ( #7152, #9460, #3897, #448 ) ) ;
#8354 =( LENGTH_UNIT ( ) NAMED_UNIT ( * ) SI_UNIT ( .MILLI., .METRE. ) );
#8355 = EDGE_LOOP ( 'NONE', ( #9, #3748, #4796, #4959 ) ) ;
#8356 =( LENGTH_UNIT ( ) NAMED_UNIT ( * ) SI_UNIT ( .MILLI., .METRE. ) );
#8357 = SURFACE_STYLE_FILL_AREA ( #5357 ) ;
#8358 = SURFACE_STYLE_USAGE ( .BOTH. , #9138 ) ;
#8359 = EDGE_CURVE ( 'NONE', #7942, #3316, #3335, .T. ) ;
#8360 = ORIENTED_EDGE ( 'NONE', *, *, #4583, .F. ) ;
#8361 = MECHANICAL_DESIGN_GEOMETRIC_PRESENTATION_REPRESENTATION (  '', ( #4218 ), #1791 ) ;
#8362 = DIRECTION ( 'NONE',  ( -0.000000000000000000, 1.000000000000000000, -0.000000000000000000 ) ) ;
#8363 = STYLED_ITEM ( 'NONE', ( #6829 ), #2297 ) ;
#8364 = ORIENTED_EDGE ( 'NONE', *, *, #8074, .F. ) ;
#8365 = DIRECTION ( 'NONE',  ( 0.000000000000000000, 0.000000000000000000, -1.000000000000000000 ) ) ;
#8366 = EDGE_CURVE ( 'NONE', #8407, #9412, #7508, .T. ) ;
#8367 = CARTESIAN_POINT ( 'NONE',  ( -1.250000000000000000, 0.2000000000000000111, 1.375000000000000000 ) ) ;
#8368 = CARTESIAN_POINT ( 'NONE',  ( 0.3750000000000000000, 0.000000000000000000, 0.000000000000000000 ) ) ;
#8369 = FILL_AREA_STYLE ('',( #2990 ) ) ;
#8370 = VERTEX_POINT ( 'NONE', #3641 ) ;
#8371 = LINE ( 'NONE', #714, #5870 ) ;
#8372 = ORIENTED_EDGE ( 'NONE', *, *, #346, .T. ) ;
#8373 = EDGE_CURVE ( 'NONE', #1758, #4667, #7354, .T. ) ;
#8374 = MECHANICAL_DESIGN_GEOMETRIC_PRESENTATION_REPRESENTATION (  '', ( #2784 ), #6637 ) ;
#8375 = CARTESIAN_POINT ( 'NONE',  ( 0.2500000000000000000, 0.1749999999999999889, 1.850000000000000089 ) ) ;
#8376 = VERTEX_POINT ( 'NONE', #6556 ) ;
#8377 = DIRECTION ( 'NONE',  ( -0.000000000000000000, -0.000000000000000000, -1.000000000000000000 ) ) ;
#8378 = SURFACE_STYLE_FILL_AREA ( #7738 ) ;
#8379 = CARTESIAN_POINT ( 'NONE',  ( 0.6250000000000000000, 0.8750000000000000000, -2.250000000000000000 ) ) ;
#8380 = SURFACE_STYLE_USAGE ( .BOTH. , #79 ) ;
#8381 =( NAMED_UNIT ( * ) PLANE_ANGLE_UNIT ( ) SI_UNIT ( $, .RADIAN. ) );
#8382 = CARTESIAN_POINT ( 'NONE',  ( -1.250000000000000000, 0.000000000000000000, 2.250000000000000444 ) ) ;
#8383 = PLANE ( 'NONE',  #8117 ) ;
#8384 = CIRCLE ( 'NONE', #5360, 0.1249999999999998890 ) ;
#8385 =( NAMED_UNIT ( * ) SI_UNIT ( $, .STERADIAN. ) SOLID_ANGLE_UNIT ( ) );
#8386 = LINE ( 'NONE', #39, #252 ) ;
#8387 = ORIENTED_EDGE ( 'NONE', *, *, #2998, .T. ) ;
#8388 = VECTOR ( 'NONE', #5337, 1000.000000000000000 ) ;
#8389 = DIRECTION ( 'NONE',  ( 0.000000000000000000, 0.000000000000000000, -1.000000000000000000 ) ) ;
#8390 = DIRECTION ( 'NONE',  ( 1.000000000000000000, 0.000000000000000000, -0.000000000000000000 ) ) ;
#8391 = SURFACE_SIDE_STYLE ('',( #2376 ) ) ;
#8392 = VERTEX_POINT ( 'NONE', #485 ) ;
#8393 = CARTESIAN_POINT ( 'NONE',  ( 1.207735026918962173, 0.9327350269189628174, 2.207735026918962173 ) ) ;
#8394 = AXIS2_PLACEMENT_3D ( 'NONE', #5934, #5224, #3117 ) ;
#8395 = EDGE_CURVE ( 'NONE', #377, #9316, #7296, .T. ) ;
#8396 = CARTESIAN_POINT ( 'NONE',  ( -1.205718880800481507, 0.8211389613474349147, 2.294659952694482641 ) ) ;
#8397 = ADVANCED_FACE ( 'NONE', ( #4262 ), #5945, .F. ) ;
#8398 = STYLED_ITEM ( 'NONE', ( #411 ), #2773 ) ;
#8399 = PRESENTATION_STYLE_ASSIGNMENT (( #7565 ) ) ;
#8400 = ORIENTED_EDGE ( 'NONE', *, *, #3914, .F. ) ;
#8401 = CARTESIAN_POINT ( 'NONE',  ( -0.9749999999999999778, 0.2000000000000000111, -0.8750000000000000000 ) ) ;
#8402 = VERTEX_POINT ( 'NONE', #2733 ) ;
#8403 = CARTESIAN_POINT ( 'NONE',  ( 0.1250000000000000000, 0.2000000000000000111, -2.250000000000000444 ) ) ;
#8404 = DIRECTION ( 'NONE',  ( 0.000000000000000000, 1.000000000000000000, 0.000000000000000000 ) ) ;
#8405 = COLOUR_RGB ( '',0.8313725490196077761, 0.8313725490196077761, 0.8313725490196077761 ) ;
#8406 = DIRECTION ( 'NONE',  ( 0.000000000000000000, -1.000000000000000000, -0.000000000000000000 ) ) ;
#8407 = VERTEX_POINT ( 'NONE', #2779 ) ;
#8408 = DIRECTION ( 'NONE',  ( 0.000000000000000000, 1.000000000000000000, 0.000000000000000000 ) ) ;
#8409 = DIRECTION ( 'NONE',  ( 0.000000000000000000, -0.000000000000000000, 1.000000000000000000 ) ) ;
#8410 = PRESENTATION_LAYER_ASSIGNMENT (  '', '', ( #7301 ) ) ;
#8411 = EDGE_CURVE ( 'NONE', #4320, #7632, #2830, .T. ) ;
#8412 = DIRECTION ( 'NONE',  ( -1.000000000000000000, -0.000000000000000000, -0.000000000000000000 ) ) ;
#8413 = EDGE_LOOP ( 'NONE', ( #5111, #5905, #9877, #8456 ) ) ;
#8414 = PLANE ( 'NONE',  #9193 ) ;
#8415 = AXIS2_PLACEMENT_3D ( 'NONE', #7724, #8365, #1506 ) ;
#8416 = DIRECTION ( 'NONE',  ( -1.000000000000000000, -0.000000000000000000, -0.000000000000000000 ) ) ;
#8417 = FILL_AREA_STYLE ('',( #9802 ) ) ;
#8418 = EDGE_CURVE ( 'NONE', #3019, #3849, #6235, .T. ) ;
#8419 = VECTOR ( 'NONE', #8377, 1000.000000000000000 ) ;
#8420 = AXIS2_PLACEMENT_3D ( 'NONE', #356, #1124, #4132 ) ;
#8421 = ORIENTED_EDGE ( 'NONE', *, *, #5969, .T. ) ;
#8422 = DIRECTION ( 'NONE',  ( -0.000000000000000000, -1.000000000000000000, -0.000000000000000000 ) ) ;
#8423 = VERTEX_POINT ( 'NONE', #5187 ) ;
#8424 = LINE ( 'NONE', #6841, #7925 ) ;
#8425 = EDGE_LOOP ( 'NONE', ( #4886, #9631, #5336, #6314 ) ) ;
#8426 = CARTESIAN_POINT ( 'NONE',  ( 0.000000000000000000, 0.000000000000000000, -0.1250000000000000000 ) ) ;
#8427 = VERTEX_POINT ( 'NONE', #5796 ) ;
#8428 = COLOUR_RGB ( '',0.8313725490196077761, 0.8313725490196077761, 0.8313725490196077761 ) ;
#8429 = SURFACE_STYLE_USAGE ( .BOTH. , #6799 ) ;
#8430 = DIRECTION ( 'NONE',  ( -0.000000000000000000, 1.000000000000000000, 0.000000000000000000 ) ) ;
#8431 = PRODUCT_DEFINITION_SHAPE ( 'NONE', 'NONE',  #9884 ) ;
#8432 = MECHANICAL_DESIGN_GEOMETRIC_PRESENTATION_REPRESENTATION (  '', ( #7162 ), #2676 ) ;
#8433 = CARTESIAN_POINT ( 'NONE',  ( -0.3750000000000000555, 0.1749999999999999889, -2.250000000000000444 ) ) ;
#8434 = EDGE_CURVE ( 'NONE', #3474, #6195, #6409, .T. ) ;
#8435 = CARTESIAN_POINT ( 'NONE',  ( 0.000000000000000000, 0.000000000000000000, -1.625000000000000222 ) ) ;
#8436 = CARTESIAN_POINT ( 'NONE',  ( -1.250000000000000000, 0.000000000000000000, 1.875000000000000000 ) ) ;
#8437 = ORIENTED_EDGE ( 'NONE', *, *, #4445, .T. ) ;
#8438 = COLOUR_RGB ( '',0.8313725490196077761, 0.8313725490196077761, 0.8313725490196077761 ) ;
#8439 = FILL_AREA_STYLE_COLOUR ( '', #6972 ) ;
#8440 = EDGE_LOOP ( 'NONE', ( #3340, #6463, #2895, #938 ) ) ;
#8441 = FACE_OUTER_BOUND ( 'NONE', #9383, .T. ) ;
#8442 = FILL_AREA_STYLE ('',( #181 ) ) ;
#8443 = CARTESIAN_POINT ( 'NONE',  ( -1.149999999999999911, 0.8749999999999998890, 2.150000000000000355 ) ) ;
#8444 =( NAMED_UNIT ( * ) PLANE_ANGLE_UNIT ( ) SI_UNIT ( $, .RADIAN. ) );
#8445 = ORIENTED_EDGE ( 'NONE', *, *, #6541, .T. ) ;
#8446 = UNCERTAINTY_MEASURE_WITH_UNIT (LENGTH_MEASURE( 1.000000000000000082E-05 ), #8092, 'distance_accuracy_value', 'NONE');
#8447 = AXIS2_PLACEMENT_3D ( 'NONE', #3339, #1878, #8967 ) ;
#8448 =( GEOMETRIC_REPRESENTATION_CONTEXT ( 3 ) GLOBAL_UNCERTAINTY_ASSIGNED_CONTEXT ( ( #3975 ) ) GLOBAL_UNIT_ASSIGNED_CONTEXT ( ( #950, #6310, #8644 ) ) REPRESENTATION_CONTEXT ( 'NONE', 'WORKASPACE' ) );
#8449 = VECTOR ( 'NONE', #9273, 1000.000000000000000 ) ;
#8450 = EDGE_CURVE ( 'NONE', #9786, #3653, #3186, .T. ) ;
#8451 = DIRECTION ( 'NONE',  ( -0.000000000000000000, -0.000000000000000000, -1.000000000000000000 ) ) ;
#8452 = EDGE_LOOP ( 'NONE', ( #148, #2458, #3741, #858 ) ) ;
#8453 = DIRECTION ( 'NONE',  ( -1.000000000000000000, -0.000000000000000000, -0.000000000000000000 ) ) ;
#8454 = EDGE_LOOP ( 'NONE', ( #2642, #9664, #192, #792 ) ) ;
#8455 = CARTESIAN_POINT ( 'NONE',  ( -1.250000000000000000, 0.2000000000000000111, 0.3750000000000000555 ) ) ;
#8456 = ORIENTED_EDGE ( 'NONE', *, *, #265, .T. ) ;
#8457 = AXIS2_PLACEMENT_3D ( 'NONE', #7117, #262, #4790 ) ;
#8458 =( NAMED_UNIT ( * ) SI_UNIT ( $, .STERADIAN. ) SOLID_ANGLE_UNIT ( ) );
#8459 = DIRECTION ( 'NONE',  ( 0.000000000000000000, 0.000000000000000000, 1.000000000000000000 ) ) ;
#8460 = COLOUR_RGB ( '',0.8313725490196077761, 0.8313725490196077761, 0.8313725490196077761 ) ;
#8461 = ORIENTED_EDGE ( 'NONE', *, *, #8359, .T. ) ;
#8462 = UNCERTAINTY_MEASURE_WITH_UNIT (LENGTH_MEASURE( 1.000000000000000082E-05 ), #7336, 'distance_accuracy_value', 'NONE');
#8463 = ORIENTED_EDGE ( 'NONE', *, *, #1580, .F. ) ;
#8464 = LINE ( 'NONE', #251, #4095 ) ;
#8465 = STYLED_ITEM ( 'NONE', ( #3479 ), #9009 ) ;
#8466 = CARTESIAN_POINT ( 'NONE',  ( -0.9749999999999999778, -0.04000000000000000083, 0.3750000000000000000 ) ) ;
#8467 = PRESENTATION_LAYER_ASSIGNMENT (  '', '', ( #4504 ) ) ;
#8468 =( NAMED_UNIT ( * ) SI_UNIT ( $, .STERADIAN. ) SOLID_ANGLE_UNIT ( ) );
#8469 = DIRECTION ( 'NONE',  ( 0.000000000000000000, 0.000000000000000000, 1.000000000000000000 ) ) ;
#8470 = AXIS2_PLACEMENT_3D ( 'NONE', #7094, #8825, #8874 ) ;
#8471 = EDGE_CURVE ( 'NONE', #2903, #6513, #9415, .T. ) ;
#8472 = EDGE_CURVE ( 'NONE', #1951, #9400, #4358, .T. ) ;
#8473 = DIRECTION ( 'NONE',  ( -0.000000000000000000, -0.000000000000000000, 1.000000000000000000 ) ) ;
#8474 = DIRECTION ( 'NONE',  ( -0.000000000000000000, 1.000000000000000000, 0.000000000000000000 ) ) ;
#8475 = DIRECTION ( 'NONE',  ( 0.000000000000000000, -0.000000000000000000, 1.000000000000000000 ) ) ;
#8476 = CARTESIAN_POINT ( 'NONE',  ( 0.1249999999999999167, 0.000000000000000000, 2.250000000000000444 ) ) ;
#8477 = VECTOR ( 'NONE', #9108, 1000.000000000000000 ) ;
#8478 = ORIENTED_EDGE ( 'NONE', *, *, #9617, .F. ) ;
#8479 = SURFACE_STYLE_USAGE ( .BOTH. , #9359 ) ;
#8480 = ORIENTED_EDGE ( 'NONE', *, *, #7255, .F. ) ;
#8481 = ADVANCED_FACE ( 'NONE', ( #1968 ), #2678, .T. ) ;
#8482 = FACE_OUTER_BOUND ( 'NONE', #7443, .T. ) ;
#8483 =( LENGTH_UNIT ( ) NAMED_UNIT ( * ) SI_UNIT ( .MILLI., .METRE. ) );
#8484 = CARTESIAN_POINT ( 'NONE',  ( -1.307966438303960421, 0.7741910341373193782, -2.192030276237607378 ) ) ;
#8485 = EDGE_CURVE ( 'NONE', #1351, #7584, #8932, .T. ) ;
#8486 = EDGE_CURVE ( 'NONE', #687, #6368, #299, .T. ) ;
#8487 = SURFACE_STYLE_FILL_AREA ( #134 ) ;
#8488 = VERTEX_POINT ( 'NONE', #3590 ) ;
#8489 =( LENGTH_UNIT ( ) NAMED_UNIT ( * ) SI_UNIT ( .MILLI., .METRE. ) );
#8490 = DIRECTION ( 'NONE',  ( 0.000000000000000000, 1.000000000000000000, 0.000000000000000000 ) ) ;
#8491 =( LENGTH_UNIT ( ) NAMED_UNIT ( * ) SI_UNIT ( .MILLI., .METRE. ) );
#8492 = ORIENTED_EDGE ( 'NONE', *, *, #8665, .F. ) ;
#8493 = FILL_AREA_STYLE_COLOUR ( '', #5241 ) ;
#8494 = CARTESIAN_POINT ( 'NONE',  ( 1.250000000000000000, 0.2000000000000000111, 1.625000000000000444 ) ) ;
#8495 = CARTESIAN_POINT ( 'NONE',  ( -1.149999999999999911, 0.8750000000000000000, 2.250000000000000444 ) ) ;
#8496 = LINE ( 'NONE', #1639, #9459 ) ;
#8497 = VERTEX_POINT ( 'NONE', #6653 ) ;
#8498 = DIRECTION ( 'NONE',  ( -0.000000000000000000, 1.000000000000000000, 0.000000000000000000 ) ) ;
#8499 = ORIENTED_EDGE ( 'NONE', *, *, #5301, .F. ) ;
#8500 = CARTESIAN_POINT ( 'NONE',  ( -1.241030663926139255, 0.9080625828929627108, 2.125094501859785545 ) ) ;
#8501 = ORIENTED_EDGE ( 'NONE', *, *, #6458, .F. ) ;
#8502 = ADVANCED_FACE ( 'NONE', ( #6139 ), #9770, .T. ) ;
#8503 =( NAMED_UNIT ( * ) PLANE_ANGLE_UNIT ( ) SI_UNIT ( $, .RADIAN. ) );
#8504 = VERTEX_POINT ( 'NONE', #9066 ) ;
#8505 = CARTESIAN_POINT ( 'NONE',  ( 0.000000000000000000, 0.000000000000000000, 0.000000000000000000 ) ) ;
#8506 =( LENGTH_UNIT ( ) NAMED_UNIT ( * ) SI_UNIT ( .MILLI., .METRE. ) );
#8507 = APPLICATION_CONTEXT ( 'automotive_design' ) ;
#8508 = PRESENTATION_STYLE_ASSIGNMENT (( #6171 ) ) ;
#8509 =( GEOMETRIC_REPRESENTATION_CONTEXT ( 3 ) GLOBAL_UNCERTAINTY_ASSIGNED_CONTEXT ( ( #4758 ) ) GLOBAL_UNIT_ASSIGNED_CONTEXT ( ( #3571, #5966, #2805 ) ) REPRESENTATION_CONTEXT ( 'NONE', 'WORKASPACE' ) );
#8510 = FACE_OUTER_BOUND ( 'NONE', #334, .T. ) ;
#8511 = LINE ( 'NONE', #6974, #5981 ) ;
#8512 = LINE ( 'NONE', #3982, #6534 ) ;
#8513 = DIRECTION ( 'NONE',  ( 0.000000000000000000, 0.000000000000000000, 1.000000000000000000 ) ) ;
#8514 = FILL_AREA_STYLE ('',( #7025 ) ) ;
#8515 = DIRECTION ( 'NONE',  ( 0.5773502691896247319, 0.5773502691896279515, 0.5773502691896247319 ) ) ;
#8516 = SURFACE_STYLE_USAGE ( .BOTH. , #9258 ) ;
#8517 = CARTESIAN_POINT ( 'NONE',  ( 0.9749999999999999778, -0.04000000000000000083, -1.250000000000000000 ) ) ;
#8518 = VECTOR ( 'NONE', #8987, 1000.000000000000000 ) ;
#8519 = EDGE_CURVE ( 'NONE', #6513, #5980, #3696, .T. ) ;
#8520 = ADVANCED_FACE ( 'NONE', ( #9815 ), #7640, .F. ) ;
#8521 = ORIENTED_EDGE ( 'NONE', *, *, #3954, .T. ) ;
#8522 = AXIS2_PLACEMENT_3D ( 'NONE', #2336, #3917, #4485 ) ;
#8523 = CARTESIAN_POINT ( 'NONE',  ( 1.211381300126908922, 0.8783027194376277214, 2.258521061192351187 ) ) ;
#8524 = VERTEX_POINT ( 'NONE', #1444 ) ;
#8525 = ORIENTED_EDGE ( 'NONE', *, *, #9458, .T. ) ;
#8526 = AXIS2_PLACEMENT_3D ( 'NONE', #6480, #9501, #7338 ) ;
#8527 = CARTESIAN_POINT ( 'NONE',  ( -1.207735026918961063, 0.9327350269189632614, -2.207735026918963062 ) ) ;
#8528 = EDGE_CURVE ( 'NONE', #8072, #7942, #6753, .T. ) ;
#8529 = CIRCLE ( 'NONE', #2287, 0.1249999999999998890 ) ;
#8530 = DIRECTION ( 'NONE',  ( -0.000000000000000000, 1.000000000000000000, 0.000000000000000000 ) ) ;
#8531 = FILL_AREA_STYLE ('',( #6497 ) ) ;
#8532 = ORIENTED_EDGE ( 'NONE', *, *, #6540, .F. ) ;
#8533 = COLOUR_RGB ( '',0.8313725490196077761, 0.8313725490196077761, 0.8313725490196077761 ) ;
#8534 = CARTESIAN_POINT ( 'NONE',  ( -0.9749999999999999778, 0.2000000000000000111, 0.8750000000000000000 ) ) ;
#8535 = SURFACE_SIDE_STYLE ('',( #3865 ) ) ;
#8536 = SURFACE_SIDE_STYLE ('',( #6259 ) ) ;
#8537 =( NAMED_UNIT ( * ) SI_UNIT ( $, .STERADIAN. ) SOLID_ANGLE_UNIT ( ) );
#8538 = DIRECTION ( 'NONE',  ( 0.000000000000000000, -1.000000000000000000, 0.000000000000000000 ) ) ;
#8539 = ORIENTED_EDGE ( 'NONE', *, *, #8190, .T. ) ;
#8540 = UNCERTAINTY_MEASURE_WITH_UNIT (LENGTH_MEASURE( 1.000000000000000082E-05 ), #3979, 'distance_accuracy_value', 'NONE');
#8541 = FILL_AREA_STYLE_COLOUR ( '', #1822 ) ;
#8542 = UNCERTAINTY_MEASURE_WITH_UNIT (LENGTH_MEASURE( 1.000000000000000082E-05 ), #7687, 'distance_accuracy_value', 'NONE');
#8543 =( NAMED_UNIT ( * ) PLANE_ANGLE_UNIT ( ) SI_UNIT ( $, .RADIAN. ) );
#8544 = EDGE_CURVE ( 'NONE', #74, #820, #2885, .T. ) ;
#8545 = CARTESIAN_POINT ( 'NONE',  ( 0.9749999999999999778, 0.000000000000000000, -1.125000000000000222 ) ) ;
#8546 = VERTEX_POINT ( 'NONE', #3901 ) ;
#8547 = CARTESIAN_POINT ( 'NONE',  ( -1.149999999999999911, 0.8750000000000000000, 2.149999999999999911 ) ) ;
#8548 = ORIENTED_EDGE ( 'NONE', *, *, #6098, .F. ) ;
#8549 = DIRECTION ( 'NONE',  ( -1.000000000000000000, -0.000000000000000000, -0.000000000000000000 ) ) ;
#8550 = DIRECTION ( 'NONE',  ( -0.000000000000000000, 0.000000000000000000, -1.000000000000000000 ) ) ;
#8551 = UNCERTAINTY_MEASURE_WITH_UNIT (LENGTH_MEASURE( 1.000000000000000082E-05 ), #7281, 'distance_accuracy_value', 'NONE');
#8552 = ORIENTED_EDGE ( 'NONE', *, *, #8177, .F. ) ;
#8553 = CIRCLE ( 'NONE', #5200, 0.1250000000000001110 ) ;
#8554 = CARTESIAN_POINT ( 'NONE',  ( -1.250000000000000000, 0.2000000000000000111, 1.625000000000000222 ) ) ;
#8555 = FILL_AREA_STYLE ('',( #2441 ) ) ;
#8556 = VECTOR ( 'NONE', #2666, 1000.000000000000000 ) ;
#8557 =( GEOMETRIC_REPRESENTATION_CONTEXT ( 3 ) GLOBAL_UNCERTAINTY_ASSIGNED_CONTEXT ( ( #139 ) ) GLOBAL_UNIT_ASSIGNED_CONTEXT ( ( #5247, #86, #9122 ) ) REPRESENTATION_CONTEXT ( 'NONE', 'WORKASPACE' ) );
#8558 = FACE_OUTER_BOUND ( 'NONE', #9636, .T. ) ;
#8559 = CARTESIAN_POINT ( 'NONE',  ( 0.000000000000000000, 0.1749999999999999889, 0.1250000000000000000 ) ) ;
#8560 = EDGE_CURVE ( 'NONE', #5198, #5705, #6933, .T. ) ;
#8561 = FILL_AREA_STYLE ('',( #4073 ) ) ;
#8562 = DIRECTION ( 'NONE',  ( 0.000000000000000000, -1.000000000000000000, 0.000000000000000000 ) ) ;
#8563 = CIRCLE ( 'NONE', #7929, 0.1249999999999998890 ) ;
#8564 = AXIS2_PLACEMENT_3D ( 'NONE', #6773, #661, #507 ) ;
#8565 = CIRCLE ( 'NONE', #724, 0.1000000000000000472 ) ;
#8566 = DIRECTION ( 'NONE',  ( -0.000000000000000000, 0.000000000000000000, -1.000000000000000000 ) ) ;
#8567 = AXIS2_PLACEMENT_3D ( 'NONE', #1573, #3039, #6093 ) ;
#8568 = CARTESIAN_POINT ( 'NONE',  ( 0.9749999999999999778, 0.000000000000000000, 1.875000000000000000 ) ) ;
#8569 = CIRCLE ( 'NONE', #4114, 0.09999999999999982514 ) ;
#8570 = DIRECTION ( 'NONE',  ( 0.000000000000000000, 0.000000000000000000, -1.000000000000000000 ) ) ;
#8571 = SURFACE_STYLE_USAGE ( .BOTH. , #4686 ) ;
#8572 = FACE_OUTER_BOUND ( 'NONE', #5965, .T. ) ;
#8573 = ORIENTED_EDGE ( 'NONE', *, *, #5044, .T. ) ;
#8574 = CLOSED_SHELL ( 'NONE', ( #3585, #5244, #488, #9369, #5639, #7917 ) ) ;
#8575 = CARTESIAN_POINT ( 'NONE',  ( 0.5999999999999999778, 0.06000000000000000472, 1.600000000000000089 ) ) ;
#8576 = CARTESIAN_POINT ( 'NONE',  ( 0.9749999999999999778, 0.000000000000000000, -0.8750000000000000000 ) ) ;
#8577 = DIRECTION ( 'NONE',  ( 0.000000000000000000, 1.000000000000000000, 0.000000000000000000 ) ) ;
#8578 = ADVANCED_FACE ( 'NONE', ( #7155 ), #5557, .T. ) ;
#8579 = LINE ( 'NONE', #987, #3434 ) ;
#8580 = VECTOR ( 'NONE', #2140, 1000.000000000000000 ) ;
#8581 = LINE ( 'NONE', #2574, #220 ) ;
#8582 = VECTOR ( 'NONE', #9874, 1000.000000000000000 ) ;
#8583 = LINE ( 'NONE', #4900, #7285 ) ;
#8584 = AXIS2_PLACEMENT_3D ( 'NONE', #6324, #3364, #7214 ) ;
#8585 = ORIENTED_EDGE ( 'NONE', *, *, #1413, .T. ) ;
#8586 = ORIENTED_EDGE ( 'NONE', *, *, #2680, .F. ) ;
#8587 = VECTOR ( 'NONE', #4897, 1000.000000000000000 ) ;
#8588 = CIRCLE ( 'NONE', #3489, 0.1000000000000000472 ) ;
#8589 = DIRECTION ( 'NONE',  ( 0.000000000000000000, 0.000000000000000000, 1.000000000000000000 ) ) ;
#8590 = SURFACE_STYLE_USAGE ( .BOTH. , #7088 ) ;
#8591 = EDGE_LOOP ( 'NONE', ( #7067, #5406, #6683, #6134, #4952 ) ) ;
#8592 = EDGE_CURVE ( 'NONE', #3477, #4207, #1280, .T. ) ;
#8593 = EDGE_CURVE ( 'NONE', #3494, #7632, #595, .T. ) ;
#8594 = CARTESIAN_POINT ( 'NONE',  ( -0.5000000000000000000, 0.1000000000000000056, 1.500000000000000000 ) ) ;
#8595 = DIRECTION ( 'NONE',  ( -0.000000000000000000, -0.000000000000000000, 1.000000000000000000 ) ) ;
#8596 = VECTOR ( 'NONE', #3871, 1000.000000000000000 ) ;
#8597 = ORIENTED_EDGE ( 'NONE', *, *, #106, .T. ) ;
#8598 = ORIENTED_EDGE ( 'NONE', *, *, #8969, .T. ) ;
#8599 =( NAMED_UNIT ( * ) SI_UNIT ( $, .STERADIAN. ) SOLID_ANGLE_UNIT ( ) );
#8600 = CARTESIAN_POINT ( 'NONE',  ( 1.150000000000000133, 0.000000000000000000, 2.250000000000000444 ) ) ;
#8601 = VERTEX_POINT ( 'NONE', #6574 ) ;
#8602 = DIRECTION ( 'NONE',  ( -0.000000000000000000, 1.000000000000000000, 0.000000000000000000 ) ) ;
#8603 =( NAMED_UNIT ( * ) PLANE_ANGLE_UNIT ( ) SI_UNIT ( $, .RADIAN. ) );
#8604 = ORIENTED_EDGE ( 'NONE', *, *, #2658, .T. ) ;
#8605 = SURFACE_STYLE_FILL_AREA ( #5656 ) ;
#8606 = EDGE_CURVE ( 'NONE', #3992, #2400, #781, .T. ) ;
#8607 = CARTESIAN_POINT ( 'NONE',  ( 1.250000000000000000, 0.1749999999999999889, 2.250000000000000444 ) ) ;
#8608 = SURFACE_STYLE_USAGE ( .BOTH. , #4776 ) ;
#8609 = CARTESIAN_POINT ( 'NONE',  ( -0.3750000000000000000, 0.000000000000000000, 0.000000000000000000 ) ) ;
#8610 = CARTESIAN_POINT ( 'NONE',  ( -0.9749999999999999778, 0.000000000000000000, -1.375000000000000000 ) ) ;
#8611 = DIRECTION ( 'NONE',  ( -0.000000000000000000, 1.000000000000000000, -0.000000000000000000 ) ) ;
#8612 = LINE ( 'NONE', #7864, #2961 ) ;
#8613 = CARTESIAN_POINT ( 'NONE',  ( 1.204088753711015203, 0.9871673344002981354, -2.156948992645573160 ) ) ;
#8614 = VECTOR ( 'NONE', #2195, 1000.000000000000000 ) ;
#8615 = VECTOR ( 'NONE', #3354, 1000.000000000000000 ) ;
#8616 = SURFACE_STYLE_FILL_AREA ( #2596 ) ;
#8617 =( LENGTH_UNIT ( ) NAMED_UNIT ( * ) SI_UNIT ( .MILLI., .METRE. ) );
#8618 = VERTEX_POINT ( 'NONE', #8836 ) ;
#8619 = ORIENTED_EDGE ( 'NONE', *, *, #3660, .T. ) ;
#8620 = EDGE_CURVE ( 'NONE', #9023, #4368, #5109, .T. ) ;
#8621 = AXIS2_PLACEMENT_3D ( 'NONE', #4179, #5710, #4225 ) ;
#8622 = STYLED_ITEM ( 'NONE', ( #4811 ), #8317 ) ;
#8623 =( NAMED_UNIT ( * ) SI_UNIT ( $, .STERADIAN. ) SOLID_ANGLE_UNIT ( ) );
#8624 = LINE ( 'NONE', #5475, #2950 ) ;
#8625 = DIRECTION ( 'NONE',  ( -0.000000000000000000, -0.000000000000000000, 1.000000000000000000 ) ) ;
#8626 = COLOUR_RGB ( '',0.8313725490196077761, 0.8313725490196077761, 0.8313725490196077761 ) ;
#8627 = SURFACE_SIDE_STYLE ('',( #4089 ) ) ;
#8628 = EDGE_LOOP ( 'NONE', ( #5013, #1159, #6220, #6090 ) ) ;
#8629 = EDGE_CURVE ( 'NONE', #2792, #3559, #5422, .T. ) ;
#8630 = FILL_AREA_STYLE_COLOUR ( '', #2303 ) ;
#8631 = CARTESIAN_POINT ( 'NONE',  ( -1.258521061192350299, 0.8783027194376277214, -2.211381300126909810 ) ) ;
#8632 = STYLED_ITEM ( 'NONE', ( #4193 ), #9543 ) ;
#8633 = DIRECTION ( 'NONE',  ( 0.000000000000000000, -1.000000000000000000, -0.000000000000000000 ) ) ;
#8634 = DIRECTION ( 'NONE',  ( 1.000000000000000000, 0.000000000000000000, 0.000000000000000000 ) ) ;
#8635 = AXIS2_PLACEMENT_3D ( 'NONE', #5935, #9858, #2104 ) ;
#8636 = ORIENTED_EDGE ( 'NONE', *, *, #5317, .T. ) ;
#8637 = DIRECTION ( 'NONE',  ( 1.000000000000000000, 0.000000000000000000, -0.000000000000000000 ) ) ;
#8638 = DIRECTION ( 'NONE',  ( -0.000000000000000000, 1.000000000000000000, 0.000000000000000000 ) ) ;
#8639 = CARTESIAN_POINT ( 'NONE',  ( -0.2500000000000000000, 0.000000000000000000, -1.850000000000000089 ) ) ;
#8640 = ORIENTED_EDGE ( 'NONE', *, *, #4208, .F. ) ;
#8641 = UNCERTAINTY_MEASURE_WITH_UNIT (LENGTH_MEASURE( 1.000000000000000082E-05 ), #4643, 'distance_accuracy_value', 'NONE');
#8642 = CARTESIAN_POINT ( 'NONE',  ( 1.250000000000000000, 0.1749999999999999889, -0.6250000000000001110 ) ) ;
#8643 = DIRECTION ( 'NONE',  ( 0.000000000000000000, -0.000000000000000000, -1.000000000000000000 ) ) ;
#8644 =( NAMED_UNIT ( * ) SI_UNIT ( $, .STERADIAN. ) SOLID_ANGLE_UNIT ( ) );
#8645 = EDGE_LOOP ( 'NONE', ( #7044, #1787, #8779, #8781 ) ) ;
#8646 = DIRECTION ( 'NONE',  ( -1.000000000000000000, 0.000000000000000000, -0.000000000000000000 ) ) ;
#8647 = EDGE_CURVE ( 'NONE', #3105, #9679, #1267, .T. ) ;
#8648 = ORIENTED_EDGE ( 'NONE', *, *, #9392, .F. ) ;
#8649 = EDGE_CURVE ( 'NONE', #8333, #8266, #5736, .T. ) ;
#8650 = CARTESIAN_POINT ( 'NONE',  ( 0.000000000000000000, 0.000000000000000000, 0.000000000000000000 ) ) ;
#8651 = ORIENTED_EDGE ( 'NONE', *, *, #8824, .F. ) ;
#8652 = CARTESIAN_POINT ( 'NONE',  ( -0.9749999999999999778, 0.000000000000000000, -0.7500000000000000000 ) ) ;
#8653 = ORIENTED_EDGE ( 'NONE', *, *, #8222, .F. ) ;
#8654 = FILL_AREA_STYLE ('',( #6226 ) ) ;
#8655 = UNCERTAINTY_MEASURE_WITH_UNIT (LENGTH_MEASURE( 1.000000000000000082E-05 ), #2884, 'distance_accuracy_value', 'NONE');
#8656 = FILL_AREA_STYLE_COLOUR ( '', #9358 ) ;
#8657 = ORIENTED_EDGE ( 'NONE', *, *, #6686, .T. ) ;
#8658 = CARTESIAN_POINT ( 'NONE',  ( 1.250000000000000000, 0.2000000000000000111, 0.1250000000000000000 ) ) ;
#8659 = CARTESIAN_POINT ( 'NONE',  ( 1.250000000000000000, 0.000000000000000000, -2.250000000000000444 ) ) ;
#8660 = CARTESIAN_POINT ( 'NONE',  ( -1.250000000000000000, 0.2000000000000000111, 1.125000000000000222 ) ) ;
#8661 = DIRECTION ( 'NONE',  ( 1.000000000000000000, 0.000000000000000000, 0.000000000000000000 ) ) ;
#8662 = CARTESIAN_POINT ( 'NONE',  ( 1.207735026918962618, 0.9327350269189623733, -2.207735026918962173 ) ) ;
#8663 = VECTOR ( 'NONE', #3377, 1000.000000000000000 ) ;
#8664 = LINE ( 'NONE', #1704, #6630 ) ;
#8665 = EDGE_CURVE ( 'NONE', #4115, #3316, #5601, .T. ) ;
#8666 = DIRECTION ( 'NONE',  ( 1.000000000000000000, -0.000000000000000000, 0.000000000000000000 ) ) ;
#8667 = ORIENTED_EDGE ( 'NONE', *, *, #8769, .F. ) ;
#8668 = DIRECTION ( 'NONE',  ( 0.000000000000000000, 0.000000000000000000, 1.000000000000000000 ) ) ;
#8669 = ORIENTED_EDGE ( 'NONE', *, *, #954, .F. ) ;
#8670 = DIRECTION ( 'NONE',  ( 0.000000000000000000, 0.000000000000000000, -1.000000000000000000 ) ) ;
#8671 = CARTESIAN_POINT ( 'NONE',  ( 1.250000000000000000, 0.000000000000000000, 2.250000000000000444 ) ) ;
#8672 = EDGE_CURVE ( 'NONE', #6748, #6338, #1404, .T. ) ;
#8673 = VERTEX_POINT ( 'NONE', #5196 ) ;
#8674 =( NAMED_UNIT ( * ) SI_UNIT ( $, .STERADIAN. ) SOLID_ANGLE_UNIT ( ) );
#8675 = CARTESIAN_POINT ( 'NONE',  ( -0.9749999999999999778, 0.000000000000000000, 0.8750000000000000000 ) ) ;
#8676 = ORIENTED_EDGE ( 'NONE', *, *, #8009, .T. ) ;
#8677 = SURFACE_STYLE_USAGE ( .BOTH. , #3425 ) ;
#8678 =( GEOMETRIC_REPRESENTATION_CONTEXT ( 3 ) GLOBAL_UNCERTAINTY_ASSIGNED_CONTEXT ( ( #7948 ) ) GLOBAL_UNIT_ASSIGNED_CONTEXT ( ( #4927, #6430, #1121 ) ) REPRESENTATION_CONTEXT ( 'NONE', 'WORKASPACE' ) );
#8679 = EDGE_CURVE ( 'NONE', #8673, #4365, #9736, .T. ) ;
#8680 = FILL_AREA_STYLE ('',( #278 ) ) ;
#8681 =( NAMED_UNIT ( * ) PLANE_ANGLE_UNIT ( ) SI_UNIT ( $, .RADIAN. ) );
#8682 = EDGE_LOOP ( 'NONE', ( #7078, #4409, #5709, #290 ) ) ;
#8683 = FILL_AREA_STYLE ('',( #6451 ) ) ;
#8684 = PLANE ( 'NONE',  #2188 ) ;
#8685 =( LENGTH_UNIT ( ) NAMED_UNIT ( * ) SI_UNIT ( .MILLI., .METRE. ) );
#8686 =( NAMED_UNIT ( * ) PLANE_ANGLE_UNIT ( ) SI_UNIT ( $, .RADIAN. ) );
#8687 = ORIENTED_EDGE ( 'NONE', *, *, #5095, .T. ) ;
#8688 = LINE ( 'NONE', #8600, #4134 ) ;
#8689 = ORIENTED_EDGE ( 'NONE', *, *, #4905, .T. ) ;
#8690 = ORIENTED_EDGE ( 'NONE', *, *, #4408, .T. ) ;
#8691 = SURFACE_STYLE_FILL_AREA ( #9438 ) ;
#8692 = AXIS2_PLACEMENT_3D ( 'NONE', #4431, #7532, #9603 ) ;
#8693 = PRESENTATION_STYLE_ASSIGNMENT (( #1747 ) ) ;
#8694 = DIRECTION ( 'NONE',  ( -0.000000000000000000, 0.000000000000000000, 1.000000000000000000 ) ) ;
#8695 = LINE ( 'NONE', #8166, #7271 ) ;
#8696 = VECTOR ( 'NONE', #8633, 1000.000000000000000 ) ;
#8697 = ADVANCED_FACE ( 'NONE', ( #8252 ), #8059, .T. ) ;
#8698 = MECHANICAL_DESIGN_GEOMETRIC_PRESENTATION_REPRESENTATION (  '', ( #9158 ), #2460 ) ;
#8699 = EDGE_CURVE ( 'NONE', #554, #3474, #7541, .T. ) ;
#8700 = SURFACE_STYLE_USAGE ( .BOTH. , #7264 ) ;
#8701 = CARTESIAN_POINT ( 'NONE',  ( 1.241030663926139255, 0.9080625828929627108, -2.125094501859785545 ) ) ;
#8702 = DIRECTION ( 'NONE',  ( 0.000000000000000000, -3.252606517456518824E-15, -1.000000000000000000 ) ) ;
#8703 = DIRECTION ( 'NONE',  ( -0.000000000000000000, -0.000000000000000000, 1.000000000000000000 ) ) ;
#8704 = EDGE_LOOP ( 'NONE', ( #2993, #4751, #8000, #3513 ) ) ;
#8705 = LINE ( 'NONE', #3320, #4656 ) ;
#8706 = PLANE ( 'NONE',  #159 ) ;
#8707 = EDGE_CURVE ( 'NONE', #4931, #241, #1379, .T. ) ;
#8708 =( GEOMETRIC_REPRESENTATION_CONTEXT ( 3 ) GLOBAL_UNCERTAINTY_ASSIGNED_CONTEXT ( ( #4178 ) ) GLOBAL_UNIT_ASSIGNED_CONTEXT ( ( #651, #2226, #8300 ) ) REPRESENTATION_CONTEXT ( 'NONE', 'WORKASPACE' ) );
#8709 = PRESENTATION_LAYER_ASSIGNMENT (  '', '', ( #3773 ) ) ;
#8710 = PRESENTATION_LAYER_ASSIGNMENT (  '', '', ( #5213 ) ) ;
#8711 = DIRECTION ( 'NONE',  ( 0.000000000000000000, 1.000000000000000000, 0.000000000000000000 ) ) ;
#8712 = MECHANICAL_DESIGN_GEOMETRIC_PRESENTATION_REPRESENTATION (  '', ( #3139 ), #1231 ) ;
#8713 = CARTESIAN_POINT ( 'NONE',  ( 0.2500000000000000000, 0.000000000000000000, 1.975000000000000089 ) ) ;
#8714 = SURFACE_STYLE_FILL_AREA ( #1176 ) ;
#8715 = ORIENTED_EDGE ( 'NONE', *, *, #2659, .F. ) ;
#8716 =( NAMED_UNIT ( * ) PLANE_ANGLE_UNIT ( ) SI_UNIT ( $, .RADIAN. ) );
#8717 = STYLED_ITEM ( 'NONE', ( #9646 ), #6022 ) ;
#8718 = FACE_OUTER_BOUND ( 'NONE', #4315, .T. ) ;
#8719 = CARTESIAN_POINT ( 'NONE',  ( -1.250000000000000000, 0.000000000000000000, 1.625000000000000222 ) ) ;
#8720 = LINE ( 'NONE', #1869, #783 ) ;
#8721 = EDGE_CURVE ( 'NONE', #5535, #1157, #6835, .T. ) ;
#8722 = CARTESIAN_POINT ( 'NONE',  ( -0.5000000000000000000, 0.06000000000000000472, 1.500000000000000000 ) ) ;
#8723 = PLANE ( 'NONE',  #8752 ) ;
#8724 = AXIS2_PLACEMENT_3D ( 'NONE', #8774, #8039, #6699 ) ;
#8725 = AXIS2_PLACEMENT_3D ( 'NONE', #3092, #8530, #5390 ) ;
#8726 =( LENGTH_UNIT ( ) NAMED_UNIT ( * ) SI_UNIT ( .MILLI., .METRE. ) );
#8727 = VERTEX_POINT ( 'NONE', #3837 ) ;
#8728 = ORIENTED_EDGE ( 'NONE', *, *, #1498, .F. ) ;
#8729 = CLOSED_SHELL ( 'NONE', ( #9488, #2973, #7511, #477, #3888, #5470 ) ) ;
#8730 = LINE ( 'NONE', #282, #804 ) ;
#8731 = ORIENTED_EDGE ( 'NONE', *, *, #8471, .T. ) ;
#8732 = UNCERTAINTY_MEASURE_WITH_UNIT (LENGTH_MEASURE( 1.000000000000000082E-05 ), #8136, 'distance_accuracy_value', 'NONE');
#8733 = PRESENTATION_LAYER_ASSIGNMENT (  '', '', ( #7625 ) ) ;
#8734 = EDGE_CURVE ( 'NONE', #7564, #8376, #2300, .T. ) ;
#8735 = CARTESIAN_POINT ( 'NONE',  ( 0.1249999999999999167, 0.1749999999999999889, 2.250000000000000444 ) ) ;
#8736 = VECTOR ( 'NONE', #9718, 1000.000000000000000 ) ;
#8737 = LINE ( 'NONE', #9326, #2198 ) ;
#8738 = ORIENTED_EDGE ( 'NONE', *, *, #7768, .F. ) ;
#8739 = AXIS2_PLACEMENT_3D ( 'NONE', #1111, #9334, #1051 ) ;
#8740 = ORIENTED_EDGE ( 'NONE', *, *, #7009, .T. ) ;
#8741 = DIRECTION ( 'NONE',  ( 0.000000000000000000, -1.000000000000000000, 0.000000000000000000 ) ) ;
#8742 = VERTEX_POINT ( 'NONE', #8226 ) ;
#8743 = PLANE ( 'NONE',  #7955 ) ;
#8744 = STYLED_ITEM ( 'NONE', ( #1624 ), #4361 ) ;
#8745 = ORIENTED_EDGE ( 'NONE', *, *, #1058, .F. ) ;
#8746 = FACE_OUTER_BOUND ( 'NONE', #5802, .T. ) ;
#8747 = VERTEX_POINT ( 'NONE', #7494 ) ;
#8748 = UNCERTAINTY_MEASURE_WITH_UNIT (LENGTH_MEASURE( 1.000000000000000082E-05 ), #9792, 'distance_accuracy_value', 'NONE');
#8749 = CARTESIAN_POINT ( 'NONE',  ( 1.250000000000000000, -0.04000000000000000083, -1.375000000000000000 ) ) ;
#8750 = DIRECTION ( 'NONE',  ( -1.000000000000000000, 0.000000000000000000, -0.000000000000000000 ) ) ;
#8751 = DIRECTION ( 'NONE',  ( 0.000000000000000000, 1.000000000000000000, 0.000000000000000000 ) ) ;
#8752 = AXIS2_PLACEMENT_3D ( 'NONE', #6491, #4253, #2673 ) ;
#8753 =( GEOMETRIC_REPRESENTATION_CONTEXT ( 3 ) GLOBAL_UNCERTAINTY_ASSIGNED_CONTEXT ( ( #2945 ) ) GLOBAL_UNIT_ASSIGNED_CONTEXT ( ( #4663, #6487, #7933 ) ) REPRESENTATION_CONTEXT ( 'NONE', 'WORKASPACE' ) );
#8754 = DIRECTION ( 'NONE',  ( 0.000000000000000000, 0.000000000000000000, 1.000000000000000000 ) ) ;
#8755 = CARTESIAN_POINT ( 'NONE',  ( 0.000000000000000000, 0.1749999999999999889, 0.8750000000000000000 ) ) ;
#8756 = FILL_AREA_STYLE ('',( #5770 ) ) ;
#8757 = ORIENTED_EDGE ( 'NONE', *, *, #5387, .T. ) ;
#8758 = DIRECTION ( 'NONE',  ( -0.4082482904638637389, 0.8164965809277250353, -0.4082482904638641275 ) ) ;
#8759 =( GEOMETRIC_REPRESENTATION_CONTEXT ( 3 ) GLOBAL_UNCERTAINTY_ASSIGNED_CONTEXT ( ( #7153 ) ) GLOBAL_UNIT_ASSIGNED_CONTEXT ( ( #4184, #8024, #5664 ) ) REPRESENTATION_CONTEXT ( 'NONE', 'WORKASPACE' ) );
#8760 = FACE_OUTER_BOUND ( 'NONE', #4613, .T. ) ;
#8761 = FACE_OUTER_BOUND ( 'NONE', #5006, .T. ) ;
#8762 = COLOUR_RGB ( '',0.8313725490196077761, 0.8313725490196077761, 0.8313725490196077761 ) ;
#8763 = VECTOR ( 'NONE', #3290, 1000.000000000000000 ) ;
#8764 = PRESENTATION_LAYER_ASSIGNMENT (  '', '', ( #3671 ) ) ;
#8765 = CARTESIAN_POINT ( 'NONE',  ( 0.000000000000000000, 0.000000000000000000, 0.000000000000000000 ) ) ;
#8766 = CARTESIAN_POINT ( 'NONE',  ( -0.3750000000000000000, 0.000000000000000000, 2.250000000000000444 ) ) ;
#8767 = CARTESIAN_POINT ( 'NONE',  ( -0.8244632538532929988, 0.9749999999999999778, -1.906973737428892646 ) ) ;
#8768 = ADVANCED_FACE ( 'NONE', ( #9051 ), #671, .F. ) ;
#8769 = EDGE_CURVE ( 'NONE', #7309, #7703, #8275, .T. ) ;
#8770 = VECTOR ( 'NONE', #5936, 1000.000000000000000 ) ;
#8771 = PRESENTATION_LAYER_ASSIGNMENT (  '', '', ( #632 ) ) ;
#8772 = FACE_OUTER_BOUND ( 'NONE', #3185, .T. ) ;
#8773 = SURFACE_SIDE_STYLE ('',( #4304 ) ) ;
#8774 = CARTESIAN_POINT ( 'NONE',  ( 0.000000000000000000, 0.2000000000000000111, 0.000000000000000000 ) ) ;
#8775 = VECTOR ( 'NONE', #2491, 1000.000000000000000 ) ;
#8776 = VECTOR ( 'NONE', #3244, 1000.000000000000000 ) ;
#8777 = DIRECTION ( 'NONE',  ( 0.000000000000000000, -0.000000000000000000, 1.000000000000000000 ) ) ;
#8778 = ADVANCED_FACE ( 'NONE', ( #6888 ), #6742, .T. ) ;
#8779 = ORIENTED_EDGE ( 'NONE', *, *, #7131, .T. ) ;
#8780 =( NAMED_UNIT ( * ) PLANE_ANGLE_UNIT ( ) SI_UNIT ( $, .RADIAN. ) );
#8781 = ORIENTED_EDGE ( 'NONE', *, *, #8824, .T. ) ;
#8782 = CARTESIAN_POINT ( 'NONE',  ( -0.1250000000000000000, 0.000000000000000000, 0.000000000000000000 ) ) ;
#8783 = DIRECTION ( 'NONE',  ( 1.000000000000000000, 0.000000000000000000, 0.000000000000000000 ) ) ;
#8784 = VERTEX_POINT ( 'NONE', #3032 ) ;
#8785 = VECTOR ( 'NONE', #5948, 1000.000000000000000 ) ;
#8786 = DIRECTION ( 'NONE',  ( 0.000000000000000000, -1.000000000000000000, 0.000000000000000000 ) ) ;
#8787 = VECTOR ( 'NONE', #4880, 1000.000000000000000 ) ;
#8788 =( NAMED_UNIT ( * ) SI_UNIT ( $, .STERADIAN. ) SOLID_ANGLE_UNIT ( ) );
#8789 = CARTESIAN_POINT ( 'NONE',  ( -0.2500000000000000000, 0.1749999999999999889, -1.850000000000000089 ) ) ;
#8790 = VECTOR ( 'NONE', #4440, 1000.000000000000000 ) ;
#8791 =( NAMED_UNIT ( * ) SI_UNIT ( $, .STERADIAN. ) SOLID_ANGLE_UNIT ( ) );
#8792 = EDGE_CURVE ( 'NONE', #5498, #393, #622, .T. ) ;
#8793 = FACE_OUTER_BOUND ( 'NONE', #9522, .T. ) ;
#8794 = ORIENTED_EDGE ( 'NONE', *, *, #3400, .F. ) ;
#8795 = SURFACE_STYLE_USAGE ( .BOTH. , #7149 ) ;
#8796 = ORIENTED_EDGE ( 'NONE', *, *, #2871, .F. ) ;
#8797 = ORIENTED_EDGE ( 'NONE', *, *, #6173, .F. ) ;
#8798 = DIRECTION ( 'NONE',  ( -1.000000000000000000, 0.000000000000000000, -0.000000000000000000 ) ) ;
#8799 = FILL_AREA_STYLE ('',( #2592 ) ) ;
#8800 = AXIS2_PLACEMENT_3D ( 'NONE', #5810, #1060, #5616 ) ;
#8801 = CARTESIAN_POINT ( 'NONE',  ( -0.5000000000000000000, 0.1000000000000000056, -1.149999999999999911 ) ) ;
#8802 = DIRECTION ( 'NONE',  ( 0.000000000000000000, -0.000000000000000000, -1.000000000000000000 ) ) ;
#8803 = FACE_OUTER_BOUND ( 'NONE', #4845, .T. ) ;
#8804 = EDGE_CURVE ( 'NONE', #2238, #7694, #2368, .T. ) ;
#8805 = ORIENTED_EDGE ( 'NONE', *, *, #3070, .F. ) ;
#8806 = DIRECTION ( 'NONE',  ( 1.000000000000000000, -0.000000000000000000, 0.000000000000000000 ) ) ;
#8807 = DIRECTION ( 'NONE',  ( 0.000000000000000000, 0.000000000000000000, 1.000000000000000000 ) ) ;
#8808 = CARTESIAN_POINT ( 'NONE',  ( 0.9749999999999999778, 0.000000000000000000, -1.125000000000000222 ) ) ;
#8809 = LINE ( 'NONE', #8034, #5778 ) ;
#8810 = VECTOR ( 'NONE', #8453, 1000.000000000000000 ) ;
#8811 = FILL_AREA_STYLE_COLOUR ( '', #3935 ) ;
#8812 = EDGE_CURVE ( 'NONE', #8072, #8618, #9103, .T. ) ;
#8813 = ADVANCED_FACE ( 'NONE', ( #772 ), #4544, .T. ) ;
#8814 = CARTESIAN_POINT ( 'NONE',  ( 0.9749999999999999778, 0.000000000000000000, 0.2500000000000000000 ) ) ;
#8815 = ORIENTED_EDGE ( 'NONE', *, *, #6129, .F. ) ;
#8816 = SURFACE_SIDE_STYLE ('',( #7442 ) ) ;
#8817 = ORIENTED_EDGE ( 'NONE', *, *, #8471, .F. ) ;
#8818 = CARTESIAN_POINT ( 'NONE',  ( 0.9749999999999999778, 0.1749999999999999889, -0.2500000000000000000 ) ) ;
#8819 = STYLED_ITEM ( 'NONE', ( #7267 ), #3276 ) ;
#8820 = ORIENTED_EDGE ( 'NONE', *, *, #8184, .F. ) ;
#8821 = UNCERTAINTY_MEASURE_WITH_UNIT (LENGTH_MEASURE( 1.000000000000000082E-05 ), #5640, 'distance_accuracy_value', 'NONE');
#8822 = CARTESIAN_POINT ( 'NONE',  ( 0.000000000000000000, 0.2000000000000000111, 0.000000000000000000 ) ) ;
#8823 = VECTOR ( 'NONE', #6392, 1000.000000000000000 ) ;
#8824 = EDGE_CURVE ( 'NONE', #832, #2656, #4327, .T. ) ;
#8825 = DIRECTION ( 'NONE',  ( 0.000000000000000000, -1.000000000000000000, 0.000000000000000000 ) ) ;
#8826 = VERTEX_POINT ( 'NONE', #5628 ) ;
#8828 = EDGE_LOOP ( 'NONE', ( #3246, #7314, #7650, #9495 ) ) ;
#8827 = CARTESIAN_POINT ( 'NONE',  ( -0.9749999999999999778, -0.04000000000000000083, -1.750000000000000000 ) ) ;
#8829 = ORIENTED_EDGE ( 'NONE', *, *, #4464, .F. ) ;
#8830 = CARTESIAN_POINT ( 'NONE',  ( 0.5999999999999999778, 0.1749999999999999889, -1.600000000000000089 ) ) ;
#8831 = COLOUR_RGB ( '',0.8313725490196077761, 0.8313725490196077761, 0.8313725490196077761 ) ;
#8832 = EDGE_LOOP ( 'NONE', ( #3972, #2954, #7014, #2741, #6188 ) ) ;
#8833 = ORIENTED_EDGE ( 'NONE', *, *, #1920, .T. ) ;
#8834 = CARTESIAN_POINT ( 'NONE',  ( -1.058158727481963712, 1.041934131648606598, -2.174094889548315646 ) ) ;
#8835 =( LENGTH_UNIT ( ) NAMED_UNIT ( * ) SI_UNIT ( .MILLI., .METRE. ) );
#8836 = CARTESIAN_POINT ( 'NONE',  ( 1.149999999999999911, 0.000000000000000000, -2.250000000000000444 ) ) ;
#8837 = UNCERTAINTY_MEASURE_WITH_UNIT (LENGTH_MEASURE( 1.000000000000000082E-05 ), #7775, 'distance_accuracy_value', 'NONE');
#8838 = PRESENTATION_STYLE_ASSIGNMENT (( #9540 ) ) ;
#8839 = PLANE ( 'NONE',  #4406 ) ;
#8840 = EDGE_CURVE ( 'NONE', #7099, #6714, #1018, .T. ) ;
#8841 = CARTESIAN_POINT ( 'NONE',  ( -0.1250000000000000000, 0.000000000000000000, 0.000000000000000000 ) ) ;
#8842 = LINE ( 'NONE', #6529, #1259 ) ;
#8843 = EDGE_LOOP ( 'NONE', ( #6706, #8980, #6074, #8163 ) ) ;
#8844 = CARTESIAN_POINT ( 'NONE',  ( 0.9749999999999999778, -0.04000000000000000083, 1.375000000000000000 ) ) ;
#8845 = PRESENTATION_LAYER_ASSIGNMENT (  '', '', ( #2451 ) ) ;
#8846 = FACE_OUTER_BOUND ( 'NONE', #8976, .T. ) ;
#8847 = FACE_OUTER_BOUND ( 'NONE', #1879, .T. ) ;
#8848 =( LENGTH_UNIT ( ) NAMED_UNIT ( * ) SI_UNIT ( .MILLI., .METRE. ) );
#8849 = EDGE_LOOP ( 'NONE', ( #5603, #2279, #6163, #1996 ) ) ;
#8850 = PRESENTATION_LAYER_ASSIGNMENT (  '', '', ( #1199 ) ) ;
#8851 = CARTESIAN_POINT ( 'NONE',  ( 0.2500000000000000000, 0.2000000000000000111, 1.975000000000000089 ) ) ;
#8852 = EDGE_CURVE ( 'NONE', #7757, #4323, #6184, .T. ) ;
#8853 = AXIS2_PLACEMENT_3D ( 'NONE', #7883, #2366, #7835 ) ;
#8854 = FACE_OUTER_BOUND ( 'NONE', #3863, .T. ) ;
#8855 = CARTESIAN_POINT ( 'NONE',  ( -1.101267602304403015, 0.9749999999999999778, -1.906973737428892424 ) ) ;
#8856 = DIRECTION ( 'NONE',  ( -1.000000000000000000, -0.000000000000000000, 0.000000000000000000 ) ) ;
#8857 = CARTESIAN_POINT ( 'NONE',  ( 0.9749999999999999778, 0.2000000000000000111, -0.8750000000000000000 ) ) ;
#8858 = CARTESIAN_POINT ( 'NONE',  ( 0.000000000000000000, 0.000000000000000000, 1.375000000000000000 ) ) ;
#8859 =( GEOMETRIC_REPRESENTATION_CONTEXT ( 3 ) GLOBAL_UNCERTAINTY_ASSIGNED_CONTEXT ( ( #5761 ) ) GLOBAL_UNIT_ASSIGNED_CONTEXT ( ( #1085, #7833, #4146 ) ) REPRESENTATION_CONTEXT ( 'NONE', 'WORKASPACE' ) );
#8860 =( LENGTH_UNIT ( ) NAMED_UNIT ( * ) SI_UNIT ( .MILLI., .METRE. ) );
#8861 = CARTESIAN_POINT ( 'NONE',  ( -0.1250000000000000000, 0.000000000000000000, 1.975000000000000089 ) ) ;
#8862 = ORIENTED_EDGE ( 'NONE', *, *, #6624, .F. ) ;
#8863 = CIRCLE ( 'NONE', #255, 0.1249999999999998890 ) ;
#8864 = DIRECTION ( 'NONE',  ( -0.000000000000000000, 1.000000000000000000, 0.000000000000000000 ) ) ;
#8865 = LINE ( 'NONE', #5694, #1120 ) ;
#8866 = DIRECTION ( 'NONE',  ( 0.000000000000000000, 1.000000000000000000, 0.000000000000000000 ) ) ;
#8867 = DIRECTION ( 'NONE',  ( 0.000000000000000000, 0.000000000000000000, -1.000000000000000000 ) ) ;
#8868 = ORIENTED_EDGE ( 'NONE', *, *, #614, .F. ) ;
#8869 = APPLICATION_CONTEXT ( 'automotive_design' ) ;
#8870 = SHAPE_DEFINITION_REPRESENTATION ( #7641, #5780 ) ;
#8871 = COLOUR_RGB ( '',0.8313725490196077761, 0.8313725490196077761, 0.8313725490196077761 ) ;
#8872 =( GEOMETRIC_REPRESENTATION_CONTEXT ( 3 ) GLOBAL_UNCERTAINTY_ASSIGNED_CONTEXT ( ( #382 ) ) GLOBAL_UNIT_ASSIGNED_CONTEXT ( ( #6649, #9863, #8961 ) ) REPRESENTATION_CONTEXT ( 'NONE', 'WORKASPACE' ) );
#8873 = PRESENTATION_STYLE_ASSIGNMENT (( #4213 ) ) ;
#8874 = DIRECTION ( 'NONE',  ( 0.000000000000000000, -0.000000000000000000, -1.000000000000000000 ) ) ;
#8875 = VERTEX_POINT ( 'NONE', #4685 ) ;
#8876 = CARTESIAN_POINT ( 'NONE',  ( 1.250000000000000000, 0.000000000000000000, -0.3749999999999998890 ) ) ;
#8878 = ORIENTED_EDGE ( 'NONE', *, *, #8411, .F. ) ;
#8877 = SURFACE_STYLE_FILL_AREA ( #4214 ) ;
#8879 = COLOUR_RGB ( '',0.8313725490196077761, 0.8313725490196077761, 0.8313725490196077761 ) ;
#8880 = ORIENTED_EDGE ( 'NONE', *, *, #8129, .T. ) ;
#8881 = EDGE_CURVE ( 'NONE', #4259, #4901, #3342, .T. ) ;
#8882 = ORIENTED_EDGE ( 'NONE', *, *, #2079, .F. ) ;
#8883 = VECTOR ( 'NONE', #8422, 1000.000000000000000 ) ;
#8884 = EDGE_CURVE ( 'NONE', #4567, #385, #4082, .T. ) ;
#8885 = DIRECTION ( 'NONE',  ( 0.000000000000000000, 0.000000000000000000, 1.000000000000000000 ) ) ;
#8886 = CARTESIAN_POINT ( 'NONE',  ( 0.5000000000000000000, 0.000000000000000000, -1.500000000000000000 ) ) ;
#8887 = ORIENTED_EDGE ( 'NONE', *, *, #5292, .T. ) ;
#8888 = VECTOR ( 'NONE', #8922, 1000.000000000000000 ) ;
#8889 = DIRECTION ( 'NONE',  ( 0.000000000000000000, 1.000000000000000000, -0.000000000000000000 ) ) ;
#8890 = SURFACE_STYLE_FILL_AREA ( #4330 ) ;
#8891 = VECTOR ( 'NONE', #1482, 1000.000000000000000 ) ;
#8892 = CARTESIAN_POINT ( 'NONE',  ( -0.8244632538532929988, 0.9749999999999999778, -1.906973737428892646 ) ) ;
#8893 = COLOUR_RGB ( '',0.8313725490196077761, 0.8313725490196077761, 0.8313725490196077761 ) ;
#8894 = CARTESIAN_POINT ( 'NONE',  ( 1.149999999999999911, 0.8750000000000000000, 2.149999999999999911 ) ) ;
#8895 =( GEOMETRIC_REPRESENTATION_CONTEXT ( 3 ) GLOBAL_UNCERTAINTY_ASSIGNED_CONTEXT ( ( #449 ) ) GLOBAL_UNIT_ASSIGNED_CONTEXT ( ( #882, #77, #6138 ) ) REPRESENTATION_CONTEXT ( 'NONE', 'WORKASPACE' ) );
#8896 = ORIENTED_EDGE ( 'NONE', *, *, #9249, .T. ) ;
#8897 = DIRECTION ( 'NONE',  ( 0.000000000000000000, 0.000000000000000000, 1.000000000000000000 ) ) ;
#8898 = FACE_OUTER_BOUND ( 'NONE', #9670, .T. ) ;
#8899 = ORIENTED_EDGE ( 'NONE', *, *, #8485, .T. ) ;
#8900 = PLANE ( 'NONE',  #2423 ) ;
#8901 = FILL_AREA_STYLE ('',( #5821 ) ) ;
#8902 = AXIS2_PLACEMENT_3D ( 'NONE', #3168, #9252, #5468 ) ;
#8903 = ORIENTED_EDGE ( 'NONE', *, *, #9671, .F. ) ;
#8904 = VECTOR ( 'NONE', #9616, 1000.000000000000000 ) ;
#8905 = STYLED_ITEM ( 'NONE', ( #3507 ), #3707 ) ;
#8906 =( NAMED_UNIT ( * ) SI_UNIT ( $, .STERADIAN. ) SOLID_ANGLE_UNIT ( ) );
#8907 = CARTESIAN_POINT ( 'NONE',  ( 1.149999999999999911, 0.000000000000000000, -2.149999999999999911 ) ) ;
#8908 = LINE ( 'NONE', #2056, #2501 ) ;
#8909 = AXIS2_PLACEMENT_3D ( 'NONE', #5304, #9231, #49 ) ;
#8910 = EDGE_CURVE ( 'NONE', #4554, #3790, #2530, .T. ) ;
#8911 = LINE ( 'NONE', #8997, #7605 ) ;
#8912 = AXIS2_PLACEMENT_3D ( 'NONE', #7398, #1927, #5047 ) ;
#8913 =( GEOMETRIC_REPRESENTATION_CONTEXT ( 3 ) GLOBAL_UNCERTAINTY_ASSIGNED_CONTEXT ( ( #4867 ) ) GLOBAL_UNIT_ASSIGNED_CONTEXT ( ( #6564, #8150, #7247 ) ) REPRESENTATION_CONTEXT ( 'NONE', 'WORKASPACE' ) );
#8914 = VECTOR ( 'NONE', #4615, 1000.000000000000000 ) ;
#8915 = DIRECTION ( 'NONE',  ( 0.000000000000000000, 0.000000000000000000, -1.000000000000000000 ) ) ;
#8916 = CARTESIAN_POINT ( 'NONE',  ( -0.9749999999999999778, 0.000000000000000000, -0.2500000000000000000 ) ) ;
#8917 = CARTESIAN_POINT ( 'NONE',  ( 1.149999999999999911, 0.000000000000000000, -2.149999999999999911 ) ) ;
#8918 =( GEOMETRIC_REPRESENTATION_CONTEXT ( 3 ) GLOBAL_UNCERTAINTY_ASSIGNED_CONTEXT ( ( #4176 ) ) GLOBAL_UNIT_ASSIGNED_CONTEXT ( ( #3685, #9149, #1431 ) ) REPRESENTATION_CONTEXT ( 'NONE', 'WORKASPACE' ) );
#8920 = MECHANICAL_DESIGN_GEOMETRIC_PRESENTATION_REPRESENTATION (  '', ( #1438 ), #9875 ) ;
#8919 = DIRECTION ( 'NONE',  ( 0.000000000000000000, 0.000000000000000000, 1.000000000000000000 ) ) ;
#8921 = ADVANCED_FACE ( 'NONE', ( #2358 ), #3321, .T. ) ;
#8922 = DIRECTION ( 'NONE',  ( -1.000000000000000000, -0.000000000000000000, -0.000000000000000000 ) ) ;
#8923 = CARTESIAN_POINT ( 'NONE',  ( 0.9749999999999999778, 0.000000000000000000, 1.750000000000000000 ) ) ;
#8924 = EDGE_LOOP ( 'NONE', ( #2175, #3385, #8669, #3300 ) ) ;
#8925 = VECTOR ( 'NONE', #5447, 1000.000000000000000 ) ;
#8926 = FILL_AREA_STYLE_COLOUR ( '', #7659 ) ;
#8927 = ORIENTED_EDGE ( 'NONE', *, *, #7396, .T. ) ;
#8929 = ORIENTED_EDGE ( 'NONE', *, *, #9855, .T. ) ;
#8928 =( LENGTH_UNIT ( ) NAMED_UNIT ( * ) SI_UNIT ( .MILLI., .METRE. ) );
#8930 = SURFACE_SIDE_STYLE ('',( #9677 ) ) ;
#8931 = ORIENTED_EDGE ( 'NONE', *, *, #5724, .F. ) ;
#8932 = CIRCLE ( 'NONE', #3855, 0.1250000000000001110 ) ;
#8933 = VERTEX_POINT ( 'NONE', #7726 ) ;
#8934 = FACE_OUTER_BOUND ( 'NONE', #2036, .T. ) ;
#8935 = VECTOR ( 'NONE', #5275, 1000.000000000000000 ) ;
#8936 = CARTESIAN_POINT ( 'NONE',  ( 1.250000000000000000, 0.000000000000000000, -1.375000000000000000 ) ) ;
#8937 = LINE ( 'NONE', #8206, #5689 ) ;
#8938 = EDGE_LOOP ( 'NONE', ( #8281, #7126, #8585, #4090 ) ) ;
#8939 = UNCERTAINTY_MEASURE_WITH_UNIT (LENGTH_MEASURE( 1.000000000000000082E-05 ), #3960, 'distance_accuracy_value', 'NONE');
#8940 =( NAMED_UNIT ( * ) SI_UNIT ( $, .STERADIAN. ) SOLID_ANGLE_UNIT ( ) );
#8941 = VECTOR ( 'NONE', #7542, 1000.000000000000000 ) ;
#8942 = FILL_AREA_STYLE_COLOUR ( '', #8438 ) ;
#8943 = ADVANCED_FACE ( 'NONE', ( #7920 ), #974, .T. ) ;
#8944 = LINE ( 'NONE', #1165, #7791 ) ;
#8945 = ORIENTED_EDGE ( 'NONE', *, *, #8560, .T. ) ;
#8946 =( LENGTH_UNIT ( ) NAMED_UNIT ( * ) SI_UNIT ( .MILLI., .METRE. ) );
#8947 = DIRECTION ( 'NONE',  ( 0.000000000000000000, 0.000000000000000000, -1.000000000000000000 ) ) ;
#8948 = FILL_AREA_STYLE_COLOUR ( '', #1009 ) ;
#8949 = PLANE ( 'NONE',  #2702 ) ;
#8950 = PRODUCT_DEFINITION_FORMATION_WITH_SPECIFIED_SOURCE ( 'ANY', '', #8349, .NOT_KNOWN. ) ;
#8951 = SURFACE_STYLE_FILL_AREA ( #7272 ) ;
#8952 = ADVANCED_FACE ( 'NONE', ( #6387 ), #9299, .T. ) ;
#8953 = CARTESIAN_POINT ( 'NONE',  ( -1.250000000000000000, 0.000000000000000000, -1.375000000000000222 ) ) ;
#8954 = CARTESIAN_POINT ( 'NONE',  ( -0.9749999999999999778, 0.1749999999999999889, -1.125000000000000222 ) ) ;
#8955 = CARTESIAN_POINT ( 'NONE',  ( 0.9749999999999999778, -0.04000000000000000083, -0.8750000000000000000 ) ) ;
#8956 = CARTESIAN_POINT ( 'NONE',  ( -1.250000000000000000, 0.1749999999999999889, -0.3749999999999998890 ) ) ;
#8957 = PRESENTATION_STYLE_ASSIGNMENT (( #2880 ) ) ;
#8958 = EDGE_CURVE ( 'NONE', #509, #4965, #5747, .T. ) ;
#8959 = DIRECTION ( 'NONE',  ( 1.000000000000000000, -0.000000000000000000, 0.000000000000000000 ) ) ;
#8960 = EDGE_LOOP ( 'NONE', ( #5504, #9829, #3255, #597 ) ) ;
#8961 =( NAMED_UNIT ( * ) SI_UNIT ( $, .STERADIAN. ) SOLID_ANGLE_UNIT ( ) );
#8962 = PRESENTATION_STYLE_ASSIGNMENT (( #1336 ) ) ;
#8963 = SURFACE_STYLE_FILL_AREA ( #6040 ) ;
#8964 = FILL_AREA_STYLE ('',( #1190 ) ) ;
#8965 = DIRECTION ( 'NONE',  ( 0.000000000000000000, -1.000000000000000000, 0.000000000000000000 ) ) ;
#8966 = CARTESIAN_POINT ( 'NONE',  ( -1.250000000000000000, 0.000000000000000000, -0.8750000000000000000 ) ) ;
#8967 = DIRECTION ( 'NONE',  ( 1.000000000000000000, 0.000000000000000000, 0.000000000000000000 ) ) ;
#8968 = DIRECTION ( 'NONE',  ( 0.000000000000000000, 0.000000000000000000, 1.000000000000000000 ) ) ;
#8969 = EDGE_CURVE ( 'NONE', #8186, #1889, #1859, .T. ) ;
#8970 = SURFACE_STYLE_FILL_AREA ( #2737 ) ;
#8971 =( NAMED_UNIT ( * ) PLANE_ANGLE_UNIT ( ) SI_UNIT ( $, .RADIAN. ) );
#8973 = ORIENTED_EDGE ( 'NONE', *, *, #1698, .T. ) ;
#8972 = DIRECTION ( 'NONE',  ( 0.000000000000000000, -1.000000000000000000, 0.000000000000000000 ) ) ;
#8974 = CARTESIAN_POINT ( 'NONE',  ( -1.250000000000000000, 0.000000000000000000, 1.625000000000000444 ) ) ;
#8975 = ORIENTED_EDGE ( 'NONE', *, *, #2419, .F. ) ;
#8976 = EDGE_LOOP ( 'NONE', ( #1050, #6611, #3738, #6505 ) ) ;
#8977 = SURFACE_STYLE_USAGE ( .BOTH. , #2847 ) ;
#8978 = DIRECTION ( 'NONE',  ( -0.5773502691896247319, 0.5773502691896279515, -0.5773502691896247319 ) ) ;
#8979 = CARTESIAN_POINT ( 'NONE',  ( -1.250000000000000000, 0.000000000000000000, 0.6250000000000001110 ) ) ;
#8980 = ORIENTED_EDGE ( 'NONE', *, *, #2610, .F. ) ;
#8981 = DIRECTION ( 'NONE',  ( -1.000000000000000000, -0.000000000000000000, 0.000000000000000000 ) ) ;
#8982 = PRESENTATION_LAYER_ASSIGNMENT (  '', '', ( #3414 ) ) ;
#8983 = PRESENTATION_STYLE_ASSIGNMENT (( #2089 ) ) ;
#8984 = VECTOR ( 'NONE', #4282, 1000.000000000000000 ) ;
#8985 = ORIENTED_EDGE ( 'NONE', *, *, #4991, .F. ) ;
#8986 = DIRECTION ( 'NONE',  ( 0.000000000000000000, 0.000000000000000000, -1.000000000000000000 ) ) ;
#8987 = DIRECTION ( 'NONE',  ( -0.000000000000000000, -1.000000000000000000, -0.000000000000000000 ) ) ;
#8988 = DIRECTION ( 'NONE',  ( 1.000000000000000000, 0.000000000000000000, 0.000000000000000000 ) ) ;
#8989 = DIRECTION ( 'NONE',  ( 0.000000000000000000, 0.000000000000000000, -1.000000000000000000 ) ) ;
#8990 = MECHANICAL_DESIGN_GEOMETRIC_PRESENTATION_REPRESENTATION (  '', ( #1021 ), #5180 ) ;
#8991 = CARTESIAN_POINT ( 'NONE',  ( 0.5000000000000000000, 0.1000000000000000056, -1.500000000000000000 ) ) ;
#8992 = EDGE_CURVE ( 'NONE', #6417, #6935, #5775, .T. ) ;
#8993 = SURFACE_SIDE_STYLE ('',( #5271 ) ) ;
#8994 = CARTESIAN_POINT ( 'NONE',  ( 1.250000000000000000, 0.2000000000000000111, -1.375000000000000222 ) ) ;
#8995 = ADVANCED_FACE ( 'NONE', ( #8761 ), #9557, .T. ) ;
#8996 = ADVANCED_FACE ( 'NONE', ( #5673 ), #4983, .F. ) ;
#8997 = CARTESIAN_POINT ( 'NONE',  ( 0.9749999999999999778, -0.04000000000000000083, 1.875000000000000000 ) ) ;
#8998 = CARTESIAN_POINT ( 'NONE',  ( 0.9749999999999999778, -0.04000000000000000083, 0.8750000000000000000 ) ) ;
#8999 = FACE_OUTER_BOUND ( 'NONE', #5057, .T. ) ;
#9000 = MECHANICAL_DESIGN_GEOMETRIC_PRESENTATION_REPRESENTATION (  '', ( #9486 ), #7276 ) ;
#9001 = CARTESIAN_POINT ( 'NONE',  ( 0.1250000000000000000, -0.04000000000000000083, -2.250000000000000444 ) ) ;
#9002 = STYLED_ITEM ( 'NONE', ( #7727 ), #2742 ) ;
#9003 = ORIENTED_EDGE ( 'NONE', *, *, #6601, .F. ) ;
#9004 = ORIENTED_EDGE ( 'NONE', *, *, #6148, .F. ) ;
#9005 = PLANE ( 'NONE',  #2316 ) ;
#9007 = ORIENTED_EDGE ( 'NONE', *, *, #4098, .T. ) ;
#9006 = DIRECTION ( 'NONE',  ( -1.000000000000000000, -0.000000000000000000, -0.000000000000000000 ) ) ;
#9008 = VECTOR ( 'NONE', #3751, 1000.000000000000000 ) ;
#9009 = ADVANCED_FACE ( 'NONE', ( #7273 ), #8706, .F. ) ;
#9010 = CARTESIAN_POINT ( 'NONE',  ( -1.149999999999999911, 0.000000000000000000, -2.149999999999999911 ) ) ;
#9011 = ORIENTED_EDGE ( 'NONE', *, *, #7628, .F. ) ;
#9012 = UNCERTAINTY_MEASURE_WITH_UNIT (LENGTH_MEASURE( 1.000000000000000082E-05 ), #7282, 'distance_accuracy_value', 'NONE');
#9013 = VECTOR ( 'NONE', #7790, 1000.000000000000000 ) ;
#9014 = FILL_AREA_STYLE_COLOUR ( '', #2974 ) ;
#9015 = CARTESIAN_POINT ( 'NONE',  ( -0.1250000000000000000, 0.1749999999999999889, 0.000000000000000000 ) ) ;
#9016 = PRESENTATION_LAYER_ASSIGNMENT (  '', '', ( #4740 ) ) ;
#9017 = DIRECTION ( 'NONE',  ( 0.000000000000000000, 1.000000000000000000, 0.000000000000000000 ) ) ;
#9018 = VECTOR ( 'NONE', #9750, 1000.000000000000000 ) ;
#9019 = AXIS2_PLACEMENT_3D ( 'NONE', #2011, #9656, #815 ) ;
#9020 = SURFACE_SIDE_STYLE ('',( #9823 ) ) ;
#9021 = SURFACE_STYLE_FILL_AREA ( #2790 ) ;
#9022 = ORIENTED_EDGE ( 'NONE', *, *, #1580, .T. ) ;
#9023 = VERTEX_POINT ( 'NONE', #6596 ) ;
#9024 = EDGE_CURVE ( 'NONE', #8601, #6998, #7389, .T. ) ;
#9025 = DIRECTION ( 'NONE',  ( 0.000000000000000000, 0.000000000000000000, 1.000000000000000000 ) ) ;
#9026 = AXIS2_PLACEMENT_3D ( 'NONE', #8916, #520, #9662 ) ;
#9027 = SURFACE_STYLE_USAGE ( .BOTH. , #8391 ) ;
#9028 = FILL_AREA_STYLE_COLOUR ( '', #2465 ) ;
#9029 = UNCERTAINTY_MEASURE_WITH_UNIT (LENGTH_MEASURE( 1.000000000000000082E-05 ), #3538, 'distance_accuracy_value', 'NONE');
#9030 = SURFACE_SIDE_STYLE ('',( #6060 ) ) ;
#9031 = LINE ( 'NONE', #6005, #4571 ) ;
#9032 = CARTESIAN_POINT ( 'NONE',  ( -1.192030276237607822, 0.7741910341373189341, 2.307966438303960199 ) ) ;
#9033 = FILL_AREA_STYLE ('',( #850 ) ) ;
#9034 = CLOSED_SHELL ( 'NONE', ( #6022, #6766, #2773, #6892, #9515, #2931 ) ) ;
#9035 = VERTEX_POINT ( 'NONE', #6545 ) ;
#9036 = STYLED_ITEM ( 'NONE', ( #1765 ), #6381 ) ;
#9037 = CARTESIAN_POINT ( 'NONE',  ( 1.250000000000000000, 0.000000000000000000, 1.375000000000000000 ) ) ;
#9038 = FILL_AREA_STYLE_COLOUR ( '', #958 ) ;
#9039 = LINE ( 'NONE', #2918, #2148 ) ;
#9040 = FILL_AREA_STYLE_COLOUR ( '', #9452 ) ;
#9041 = EDGE_CURVE ( 'NONE', #8053, #3349, #7435, .T. ) ;
#9042 = PRODUCT_DEFINITION_CONTEXT ( 'detailed design', #9514, 'design' ) ;
#9043 =( NAMED_UNIT ( * ) PLANE_ANGLE_UNIT ( ) SI_UNIT ( $, .RADIAN. ) );
#9044 = VECTOR ( 'NONE', #1228, 1000.000000000000000 ) ;
#9045 = CIRCLE ( 'NONE', #124, 0.09999999999999982514 ) ;
#9046 = CARTESIAN_POINT ( 'NONE',  ( 0.000000000000000000, 0.000000000000000000, 2.250000000000000444 ) ) ;
#9047 = PLANE ( 'NONE',  #9697 ) ;
#9048 = AXIS2_PLACEMENT_3D ( 'NONE', #8894, #9642, #5162 ) ;
#9049 = VECTOR ( 'NONE', #3950, 1000.000000000000000 ) ;
#9050 = CARTESIAN_POINT ( 'NONE',  ( 1.149999999999999911, 0.8750000000000000000, 2.149999999999999911 ) ) ;
#9051 = FACE_OUTER_BOUND ( 'NONE', #1937, .T. ) ;
#9052 = LINE ( 'NONE', #2197, #5605 ) ;
#9053 = CARTESIAN_POINT ( 'NONE',  ( -1.250000000000000000, 0.000000000000000000, -0.3749999999999998890 ) ) ;
#9054 = EDGE_CURVE ( 'NONE', #1603, #3612, #8083, .T. ) ;
#9055 = EDGE_CURVE ( 'NONE', #3782, #2409, #3579, .T. ) ;
#9056 = EDGE_LOOP ( 'NONE', ( #9184, #5854, #4741, #3944 ) ) ;
#9057 = ORIENTED_EDGE ( 'NONE', *, *, #4268, .F. ) ;
#9058 = SURFACE_SIDE_STYLE ('',( #1516 ) ) ;
#9059 = DIRECTION ( 'NONE',  ( 0.000000000000000000, 0.000000000000000000, 1.000000000000000000 ) ) ;
#9061 = ORIENTED_EDGE ( 'NONE', *, *, #1149, .F. ) ;
#9060 = PRESENTATION_STYLE_ASSIGNMENT (( #3083 ) ) ;
#9062 = CARTESIAN_POINT ( 'NONE',  ( -1.250000000000000000, 0.1749999999999999889, 1.375000000000000222 ) ) ;
#9063 = VECTOR ( 'NONE', #456, 1000.000000000000000 ) ;
#9064 = STYLED_ITEM ( 'NONE', ( #1967 ), #4048 ) ;
#9065 = LINE ( 'NONE', #5046, #5877 ) ;
#9066 = CARTESIAN_POINT ( 'NONE',  ( 0.9749999999999999778, 0.2000000000000000111, 1.375000000000000000 ) ) ;
#9067 = FILL_AREA_STYLE ('',( #8147 ) ) ;
#9068 = DIRECTION ( 'NONE',  ( -0.000000000000000000, -1.000000000000000000, 0.000000000000000000 ) ) ;
#9069 = STYLED_ITEM ( 'NONE', ( #3603 ), #8697 ) ;
#9070 = CARTESIAN_POINT ( 'NONE',  ( -0.1249999999999998890, 0.000000000000000000, 2.250000000000000444 ) ) ;
#9071 = AXIS2_PLACEMENT_3D ( 'NONE', #1043, #2580, #235 ) ;
#9072 = EDGE_CURVE ( 'NONE', #2510, #7585, #5682, .T. ) ;
#9073 = FILL_AREA_STYLE ('',( #3050 ) ) ;
#9074 = ORIENTED_EDGE ( 'NONE', *, *, #3266, .T. ) ;
#9075 = CARTESIAN_POINT ( 'NONE',  ( -0.3750000000000000000, 0.1749999999999999889, 1.975000000000000089 ) ) ;
#9076 = CARTESIAN_POINT ( 'NONE',  ( 0.1250000000000000000, 0.000000000000000000, 0.000000000000000000 ) ) ;
#9077 = DIRECTION ( 'NONE',  ( -1.000000000000000000, -0.000000000000000000, -0.000000000000000000 ) ) ;
#9078 = ORIENTED_EDGE ( 'NONE', *, *, #5488, .T. ) ;
#9079 = AXIS2_PLACEMENT_3D ( 'NONE', #4629, #5211, #7571 ) ;
#9080 = PLANE ( 'NONE',  #3174 ) ;
#9081 =( LENGTH_UNIT ( ) NAMED_UNIT ( * ) SI_UNIT ( .MILLI., .METRE. ) );
#9082 =( GEOMETRIC_REPRESENTATION_CONTEXT ( 3 ) GLOBAL_UNCERTAINTY_ASSIGNED_CONTEXT ( ( #5342 ) ) GLOBAL_UNIT_ASSIGNED_CONTEXT ( ( #5874, #7335, #8906 ) ) REPRESENTATION_CONTEXT ( 'NONE', 'WORKASPACE' ) );
#9083 = ADVANCED_FACE ( 'NONE', ( #9566 ), #8037, .T. ) ;
#9084 = CARTESIAN_POINT ( 'NONE',  ( 0.1250000000000000000, 0.2000000000000000111, -2.250000000000000444 ) ) ;
#9085 = ADVANCED_FACE ( 'NONE', ( #5134 ), #9482, .T. ) ;
#9086 = EDGE_LOOP ( 'NONE', ( #4617, #7655, #7425, #4044 ) ) ;
#9087 = DIRECTION ( 'NONE',  ( -1.000000000000000000, 0.000000000000000000, -0.000000000000000000 ) ) ;
#9088 = MECHANICAL_DESIGN_GEOMETRIC_PRESENTATION_REPRESENTATION (  '', ( #1595 ), #2883 ) ;
#9089 = AXIS2_PLACEMENT_3D ( 'NONE', #1492, #842, #686 ) ;
#9090 = ORIENTED_EDGE ( 'NONE', *, *, #1192, .T. ) ;
#9091 =( LENGTH_UNIT ( ) NAMED_UNIT ( * ) SI_UNIT ( .MILLI., .METRE. ) );
#9092 = CARTESIAN_POINT ( 'NONE',  ( 1.250000000000000000, 0.2000000000000000111, -1.125000000000000222 ) ) ;
#9093 = ORIENTED_EDGE ( 'NONE', *, *, #9729, .T. ) ;
#9094 = SURFACE_STYLE_USAGE ( .BOTH. , #5307 ) ;
#9095 = SURFACE_STYLE_FILL_AREA ( #6821 ) ;
#9096 = DIRECTION ( 'NONE',  ( 1.000000000000000000, -0.000000000000000000, 0.000000000000000000 ) ) ;
#9097 = AXIS2_PLACEMENT_3D ( 'NONE', #7501, #5941, #8919 ) ;
#9098 = VECTOR ( 'NONE', #8473, 1000.000000000000000 ) ;
#9099 = EDGE_CURVE ( 'NONE', #909, #1635, #3405, .T. ) ;
#9100 = FILL_AREA_STYLE_COLOUR ( '', #1349 ) ;
#9101 = CARTESIAN_POINT ( 'NONE',  ( -0.9749999999999999778, 0.000000000000000000, 0.2500000000000000000 ) ) ;
#9102 =( LENGTH_UNIT ( ) NAMED_UNIT ( * ) SI_UNIT ( .MILLI., .METRE. ) );
#9103 = LINE ( 'NONE', #7580, #8614 ) ;
#9104 = DIRECTION ( 'NONE',  ( 0.000000000000000000, 1.000000000000000000, -0.000000000000000000 ) ) ;
#9105 = ORIENTED_EDGE ( 'NONE', *, *, #3746, .T. ) ;
#9106 = ORIENTED_EDGE ( 'NONE', *, *, #2862, .F. ) ;
#9107 = CARTESIAN_POINT ( 'NONE',  ( -0.9749999999999999778, 0.000000000000000000, -1.250000000000000000 ) ) ;
#9108 = DIRECTION ( 'NONE',  ( -0.000000000000000000, 0.000000000000000000, -1.000000000000000000 ) ) ;
#9109 = CYLINDRICAL_SURFACE ( 'NONE', #3484, 0.1250000000000001110 ) ;
#9110 = SURFACE_STYLE_FILL_AREA ( #4601 ) ;
#9111 = DIRECTION ( 'NONE',  ( 0.000000000000000000, -1.000000000000000000, 0.000000000000000000 ) ) ;
#9112 = FACE_OUTER_BOUND ( 'NONE', #947, .T. ) ;
#9113 = EDGE_CURVE ( 'NONE', #6519, #6666, #397, .T. ) ;
#9114 = UNCERTAINTY_MEASURE_WITH_UNIT (LENGTH_MEASURE( 1.000000000000000082E-05 ), #2388, 'distance_accuracy_value', 'NONE');
#9115 = EDGE_CURVE ( 'NONE', #7843, #1365, #3460, .T. ) ;
#9116 = CARTESIAN_POINT ( 'NONE',  ( -1.250000000000000000, 0.1749999999999999889, -0.6250000000000001110 ) ) ;
#9117 = CARTESIAN_POINT ( 'NONE',  ( -1.250000000000000000, 0.000000000000000000, 1.875000000000000000 ) ) ;
#9118 = PLANE ( 'NONE',  #767 ) ;
#9119 = LINE ( 'NONE', #8382, #6407 ) ;
#9120 = CARTESIAN_POINT ( 'NONE',  ( 0.9749999999999999778, 0.000000000000000000, 0.7500000000000000000 ) ) ;
#9121 =( LENGTH_UNIT ( ) NAMED_UNIT ( * ) SI_UNIT ( .MILLI., .METRE. ) );
#9122 =( NAMED_UNIT ( * ) SI_UNIT ( $, .STERADIAN. ) SOLID_ANGLE_UNIT ( ) );
#9123 = VERTEX_POINT ( 'NONE', #2591 ) ;
#9124 = FACE_OUTER_BOUND ( 'NONE', #4158, .T. ) ;
#9125 = PLANE ( 'NONE',  #7997 ) ;
#9126 = COLOUR_RGB ( '',0.8313725490196077761, 0.8313725490196077761, 0.8313725490196077761 ) ;
#9127 = VERTEX_POINT ( 'NONE', #8063 ) ;
#9128 = ADVANCED_FACE ( 'NONE', ( #6424 ), #3516, .F. ) ;
#9129 = SURFACE_STYLE_USAGE ( .BOTH. , #9030 ) ;
#9130 = CARTESIAN_POINT ( 'NONE',  ( 1.207735026918962173, 0.9327350269189621512, 2.207735026918963062 ) ) ;
#9131 = CARTESIAN_POINT ( 'NONE',  ( 1.250000000000000000, 0.000000000000000000, 1.875000000000000000 ) ) ;
#9132 =( NAMED_UNIT ( * ) SI_UNIT ( $, .STERADIAN. ) SOLID_ANGLE_UNIT ( ) );
#9133 = ORIENTED_EDGE ( 'NONE', *, *, #9610, .F. ) ;
#9134 = ORIENTED_EDGE ( 'NONE', *, *, #8373, .T. ) ;
#9135 = VECTOR ( 'NONE', #7848, 1000.000000000000000 ) ;
#9136 = VERTEX_POINT ( 'NONE', #1985 ) ;
#9137 = DIRECTION ( 'NONE',  ( 1.000000000000000000, 0.000000000000000000, 0.000000000000000000 ) ) ;
#9138 = SURFACE_SIDE_STYLE ('',( #11 ) ) ;
#9139 = EDGE_LOOP ( 'NONE', ( #7069, #6897, #4860, #6533 ) ) ;
#9140 = MECHANICAL_DESIGN_GEOMETRIC_PRESENTATION_REPRESENTATION (  '', ( #531 ), #8678 ) ;
#9141 = SURFACE_SIDE_STYLE ('',( #1564 ) ) ;
#9142 = PRESENTATION_LAYER_ASSIGNMENT (  '', '', ( #5659 ) ) ;
#9143 = DIRECTION ( 'NONE',  ( -1.000000000000000000, -0.000000000000000000, -0.000000000000000000 ) ) ;
#9144 = FACE_OUTER_BOUND ( 'NONE', #833, .T. ) ;
#9145 = VECTOR ( 'NONE', #7420, 1000.000000000000000 ) ;
#9146 = PLANE ( 'NONE',  #8635 ) ;
#9147 = ADVANCED_FACE ( 'NONE', ( #6523 ), #1207, .F. ) ;
#9148 = SURFACE_STYLE_USAGE ( .BOTH. , #2299 ) ;
#9149 =( NAMED_UNIT ( * ) PLANE_ANGLE_UNIT ( ) SI_UNIT ( $, .RADIAN. ) );
#9150 = SURFACE_STYLE_USAGE ( .BOTH. , #5278 ) ;
#9151 = ORIENTED_EDGE ( 'NONE', *, *, #9817, .F. ) ;
#9152 =( LENGTH_UNIT ( ) NAMED_UNIT ( * ) SI_UNIT ( .MILLI., .METRE. ) );
#9153 = VERTEX_POINT ( 'NONE', #450 ) ;
#9154 = LINE ( 'NONE', #5379, #3318 ) ;
#9155 = EDGE_CURVE ( 'NONE', #4412, #9240, #9593, .T. ) ;
#9156 = PRESENTATION_STYLE_ASSIGNMENT (( #939 ) ) ;
#9157 = LINE ( 'NONE', #5527, #1842 ) ;
#9158 = STYLED_ITEM ( 'NONE', ( #6506 ), #5511 ) ;
#9159 = DIRECTION ( 'NONE',  ( 1.000000000000000000, 0.000000000000000000, 0.000000000000000000 ) ) ;
#9160 = VECTOR ( 'NONE', #5734, 1000.000000000000000 ) ;
#9161 = LINE ( 'NONE', #3647, #5091 ) ;
#9162 = STYLED_ITEM ( 'NONE', ( #2284 ), #1512 ) ;
#9163 = CARTESIAN_POINT ( 'NONE',  ( 1.149999999999999911, 0.8750000000000000000, -2.149999999999999911 ) ) ;
#9164 = ORIENTED_EDGE ( 'NONE', *, *, #7439, .T. ) ;
#9165 = COLOUR_RGB ( '',0.8313725490196077761, 0.8313725490196077761, 0.8313725490196077761 ) ;
#9166 = CARTESIAN_POINT ( 'NONE',  ( 0.000000000000000000, 0.000000000000000000, 1.125000000000000222 ) ) ;
#9167 = FACE_OUTER_BOUND ( 'NONE', #4855, .T. ) ;
#9168 = DIRECTION ( 'NONE',  ( -0.000000000000000000, -0.000000000000000000, -1.000000000000000000 ) ) ;
#9169 = ORIENTED_EDGE ( 'NONE', *, *, #9423, .T. ) ;
#9170 = PRESENTATION_LAYER_ASSIGNMENT (  '', '', ( #3616 ) ) ;
#9171 = CIRCLE ( 'NONE', #6175, 0.1250000000000000000 ) ;
#9172 = CARTESIAN_POINT ( 'NONE',  ( 0.9749999999999999778, 0.000000000000000000, 0.1250000000000000000 ) ) ;
#9173 = FILL_AREA_STYLE_COLOUR ( '', #5765 ) ;
#9174 = ORIENTED_EDGE ( 'NONE', *, *, #9639, .T. ) ;
#9175 = EDGE_CURVE ( 'NONE', #5622, #6568, #7528, .T. ) ;
#9176 = ORIENTED_EDGE ( 'NONE', *, *, #8852, .F. ) ;
#9177 = CARTESIAN_POINT ( 'NONE',  ( 0.3750000000000000000, 0.000000000000000000, 1.975000000000000089 ) ) ;
#9178 = ADVANCED_FACE ( 'NONE', ( #6576 ), #1896, .F. ) ;
#9179 = SURFACE_STYLE_USAGE ( .BOTH. , #807 ) ;
#9180 =( NAMED_UNIT ( * ) PLANE_ANGLE_UNIT ( ) SI_UNIT ( $, .RADIAN. ) );
#9181 = COLOUR_RGB ( '',0.8313725490196077761, 0.8313725490196077761, 0.8313725490196077761 ) ;
#9182 = ORIENTED_EDGE ( 'NONE', *, *, #599, .T. ) ;
#9183 =( NAMED_UNIT ( * ) PLANE_ANGLE_UNIT ( ) SI_UNIT ( $, .RADIAN. ) );
#9184 = ORIENTED_EDGE ( 'NONE', *, *, #6410, .T. ) ;
#9185 = VECTOR ( 'NONE', #8216, 1000.000000000000000 ) ;
#9186 = DIRECTION ( 'NONE',  ( 0.000000000000000000, 1.000000000000000000, 0.000000000000000000 ) ) ;
#9187 = FACE_OUTER_BOUND ( 'NONE', #8126, .T. ) ;
#9188 = FACE_OUTER_BOUND ( 'NONE', #6460, .T. ) ;
#9189 = VECTOR ( 'NONE', #4607, 1000.000000000000000 ) ;
#9190 = EDGE_CURVE ( 'NONE', #6450, #7804, #7717, .T. ) ;
#9191 = CARTESIAN_POINT ( 'NONE',  ( 1.250000000000000000, 0.000000000000000000, 2.149999999999999911 ) ) ;
#9192 = PLANE ( 'NONE',  #8415 ) ;
#9193 = AXIS2_PLACEMENT_3D ( 'NONE', #4787, #20, #3074 ) ;
#9194 = DIRECTION ( 'NONE',  ( 0.000000000000000000, 1.000000000000000000, 0.000000000000000000 ) ) ;
#9195 = DIRECTION ( 'NONE',  ( 0.000000000000000000, 0.000000000000000000, 1.000000000000000000 ) ) ;
#9196 = AXIS2_PLACEMENT_3D ( 'NONE', #9010, #1341, #2111 ) ;
#9197 = ADVANCED_FACE ( 'NONE', ( #5613 ), #3213, .F. ) ;
#9198 = CARTESIAN_POINT ( 'NONE',  ( 0.000000000000000000, 0.2000000000000000111, 0.000000000000000000 ) ) ;
#9199 = CARTESIAN_POINT ( 'NONE',  ( -0.9749999999999999778, 0.000000000000000000, -0.7500000000000000000 ) ) ;
#9200 = STYLED_ITEM ( 'NONE', ( #2713 ), #407 ) ;
#9201 = CIRCLE ( 'NONE', #5394, 0.1250000000000000000 ) ;
#9202 = AXIS2_PLACEMENT_3D ( 'NONE', #955, #1888, #2536 ) ;
#9203 = ADVANCED_FACE ( 'NONE', ( #1648 ), #109, .T. ) ;
#9204 = ORIENTED_EDGE ( 'NONE', *, *, #846, .T. ) ;
#9205 = CARTESIAN_POINT ( 'NONE',  ( 1.207735026918963284, 0.9327350269189619292, -2.207735026918962618 ) ) ;
#9206 = VERTEX_POINT ( 'NONE', #8658 ) ;
#9207 = ORIENTED_EDGE ( 'NONE', *, *, #4757, .T. ) ;
#9208 = FILL_AREA_STYLE_COLOUR ( '', #7151 ) ;
#9209 = VECTOR ( 'NONE', #4427, 1000.000000000000000 ) ;
#9210 = FILL_AREA_STYLE_COLOUR ( '', #8762 ) ;
#9211 = SURFACE_SIDE_STYLE ('',( #4654 ) ) ;
#9212 =( GEOMETRIC_REPRESENTATION_CONTEXT ( 3 ) GLOBAL_UNCERTAINTY_ASSIGNED_CONTEXT ( ( #2438 ) ) GLOBAL_UNIT_ASSIGNED_CONTEXT ( ( #7952, #332, #9325 ) ) REPRESENTATION_CONTEXT ( 'NONE', 'WORKASPACE' ) );
#9213 = LINE ( 'NONE', #5440, #5835 ) ;
#9214 = ADVANCED_FACE ( 'NONE', ( #9187 ), #5413, .T. ) ;
#9215 = LINE ( 'NONE', #8436, #4012 ) ;
#9216 = LINE ( 'NONE', #5094, #2009 ) ;
#9217 = STYLED_ITEM ( 'NONE', ( #5646 ), #7410 ) ;
#9218 = PRESENTATION_STYLE_ASSIGNMENT (( #6203 ) ) ;
#9219 = ORIENTED_EDGE ( 'NONE', *, *, #2819, .T. ) ;
#9220 = ORIENTED_EDGE ( 'NONE', *, *, #4955, .T. ) ;
#9221 = SURFACE_STYLE_FILL_AREA ( #1587 ) ;
#9222 = DIRECTION ( 'NONE',  ( -1.000000000000000000, -0.000000000000000000, -0.000000000000000000 ) ) ;
#9223 = DIRECTION ( 'NONE',  ( 0.000000000000000000, -1.000000000000000000, 0.000000000000000000 ) ) ;
#9224 = CARTESIAN_POINT ( 'NONE',  ( 1.149999999999999911, 0.8750000000000000000, -2.149999999999999911 ) ) ;
#9225 = VERTEX_POINT ( 'NONE', #2440 ) ;
#9226 = UNCERTAINTY_MEASURE_WITH_UNIT (LENGTH_MEASURE( 1.000000000000000082E-05 ), #2512, 'distance_accuracy_value', 'NONE');
#9227 = PLANE ( 'NONE',  #3126 ) ;
#9228 = VECTOR ( 'NONE', #2794, 1000.000000000000000 ) ;
#9229 = AXIS2_PLACEMENT_3D ( 'NONE', #1535, #685, #3053 ) ;
#9230 = PLANE ( 'NONE',  #9854 ) ;
#9231 = DIRECTION ( 'NONE',  ( 0.000000000000000000, 1.000000000000000000, 0.000000000000000000 ) ) ;
#9232 = ORIENTED_EDGE ( 'NONE', *, *, #71, .F. ) ;
#9233 = CARTESIAN_POINT ( 'NONE',  ( -0.8244632538532929988, 0.9749999999999999778, -1.906973737428892646 ) ) ;
#9234 = ORIENTED_EDGE ( 'NONE', *, *, #304, .T. ) ;
#9235 = SURFACE_STYLE_FILL_AREA ( #2757 ) ;
#9236 = EDGE_LOOP ( 'NONE', ( #8017, #4064, #1514, #8598, #5025 ) ) ;
#9237 =( GEOMETRIC_REPRESENTATION_CONTEXT ( 3 ) GLOBAL_UNCERTAINTY_ASSIGNED_CONTEXT ( ( #3355 ) ) GLOBAL_UNIT_ASSIGNED_CONTEXT ( ( #5958, #8205, #5808 ) ) REPRESENTATION_CONTEXT ( 'NONE', 'WORKASPACE' ) );
#9238 = DIRECTION ( 'NONE',  ( 0.000000000000000000, 0.000000000000000000, -1.000000000000000000 ) ) ;
#9239 = AXIS2_PLACEMENT_3D ( 'NONE', #4998, #6502, #281 ) ;
#9240 = VERTEX_POINT ( 'NONE', #7813 ) ;
#9241 = PRESENTATION_STYLE_ASSIGNMENT (( #1788 ) ) ;
#9242 = UNCERTAINTY_MEASURE_WITH_UNIT (LENGTH_MEASURE( 1.000000000000000082E-05 ), #8096, 'distance_accuracy_value', 'NONE');
#9243 = VERTEX_POINT ( 'NONE', #962 ) ;
#9244 =( NAMED_UNIT ( * ) SI_UNIT ( $, .STERADIAN. ) SOLID_ANGLE_UNIT ( ) );
#9245 = CARTESIAN_POINT ( 'NONE',  ( -0.3750000000000000000, 0.2000000000000000111, 2.250000000000000444 ) ) ;
#9246 = LINE ( 'NONE', #9289, #1521 ) ;
#9247 = AXIS2_PLACEMENT_3D ( 'NONE', #369, #3278, #1867 ) ;
#9248 = EDGE_CURVE ( 'NONE', #4381, #8504, #4027, .T. ) ;
#9249 = EDGE_CURVE ( 'NONE', #2074, #8376, #5559, .T. ) ;
#9250 = CARTESIAN_POINT ( 'NONE',  ( 0.000000000000000000, 0.1749999999999999889, 0.000000000000000000 ) ) ;
#9251 = VECTOR ( 'NONE', #5340, 1000.000000000000000 ) ;
#9252 = DIRECTION ( 'NONE',  ( 0.000000000000000000, 0.000000000000000000, -1.000000000000000000 ) ) ;
#9253 = LINE ( 'NONE', #1504, #4071 ) ;
#9254 = SURFACE_SIDE_STYLE ('',( #7678 ) ) ;
#9255 = ORIENTED_EDGE ( 'NONE', *, *, #1273, .T. ) ;
#9256 = AXIS2_PLACEMENT_3D ( 'NONE', #6659, #6609, #9675 ) ;
#9257 = CIRCLE ( 'NONE', #5926, 0.09999999999999996392 ) ;
#9258 = SURFACE_SIDE_STYLE ('',( #872 ) ) ;
#9259 = EDGE_CURVE ( 'NONE', #3095, #5652, #7515, .T. ) ;
#9260 = CARTESIAN_POINT ( 'NONE',  ( -1.250000000000000000, 0.1749999999999999889, -1.625000000000000444 ) ) ;
#9261 = DIRECTION ( 'NONE',  ( -1.000000000000000000, -0.000000000000000000, -0.000000000000000000 ) ) ;
#9262 = AXIS2_PLACEMENT_3D ( 'NONE', #7866, #7167, #8702 ) ;
#9263 = ORIENTED_EDGE ( 'NONE', *, *, #1792, .T. ) ;
#9264 = LINE ( 'NONE', #4738, #6025 ) ;
#9265 = ORIENTED_EDGE ( 'NONE', *, *, #2269, .T. ) ;
#9266 =( NAMED_UNIT ( * ) PLANE_ANGLE_UNIT ( ) SI_UNIT ( $, .RADIAN. ) );
#9267 = AXIS2_PLACEMENT_3D ( 'NONE', #572, #3728, #3627 ) ;
#9268 = EDGE_CURVE ( 'NONE', #6113, #9275, #36, .T. ) ;
#9269 = CARTESIAN_POINT ( 'NONE',  ( -1.243309800894466965, 0.9238392649474657103, -2.154368729000466054 ) ) ;
#9270 = DIRECTION ( 'NONE',  ( -0.000000000000000000, -1.000000000000000000, -0.000000000000000000 ) ) ;
#9271 = VERTEX_POINT ( 'NONE', #6144 ) ;
#9272 = DIRECTION ( 'NONE',  ( 0.000000000000000000, 0.000000000000000000, -1.000000000000000000 ) ) ;
#9273 = DIRECTION ( 'NONE',  ( -1.000000000000000000, -0.000000000000000000, -0.000000000000000000 ) ) ;
#9274 = CARTESIAN_POINT ( 'NONE',  ( 1.250000000000000000, 0.1749999999999999889, -0.3749999999999998890 ) ) ;
#9275 = VERTEX_POINT ( 'NONE', #2265 ) ;
#9276 = EDGE_CURVE ( 'NONE', #1309, #554, #956, .T. ) ;
#9277 = CARTESIAN_POINT ( 'NONE',  ( 0.000000000000000000, 0.1749999999999999889, 0.000000000000000000 ) ) ;
#9278 = CARTESIAN_POINT ( 'NONE',  ( -0.9749999999999999778, 0.2000000000000000111, 1.875000000000000000 ) ) ;
#9279 = CARTESIAN_POINT ( 'NONE',  ( -0.3750000000000000000, 0.000000000000000000, 1.975000000000000089 ) ) ;
#9280 = VERTEX_POINT ( 'NONE', #6804 ) ;
#9281 = CARTESIAN_POINT ( 'NONE',  ( 0.000000000000000000, 0.000000000000000000, 1.375000000000000000 ) ) ;
#9282 = ORIENTED_EDGE ( 'NONE', *, *, #8699, .T. ) ;
#9283 = CARTESIAN_POINT ( 'NONE',  ( -0.9749999999999999778, 0.000000000000000000, -0.3750000000000000000 ) ) ;
#9284 = EDGE_LOOP ( 'NONE', ( #3969, #578, #3759, #9328 ) ) ;
#9285 = FACE_OUTER_BOUND ( 'NONE', #9236, .T. ) ;
#9286 = VERTEX_POINT ( 'NONE', #6050 ) ;
#9287 = VECTOR ( 'NONE', #5021, 1000.000000000000000 ) ;
#9288 = PRESENTATION_STYLE_ASSIGNMENT (( #8608 ) ) ;
#9289 = CARTESIAN_POINT ( 'NONE',  ( -1.250000000000000000, 0.2000000000000000111, -0.6250000000000000000 ) ) ;
#9290 = DIRECTION ( 'NONE',  ( 0.000000000000000000, 0.000000000000000000, 1.000000000000000000 ) ) ;
#9291 = FACE_OUTER_BOUND ( 'NONE', #6240, .T. ) ;
#9292 = CARTESIAN_POINT ( 'NONE',  ( 0.9749999999999999778, 0.000000000000000000, 0.7500000000000000000 ) ) ;
#9293 = PRODUCT_DEFINITION ( 'UNKNOWN', '', #2730, #9042 ) ;
#9294 = DIRECTION ( 'NONE',  ( 0.000000000000000000, 0.000000000000000000, -1.000000000000000000 ) ) ;
#9295 = ADVANCED_FACE ( 'NONE', ( #1529 ), #5332, .F. ) ;
#9296 = AXIS2_PLACEMENT_3D ( 'NONE', #4246, #7927, #1078 ) ;
#9297 = DIRECTION ( 'NONE',  ( 0.000000000000000000, 0.000000000000000000, -1.000000000000000000 ) ) ;
#9298 = CIRCLE ( 'NONE', #5022, 0.1249999999999998890 ) ;
#9299 = PLANE ( 'NONE',  #3192 ) ;
#9300 = DIRECTION ( 'NONE',  ( -0.000000000000000000, 1.000000000000000000, 0.000000000000000000 ) ) ;
#9301 = CARTESIAN_POINT ( 'NONE',  ( 0.9749999999999999778, 0.000000000000000000, 1.125000000000000222 ) ) ;
#9302 = VECTOR ( 'NONE', #1417, 1000.000000000000000 ) ;
#9303 = EDGE_LOOP ( 'NONE', ( #8880, #857, #3430, #6907 ) ) ;
#9304 = STYLED_ITEM ( 'NONE', ( #1230 ), #1292 ) ;
#9305 = EDGE_CURVE ( 'NONE', #1265, #50, #4560, .T. ) ;
#9306 = CARTESIAN_POINT ( 'NONE',  ( 1.250000000000000000, -0.04000000000000000083, 0.6250000000000000000 ) ) ;
#9307 = EDGE_CURVE ( 'NONE', #6977, #7136, #6900, .T. ) ;
#9308 =( NAMED_UNIT ( * ) PLANE_ANGLE_UNIT ( ) SI_UNIT ( $, .RADIAN. ) );
#9309 = ORIENTED_EDGE ( 'NONE', *, *, #6921, .T. ) ;
#9310 = VECTOR ( 'NONE', #6019, 1000.000000000000000 ) ;
#9311 =( NAMED_UNIT ( * ) SI_UNIT ( $, .STERADIAN. ) SOLID_ANGLE_UNIT ( ) );
#9312 = FACE_OUTER_BOUND ( 'NONE', #2729, .T. ) ;
#9313 = ORIENTED_EDGE ( 'NONE', *, *, #6936, .F. ) ;
#9314 = EDGE_CURVE ( 'NONE', #5498, #4340, #7645, .T. ) ;
#9315 = ORIENTED_EDGE ( 'NONE', *, *, #5685, .T. ) ;
#9316 = VERTEX_POINT ( 'NONE', #2219 ) ;
#9317 = PRESENTATION_LAYER_ASSIGNMENT (  '', '', ( #6321 ) ) ;
#9318 = FILL_AREA_STYLE_COLOUR ( '', #4490 ) ;
#9319 = PLANE ( 'NONE',  #5257 ) ;
#9320 = CARTESIAN_POINT ( 'NONE',  ( 0.9749999999999999778, -0.04000000000000000083, -1.625000000000000222 ) ) ;
#9321 = LINE ( 'NONE', #2474, #5052 ) ;
#9322 = ORIENTED_EDGE ( 'NONE', *, *, #5790, .T. ) ;
#9323 = UNCERTAINTY_MEASURE_WITH_UNIT (LENGTH_MEASURE( 1.000000000000000082E-05 ), #1760, 'distance_accuracy_value', 'NONE');
#9324 = FACE_OUTER_BOUND ( 'NONE', #9139, .T. ) ;
#9325 =( NAMED_UNIT ( * ) SI_UNIT ( $, .STERADIAN. ) SOLID_ANGLE_UNIT ( ) );
#9326 = CARTESIAN_POINT ( 'NONE',  ( -1.250000000000000000, 0.000000000000000000, -2.250000000000000444 ) ) ;
#9327 = AXIS2_PLACEMENT_3D ( 'NONE', #4655, #9159, #5330 ) ;
#9328 = ORIENTED_EDGE ( 'NONE', *, *, #4708, .T. ) ;
#9329 = FACE_OUTER_BOUND ( 'NONE', #4318, .T. ) ;
#9330 = EDGE_LOOP ( 'NONE', ( #7743, #8973, #7847, #7056 ) ) ;
#9331 = EDGE_CURVE ( 'NONE', #9127, #6368, #3800, .T. ) ;
#9332 = CARTESIAN_POINT ( 'NONE',  ( 0.1250000000000000000, 0.000000000000000000, 2.250000000000000444 ) ) ;
#9333 = ORIENTED_EDGE ( 'NONE', *, *, #2846, .T. ) ;
#9334 = DIRECTION ( 'NONE',  ( 0.4082482904638640164, -0.8164965809277250353, -0.4082482904638640164 ) ) ;
#9335 = CARTESIAN_POINT ( 'NONE',  ( 0.2500000000000000000, 0.000000000000000000, 1.850000000000000089 ) ) ;
#9336 = UNCERTAINTY_MEASURE_WITH_UNIT (LENGTH_MEASURE( 1.000000000000000082E-05 ), #3554, 'distance_accuracy_value', 'NONE');
#9337 = VERTEX_POINT ( 'NONE', #3046 ) ;
#9338 = VECTOR ( 'NONE', #596, 1000.000000000000000 ) ;
#9339 = CARTESIAN_POINT ( 'NONE',  ( 0.1250000000000000000, 0.000000000000000000, -2.250000000000000444 ) ) ;
#9340 = CARTESIAN_POINT ( 'NONE',  ( 1.250000000000000000, 0.1749999999999999889, -1.125000000000000222 ) ) ;
#9341 = DIRECTION ( 'NONE',  ( 0.000000000000000000, -0.000000000000000000, -1.000000000000000000 ) ) ;
#9342 = COLOUR_RGB ( '',0.8313725490196077761, 0.8313725490196077761, 0.8313725490196077761 ) ;
#9343 = PRESENTATION_LAYER_ASSIGNMENT (  '', '', ( #4099 ) ) ;
#9344 = LINE ( 'NONE', #7815, #6485 ) ;
#9345 = DIRECTION ( 'NONE',  ( 0.000000000000000000, 0.000000000000000000, -1.000000000000000000 ) ) ;
#9346 = DIRECTION ( 'NONE',  ( 0.000000000000000000, 0.000000000000000000, 1.000000000000000000 ) ) ;
#9347 = AXIS2_PLACEMENT_3D ( 'NONE', #2550, #1899, #5764 ) ;
#9348 = EDGE_CURVE ( 'NONE', #533, #25, #9119, .T. ) ;
#9349 = DIRECTION ( 'NONE',  ( 0.000000000000000000, 0.000000000000000000, 1.000000000000000000 ) ) ;
#9350 = CARTESIAN_POINT ( 'NONE',  ( 0.5000000000000000000, 0.06000000000000000472, 1.500000000000000000 ) ) ;
#9351 = AXIS2_PLACEMENT_3D ( 'NONE', #8189, #8864, #1188 ) ;
#9352 = CIRCLE ( 'NONE', #7776, 0.09999999999999982514 ) ;
#9353 = SURFACE_STYLE_FILL_AREA ( #3227 ) ;
#9354 = STYLED_ITEM ( 'NONE', ( #5994 ), #6245 ) ;
#9355 = FILL_AREA_STYLE ('',( #6388 ) ) ;
#9356 = CARTESIAN_POINT ( 'NONE',  ( -0.5000000000000000000, 0.1000000000000000056, 1.500000000000000000 ) ) ;
#9357 = ORIENTED_EDGE ( 'NONE', *, *, #6608, .T. ) ;
#9358 = COLOUR_RGB ( '',0.8313725490196077761, 0.8313725490196077761, 0.8313725490196077761 ) ;
#9359 = SURFACE_SIDE_STYLE ('',( #4596 ) ) ;
#9360 = ORIENTED_EDGE ( 'NONE', *, *, #4118, .F. ) ;
#9361 = EDGE_LOOP ( 'NONE', ( #2436, #748, #7785, #5755 ) ) ;
#9362 = MECHANICAL_DESIGN_GEOMETRIC_PRESENTATION_REPRESENTATION (  '', ( #3799 ), #8895 ) ;
#9363 = DIRECTION ( 'NONE',  ( 0.000000000000000000, -1.000000000000000000, -0.000000000000000000 ) ) ;
#9364 = PLANE ( 'NONE',  #9496 ) ;
#9365 = CIRCLE ( 'NONE', #1707, 0.1250000000000000000 ) ;
#9366 = LINE ( 'NONE', #4749, #1813 ) ;
#9367 = ADVANCED_FACE ( 'NONE', ( #5850 ), #5750, .T. ) ;
#9368 = STYLED_ITEM ( 'NONE', ( #1218 ), #6643 ) ;
#9369 = ADVANCED_FACE ( 'NONE', ( #2117 ), #6710, .T. ) ;
#9370 = MECHANICAL_DESIGN_GEOMETRIC_PRESENTATION_REPRESENTATION (  '', ( #4461 ), #1561 ) ;
#9371 =( NAMED_UNIT ( * ) PLANE_ANGLE_UNIT ( ) SI_UNIT ( $, .RADIAN. ) );
#9372 =( GEOMETRIC_REPRESENTATION_CONTEXT ( 3 ) GLOBAL_UNCERTAINTY_ASSIGNED_CONTEXT ( ( #7751 ) ) GLOBAL_UNIT_ASSIGNED_CONTEXT ( ( #4634, #1608, #6880 ) ) REPRESENTATION_CONTEXT ( 'NONE', 'WORKASPACE' ) );
#9373 = PLANE ( 'NONE',  #2812 ) ;
#9374 = PRESENTATION_LAYER_ASSIGNMENT (  '', '', ( #4305 ) ) ;
#9375 = VECTOR ( 'NONE', #493, 1000.000000000000000 ) ;
#9376 = LINE ( 'NONE', #9426, #9559 ) ;
#9377 = EDGE_LOOP ( 'NONE', ( #1941, #713, #5679, #9322 ) ) ;
#9378 = CARTESIAN_POINT ( 'NONE',  ( -0.1250000000000000000, 0.000000000000000000, 0.000000000000000000 ) ) ;
#9379 = EDGE_CURVE ( 'NONE', #5166, #3183, #3443, .T. ) ;
#9380 = PLANE ( 'NONE',  #3015 ) ;
#9381 = DIRECTION ( 'NONE',  ( 0.000000000000000000, 0.000000000000000000, 1.000000000000000000 ) ) ;
#9382 = AXIS2_PLACEMENT_3D ( 'NONE', #8350, #3756, #4570 ) ;
#9383 = EDGE_LOOP ( 'NONE', ( #3976, #1852, #355, #4469 ) ) ;
#9384 = PLANE ( 'NONE',  #3573 ) ;
#9385 = EDGE_LOOP ( 'NONE', ( #9436, #2433, #5979, #6103 ) ) ;
#9386 = CARTESIAN_POINT ( 'NONE',  ( 0.9749999999999999778, -0.04000000000000000083, 0.6250000000000000000 ) ) ;
#9387 = ORIENTED_EDGE ( 'NONE', *, *, #3384, .F. ) ;
#9388 = DIRECTION ( 'NONE',  ( -0.000000000000000000, 1.000000000000000000, 0.000000000000000000 ) ) ;
#9389 = ORIENTED_EDGE ( 'NONE', *, *, #1620, .F. ) ;
#9390 = PLANE ( 'NONE',  #6725 ) ;
#9391 = AXIS2_PLACEMENT_3D ( 'NONE', #4314, #7447, #9622 ) ;
#9392 = EDGE_CURVE ( 'NONE', #7547, #4259, #2899, .T. ) ;
#9393 = SURFACE_STYLE_USAGE ( .BOTH. , #4828 ) ;
#9394 = FILL_AREA_STYLE ('',( #7906 ) ) ;
#9395 = DIRECTION ( 'NONE',  ( 0.000000000000000000, 1.000000000000000000, 0.000000000000000000 ) ) ;
#9396 = DIRECTION ( 'NONE',  ( 0.000000000000000000, -1.000000000000000000, 0.000000000000000000 ) ) ;
#9397 = DIRECTION ( 'NONE',  ( 0.000000000000000000, 1.000000000000000000, 0.000000000000000000 ) ) ;
#9398 = PRESENTATION_LAYER_ASSIGNMENT (  '', '', ( #2692 ) ) ;
#9399 = CARTESIAN_POINT ( 'NONE',  ( 0.1250000000000000000, 0.2000000000000000111, 2.250000000000000444 ) ) ;
#9400 = VERTEX_POINT ( 'NONE', #5388 ) ;
#9401 = ORIENTED_EDGE ( 'NONE', *, *, #9248, .F. ) ;
#9402 =( LENGTH_UNIT ( ) NAMED_UNIT ( * ) SI_UNIT ( .MILLI., .METRE. ) );
#9403 = DIRECTION ( 'NONE',  ( 1.000000000000000000, 0.000000000000000000, 0.000000000000000000 ) ) ;
#9404 = COLOUR_RGB ( '',0.8313725490196077761, 0.8313725490196077761, 0.8313725490196077761 ) ;
#9405 = AXIS2_PLACEMENT_3D ( 'NONE', #6464, #8057, #4966 ) ;
#9406 = EDGE_CURVE ( 'NONE', #8103, #1808, #9215, .T. ) ;
#9407 = FILL_AREA_STYLE ('',( #3268 ) ) ;
#9408 = PRESENTATION_LAYER_ASSIGNMENT (  '', '', ( #4501 ) ) ;
#9409 = FILL_AREA_STYLE ('',( #3323 ) ) ;
#9410 = MANIFOLD_SOLID_BREP ( 'Imported3', #4754 ) ;
#9411 = DIRECTION ( 'NONE',  ( 0.000000000000000000, -1.000000000000000000, -0.000000000000000000 ) ) ;
#9412 = VERTEX_POINT ( 'NONE', #3142 ) ;
#9413 = COLOUR_RGB ( '',0.8313725490196077761, 0.8313725490196077761, 0.8313725490196077761 ) ;
#9414 = SURFACE_SIDE_STYLE ('',( #8714 ) ) ;
#9415 = CIRCLE ( 'NONE', #7681, 0.1250000000000001110 ) ;
#9416 = CARTESIAN_POINT ( 'NONE',  ( 1.250000000000000000, 0.1749999999999999889, -0.8749999999999998890 ) ) ;
#9417 = ORIENTED_EDGE ( 'NONE', *, *, #2819, .F. ) ;
#9418 = PLANE ( 'NONE',  #7772 ) ;
#9419 = DIRECTION ( 'NONE',  ( -0.000000000000000000, 1.000000000000000000, 0.000000000000000000 ) ) ;
#9420 = VERTEX_POINT ( 'NONE', #6943 ) ;
#9421 = FACE_OUTER_BOUND ( 'NONE', #5771, .T. ) ;
#9422 = EDGE_LOOP ( 'NONE', ( #341, #2484, #3187, #8237 ) ) ;
#9423 = EDGE_CURVE ( 'NONE', #2281, #1938, #6884, .T. ) ;
#9424 = EDGE_CURVE ( 'NONE', #6313, #4662, #1954, .T. ) ;
#9425 = CARTESIAN_POINT ( 'NONE',  ( 1.250000000000000000, 0.000000000000000000, -1.625000000000000444 ) ) ;
#9426 = CARTESIAN_POINT ( 'NONE',  ( 1.250000000000000000, 0.000000000000000000, 2.250000000000000444 ) ) ;
#9427 = EDGE_LOOP ( 'NONE', ( #9481, #1480, #9219, #8868 ) ) ;
#9428 = UNCERTAINTY_MEASURE_WITH_UNIT (LENGTH_MEASURE( 1.000000000000000082E-05 ), #6997, 'distance_accuracy_value', 'NONE');
#9429 =( NAMED_UNIT ( * ) PLANE_ANGLE_UNIT ( ) SI_UNIT ( $, .RADIAN. ) );
#9430 = CARTESIAN_POINT ( 'NONE',  ( 0.5999999999999999778, 0.1000000000000000056, -1.600000000000000089 ) ) ;
#9431 = ORIENTED_EDGE ( 'NONE', *, *, #7222, .T. ) ;
#9432 = DIRECTION ( 'NONE',  ( 0.000000000000000000, 1.000000000000000000, 0.000000000000000000 ) ) ;
#9433 = VERTEX_POINT ( 'NONE', #2799 ) ;
#9434 = CARTESIAN_POINT ( 'NONE',  ( 1.250000000000000000, 0.000000000000000000, -2.250000000000000444 ) ) ;
#9435 = ORIENTED_EDGE ( 'NONE', *, *, #2582, .T. ) ;
#9436 = ORIENTED_EDGE ( 'NONE', *, *, #5086, .T. ) ;
#9437 = EDGE_CURVE ( 'NONE', #5910, #5188, #9743, .T. ) ;
#9438 = FILL_AREA_STYLE ('',( #8109 ) ) ;
#9439 = UNCERTAINTY_MEASURE_WITH_UNIT (LENGTH_MEASURE( 1.000000000000000082E-05 ), #7072, 'distance_accuracy_value', 'NONE');
#9440 = CARTESIAN_POINT ( 'NONE',  ( 1.250000000000000000, 0.2000000000000000111, 0.3750000000000000000 ) ) ;
#9441 = FILL_AREA_STYLE ('',( #7157 ) ) ;
#9442 = FACE_OUTER_BOUND ( 'NONE', #5500, .T. ) ;
#9443 = CARTESIAN_POINT ( 'NONE',  ( -1.101267602304403015, 0.9749999999999999778, -1.906973737428892424 ) ) ;
#9444 = DIRECTION ( 'NONE',  ( 1.000000000000000000, 0.000000000000000000, 0.000000000000000000 ) ) ;
#9445 = MANIFOLD_SOLID_BREP ( 'Imported17', #6993 ) ;
#9446 = PRESENTATION_STYLE_ASSIGNMENT (( #7165 ) ) ;
#9447 = CARTESIAN_POINT ( 'NONE',  ( 1.058158727481961936, 1.041934131648606154, -2.174094889548319198 ) ) ;
#9448 = CARTESIAN_POINT ( 'NONE',  ( -1.149999999999999911, 0.9197213595499960093, -2.239442719099991486 ) ) ;
#9449 = VERTEX_POINT ( 'NONE', #9278 ) ;
#9450 = EDGE_CURVE ( 'NONE', #3225, #4320, #4484, .T. ) ;
#9451 = DIRECTION ( 'NONE',  ( 1.000000000000000000, 0.000000000000000000, -0.000000000000000000 ) ) ;
#9452 = COLOUR_RGB ( '',0.8313725490196077761, 0.8313725490196077761, 0.8313725490196077761 ) ;
#9453 = DIRECTION ( 'NONE',  ( -0.000000000000000000, -0.000000000000000000, -1.000000000000000000 ) ) ;
#9454 = CARTESIAN_POINT ( 'NONE',  ( -1.250000000000000000, 0.1749999999999999889, -2.250000000000000444 ) ) ;
#9455 = LINE ( 'NONE', #2609, #2115 ) ;
#9456 = VERTEX_POINT ( 'NONE', #7607 ) ;
#9457 = CARTESIAN_POINT ( 'NONE',  ( -0.6250000000000000000, 0.8750000000000000000, 2.149999999999999911 ) ) ;
#9458 = EDGE_CURVE ( 'NONE', #2346, #9733, #6866, .T. ) ;
#9459 = VECTOR ( 'NONE', #4713, 1000.000000000000000 ) ;
#9460 = ORIENTED_EDGE ( 'NONE', *, *, #1099, .F. ) ;
#9461 = VECTOR ( 'NONE', #5024, 1000.000000000000000 ) ;
#9462 = PLANE ( 'NONE',  #8081 ) ;
#9463 =( LENGTH_UNIT ( ) NAMED_UNIT ( * ) SI_UNIT ( .MILLI., .METRE. ) );
#9464 = DIRECTION ( 'NONE',  ( 0.000000000000000000, 0.000000000000000000, 1.000000000000000000 ) ) ;
#9465 = ADVANCED_FACE ( 'NONE', ( #4625 ), #801, .F. ) ;
#9466 = CARTESIAN_POINT ( 'NONE',  ( 0.9749999999999999778, -0.04000000000000000083, 1.625000000000000222 ) ) ;
#9467 = ORIENTED_EDGE ( 'NONE', *, *, #9348, .F. ) ;
#9468 = SURFACE_STYLE_FILL_AREA ( #2479 ) ;
#9469 = ORIENTED_EDGE ( 'NONE', *, *, #1465, .F. ) ;
#9471 = ORIENTED_EDGE ( 'NONE', *, *, #1382, .F. ) ;
#9470 = SURFACE_SIDE_STYLE ('',( #8877 ) ) ;
#9472 = PRESENTATION_LAYER_ASSIGNMENT (  '', '', ( #2789 ) ) ;
#9473 = ORIENTED_EDGE ( 'NONE', *, *, #469, .T. ) ;
#9474 = CARTESIAN_POINT ( 'NONE',  ( 0.9749999999999999778, 0.2000000000000000111, -0.1250000000000000000 ) ) ;
#9475 = VERTEX_POINT ( 'NONE', #2028 ) ;
#9476 = CARTESIAN_POINT ( 'NONE',  ( -1.250000000000000000, 0.000000000000000000, -0.1250000000000000000 ) ) ;
#9477 = ORIENTED_EDGE ( 'NONE', *, *, #2201, .T. ) ;
#9478 = CARTESIAN_POINT ( 'NONE',  ( 0.9749999999999999778, -0.04000000000000000083, -1.750000000000000000 ) ) ;
#9479 = DIRECTION ( 'NONE',  ( 0.000000000000000000, 0.000000000000000000, -1.000000000000000000 ) ) ;
#9480 =( LENGTH_UNIT ( ) NAMED_UNIT ( * ) SI_UNIT ( .MILLI., .METRE. ) );
#9481 = ORIENTED_EDGE ( 'NONE', *, *, #8519, .F. ) ;
#9482 = CYLINDRICAL_SURFACE ( 'NONE', #7356, 0.09999999999999982514 ) ;
#9483 =( NAMED_UNIT ( * ) SI_UNIT ( $, .STERADIAN. ) SOLID_ANGLE_UNIT ( ) );
#9484 = FILL_AREA_STYLE_COLOUR ( '', #3137 ) ;
#9485 = MANIFOLD_SOLID_BREP ( 'Imported16', #5538 ) ;
#9486 = STYLED_ITEM ( 'NONE', ( #3853 ), #5663 ) ;
#9487 = PLANE ( 'NONE',  #9347 ) ;
#9488 = ADVANCED_FACE ( 'NONE', ( #4575 ), #910, .T. ) ;
#9489 = FACE_BOUND ( 'NONE', #8832, .T. ) ;
#9490 = COLOUR_RGB ( '',0.8313725490196077761, 0.8313725490196077761, 0.8313725490196077761 ) ;
#9491 = CARTESIAN_POINT ( 'NONE',  ( 1.154368729000466276, 0.9238392649474657103, -2.243309800894466743 ) ) ;
#9492 = SURFACE_SIDE_STYLE ('',( #8616 ) ) ;
#9493 = SURFACE_STYLE_USAGE ( .BOTH. , #3315 ) ;
#9494 = ORIENTED_EDGE ( 'NONE', *, *, #649, .F. ) ;
#9495 = ORIENTED_EDGE ( 'NONE', *, *, #7861, .F. ) ;
#9496 = AXIS2_PLACEMENT_3D ( 'NONE', #2039, #5197, #540 ) ;
#9497 = DIRECTION ( 'NONE',  ( 0.000000000000000000, 0.000000000000000000, -1.000000000000000000 ) ) ;
#9498 = EDGE_LOOP ( 'NONE', ( #4658, #1534, #8539, #2685 ) ) ;
#9499 = AXIS2_PLACEMENT_3D ( 'NONE', #7973, #2698, #8115 ) ;
#9500 = AXIS2_PLACEMENT_3D ( 'NONE', #5921, #8947, #5409 ) ;
#9501 = DIRECTION ( 'NONE',  ( 1.000000000000000000, 0.000000000000000000, 0.000000000000000000 ) ) ;
#9502 = MECHANICAL_DESIGN_GEOMETRIC_PRESENTATION_REPRESENTATION (  '', ( #3773 ), #6801 ) ;
#9503 = DIRECTION ( 'NONE',  ( 0.000000000000000000, 1.000000000000000000, 0.000000000000000000 ) ) ;
#9504 = PRESENTATION_LAYER_ASSIGNMENT (  '', '', ( #3139 ) ) ;
#9505 = CARTESIAN_POINT ( 'NONE',  ( -0.1250000000000000000, 0.1749999999999999889, 1.975000000000000089 ) ) ;
#9506 = FILL_AREA_STYLE_COLOUR ( '', #6201 ) ;
#9507 =( GEOMETRIC_REPRESENTATION_CONTEXT ( 3 ) GLOBAL_UNCERTAINTY_ASSIGNED_CONTEXT ( ( #3868 ) ) GLOBAL_UNIT_ASSIGNED_CONTEXT ( ( #3491, #2723, #2774 ) ) REPRESENTATION_CONTEXT ( 'NONE', 'WORKASPACE' ) );
#9508 = CARTESIAN_POINT ( 'NONE',  ( 0.000000000000000000, 0.000000000000000000, -0.3750000000000000000 ) ) ;
#9509 = MECHANICAL_DESIGN_GEOMETRIC_PRESENTATION_REPRESENTATION (  '', ( #4597 ), #9517 ) ;
#9510 = CARTESIAN_POINT ( 'NONE',  ( -1.250000000000000000, 0.000000000000000000, -0.6250000000000000000 ) ) ;
#9511 = DIRECTION ( 'NONE',  ( 0.000000000000000000, 0.000000000000000000, 1.000000000000000000 ) ) ;
#9512 = CARTESIAN_POINT ( 'NONE',  ( -0.1250000000000000000, 0.000000000000000000, 2.250000000000000444 ) ) ;
#9513 = CARTESIAN_POINT ( 'NONE',  ( 0.000000000000000000, 0.9749999999999999778, -2.149999999999999911 ) ) ;
#9514 = APPLICATION_CONTEXT ( 'automotive_design' ) ;
#9515 = ADVANCED_FACE ( 'NONE', ( #8793 ), #1048, .T. ) ;
#9516 = VECTOR ( 'NONE', #5359, 1000.000000000000000 ) ;
#9517 =( GEOMETRIC_REPRESENTATION_CONTEXT ( 3 ) GLOBAL_UNCERTAINTY_ASSIGNED_CONTEXT ( ( #9738 ) ) GLOBAL_UNIT_ASSIGNED_CONTEXT ( ( #6612, #8153, #4364 ) ) REPRESENTATION_CONTEXT ( 'NONE', 'WORKASPACE' ) );
#9518 = VERTEX_POINT ( 'NONE', #4912 ) ;
#9519 = ORIENTED_EDGE ( 'NONE', *, *, #5293, .F. ) ;
#9520 = DIRECTION ( 'NONE',  ( -1.000000000000000000, 0.000000000000000000, -0.000000000000000000 ) ) ;
#9521 = DIRECTION ( 'NONE',  ( -0.000000000000000000, 1.000000000000000000, 0.000000000000000000 ) ) ;
#9522 = EDGE_LOOP ( 'NONE', ( #9862, #4272, #7716, #9587 ) ) ;
#9523 = UNCERTAINTY_MEASURE_WITH_UNIT (LENGTH_MEASURE( 1.000000000000000082E-05 ), #3063, 'distance_accuracy_value', 'NONE');
#9524 = VECTOR ( 'NONE', #8498, 1000.000000000000000 ) ;
#9525 = CIRCLE ( 'NONE', #5543, 0.1250000000000000000 ) ;
#9526 = ADVANCED_FACE ( 'NONE', ( #1108 ), #6514, .T. ) ;
#9527 = CARTESIAN_POINT ( 'NONE',  ( 0.000000000000000000, 0.1749999999999999889, 0.000000000000000000 ) ) ;
#9528 = VERTEX_POINT ( 'NONE', #6459 ) ;
#9529 = EDGE_LOOP ( 'NONE', ( #138, #3709, #9720, #3736 ) ) ;
#9530 = COLOUR_RGB ( '',0.8313725490196077761, 0.8313725490196077761, 0.8313725490196077761 ) ;
#9531 =( GEOMETRIC_REPRESENTATION_CONTEXT ( 3 ) GLOBAL_UNCERTAINTY_ASSIGNED_CONTEXT ( ( #8146 ) ) GLOBAL_UNIT_ASSIGNED_CONTEXT ( ( #5856, #1352, #8104 ) ) REPRESENTATION_CONTEXT ( 'NONE', 'WORKASPACE' ) );
#9532 = VERTEX_POINT ( 'NONE', #1886 ) ;
#9533 = LINE ( 'NONE', #7054, #8118 ) ;
#9534 = ORIENTED_EDGE ( 'NONE', *, *, #2108, .T. ) ;
#9535 = ORIENTED_EDGE ( 'NONE', *, *, #9574, .F. ) ;
#9536 = CARTESIAN_POINT ( 'NONE',  ( -1.184165146386241485, 0.9327350269189628174, -2.231304907451682862 ) ) ;
#9537 = CARTESIAN_POINT ( 'NONE',  ( 0.000000000000000000, 0.2000000000000000111, 0.000000000000000000 ) ) ;
#9538 = ORIENTED_EDGE ( 'NONE', *, *, #5352, .T. ) ;
#9539 = UNCERTAINTY_MEASURE_WITH_UNIT (LENGTH_MEASURE( 1.000000000000000082E-05 ), #4238, 'distance_accuracy_value', 'NONE');
#9540 = SURFACE_STYLE_USAGE ( .BOTH. , #9594 ) ;
#9541 = DIRECTION ( 'NONE',  ( -0.000000000000000000, -1.000000000000000000, -0.000000000000000000 ) ) ;
#9542 = CARTESIAN_POINT ( 'NONE',  ( 0.000000000000000000, 0.000000000000000000, 0.000000000000000000 ) ) ;
#9543 = MANIFOLD_SOLID_BREP ( 'Wrap1', #4124 ) ;
#9544 = VECTOR ( 'NONE', #5243, 1000.000000000000000 ) ;
#9545 = SURFACE_STYLE_FILL_AREA ( #4876 ) ;
#9546 =( NAMED_UNIT ( * ) PLANE_ANGLE_UNIT ( ) SI_UNIT ( $, .RADIAN. ) );
#9547 = LINE ( 'NONE', #8025, #9209 ) ;
#9548 = LINE ( 'NONE', #3665, #63 ) ;
#9549 =( NAMED_UNIT ( * ) SI_UNIT ( $, .STERADIAN. ) SOLID_ANGLE_UNIT ( ) );
#9550 = VERTEX_POINT ( 'NONE', #4507 ) ;
#9551 = DIRECTION ( 'NONE',  ( 0.000000000000000000, 1.000000000000000000, 0.000000000000000000 ) ) ;
#9552 = PRESENTATION_LAYER_ASSIGNMENT (  '', '', ( #7018 ) ) ;
#9553 = ORIENTED_EDGE ( 'NONE', *, *, #8544, .F. ) ;
#9554 = EDGE_CURVE ( 'NONE', #9412, #9696, #2896, .T. ) ;
#9555 = EDGE_CURVE ( 'NONE', #9762, #6984, #3033, .T. ) ;
#9556 = SURFACE_STYLE_FILL_AREA ( #5029 ) ;
#9557 = PLANE ( 'NONE',  #2196 ) ;
#9558 = VECTOR ( 'NONE', #6722, 1000.000000000000000 ) ;
#9559 = VECTOR ( 'NONE', #2577, 1000.000000000000000 ) ;
#9560 = CYLINDRICAL_SURFACE ( 'NONE', #8065, 0.09999999999999982514 ) ;
#9561 = SURFACE_STYLE_FILL_AREA ( #3624 ) ;
#9562 = VECTOR ( 'NONE', #8337, 1000.000000000000000 ) ;
#9563 = DIRECTION ( 'NONE',  ( 0.000000000000000000, -0.000000000000000000, -1.000000000000000000 ) ) ;
#9564 = AXIS2_PLACEMENT_3D ( 'NONE', #4826, #7103, #6317 ) ;
#9565 = EDGE_CURVE ( 'NONE', #1546, #7170, #9052, .T. ) ;
#9566 = FACE_OUTER_BOUND ( 'NONE', #4428, .T. ) ;
#9567 = FILL_AREA_STYLE ('',( #4249 ) ) ;
#9568 = CARTESIAN_POINT ( 'NONE',  ( -1.250000000000000000, 0.1749999999999999889, -1.125000000000000222 ) ) ;
#9569 = SURFACE_STYLE_USAGE ( .BOTH. , #373 ) ;
#9570 = CIRCLE ( 'NONE', #5434, 0.1249999999999998890 ) ;
#9571 =( LENGTH_UNIT ( ) NAMED_UNIT ( * ) SI_UNIT ( .MILLI., .METRE. ) );
#9572 = CARTESIAN_POINT ( 'NONE',  ( 1.250000000000000000, 0.000000000000000000, -0.1250000000000000000 ) ) ;
#9573 = ORIENTED_EDGE ( 'NONE', *, *, #7439, .F. ) ;
#9574 = EDGE_CURVE ( 'NONE', #2570, #27, #1475, .T. ) ;
#9575 = DIRECTION ( 'NONE',  ( 0.000000000000000000, -0.000000000000000000, -1.000000000000000000 ) ) ;
#9576 = LINE ( 'NONE', #991, #121 ) ;
#9577 = B_SPLINE_CURVE_WITH_KNOTS ( 'NONE', 3,
 ( #8855, #4142, #8033, #1862, #3483, #2568, #8767 ),
 .UNSPECIFIED., .F., .F.,
 ( 4, 1, 1, 1, 4 ),
 ( 0.5000000000000002220, 0.6250000000000000000, 0.7500000000000001110, 0.8750000000000002220, 1.000000000000000000 ),
 .UNSPECIFIED. ) ;
#9578 = CARTESIAN_POINT ( 'NONE',  ( -0.2500000000000000000, 0.000000000000000000, 1.975000000000000089 ) ) ;
#9579 = ORIENTED_EDGE ( 'NONE', *, *, #128, .T. ) ;
#9580 = AXIS2_PLACEMENT_3D ( 'NONE', #3593, #7359, #1931 ) ;
#9581 = COLOUR_RGB ( '',0.8313725490196077761, 0.8313725490196077761, 0.8313725490196077761 ) ;
#9582 = PRESENTATION_STYLE_ASSIGNMENT (( #7451 ) ) ;
#9583 = CARTESIAN_POINT ( 'NONE',  ( -0.9749999999999999778, 0.000000000000000000, 0.3750000000000000000 ) ) ;
#9584 = MECHANICAL_DESIGN_GEOMETRIC_PRESENTATION_REPRESENTATION (  '', ( #3697 ), #5291 ) ;
#9585 = ORIENTED_EDGE ( 'NONE', *, *, #5044, .F. ) ;
#9586 = CYLINDRICAL_SURFACE ( 'NONE', #6537, 0.1249999999999998890 ) ;
#9587 = ORIENTED_EDGE ( 'NONE', *, *, #3283, .F. ) ;
#9588 = ORIENTED_EDGE ( 'NONE', *, *, #7255, .T. ) ;
#9589 = ADVANCED_FACE ( 'NONE', ( #7003 ), #6209, .F. ) ;
#9590 = CARTESIAN_POINT ( 'NONE',  ( -1.154368729000465610, 0.9238392649474663765, -2.243309800894466743 ) ) ;
#9591 = DIRECTION ( 'NONE',  ( 0.000000000000000000, 0.000000000000000000, 1.000000000000000000 ) ) ;
#9592 = CARTESIAN_POINT ( 'NONE',  ( -0.2500000000000000000, 0.000000000000000000, -1.975000000000000089 ) ) ;
#9593 = LINE ( 'NONE', #5809, #798 ) ;
#9594 = SURFACE_SIDE_STYLE ('',( #598 ) ) ;
#9595 = DIRECTION ( 'NONE',  ( 0.7071067811865475727, 0.000000000000000000, -0.7071067811865475727 ) ) ;
#9596 = MANIFOLD_SOLID_BREP ( 'Imported5', #8729 ) ;
#9597 = MECHANICAL_DESIGN_GEOMETRIC_PRESENTATION_REPRESENTATION (  '', ( #8022 ), #5938 ) ;
#9598 = PLANE ( 'NONE',  #5688 ) ;
#9599 = CARTESIAN_POINT ( 'NONE',  ( 0.5999999999999999778, 0.1000000000000000056, -1.600000000000000089 ) ) ;
#9600 = CARTESIAN_POINT ( 'NONE',  ( -0.5999999999999999778, 0.2000000000000000111, 0.000000000000000000 ) ) ;
#9601 = EDGE_LOOP ( 'NONE', ( #2745, #5306, #8041, #7887 ) ) ;
#9602 = DIRECTION ( 'NONE',  ( -0.000000000000000000, 1.000000000000000000, 0.000000000000000000 ) ) ;
#9603 = DIRECTION ( 'NONE',  ( 1.000000000000000000, 0.000000000000000000, -0.000000000000000000 ) ) ;
#9604 = EDGE_LOOP ( 'NONE', ( #5987, #6868, #5843, #2613 ) ) ;
#9605 = DIRECTION ( 'NONE',  ( 0.000000000000000000, 0.000000000000000000, -1.000000000000000000 ) ) ;
#9606 = ORIENTED_EDGE ( 'NONE', *, *, #7212, .T. ) ;
#9607 = SURFACE_STYLE_USAGE ( .BOTH. , #556 ) ;
#9608 = VECTOR ( 'NONE', #1997, 1000.000000000000000 ) ;
#9609 = DIRECTION ( 'NONE',  ( 0.000000000000000000, 0.000000000000000000, 1.000000000000000000 ) ) ;
#9610 = EDGE_CURVE ( 'NONE', #5193, #8524, #5931, .T. ) ;
#9611 = LINE ( 'NONE', #9508, #3870 ) ;
#9612 = DIRECTION ( 'NONE',  ( 0.000000000000000000, 0.000000000000000000, -1.000000000000000000 ) ) ;
#9613 = LINE ( 'NONE', #2770, #2052 ) ;
#9614 = CARTESIAN_POINT ( 'NONE',  ( -0.9749999999999999778, -0.04000000000000000083, -1.125000000000000222 ) ) ;
#9615 = SURFACE_STYLE_USAGE ( .BOTH. , #7349 ) ;
#9616 = DIRECTION ( 'NONE',  ( 1.000000000000000000, 0.000000000000000000, -0.000000000000000000 ) ) ;
#9617 = EDGE_CURVE ( 'NONE', #3349, #3782, #9867, .T. ) ;
#9618 = EDGE_CURVE ( 'NONE', #7136, #7112, #2207, .T. ) ;
#9619 = ORIENTED_EDGE ( 'NONE', *, *, #5095, .F. ) ;
#9620 = PRESENTATION_STYLE_ASSIGNMENT (( #1963 ) ) ;
#9621 = DIRECTION ( 'NONE',  ( 1.000000000000000000, 0.000000000000000000, 0.000000000000000000 ) ) ;
#9622 = DIRECTION ( 'NONE',  ( 0.000000000000000000, 6.505213034913037648E-15, 1.000000000000000000 ) ) ;
#9623 = ORIENTED_EDGE ( 'NONE', *, *, #886, .T. ) ;
#9624 = UNCERTAINTY_MEASURE_WITH_UNIT (LENGTH_MEASURE( 1.000000000000000082E-05 ), #8860, 'distance_accuracy_value', 'NONE');
#9625 = DIRECTION ( 'NONE',  ( 0.000000000000000000, -0.000000000000000000, -1.000000000000000000 ) ) ;
#9626 = SHAPE_DEFINITION_REPRESENTATION ( #5627, #2302 ) ;
#9627 = PRESENTATION_LAYER_ASSIGNMENT (  '', '', ( #7081 ) ) ;
#9628 = SURFACE_SIDE_STYLE ('',( #5148 ) ) ;
#9629 = EDGE_CURVE ( 'NONE', #4454, #1783, #8330, .T. ) ;
#9630 = CIRCLE ( 'NONE', #5325, 0.1249999999999998890 ) ;
#9631 = ORIENTED_EDGE ( 'NONE', *, *, #4948, .T. ) ;
#9632 = ORIENTED_EDGE ( 'NONE', *, *, #7525, .T. ) ;
#9633 = EDGE_LOOP ( 'NONE', ( #3080, #4510, #6895, #6342 ) ) ;
#9634 = ORIENTED_EDGE ( 'NONE', *, *, #4572, .T. ) ;
#9635 = LINE ( 'NONE', #1113, #4964 ) ;
#9636 = EDGE_LOOP ( 'NONE', ( #1045, #5310, #5234, #943 ) ) ;
#9637 = UNCERTAINTY_MEASURE_WITH_UNIT (LENGTH_MEASURE( 1.000000000000000082E-05 ), #9081, 'distance_accuracy_value', 'NONE');
#9638 = DIRECTION ( 'NONE',  ( 0.000000000000000000, -1.000000000000000000, -0.000000000000000000 ) ) ;
#9639 = EDGE_CURVE ( 'NONE', #9136, #4412, #2258, .T. ) ;
#9640 = DIRECTION ( 'NONE',  ( 0.000000000000000000, 0.000000000000000000, 1.000000000000000000 ) ) ;
#9641 = ADVANCED_FACE ( 'NONE', ( #1065 ), #968, .T. ) ;
#9642 = DIRECTION ( 'NONE',  ( 0.000000000000000000, 0.000000000000000000, -1.000000000000000000 ) ) ;
#9643 = ORIENTED_EDGE ( 'NONE', *, *, #6284, .F. ) ;
#9644 = CARTESIAN_POINT ( 'NONE',  ( 0.000000000000000000, 0.2000000000000000111, 0.000000000000000000 ) ) ;
#9645 = FACE_OUTER_BOUND ( 'NONE', #5815, .T. ) ;
#9646 = PRESENTATION_STYLE_ASSIGNMENT (( #8174 ) ) ;
#9647 = ORIENTED_EDGE ( 'NONE', *, *, #4835, .T. ) ;
#9648 = AXIS2_PLACEMENT_3D ( 'NONE', #3517, #1311, #5114 ) ;
#9649 = CARTESIAN_POINT ( 'NONE',  ( 0.9749999999999999778, -0.04000000000000000083, -0.1250000000000000000 ) ) ;
#9650 = MECHANICAL_DESIGN_GEOMETRIC_PRESENTATION_REPRESENTATION (  '', ( #9002 ), #6647 ) ;
#9651 = SURFACE_STYLE_USAGE ( .BOTH. , #7274 ) ;
#9652 =( NAMED_UNIT ( * ) SI_UNIT ( $, .STERADIAN. ) SOLID_ANGLE_UNIT ( ) );
#9653 = CARTESIAN_POINT ( 'NONE',  ( 0.1250000000000000000, 0.1749999999999999889, 1.975000000000000089 ) ) ;
#9654 = MECHANICAL_DESIGN_GEOMETRIC_PRESENTATION_REPRESENTATION (  '', ( #7445 ), #8078 ) ;
#9655 = MECHANICAL_DESIGN_GEOMETRIC_PRESENTATION_REPRESENTATION (  '', ( #2633 ), #6009 ) ;
#9656 = DIRECTION ( 'NONE',  ( 0.000000000000000000, 1.000000000000000000, 0.000000000000000000 ) ) ;
#9657 = DIRECTION ( 'NONE',  ( 1.000000000000000000, 0.000000000000000000, -0.000000000000000000 ) ) ;
#9658 = VECTOR ( 'NONE', #4371, 1000.000000000000000 ) ;
#9659 = VECTOR ( 'NONE', #2146, 1000.000000000000000 ) ;
#9660 = COLOUR_RGB ( '',0.8313725490196077761, 0.8313725490196077761, 0.8313725490196077761 ) ;
#9661 = COLOUR_RGB ( '',0.8313725490196077761, 0.8313725490196077761, 0.8313725490196077761 ) ;
#9662 = DIRECTION ( 'NONE',  ( 0.000000000000000000, 0.000000000000000000, -1.000000000000000000 ) ) ;
#9663 = SURFACE_STYLE_USAGE ( .BOTH. , #1088 ) ;
#9664 = ORIENTED_EDGE ( 'NONE', *, *, #1445, .T. ) ;
#9665 = CARTESIAN_POINT ( 'NONE',  ( -1.250000000000000000, 0.000000000000000000, -2.250000000000000444 ) ) ;
#9666 = STYLED_ITEM ( 'NONE', ( #7956 ), #6198 ) ;
#9667 = ORIENTED_EDGE ( 'NONE', *, *, #1320, .T. ) ;
#9668 = CARTESIAN_POINT ( 'NONE',  ( 0.000000000000000000, 0.000000000000000000, 0.8750000000000000000 ) ) ;
#9669 = CARTESIAN_POINT ( 'NONE',  ( 0.9749999999999999778, 0.000000000000000000, -0.7500000000000000000 ) ) ;
#9670 = EDGE_LOOP ( 'NONE', ( #829, #9519, #1123, #7794 ) ) ;
#9671 = EDGE_CURVE ( 'NONE', #990, #4131, #4817, .T. ) ;
#9672 = EDGE_CURVE ( 'NONE', #3650, #3293, #4926, .T. ) ;
#9673 = VECTOR ( 'NONE', #1661, 1000.000000000000000 ) ;
#9674 = MECHANICAL_DESIGN_GEOMETRIC_PRESENTATION_REPRESENTATION (  '', ( #7301 ), #1540 ) ;
#9675 = DIRECTION ( 'NONE',  ( 0.000000000000000000, 0.000000000000000000, -1.000000000000000000 ) ) ;
#9676 = SURFACE_STYLE_USAGE ( .BOTH. , #6664 ) ;
#9677 = SURFACE_STYLE_FILL_AREA ( #7460 ) ;
#9678 =( GEOMETRIC_REPRESENTATION_CONTEXT ( 3 ) GLOBAL_UNCERTAINTY_ASSIGNED_CONTEXT ( ( #1826 ) ) GLOBAL_UNIT_ASSIGNED_CONTEXT ( ( #6247, #4645, #827 ) ) REPRESENTATION_CONTEXT ( 'NONE', 'WORKASPACE' ) );
#9679 = VERTEX_POINT ( 'NONE', #8223 ) ;
#9680 = EDGE_LOOP ( 'NONE', ( #6759, #633, #1830, #6262 ) ) ;
#9681 = VECTOR ( 'NONE', #5425, 1000.000000000000000 ) ;
#9682 =( NAMED_UNIT ( * ) SI_UNIT ( $, .STERADIAN. ) SOLID_ANGLE_UNIT ( ) );
#9683 = LINE ( 'NONE', #8979, #3445 ) ;
#9684 = ORIENTED_EDGE ( 'NONE', *, *, #5171, .T. ) ;
#9685 =( GEOMETRIC_REPRESENTATION_CONTEXT ( 3 ) GLOBAL_UNCERTAINTY_ASSIGNED_CONTEXT ( ( #3882 ) ) GLOBAL_UNIT_ASSIGNED_CONTEXT ( ( #5795, #8681, #3291 ) ) REPRESENTATION_CONTEXT ( 'NONE', 'WORKASPACE' ) );
#9686 = DIRECTION ( 'NONE',  ( 0.000000000000000000, 0.000000000000000000, -1.000000000000000000 ) ) ;
#9687 = AXIS2_PLACEMENT_3D ( 'NONE', #7549, #3693, #30 ) ;
#9688 = CARTESIAN_POINT ( 'NONE',  ( -1.101267602304402793, 0.9749999999999999778, -1.870822553217770912 ) ) ;
#9689 = AXIS2_PLACEMENT_3D ( 'NONE', #7217, #4838, #8668 ) ;
#9690 = CARTESIAN_POINT ( 'NONE',  ( 1.250000000000000000, 0.000000000000000000, -0.6250000000000000000 ) ) ;
#9691 = VERTEX_POINT ( 'NONE', #5933 ) ;
#9692 = CARTESIAN_POINT ( 'NONE',  ( -1.250000000000000000, -0.04000000000000000083, -1.375000000000000000 ) ) ;
#9693 = SURFACE_SIDE_STYLE ('',( #8311 ) ) ;
#9694 = ORIENTED_EDGE ( 'NONE', *, *, #2108, .F. ) ;
#9695 = EDGE_CURVE ( 'NONE', #8747, #7900, #9705, .T. ) ;
#9696 = VERTEX_POINT ( 'NONE', #620 ) ;
#9697 = AXIS2_PLACEMENT_3D ( 'NONE', #7575, #707, #6079 ) ;
#9698 = VECTOR ( 'NONE', #161, 1000.000000000000000 ) ;
#9699 = EDGE_CURVE ( 'NONE', #8200, #832, #2876, .T. ) ;
#9700 = LINE ( 'NONE', #1170, #475 ) ;
#9701 = LINE ( 'NONE', #8269, #9310 ) ;
#9702 = FILL_AREA_STYLE_COLOUR ( '', #5880 ) ;
#9703 = VERTEX_POINT ( 'NONE', #7505 ) ;
#9704 = SURFACE_STYLE_USAGE ( .BOTH. , #7492 ) ;
#9705 = LINE ( 'NONE', #8955, #8790 ) ;
#9706 = EDGE_CURVE ( 'NONE', #9518, #6840, #7836, .T. ) ;
#9707 = DIRECTION ( 'NONE',  ( -0.000000000000000000, -1.000000000000000000, -0.000000000000000000 ) ) ;
#9708 = VECTOR ( 'NONE', #3562, 1000.000000000000000 ) ;
#9709 = AXIS2_PLACEMENT_3D ( 'NONE', #735, #6104, #2956 ) ;
#9710 = COLOUR_RGB ( '',0.8313725490196077761, 0.8313725490196077761, 0.8313725490196077761 ) ;
#9711 = CARTESIAN_POINT ( 'NONE',  ( 0.9749999999999999778, 0.000000000000000000, -1.250000000000000000 ) ) ;
#9712 = DIRECTION ( 'NONE',  ( 0.000000000000000000, 1.000000000000000000, 0.000000000000000000 ) ) ;
#9713 = SURFACE_STYLE_USAGE ( .BOTH. , #7234 ) ;
#9714 = EDGE_LOOP ( 'NONE', ( #7084, #9282, #6882, #1727 ) ) ;
#9715 =( GEOMETRIC_REPRESENTATION_CONTEXT ( 3 ) GLOBAL_UNCERTAINTY_ASSIGNED_CONTEXT ( ( #1745 ) ) GLOBAL_UNIT_ASSIGNED_CONTEXT ( ( #3113, #6823, #6165 ) ) REPRESENTATION_CONTEXT ( 'NONE', 'WORKASPACE' ) );
#9717 = ORIENTED_EDGE ( 'NONE', *, *, #2998, .F. ) ;
#9716 = FILL_AREA_STYLE_COLOUR ( '', #2478 ) ;
#9718 = DIRECTION ( 'NONE',  ( 0.000000000000000000, 0.000000000000000000, 1.000000000000000000 ) ) ;
#9719 = DIRECTION ( 'NONE',  ( -0.000000000000000000, -1.000000000000000000, -0.000000000000000000 ) ) ;
#9720 = ORIENTED_EDGE ( 'NONE', *, *, #4389, .F. ) ;
#9721 = UNCERTAINTY_MEASURE_WITH_UNIT (LENGTH_MEASURE( 1.000000000000000082E-05 ), #5608, 'distance_accuracy_value', 'NONE');
#9722 = DIRECTION ( 'NONE',  ( 0.000000000000000000, 0.000000000000000000, 1.000000000000000000 ) ) ;
#9723 = VECTOR ( 'NONE', #6106, 1000.000000000000000 ) ;
#9724 = CARTESIAN_POINT ( 'NONE',  ( -1.250000000000000000, 0.000000000000000000, -1.625000000000000222 ) ) ;
#9725 = DIRECTION ( 'NONE',  ( -0.000000000000000000, 1.000000000000000000, 0.000000000000000000 ) ) ;
#9726 = SURFACE_STYLE_FILL_AREA ( #2900 ) ;
#9727 = FILL_AREA_STYLE_COLOUR ( '', #9734 ) ;
#9728 = EDGE_LOOP ( 'NONE', ( #1966, #7636, #1837, #2731 ) ) ;
#9729 = EDGE_CURVE ( 'NONE', #3821, #2000, #4401, .T. ) ;
#9730 = ORIENTED_EDGE ( 'NONE', *, *, #6004, .F. ) ;
#9731 = EDGE_CURVE ( 'NONE', #7253, #533, #635, .T. ) ;
#9732 = DIRECTION ( 'NONE',  ( 0.000000000000000000, -1.000000000000000000, 0.000000000000000000 ) ) ;
#9733 = VERTEX_POINT ( 'NONE', #5985 ) ;
#9734 = COLOUR_RGB ( '',0.8313725490196077761, 0.8313725490196077761, 0.8313725490196077761 ) ;
#9735 = ORIENTED_EDGE ( 'NONE', *, *, #9331, .F. ) ;
#9736 = LINE ( 'NONE', #8936, #5584 ) ;
#9737 = EDGE_LOOP ( 'NONE', ( #7297, #438, #9494, #227 ) ) ;
#9738 = UNCERTAINTY_MEASURE_WITH_UNIT (LENGTH_MEASURE( 1.000000000000000082E-05 ), #6612, 'distance_accuracy_value', 'NONE');
#9739 = DIRECTION ( 'NONE',  ( 0.000000000000000000, -1.000000000000000000, -0.000000000000000000 ) ) ;
#9740 = CARTESIAN_POINT ( 'NONE',  ( 1.204088753711016757, 0.9871673344002966921, 2.156948992645573604 ) ) ;
#9741 = VECTOR ( 'NONE', #717, 1000.000000000000000 ) ;
#9742 = DIRECTION ( 'NONE',  ( 0.000000000000000000, 1.000000000000000000, 0.000000000000000000 ) ) ;
#9743 = LINE ( 'NONE', #2129, #5126 ) ;
#9744 = CARTESIAN_POINT ( 'NONE',  ( 0.000000000000000000, 0.000000000000000000, 0.6250000000000000000 ) ) ;
#9745 = ADVANCED_FACE ( 'NONE', ( #3694 ), #9768, .T. ) ;
#9746 = ORIENTED_EDGE ( 'NONE', *, *, #7918, .F. ) ;
#9747 = LINE ( 'NONE', #2915, #2947 ) ;
#9748 = EDGE_CURVE ( 'NONE', #7904, #1223, #3586, .T. ) ;
#9749 = CARTESIAN_POINT ( 'NONE',  ( 0.9749999999999999778, 0.1749999999999999889, -0.3750000000000000000 ) ) ;
#9750 = DIRECTION ( 'NONE',  ( -1.000000000000000000, -0.000000000000000000, -0.000000000000000000 ) ) ;
#9751 = DIRECTION ( 'NONE',  ( 0.000000000000000000, 0.000000000000000000, 1.000000000000000000 ) ) ;
#9752 =( GEOMETRIC_REPRESENTATION_CONTEXT ( 3 ) GLOBAL_UNCERTAINTY_ASSIGNED_CONTEXT ( ( #9845 ) ) GLOBAL_UNIT_ASSIGNED_CONTEXT ( ( #2719, #3379, #3537 ) ) REPRESENTATION_CONTEXT ( 'NONE', 'WORKASPACE' ) );
#9753 = SURFACE_SIDE_STYLE ('',( #9556 ) ) ;
#9754 = FACE_OUTER_BOUND ( 'NONE', #9737, .T. ) ;
#9755 = PRESENTATION_STYLE_ASSIGNMENT (( #2870 ) ) ;
#9756 = DIRECTION ( 'NONE',  ( 1.000000000000000000, 0.000000000000000000, 0.000000000000000000 ) ) ;
#9757 = CARTESIAN_POINT ( 'NONE',  ( 0.9749999999999999778, 0.2000000000000000111, 1.125000000000000222 ) ) ;
#9758 = CARTESIAN_POINT ( 'NONE',  ( 0.2500000000000000000, 0.000000000000000000, -1.975000000000000089 ) ) ;
#9759 =( NAMED_UNIT ( * ) PLANE_ANGLE_UNIT ( ) SI_UNIT ( $, .RADIAN. ) );
#9760 = CARTESIAN_POINT ( 'NONE',  ( -1.149999999999999911, 0.8750000000000000000, 2.149999999999999911 ) ) ;
#9761 = EDGE_CURVE ( 'NONE', #5951, #1746, #5183, .T. ) ;
#9762 = VERTEX_POINT ( 'NONE', #2825 ) ;
#9763 = ORIENTED_EDGE ( 'NONE', *, *, #3674, .F. ) ;
#9764 =( NAMED_UNIT ( * ) SI_UNIT ( $, .STERADIAN. ) SOLID_ANGLE_UNIT ( ) );
#9765 = STYLED_ITEM ( 'NONE', ( #8399 ), #976 ) ;
#9766 = CARTESIAN_POINT ( 'NONE',  ( -0.5999999999999999778, 0.1000000000000000056, 1.600000000000000089 ) ) ;
#9767 = DIRECTION ( 'NONE',  ( 1.000000000000000000, 0.000000000000000000, 0.000000000000000000 ) ) ;
#9768 = PLANE ( 'NONE',  #9097 ) ;
#9769 = CARTESIAN_POINT ( 'NONE',  ( 1.149999999999999911, 0.9749999999999999778, 2.149999999999999911 ) ) ;
#9770 = PLANE ( 'NONE',  #6709 ) ;
#9771 = ORIENTED_EDGE ( 'NONE', *, *, #2696, .T. ) ;
#9772 = DIRECTION ( 'NONE',  ( 1.000000000000000000, 0.000000000000000000, -0.000000000000000000 ) ) ;
#9773 = EDGE_CURVE ( 'NONE', #25, #2510, #8188, .T. ) ;
#9774 = SURFACE_STYLE_FILL_AREA ( #3651 ) ;
#9775 = FILL_AREA_STYLE_COLOUR ( '', #3151 ) ;
#9776 = FACE_OUTER_BOUND ( 'NONE', #5064, .T. ) ;
#9777 = ORIENTED_EDGE ( 'NONE', *, *, #8151, .T. ) ;
#9778 = ORIENTED_EDGE ( 'NONE', *, *, #2584, .F. ) ;
#9779 = PLANE ( 'NONE',  #9709 ) ;
#9780 = VECTOR ( 'NONE', #363, 1000.000000000000000 ) ;
#9781 = LINE ( 'NONE', #8162, #9008 ) ;
#9782 = ORIENTED_EDGE ( 'NONE', *, *, #6936, .T. ) ;
#9783 = DIRECTION ( 'NONE',  ( 0.000000000000000000, 0.000000000000000000, 1.000000000000000000 ) ) ;
#9784 = CIRCLE ( 'NONE', #3122, 0.1249999999999998890 ) ;
#9785 = CARTESIAN_POINT ( 'NONE',  ( -1.231304907451683084, 0.9327350269189627063, 2.184165146386241041 ) ) ;
#9786 = VERTEX_POINT ( 'NONE', #7441 ) ;
#9787 = LINE ( 'NONE', #4338, #7248 ) ;
#9788 = ORIENTED_EDGE ( 'NONE', *, *, #4551, .F. ) ;
#9789 = CARTESIAN_POINT ( 'NONE',  ( 0.5999999999999999778, 0.1000000000000000056, 1.600000000000000089 ) ) ;
#9790 = COLOUR_RGB ( '',0.8313725490196077761, 0.8313725490196077761, 0.8313725490196077761 ) ;
#9791 = ORIENTED_EDGE ( 'NONE', *, *, #6255, .T. ) ;
#9792 =( LENGTH_UNIT ( ) NAMED_UNIT ( * ) SI_UNIT ( .MILLI., .METRE. ) );
#9793 = VECTOR ( 'NONE', #3358, 1000.000000000000000 ) ;
#9794 = EDGE_CURVE ( 'NONE', #1783, #2725, #5454, .T. ) ;
#9795 = ADVANCED_FACE ( 'NONE', ( #1377 ), #4390, .F. ) ;
#9796 = DIRECTION ( 'NONE',  ( -1.000000000000000000, 0.000000000000000000, -0.000000000000000000 ) ) ;
#9797 = DIRECTION ( 'NONE',  ( 0.000000000000000000, -1.000000000000000000, 0.000000000000000000 ) ) ;
#9798 = EDGE_LOOP ( 'NONE', ( #5671, #1400, #4060, #1664, #2037, #7219 ) ) ;
#9799 = CARTESIAN_POINT ( 'NONE',  ( 0.9749999999999999778, 0.2000000000000000111, -1.250000000000000000 ) ) ;
#9800 = SURFACE_STYLE_FILL_AREA ( #6786 ) ;
#9801 = ADVANCED_FACE ( 'NONE', ( #4683 ), #9146, .F. ) ;
#9802 = FILL_AREA_STYLE_COLOUR ( '', #9490 ) ;
#9803 = AXIS2_PLACEMENT_3D ( 'NONE', #2834, #5100, #8968 ) ;
#9804 = DIRECTION ( 'NONE',  ( 1.000000000000000000, 0.000000000000000000, 0.000000000000000000 ) ) ;
#9805 = VECTOR ( 'NONE', #5937, 1000.000000000000000 ) ;
#9806 = ORIENTED_EDGE ( 'NONE', *, *, #33, .T. ) ;
#9807 = ORIENTED_EDGE ( 'NONE', *, *, #5229, .F. ) ;
#9808 = CARTESIAN_POINT ( 'NONE',  ( 1.207735026918962395, 0.9327350269189623733, -2.207735026918963062 ) ) ;
#9809 = CARTESIAN_POINT ( 'NONE',  ( 0.9749999999999999778, 0.000000000000000000, -1.750000000000000000 ) ) ;
#9811 = VERTEX_POINT ( 'NONE', #8225 ) ;
#9810 = DIRECTION ( 'NONE',  ( 1.000000000000000000, 0.000000000000000000, 0.000000000000000000 ) ) ;
#9812 = CARTESIAN_POINT ( 'NONE',  ( 1.250000000000000000, 0.000000000000000000, -2.149999999999999911 ) ) ;
#9813 = CARTESIAN_POINT ( 'NONE',  ( 0.9749999999999999778, 0.000000000000000000, 1.375000000000000000 ) ) ;
#9814 = CIRCLE ( 'NONE', #8394, 0.1250000000000001110 ) ;
#9815 = FACE_OUTER_BOUND ( 'NONE', #8342, .T. ) ;
#9816 = EDGE_LOOP ( 'NONE', ( #5624, #3347, #538, #605 ) ) ;
#9817 = EDGE_CURVE ( 'NONE', #8266, #9456, #7695, .T. ) ;
#9818 =( GEOMETRIC_REPRESENTATION_CONTEXT ( 3 ) GLOBAL_UNCERTAINTY_ASSIGNED_CONTEXT ( ( #1038 ) ) GLOBAL_UNIT_ASSIGNED_CONTEXT ( ( #3481, #8075, #2606 ) ) REPRESENTATION_CONTEXT ( 'NONE', 'WORKASPACE' ) );
#9819 = CARTESIAN_POINT ( 'NONE',  ( 0.5000000000000000000, 0.000000000000000000, -1.500000000000000000 ) ) ;
#9820 = DIRECTION ( 'NONE',  ( 1.000000000000000000, -0.000000000000000000, 0.000000000000000000 ) ) ;
#9821 = DIRECTION ( 'NONE',  ( -0.000000000000000000, -1.000000000000000000, -0.000000000000000000 ) ) ;
#9822 = VECTOR ( 'NONE', #3525, 1000.000000000000000 ) ;
#9823 = SURFACE_STYLE_FILL_AREA ( #7554 ) ;
#9824 = ORIENTED_EDGE ( 'NONE', *, *, #7656, .F. ) ;
#9825 = CARTESIAN_POINT ( 'NONE',  ( 0.5000000000000000000, 0.06000000000000000472, 1.500000000000000000 ) ) ;
#9826 = COLOUR_RGB ( '',0.8313725490196077761, 0.8313725490196077761, 0.8313725490196077761 ) ;
#9827 = CARTESIAN_POINT ( 'NONE',  ( -0.5000000000000000000, 0.1000000000000000056, 1.500000000000000000 ) ) ;
#9828 = SURFACE_SIDE_STYLE ('',( #6811 ) ) ;
#9829 = ORIENTED_EDGE ( 'NONE', *, *, #4724, .T. ) ;
#9830 = PRESENTATION_LAYER_ASSIGNMENT (  '', '', ( #419 ) ) ;
#9832 = EDGE_CURVE ( 'NONE', #2792, #1904, #3076, .T. ) ;
#9831 = CARTESIAN_POINT ( 'NONE',  ( 0.9749999999999999778, 0.000000000000000000, 1.875000000000000000 ) ) ;
#9833 = CARTESIAN_POINT ( 'NONE',  ( 1.207735026918963284, 0.9327350269189614851, 2.207735026918962173 ) ) ;
#9834 = CARTESIAN_POINT ( 'NONE',  ( -1.101267602304403015, 0.9749999999999999778, -1.906973737428892424 ) ) ;
#9835 =( NAMED_UNIT ( * ) PLANE_ANGLE_UNIT ( ) SI_UNIT ( $, .RADIAN. ) );
#9836 = ORIENTED_EDGE ( 'NONE', *, *, #690, .T. ) ;
#9837 = MECHANICAL_DESIGN_GEOMETRIC_PRESENTATION_REPRESENTATION (  '', ( #7625 ), #7782 ) ;
#9838 = DIRECTION ( 'NONE',  ( 0.000000000000000000, 0.000000000000000000, 1.000000000000000000 ) ) ;
#9839 = PRESENTATION_STYLE_ASSIGNMENT (( #7760 ) ) ;
#9840 = CARTESIAN_POINT ( 'NONE',  ( -1.058158727481961936, 1.041934131648606154, 2.174094889548319198 ) ) ;
#9841 = VECTOR ( 'NONE', #8235, 1000.000000000000000 ) ;
#9842 =( NAMED_UNIT ( * ) PLANE_ANGLE_UNIT ( ) SI_UNIT ( $, .RADIAN. ) );
#9843 = DIRECTION ( 'NONE',  ( -0.000000000000000000, -0.000000000000000000, -1.000000000000000000 ) ) ;
#9844 = CARTESIAN_POINT ( 'NONE',  ( -1.250000000000000000, 0.000000000000000000, 0.1250000000000000833 ) ) ;
#9845 = UNCERTAINTY_MEASURE_WITH_UNIT (LENGTH_MEASURE( 1.000000000000000082E-05 ), #2719, 'distance_accuracy_value', 'NONE');
#9846 = PRESENTATION_STYLE_ASSIGNMENT (( #7672 ) ) ;
#9847 = VECTOR ( 'NONE', #8806, 1000.000000000000000 ) ;
#9848 = VECTOR ( 'NONE', #8549, 1000.000000000000000 ) ;
#9849 = VECTOR ( 'NONE', #4313, 1000.000000000000000 ) ;
#9850 = DIRECTION ( 'NONE',  ( 0.000000000000000000, 0.000000000000000000, -1.000000000000000000 ) ) ;
#9851 = VECTOR ( 'NONE', #3264, 1000.000000000000000 ) ;
#9852 = ADVANCED_FACE ( 'NONE', ( #7385 ), #516, .T. ) ;
#9853 = DIRECTION ( 'NONE',  ( 0.000000000000000000, 1.000000000000000000, 0.000000000000000000 ) ) ;
#9854 = AXIS2_PLACEMENT_3D ( 'NONE', #6358, #1780, #4857 ) ;
#9855 = EDGE_CURVE ( 'NONE', #4714, #1365, #8809, .T. ) ;
#9856 = COLOUR_RGB ( '',0.8313725490196077761, 0.8313725490196077761, 0.8313725490196077761 ) ;
#9857 = LINE ( 'NONE', #3075, #1130 ) ;
#9858 = DIRECTION ( 'NONE',  ( -0.000000000000000000, 1.000000000000000000, 0.000000000000000000 ) ) ;
#9859 = CARTESIAN_POINT ( 'NONE',  ( -1.250000000000000000, 0.2000000000000000111, -1.875000000000000000 ) ) ;
#9860 =( LENGTH_UNIT ( ) NAMED_UNIT ( * ) SI_UNIT ( .MILLI., .METRE. ) );
#9861 = CARTESIAN_POINT ( 'NONE',  ( 1.250000000000000000, 0.1749999999999999889, 2.250000000000000444 ) ) ;
#9862 = ORIENTED_EDGE ( 'NONE', *, *, #71, .T. ) ;
#9863 =( NAMED_UNIT ( * ) PLANE_ANGLE_UNIT ( ) SI_UNIT ( $, .RADIAN. ) );
#9864 = ORIENTED_EDGE ( 'NONE', *, *, #6266, .F. ) ;
#9865 = EDGE_CURVE ( 'NONE', #554, #4097, #9611, .T. ) ;
#9866 = DIRECTION ( 'NONE',  ( -0.000000000000000000, 1.000000000000000000, -0.000000000000000000 ) ) ;
#9867 = LINE ( 'NONE', #6795, #3215 ) ;
#9868 = ORIENTED_EDGE ( 'NONE', *, *, #7638, .F. ) ;
#9869 = CARTESIAN_POINT ( 'NONE',  ( -1.250000000000000000, 0.2000000000000000111, -0.6250000000000000000 ) ) ;
#9870 = VECTOR ( 'NONE', #9025, 1000.000000000000000 ) ;
#9871 =( NAMED_UNIT ( * ) SI_UNIT ( $, .STERADIAN. ) SOLID_ANGLE_UNIT ( ) );
#9872 = CYLINDRICAL_SURFACE ( 'NONE', #4893, 0.1250000000000001110 ) ;
#9873 = VECTOR ( 'NONE', #1474, 1000.000000000000000 ) ;
#9874 = DIRECTION ( 'NONE',  ( 1.000000000000000000, 0.000000000000000000, 0.000000000000000000 ) ) ;
#9875 =( GEOMETRIC_REPRESENTATION_CONTEXT ( 3 ) GLOBAL_UNCERTAINTY_ASSIGNED_CONTEXT ( ( #4067 ) ) GLOBAL_UNIT_ASSIGNED_CONTEXT ( ( #2920, #8503, #4119 ) ) REPRESENTATION_CONTEXT ( 'NONE', 'WORKASPACE' ) );
#9876 = ADVANCED_FACE ( 'NONE', ( #7228 ), #5732, .F. ) ;
#9877 = ORIENTED_EDGE ( 'NONE', *, *, #2333, .T. ) ;
#9878 = CARTESIAN_POINT ( 'NONE',  ( -0.9749999999999999778, -0.04000000000000000083, -1.125000000000000222 ) ) ;
#9879 = CARTESIAN_POINT ( 'NONE',  ( 0.1249999999999999167, 0.000000000000000000, -2.250000000000000444 ) ) ;
#9880 = CARTESIAN_POINT ( 'NONE',  ( -0.5999999999999999778, 0.1749999999999999889, -1.600000000000000089 ) ) ;
#9881 = LINE ( 'NONE', #6669, #3282 ) ;
#9882 = ORIENTED_EDGE ( 'NONE', *, *, #1971, .T. ) ;
#9883 = CARTESIAN_POINT ( 'NONE',  ( 1.174094889548319642, 1.041934131648605488, 2.058158727481961936 ) ) ;
#9884 = NEXT_ASSEMBLY_USAGE_OCCURRENCE ( 'NAUO1', ' ', ' ', #4569, #9293, $ ) ;
#9885 = NEXT_ASSEMBLY_USAGE_OCCURRENCE ( 'NAUO2', ' ', ' ', #4569, #7238, $ ) ;
ENDSEC;
END-ISO-10303-21;
