ISO-10303-21;
HEADER;
FILE_DESCRIPTION (( 'STEP AP214' ),
    '1' );
FILE_NAME ('PEC3324C2A-AU.STEP',
    '2023-06-10T02:43:09',
    ( '' ),
    ( '' ),
    'SwSTEP 2.0',
    'SolidWorks 2022',
    '' );
FILE_SCHEMA (( 'AUTOMOTIVE_DESIGN' ));
ENDSEC;

DATA;
#1 = CIRCLE ( 'NONE', #99, 0.04999999999999991951 ) ;
#2 = LINE ( 'NONE', #456, #581 ) ;
#3 = VERTEX_POINT ( 'NONE', #721 ) ;
#4 = DIRECTION ( 'NONE',  ( 0.000000000000000000, 0.000000000000000000, 1.000000000000000000 ) ) ;
#5 = ORIENTED_EDGE ( 'NONE', *, *, #877, .T. ) ;
#6 = DIRECTION ( 'NONE',  ( -0.000000000000000000, -1.000000000000000000, -0.000000000000000000 ) ) ;
#7 = FACE_OUTER_BOUND ( 'NONE', #326, .T. ) ;
#8 = DIRECTION ( 'NONE',  ( -3.097720492815723123E-15, -0.000000000000000000, -1.000000000000000000 ) ) ;
#9 = ORIENTED_EDGE ( 'NONE', *, *, #987, .F. ) ;
#10 = FACE_OUTER_BOUND ( 'NONE', #2990, .T. ) ;
#11 = EDGE_CURVE ( 'NONE', #1184, #1588, #704, .T. ) ;
#12 = VECTOR ( 'NONE', #481, 1000.000000000000000 ) ;
#13 = CARTESIAN_POINT ( 'NONE',  ( -0.6001217974870090011, 1.459999999999999742, 0.07000000000000000666 ) ) ;
#14 = DIRECTION ( 'NONE',  ( 0.000000000000000000, 1.000000000000000000, 0.000000000000000000 ) ) ;
#15 = CIRCLE ( 'NONE', #3074, 0.06500000000000000222 ) ;
#16 = CIRCLE ( 'NONE', #2576, 0.04999999999999991951 ) ;
#17 = ORIENTED_EDGE ( 'NONE', *, *, #434, .F. ) ;
#18 = CARTESIAN_POINT ( 'NONE',  ( 0.5715575462588192712, 1.381557546258819436, -0.4749999999999999223 ) ) ;
#19 = PRESENTATION_STYLE_ASSIGNMENT (( #2149 ) ) ;
#20 = VERTEX_POINT ( 'NONE', #230 ) ;
#21 = DIRECTION ( 'NONE',  ( -1.000000000000000000, -0.000000000000000000, -0.000000000000000000 ) ) ;
#22 = CARTESIAN_POINT ( 'NONE',  ( -0.4415575462588198219, 1.251557546258819320, 0.5149999999999999023 ) ) ;
#23 = LINE ( 'NONE', #2428, #891 ) ;
#24 = LINE ( 'NONE', #694, #63 ) ;
#25 = EDGE_LOOP ( 'NONE', ( #1426, #2628, #967, #535 ) ) ;
#26 = PLANE ( 'NONE',  #3088 ) ;
#27 = FACE_OUTER_BOUND ( 'NONE', #1724, .T. ) ;
#28 = EDGE_CURVE ( 'NONE', #1795, #1907, #735, .T. ) ;
#29 = DIRECTION ( 'NONE',  ( 0.000000000000000000, 0.000000000000000000, -1.000000000000000000 ) ) ;
#30 = ORIENTED_EDGE ( 'NONE', *, *, #2215, .F. ) ;
#31 = VECTOR ( 'NONE', #2723, 1000.000000000000000 ) ;
#32 = EDGE_CURVE ( 'NONE', #2484, #2567, #504, .T. ) ;
#33 = ORIENTED_EDGE ( 'NONE', *, *, #2581, .F. ) ;
#34 = DIRECTION ( 'NONE',  ( 0.000000000000000000, 0.000000000000000000, -1.000000000000000000 ) ) ;
#35 = CARTESIAN_POINT ( 'NONE',  ( -0.6000000000000001998, -1.460000000000000187, 0.07000000000000000666 ) ) ;
#36 = CARTESIAN_POINT ( 'NONE',  ( -0.3765575462588198197, 1.251557546258819320, 0.5149999999999999023 ) ) ;
#37 = AXIS2_PLACEMENT_3D ( 'NONE', #656, #3020, #2023 ) ;
#38 = VERTEX_POINT ( 'NONE', #1164 ) ;
#39 = DIRECTION ( 'NONE',  ( -1.000000000000000000, 0.000000000000000000, -0.000000000000000000 ) ) ;
#40 = DIRECTION ( 'NONE',  ( -0.000000000000000000, 1.000000000000000000, 0.000000000000000000 ) ) ;
#41 = DIRECTION ( 'NONE',  ( 0.000000000000000000, 0.000000000000000000, 1.000000000000000000 ) ) ;
#42 = ORIENTED_EDGE ( 'NONE', *, *, #375, .F. ) ;
#43 =( NAMED_UNIT ( * ) PLANE_ANGLE_UNIT ( ) SI_UNIT ( $, .RADIAN. ) );
#44 =( NAMED_UNIT ( * ) PLANE_ANGLE_UNIT ( ) SI_UNIT ( $, .RADIAN. ) );
#45 = LINE ( 'NONE', #2489, #842 ) ;
#46 = EDGE_CURVE ( 'NONE', #1524, #1918, #1659, .T. ) ;
#47 = VECTOR ( 'NONE', #521, 1000.000000000000000 ) ;
#48 = ORIENTED_EDGE ( 'NONE', *, *, #987, .T. ) ;
#49 =( NAMED_UNIT ( * ) SI_UNIT ( $, .STERADIAN. ) SOLID_ANGLE_UNIT ( ) );
#50 = FILL_AREA_STYLE_COLOUR ( '', #61 ) ;
#51 = EDGE_CURVE ( 'NONE', #506, #1524, #1693, .T. ) ;
#52 = MECHANICAL_DESIGN_GEOMETRIC_PRESENTATION_REPRESENTATION (  '', ( #246 ), #1140 ) ;
#53 = EDGE_LOOP ( 'NONE', ( #3067, #2470, #1415, #299 ) ) ;
#54 = CARTESIAN_POINT ( 'NONE',  ( -0.6003633278277477059, -1.460241530340739002, 0.06654595520622470783 ) ) ;
#55 = AXIS2_PLACEMENT_3D ( 'NONE', #2337, #1130, #856 ) ;
#56 = FILL_AREA_STYLE ('',( #287 ) ) ;
#57 = DIRECTION ( 'NONE',  ( 0.9993908270190956511, -0.000000000000000000, 0.03489949670250223901 ) ) ;
#58 = CARTESIAN_POINT ( 'NONE',  ( 0.6214357487718105144, -1.381557546258819880, 0.4784878236872062152 ) ) ;
#59 = ORIENTED_EDGE ( 'NONE', *, *, #2341, .F. ) ;
#60 = DIRECTION ( 'NONE',  ( -3.097720492815723123E-15, -0.000000000000000000, -1.000000000000000000 ) ) ;
#61 = COLOUR_RGB ( '',0.8039215686274510109, 0.8039215686274510109, 0.8039215686274510109 ) ;
#62 = CIRCLE ( 'NONE', #1823, 0.05000000000000002359 ) ;
#63 = VECTOR ( 'NONE', #8, 1000.000000000000000 ) ;
#64 = EDGE_LOOP ( 'NONE', ( #1695, #2625, #2346, #862 ) ) ;
#65 = DIRECTION ( 'NONE',  ( -0.06958737431666467410, 0.06958737431666482676, -0.9951458157835086915 ) ) ;
#66 = DIRECTION ( 'NONE',  ( 0.000000000000000000, 0.000000000000000000, 1.000000000000000000 ) ) ;
#67 = ORIENTED_EDGE ( 'NONE', *, *, #11, .T. ) ;
#68 =( GEOMETRIC_REPRESENTATION_CONTEXT ( 3 ) GLOBAL_UNCERTAINTY_ASSIGNED_CONTEXT ( ( #871 ) ) GLOBAL_UNIT_ASSIGNED_CONTEXT ( ( #2325, #454, #2098 ) ) REPRESENTATION_CONTEXT ( 'NONE', 'WORKASPACE' ) );
#69 = FACE_OUTER_BOUND ( 'NONE', #2788, .T. ) ;
#70 = EDGE_CURVE ( 'NONE', #2835, #592, #1424, .T. ) ;
#71 = LINE ( 'NONE', #776, #1664 ) ;
#72 = EDGE_CURVE ( 'NONE', #2178, #1313, #1408, .T. ) ;
#73 = ORIENTED_EDGE ( 'NONE', *, *, #2642, .T. ) ;
#74 = EDGE_CURVE ( 'NONE', #991, #1010, #1212, .T. ) ;
#75 = PLANE ( 'NONE',  #2281 ) ;
#76 = CIRCLE ( 'NONE', #1917, 0.09999999999999939493 ) ;
#77 = FACE_OUTER_BOUND ( 'NONE', #225, .T. ) ;
#78 = DIRECTION ( 'NONE',  ( -0.000000000000000000, -0.000000000000000000, 1.000000000000000000 ) ) ;
#79 = DIRECTION ( 'NONE',  ( -0.9975640502598243087, 0.000000000000000000, 0.06975647374412530244 ) ) ;
#80 = COLOUR_RGB ( '',0.8039215686274510109, 0.8039215686274510109, 0.8039215686274510109 ) ;
#81 = ORIENTED_EDGE ( 'NONE', *, *, #129, .F. ) ;
#82 = DIRECTION ( 'NONE',  ( -0.000000000000000000, -0.000000000000000000, 1.000000000000000000 ) ) ;
#83 = FACE_OUTER_BOUND ( 'NONE', #2842, .T. ) ;
#84 = DIRECTION ( 'NONE',  ( -1.000000000000000000, 0.000000000000000000, 0.000000000000000000 ) ) ;
#85 = MECHANICAL_DESIGN_GEOMETRIC_PRESENTATION_REPRESENTATION (  '', ( #2942 ), #2945 ) ;
#86 = ADVANCED_FACE ( 'NONE', ( #1708 ), #2130, .F. ) ;
#87 = VERTEX_POINT ( 'NONE', #205 ) ;
#88 = AXIS2_PLACEMENT_3D ( 'NONE', #924, #1171, #1882 ) ;
#89 = PRODUCT_DEFINITION_SHAPE ( 'NONE', 'NONE',  #867 ) ;
#90 = CARTESIAN_POINT ( 'NONE',  ( -0.7826119476864084046, -1.162499999999999867, -0.3950533839615076870 ) ) ;
#91 = ADVANCED_FACE ( 'NONE', ( #3076 ), #1889, .F. ) ;
#92 = CARTESIAN_POINT ( 'NONE',  ( -0.6292980109636158170, -1.459928822882996302, -0.07101726198154544034 ) ) ;
#93 = SURFACE_STYLE_USAGE ( .BOTH. , #1759 ) ;
#94 = ORIENTED_EDGE ( 'NONE', *, *, #1486, .F. ) ;
#95 = UNCERTAINTY_MEASURE_WITH_UNIT (LENGTH_MEASURE( 1.000000000000000082E-05 ), #2249, 'distance_accuracy_value', 'NONE');
#96 = CYLINDRICAL_SURFACE ( 'NONE', #395, 0.06500000000000000222 ) ;
#97 = CARTESIAN_POINT ( 'NONE',  ( 1.015605080276969607, 0.2125000000000001332, -0.3284144968811854581 ) ) ;
#98 =( BOUNDED_CURVE ( )  B_SPLINE_CURVE ( 3, ( #1187, #1883, #713, #2348 ),
 .UNSPECIFIED., .F., .F. ) 
 B_SPLINE_CURVE_WITH_KNOTS ( ( 4, 4 ),
 ( 5.500221614255710989, 7.066149000103461475 ),
 .UNSPECIFIED. ) 
 CURVE ( )  GEOMETRIC_REPRESENTATION_ITEM ( )  RATIONAL_B_SPLINE_CURVE ( ( 1.000000000000000000, 0.8058840764544662472, 0.8058840764544662472, 1.000000000000000000 ) ) 
 REPRESENTATION_ITEM ( '' )  );
#99 = AXIS2_PLACEMENT_3D ( 'NONE', #817, #65, #1509 ) ;
#100 = EDGE_LOOP ( 'NONE', ( #1300, #2156, #1619, #193 ) ) ;
#101 = PLANE ( 'NONE',  #2042 ) ;
#102 = DIRECTION ( 'NONE',  ( 1.000000000000000000, 0.000000000000000000, 0.000000000000000000 ) ) ;
#103 = VECTOR ( 'NONE', #2931, 1000.000000000000000 ) ;
#104 = PRESENTATION_LAYER_ASSIGNMENT (  '', '', ( #246 ) ) ;
#105 = ORIENTED_EDGE ( 'NONE', *, *, #129, .T. ) ;
#106 = CYLINDRICAL_SURFACE ( 'NONE', #538, 0.09999999999999993616 ) ;
#107 = SURFACE_SIDE_STYLE ('',( #2504 ) ) ;
#108 =( NAMED_UNIT ( * ) SI_UNIT ( $, .STERADIAN. ) SOLID_ANGLE_UNIT ( ) );
#109 = FILL_AREA_STYLE_COLOUR ( '', #2152 ) ;
#110 = ADVANCED_FACE ( 'NONE', ( #2240 ), #2964, .T. ) ;
#111 = ORIENTED_EDGE ( 'NONE', *, *, #2928, .F. ) ;
#112 = CARTESIAN_POINT ( 'NONE',  ( -1.200000000000000178, -0.7374999999999998224, -0.4349146637981648467 ) ) ;
#113 = AXIS2_PLACEMENT_3D ( 'NONE', #282, #2195, #491 ) ;
#114 = AXIS2_PLACEMENT_3D ( 'NONE', #2976, #1551, #2584 ) ;
#115 = ORIENTED_EDGE ( 'NONE', *, *, #1449, .F. ) ;
#116 = SURFACE_SIDE_STYLE ('',( #1990 ) ) ;
#117 = CARTESIAN_POINT ( 'NONE',  ( -0.6000000000000001998, 1.459999999999999742, 0.07000000000000000666 ) ) ;
#118 =( GEOMETRIC_REPRESENTATION_CONTEXT ( 3 ) GLOBAL_UNCERTAINTY_ASSIGNED_CONTEXT ( ( #1562 ) ) GLOBAL_UNIT_ASSIGNED_CONTEXT ( ( #141, #123, #1459 ) ) REPRESENTATION_CONTEXT ( 'NONE', 'WORKASPACE' ) );
#119 = ORIENTED_EDGE ( 'NONE', *, *, #1780, .T. ) ;
#120 = DIRECTION ( 'NONE',  ( 0.000000000000000000, -1.000000000000000000, 0.000000000000000000 ) ) ;
#121 = CARTESIAN_POINT ( 'NONE',  ( 0.5715575462588193822, 1.428183300565702529, 0.5250000000000000222 ) ) ;
#122 = DIRECTION ( 'NONE',  ( -0.000000000000000000, 1.000000000000000000, 0.000000000000000000 ) ) ;
#123 =( NAMED_UNIT ( * ) PLANE_ANGLE_UNIT ( ) SI_UNIT ( $, .RADIAN. ) );
#124 = UNCERTAINTY_MEASURE_WITH_UNIT (LENGTH_MEASURE( 1.000000000000000082E-05 ), #445, 'distance_accuracy_value', 'NONE');
#125 = EDGE_CURVE ( 'NONE', #2085, #275, #447, .T. ) ;
#126 = ORIENTED_EDGE ( 'NONE', *, *, #2848, .T. ) ;
#127 = DIRECTION ( 'NONE',  ( -0.06958737431666479900, -0.06958737431666479900, 0.9951458157835084695 ) ) ;
#128 = DIRECTION ( 'NONE',  ( -0.000000000000000000, -1.000000000000000000, -0.000000000000000000 ) ) ;
#129 = EDGE_CURVE ( 'NONE', #1078, #2733, #45, .T. ) ;
#130 = EDGE_LOOP ( 'NONE', ( #564, #2546, #2970, #2684 ) ) ;
#131 = DIRECTION ( 'NONE',  ( 2.168404344971007685E-15, 0.000000000000000000, -1.000000000000000000 ) ) ;
#132 = DIRECTION ( 'NONE',  ( 0.000000000000000000, 0.000000000000000000, -1.000000000000000000 ) ) ;
#133 = LINE ( 'NONE', #850, #2254 ) ;
#134 = PRESENTATION_LAYER_ASSIGNMENT (  '', '', ( #1485 ) ) ;
#135 = ORIENTED_EDGE ( 'NONE', *, *, #2203, .F. ) ;
#136 = FACE_OUTER_BOUND ( 'NONE', #2784, .T. ) ;
#137 = FILL_AREA_STYLE_COLOUR ( '', #2403 ) ;
#138 = DIRECTION ( 'NONE',  ( 1.000000000000000000, 0.000000000000000000, 0.000000000000000000 ) ) ;
#139 = CARTESIAN_POINT ( 'NONE',  ( 1.012115130606719537, -0.2124999999999999112, -0.4283535795830950010 ) ) ;
#140 = DIRECTION ( 'NONE',  ( 0.000000000000000000, 0.000000000000000000, -1.000000000000000000 ) ) ;
#141 =( LENGTH_UNIT ( ) NAMED_UNIT ( * ) SI_UNIT ( .MILLI., .METRE. ) );
#142 =( LENGTH_UNIT ( ) NAMED_UNIT ( * ) SI_UNIT ( .MILLI., .METRE. ) );
#143 = SURFACE_STYLE_USAGE ( .BOTH. , #1327 ) ;
#144 = VECTOR ( 'NONE', #2354, 1000.000000000000000 ) ;
#145 = EDGE_CURVE ( 'NONE', #2223, #2164, #1987, .T. ) ;
#146 = COLOUR_RGB ( '',0.8039215686274510109, 0.8039215686274510109, 0.8039215686274510109 ) ;
#147 = ORIENTED_EDGE ( 'NONE', *, *, #1620, .F. ) ;
#148 = CARTESIAN_POINT ( 'NONE',  ( 0.5999999999999996447, 1.459999999999999742, 0.07000000000000000666 ) ) ;
#149 = DIRECTION ( 'NONE',  ( 0.000000000000000000, 0.000000000000000000, -1.000000000000000000 ) ) ;
#150 = UNCERTAINTY_MEASURE_WITH_UNIT (LENGTH_MEASURE( 1.000000000000000082E-05 ), #657, 'distance_accuracy_value', 'NONE');
#151 = EDGE_CURVE ( 'NONE', #2335, #2168, #795, .T. ) ;
#152 = MECHANICAL_DESIGN_GEOMETRIC_PRESENTATION_REPRESENTATION (  '', ( #2654 ), #845 ) ;
#153 = ADVANCED_FACE ( 'NONE', ( #342 ), #1775, .F. ) ;
#154 = COLOUR_RGB ( '',0.8039215686274510109, 0.8039215686274510109, 0.8039215686274510109 ) ;
#155 = VERTEX_POINT ( 'NONE', #597 ) ;
#156 = PRODUCT_DEFINITION_CONTEXT ( 'detailed design', #1506, 'design' ) ;
#157 = LINE ( 'NONE', #1089, #3055 ) ;
#158 =( NAMED_UNIT ( * ) SI_UNIT ( $, .STERADIAN. ) SOLID_ANGLE_UNIT ( ) );
#159 = LINE ( 'NONE', #1601, #2686 ) ;
#160 = DIRECTION ( 'NONE',  ( 0.9993908270190956511, 0.000000000000000000, -0.03489949670250206554 ) ) ;
#161 = CARTESIAN_POINT ( 'NONE',  ( -1.200000000000000178, 1.162500000000000089, -0.4349146637981648467 ) ) ;
#162 =( NAMED_UNIT ( * ) PLANE_ANGLE_UNIT ( ) SI_UNIT ( $, .RADIAN. ) );
#163 = EDGE_LOOP ( 'NONE', ( #2510, #1898, #1159, #783, #413, #2611 ) ) ;
#164 = DIRECTION ( 'NONE',  ( 0.06975647374412545509, 0.000000000000000000, -0.9975640502598241977 ) ) ;
#165 = CARTESIAN_POINT ( 'NONE',  ( 0.5715575462588192712, -1.381557546258819880, -0.4749999999999999223 ) ) ;
#166 = ADVANCED_FACE ( 'NONE', ( #3009 ), #840, .T. ) ;
#167 = EDGE_CURVE ( 'NONE', #1894, #2743, #1859, .T. ) ;
#168 = ORIENTED_EDGE ( 'NONE', *, *, #2501, .T. ) ;
#169 = VECTOR ( 'NONE', #1527, 1000.000000000000000 ) ;
#170 =( LENGTH_UNIT ( ) NAMED_UNIT ( * ) SI_UNIT ( .MILLI., .METRE. ) );
#171 = AXIS2_PLACEMENT_3D ( 'NONE', #2481, #84, #1040 ) ;
#172 = ORIENTED_EDGE ( 'NONE', *, *, #145, .T. ) ;
#173 = DIRECTION ( 'NONE',  ( -1.000000000000000000, -0.000000000000000000, 0.000000000000000000 ) ) ;
#174 = CYLINDRICAL_SURFACE ( 'NONE', #2537, 0.05000000000000002359 ) ;
#175 = ORIENTED_EDGE ( 'NONE', *, *, #2542, .T. ) ;
#176 = CARTESIAN_POINT ( 'NONE',  ( -0.4415575462588198219, 1.251557546258819320, 0.5250000000000000222 ) ) ;
#177 =( GEOMETRIC_REPRESENTATION_CONTEXT ( 3 ) GLOBAL_UNCERTAINTY_ASSIGNED_CONTEXT ( ( #1814 ) ) GLOBAL_UNIT_ASSIGNED_CONTEXT ( ( #1044, #533, #765 ) ) REPRESENTATION_CONTEXT ( 'NONE', 'WORKASPACE' ) );
#178 = ORIENTED_EDGE ( 'NONE', *, *, #3017, .T. ) ;
#179 = LINE ( 'NONE', #2785, #2605 ) ;
#180 = DIRECTION ( 'NONE',  ( -0.000000000000000000, -1.000000000000000000, -0.000000000000000000 ) ) ;
#181 = CARTESIAN_POINT ( 'NONE',  ( -0.6500000000000001332, 1.459999999999999742, -0.07000000000000000666 ) ) ;
#182 = ORIENTED_EDGE ( 'NONE', *, *, #1620, .T. ) ;
#183 = DIRECTION ( 'NONE',  ( 0.000000000000000000, -0.06975647374412545509, -0.9975640502598241977 ) ) ;
#184 = PRESENTATION_STYLE_ASSIGNMENT (( #2803 ) ) ;
#185 = VECTOR ( 'NONE', #2762, 1000.000000000000000 ) ;
#186 = ADVANCED_FACE ( 'NONE', ( #3026 ), #1338, .T. ) ;
#187 = ORIENTED_EDGE ( 'NONE', *, *, #3079, .F. ) ;
#188 = STYLED_ITEM ( 'NONE', ( #2350 ), #969 ) ;
#189 = DIRECTION ( 'NONE',  ( 0.000000000000000000, 1.000000000000000000, 0.000000000000000000 ) ) ;
#190 =( LENGTH_UNIT ( ) NAMED_UNIT ( * ) SI_UNIT ( .MILLI., .METRE. ) );
#191 = CIRCLE ( 'NONE', #1941, 0.04999999999999991951 ) ;
#192 = EDGE_LOOP ( 'NONE', ( #2260, #1240, #2863, #2519 ) ) ;
#193 = ORIENTED_EDGE ( 'NONE', *, *, #1566, .T. ) ;
#194 = CARTESIAN_POINT ( 'NONE',  ( 0.6001217974870084459, 1.459999999999999742, -0.07000000000000000666 ) ) ;
#195 = EDGE_LOOP ( 'NONE', ( #2086, #420, #1460, #1616 ) ) ;
#196 = CARTESIAN_POINT ( 'NONE',  ( -1.012115130606719537, -0.7374999999999998224, -0.4283535795830947235 ) ) ;
#197 = CIRCLE ( 'NONE', #1498, 0.1999999997038205135 ) ;
#198 = AXIS2_PLACEMENT_3D ( 'NONE', #2497, #2248, #131 ) ;
#199 = ORIENTED_EDGE ( 'NONE', *, *, #2158, .F. ) ;
#200 = SURFACE_SIDE_STYLE ('',( #1435 ) ) ;
#201 = CARTESIAN_POINT ( 'NONE',  ( 0.8824073209654356154, 0.2125000000000001332, -0.09919284661924170077 ) ) ;
#202 = STYLED_ITEM ( 'NONE', ( #878 ), #1915 ) ;
#203 = EDGE_CURVE ( 'NONE', #931, #1790, #157, .T. ) ;
#204 = CARTESIAN_POINT ( 'NONE',  ( -1.015605080276969607, -0.7374999999999998224, -0.3284144968811851806 ) ) ;
#205 = CARTESIAN_POINT ( 'NONE',  ( -0.6214357487718109585, -1.381557546258819880, -0.4784878236872062152 ) ) ;
#206 = ORIENTED_EDGE ( 'NONE', *, *, #646, .T. ) ;
#207 = CARTESIAN_POINT ( 'NONE',  ( 0.6499999999999998002, 1.410121797487008388, -0.07000000000000000666 ) ) ;
#208 = DIRECTION ( 'NONE',  ( -2.168404344971007685E-15, 4.336808689942015369E-15, -1.000000000000000000 ) ) ;
#209 = ORIENTED_EDGE ( 'NONE', *, *, #2847, .T. ) ;
#210 = DIRECTION ( 'NONE',  ( -0.1391731009600618851, 0.000000000000000000, 0.9902680687415708061 ) ) ;
#211 = CARTESIAN_POINT ( 'NONE',  ( -0.6500000000000001332, -1.460000000000000187, -0.07000000000000000666 ) ) ;
#212 = VECTOR ( 'NONE', #2857, 1000.000000000000000 ) ;
#213 = MECHANICAL_DESIGN_GEOMETRIC_PRESENTATION_REPRESENTATION (  '', ( #309 ), #2668 ) ;
#214 = ORIENTED_EDGE ( 'NONE', *, *, #1843, .T. ) ;
#215 = FACE_OUTER_BOUND ( 'NONE', #251, .T. ) ;
#216 = SURFACE_STYLE_FILL_AREA ( #1841 ) ;
#217 = STYLED_ITEM ( 'NONE', ( #1306 ), #3062 ) ;
#218 = CARTESIAN_POINT ( 'NONE',  ( 0.6499999999999998002, -1.410121797487009054, -0.07000000000000000666 ) ) ;
#219 = DIRECTION ( 'NONE',  ( 1.000000000000000000, 0.000000000000000000, 0.000000000000000000 ) ) ;
#220 = ORIENTED_EDGE ( 'NONE', *, *, #1548, .T. ) ;
#221 = CYLINDRICAL_SURFACE ( 'NONE', #1342, 0.05000000000000002359 ) ;
#222 = CARTESIAN_POINT ( 'NONE',  ( 0.6001217974870084459, -1.460000000000000187, -0.07000000000000000666 ) ) ;
#223 = SPHERICAL_SURFACE ( 'NONE', #2726, 0.05000000000000000278 ) ;
#224 = ADVANCED_FACE ( 'NONE', ( #2288 ), #496, .T. ) ;
#225 = EDGE_LOOP ( 'NONE', ( #1279, #2425, #2062, #1912 ) ) ;
#226 = DIRECTION ( 'NONE',  ( -1.000000000000000000, -0.000000000000000000, -0.000000000000000000 ) ) ;
#227 = ORIENTED_EDGE ( 'NONE', *, *, #1943, .T. ) ;
#228 = DIRECTION ( 'NONE',  ( 0.000000000000000000, 0.000000000000000000, 1.000000000000000000 ) ) ;
#229 = FILL_AREA_STYLE ('',( #1407 ) ) ;
#230 = CARTESIAN_POINT ( 'NONE',  ( 1.012115130606719537, -0.2124999999999999112, -0.4283535795830950010 ) ) ;
#231 = AXIS2_PLACEMENT_3D ( 'NONE', #1102, #1785, #1854 ) ;
#232 = COLOUR_RGB ( '',0.8039215686274510109, 0.8039215686274510109, 0.8039215686274510109 ) ;
#233 = ORIENTED_EDGE ( 'NONE', *, *, #2065, .F. ) ;
#234 = PRESENTATION_STYLE_ASSIGNMENT (( #2371 ) ) ;
#235 = EDGE_CURVE ( 'NONE', #360, #2182, #1007, .T. ) ;
#236 = ORIENTED_EDGE ( 'NONE', *, *, #1862, .F. ) ;
#237 = DIRECTION ( 'NONE',  ( 0.000000000000000000, 0.000000000000000000, 1.000000000000000000 ) ) ;
#238 = ADVANCED_FACE ( 'NONE', ( #963 ), #711, .T. ) ;
#239 = PLANE ( 'NONE',  #1414 ) ;
#240 = EDGE_CURVE ( 'NONE', #2223, #2597, #1733, .T. ) ;
#241 = ORIENTED_EDGE ( 'NONE', *, *, #899, .F. ) ;
#242 = CARTESIAN_POINT ( 'NONE',  ( 0.6499999999999998002, -1.410121797487009054, 0.07000000000000000666 ) ) ;
#243 = VECTOR ( 'NONE', #614, 1000.000000000000000 ) ;
#244 = CARTESIAN_POINT ( 'NONE',  ( -1.200000000000000178, 0.7375000000000000444, -0.4349146637981648467 ) ) ;
#245 = CARTESIAN_POINT ( 'NONE',  ( -0.6500000000000001332, 1.162500000000000089, -0.07000000000000000666 ) ) ;
#246 = STYLED_ITEM ( 'NONE', ( #2043 ), #1760 ) ;
#247 = ORIENTED_EDGE ( 'NONE', *, *, #1145, .F. ) ;
#248 = CARTESIAN_POINT ( 'NONE',  ( -0.7826119476864084046, 1.162500000000000089, -0.3950533839615076870 ) ) ;
#249 = FILL_AREA_STYLE_COLOUR ( '', #2013 ) ;
#250 = STYLED_ITEM ( 'NONE', ( #484 ), #2397 ) ;
#251 = EDGE_LOOP ( 'NONE', ( #1175, #2005, #1638, #368 ) ) ;
#252 = FILL_AREA_STYLE_COLOUR ( '', #2343 ) ;
#253 = FACE_OUTER_BOUND ( 'NONE', #927, .T. ) ;
#254 = DIRECTION ( 'NONE',  ( 0.06958737431666467410, 0.06958737431666482676, -0.9951458157835086915 ) ) ;
#255 = ORIENTED_EDGE ( 'NONE', *, *, #2922, .F. ) ;
#256 = CARTESIAN_POINT ( 'NONE',  ( -0.8824073209654356154, -0.7374999999999998224, -0.09919284661924154811 ) ) ;
#257 = CARTESIAN_POINT ( 'NONE',  ( -0.6003633278277477059, -1.410363327827747870, -0.06305813151901845659 ) ) ;
#258 = PRODUCT_CONTEXT ( 'NONE', #1132, 'mechanical' ) ;
#259 = PRESENTATION_LAYER_ASSIGNMENT (  '', '', ( #1517 ) ) ;
#260 = VECTOR ( 'NONE', #1287, 1000.000000000000000 ) ;
#261 = EDGE_CURVE ( 'NONE', #988, #1894, #479, .T. ) ;
#262 = DIRECTION ( 'NONE',  ( 0.000000000000000000, 1.000000000000000000, 0.000000000000000000 ) ) ;
#263 = DIRECTION ( 'NONE',  ( -0.000000000000000000, -0.000000000000000000, 1.000000000000000000 ) ) ;
#264 =( GEOMETRIC_REPRESENTATION_CONTEXT ( 3 ) GLOBAL_UNCERTAINTY_ASSIGNED_CONTEXT ( ( #834 ) ) GLOBAL_UNIT_ASSIGNED_CONTEXT ( ( #1607, #904, #2787 ) ) REPRESENTATION_CONTEXT ( 'NONE', 'WORKASPACE' ) );
#265 = PRODUCT_DEFINITION_FORMATION_WITH_SPECIFIED_SOURCE ( 'ANY', '', #1131, .NOT_KNOWN. ) ;
#266 = EDGE_LOOP ( 'NONE', ( #2409, #739, #1330, #843 ) ) ;
#267 = DIRECTION ( 'NONE',  ( 0.06958737431666482676, -0.06958737431666482676, -0.9951458157835086915 ) ) ;
#268 = CARTESIAN_POINT ( 'NONE',  ( -0.9165782734028127265, -0.7374999999999998224, -0.3423318069771913996 ) ) ;
#269 = LINE ( 'NONE', #36, #572 ) ;
#270 = ORIENTED_EDGE ( 'NONE', *, *, #696, .T. ) ;
#271 =( NAMED_UNIT ( * ) SI_UNIT ( $, .STERADIAN. ) SOLID_ANGLE_UNIT ( ) );
#272 = PRESENTATION_STYLE_ASSIGNMENT (( #978 ) ) ;
#273 = LINE ( 'NONE', #775, #1127 ) ;
#274 = CARTESIAN_POINT ( 'NONE',  ( -0.5940682043641739574, -1.453946406877165032, -0.1565704149035914150 ) ) ;
#275 = VERTEX_POINT ( 'NONE', #1667 ) ;
#276 = DIRECTION ( 'NONE',  ( 1.000000000000000000, 0.000000000000000000, 0.000000000000000000 ) ) ;
#277 = ADVANCED_FACE ( 'NONE', ( #253 ), #2660, .T. ) ;
#278 = COLOUR_RGB ( '',0.8039215686274510109, 0.8039215686274510109, 0.8039215686274510109 ) ;
#279 = ORIENTED_EDGE ( 'NONE', *, *, #1548, .F. ) ;
#280 = CIRCLE ( 'NONE', #734, 0.1999999997038205135 ) ;
#281 = CARTESIAN_POINT ( 'NONE',  ( -0.6214357487718109585, 1.428183300565702529, 0.4784878236872062152 ) ) ;
#282 = CARTESIAN_POINT ( 'NONE',  ( -0.9806655614347226102, 0.7375000000000000444, -0.3672187637694953044 ) ) ;
#283 = CARTESIAN_POINT ( 'NONE',  ( -0.4415575462588198219, 1.251557546258819320, 0.5250000000000000222 ) ) ;
#284 = AXIS2_PLACEMENT_3D ( 'NONE', #2415, #276, #338 ) ;
#285 = ORIENTED_EDGE ( 'NONE', *, *, #1183, .F. ) ;
#286 = LINE ( 'NONE', #1461, #606 ) ;
#287 = FILL_AREA_STYLE_COLOUR ( '', #1239 ) ;
#288 = DIRECTION ( 'NONE',  ( 0.000000000000000000, 0.000000000000000000, -1.000000000000000000 ) ) ;
#289 = LINE ( 'NONE', #117, #2103 ) ;
#290 = EDGE_LOOP ( 'NONE', ( #482, #3095, #682 ) ) ;
#291 = ADVANCED_FACE ( 'NONE', ( #2675 ), #2876, .F. ) ;
#292 = LINE ( 'NONE', #578, #1421 ) ;
#293 = DIRECTION ( 'NONE',  ( 0.000000000000000000, -1.000000000000000000, -0.000000000000000000 ) ) ;
#294 = EDGE_CURVE ( 'NONE', #2465, #2950, #197, .T. ) ;
#295 = CIRCLE ( 'NONE', #1806, 0.04999999999999991257 ) ;
#296 = ORIENTED_EDGE ( 'NONE', *, *, #167, .F. ) ;
#297 = DIRECTION ( 'NONE',  ( -0.1391731009600621349, -0.000000000000000000, -0.9902680687415706950 ) ) ;
#298 = AXIS2_PLACEMENT_3D ( 'NONE', #1267, #1512, #2442 ) ;
#299 = ORIENTED_EDGE ( 'NONE', *, *, #2566, .T. ) ;
#300 = CARTESIAN_POINT ( 'NONE',  ( 0.6003633278277472618, -1.460241530340739002, -0.06654595520622470783 ) ) ;
#301 = DIRECTION ( 'NONE',  ( 3.097720492815722728E-15, 0.000000000000000000, 1.000000000000000000 ) ) ;
#302 = DIRECTION ( 'NONE',  ( 1.000000000000000000, 0.000000000000000000, 0.000000000000000000 ) ) ;
#303 = LINE ( 'NONE', #1256, #169 ) ;
#304 = VERTEX_POINT ( 'NONE', #2427 ) ;
#305 = CARTESIAN_POINT ( 'NONE',  ( -0.6500000000000001332, 1.162500000000000089, -0.07000000000000000666 ) ) ;
#306 = CARTESIAN_POINT ( 'NONE',  ( 0.7826119476864084046, 0.2125000000000001332, -0.3950533839615079645 ) ) ;
#307 =( NAMED_UNIT ( * ) PLANE_ANGLE_UNIT ( ) SI_UNIT ( $, .RADIAN. ) );
#308 = VECTOR ( 'NONE', #919, 1000.000000000000114 ) ;
#309 = STYLED_ITEM ( 'NONE', ( #624 ), #2525 ) ;
#310 = ORIENTED_EDGE ( 'NONE', *, *, #1272, .T. ) ;
#311 = DIRECTION ( 'NONE',  ( 1.000000000000000000, 0.000000000000000000, 0.000000000000000000 ) ) ;
#312 =( NAMED_UNIT ( * ) PLANE_ANGLE_UNIT ( ) SI_UNIT ( $, .RADIAN. ) );
#313 = EDGE_CURVE ( 'NONE', #2182, #539, #1717, .T. ) ;
#314 = PRESENTATION_LAYER_ASSIGNMENT (  '', '', ( #814 ) ) ;
#315 = ORIENTED_EDGE ( 'NONE', *, *, #261, .F. ) ;
#316 = CARTESIAN_POINT ( 'NONE',  ( 0.5999999999999996447, -1.460000000000000187, -0.07000000000000000666 ) ) ;
#317 = CARTESIAN_POINT ( 'NONE',  ( 0.6499999999999998002, -1.460000000000000187, 0.07000000000000000666 ) ) ;
#318 = CARTESIAN_POINT ( 'NONE',  ( -1.015605080276969607, 1.162500000000000089, -0.3284144968811851806 ) ) ;
#319 = CARTESIAN_POINT ( 'NONE',  ( -1.200000000000000178, 0.7375000000000000444, -0.4349146637981648467 ) ) ;
#320 = ADVANCED_FACE ( 'NONE', ( #69 ), #526, .F. ) ;
#321 = ORIENTED_EDGE ( 'NONE', *, *, #294, .F. ) ;
#322 = FACE_OUTER_BOUND ( 'NONE', #2398, .T. ) ;
#323 = LINE ( 'NONE', #1996, #103 ) ;
#324 = AXIS2_PLACEMENT_3D ( 'NONE', #487, #944, #29 ) ;
#325 = CARTESIAN_POINT ( 'NONE',  ( 0.6499999999999998002, -1.460000000000000187, 0.07000000000000000666 ) ) ;
#326 = EDGE_LOOP ( 'NONE', ( #2332, #435, #945, #382, #1537, #2349 ) ) ;
#327 = CARTESIAN_POINT ( 'NONE',  ( -0.3765575462588198197, 1.251557546258819320, 0.5149999999999999023 ) ) ;
#328 = SURFACE_STYLE_FILL_AREA ( #1298 ) ;
#329 = PRESENTATION_LAYER_ASSIGNMENT (  '', '', ( #1789 ) ) ;
#330 = ORIENTED_EDGE ( 'NONE', *, *, #70, .F. ) ;
#331 = FACE_OUTER_BOUND ( 'NONE', #1362, .T. ) ;
#332 = FACE_OUTER_BOUND ( 'NONE', #344, .T. ) ;
#333 = CARTESIAN_POINT ( 'NONE',  ( 0.6499999999999998002, -0.2124999999999999112, -0.07000000000000000666 ) ) ;
#334 = EDGE_CURVE ( 'NONE', #1247, #732, #380, .T. ) ;
#335 = EDGE_CURVE ( 'NONE', #1296, #922, #2515, .T. ) ;
#336 = ORIENTED_EDGE ( 'NONE', *, *, #1449, .T. ) ;
#337 = AXIS2_PLACEMENT_3D ( 'NONE', #2709, #556, #1204 ) ;
#338 = DIRECTION ( 'NONE',  ( 0.000000000000000000, 0.000000000000000000, -1.000000000000000000 ) ) ;
#339 = SPHERICAL_SURFACE ( 'NONE', #2809, 0.05000000000000000278 ) ;
#340 = PRESENTATION_LAYER_ASSIGNMENT (  '', '', ( #890 ) ) ;
#341 = DIRECTION ( 'NONE',  ( 0.000000000000000000, 1.000000000000000000, 0.000000000000000000 ) ) ;
#342 = FACE_OUTER_BOUND ( 'NONE', #824, .T. ) ;
#343 = PRESENTATION_LAYER_ASSIGNMENT (  '', '', ( #2650 ) ) ;
#344 = EDGE_LOOP ( 'NONE', ( #209, #1877, #2441, #2066, #1201, #270 ) ) ;
#345 = UNCERTAINTY_MEASURE_WITH_UNIT (LENGTH_MEASURE( 1.000000000000000082E-05 ), #3027, 'distance_accuracy_value', 'NONE');
#346 = CARTESIAN_POINT ( 'NONE',  ( -0.6214357487718109585, -1.428183300565702973, -0.4784878236872062152 ) ) ;
#347 = FILL_AREA_STYLE_COLOUR ( '', #2867 ) ;
#348 = ORIENTED_EDGE ( 'NONE', *, *, #2215, .T. ) ;
#349 = DIRECTION ( 'NONE',  ( 0.000000000000000000, 0.000000000000000000, 1.000000000000000000 ) ) ;
#350 = CARTESIAN_POINT ( 'NONE',  ( -1.015605080276969607, 1.162500000000000089, -0.3284144968811851806 ) ) ;
#351 =( NAMED_UNIT ( * ) SI_UNIT ( $, .STERADIAN. ) SOLID_ANGLE_UNIT ( ) );
#352 = FACE_OUTER_BOUND ( 'NONE', #2825, .T. ) ;
#353 = AXIS2_PLACEMENT_3D ( 'NONE', #2956, #2477, #160 ) ;
#354 = VERTEX_POINT ( 'NONE', #1750 ) ;
#355 = CARTESIAN_POINT ( 'NONE',  ( -1.012115130606719537, -0.7374999999999998224, -0.4283535795830947235 ) ) ;
#356 = EDGE_CURVE ( 'NONE', #1010, #1352, #555, .T. ) ;
#357 = CARTESIAN_POINT ( 'NONE',  ( -0.5715575462588197153, -1.381557546258819880, 0.4749999999999999223 ) ) ;
#358 = SURFACE_STYLE_USAGE ( .BOTH. , #2524 ) ;
#359 = EDGE_CURVE ( 'NONE', #1184, #1247, #2277, .T. ) ;
#360 = VERTEX_POINT ( 'NONE', #1573 ) ;
#361 = CYLINDRICAL_SURFACE ( 'NONE', #2569, 0.06500000000000000222 ) ;
#362 = AXIS2_PLACEMENT_3D ( 'NONE', #2396, #254, #1205 ) ;
#363 = ORIENTED_EDGE ( 'NONE', *, *, #3023, .T. ) ;
#364 = SURFACE_STYLE_USAGE ( .BOTH. , #410 ) ;
#365 = UNCERTAINTY_MEASURE_WITH_UNIT (LENGTH_MEASURE( 1.000000000000000082E-05 ), #2423, 'distance_accuracy_value', 'NONE');
#366 = AXIS2_PLACEMENT_3D ( 'NONE', #2958, #528, #2429 ) ;
#367 = AXIS2_PLACEMENT_3D ( 'NONE', #2764, #508, #2407 ) ;
#368 = ORIENTED_EDGE ( 'NONE', *, *, #2661, .F. ) ;
#369 = CARTESIAN_POINT ( 'NONE',  ( -0.4415575462588198219, 1.251557546258819320, 0.5149999999999999023 ) ) ;
#370 = CARTESIAN_POINT ( 'NONE',  ( 1.012115130606719537, 0.2125000000000001332, -0.4283535795830950010 ) ) ;
#371 = ADVANCED_FACE ( 'NONE', ( #1976 ), #101, .F. ) ;
#372 =( NAMED_UNIT ( * ) PLANE_ANGLE_UNIT ( ) SI_UNIT ( $, .RADIAN. ) );
#373 = UNCERTAINTY_MEASURE_WITH_UNIT (LENGTH_MEASURE( 1.000000000000000082E-05 ), #2656, 'distance_accuracy_value', 'NONE');
#374 =( BOUNDED_CURVE ( )  B_SPLINE_CURVE ( 3, ( #3053, #2845, #2817, #1382 ),
 .UNSPECIFIED., .F., .F. ) 
 B_SPLINE_CURVE_WITH_KNOTS ( ( 4, 4 ),
 ( 5.500221614255712765, 7.066149000103462363 ),
 .UNSPECIFIED. ) 
 CURVE ( )  GEOMETRIC_REPRESENTATION_ITEM ( )  RATIONAL_B_SPLINE_CURVE ( ( 1.000000000000000000, 0.8058840764544665802, 0.8058840764544665802, 1.000000000000000000 ) ) 
 REPRESENTATION_ITEM ( '' )  );
#375 = EDGE_CURVE ( 'NONE', #592, #1179, #905, .T. ) ;
#376 = ORIENTED_EDGE ( 'NONE', *, *, #1897, .F. ) ;
#377 =( BOUNDED_CURVE ( )  B_SPLINE_CURVE ( 3, ( #902, #1864, #2813, #2105 ),
 .UNSPECIFIED., .F., .F. ) 
 B_SPLINE_CURVE_WITH_KNOTS ( ( 4, 4 ),
 ( 5.500221614255707436, 7.066149000103461475 ),
 .UNSPECIFIED. ) 
 CURVE ( )  GEOMETRIC_REPRESENTATION_ITEM ( )  RATIONAL_B_SPLINE_CURVE ( ( 1.000000000000000000, 0.8058840764544654700, 0.8058840764544654700, 1.000000000000000000 ) ) 
 REPRESENTATION_ITEM ( '' )  );
#378 = DIRECTION ( 'NONE',  ( 0.000000000000000000, 0.000000000000000000, 1.000000000000000000 ) ) ;
#379 = ORIENTED_EDGE ( 'NONE', *, *, #589, .T. ) ;
#380 = LINE ( 'NONE', #317, #2901 ) ;
#381 = FACE_OUTER_BOUND ( 'NONE', #290, .T. ) ;
#382 = ORIENTED_EDGE ( 'NONE', *, *, #1860, .T. ) ;
#383 = FACE_OUTER_BOUND ( 'NONE', #2453, .T. ) ;
#384 = VECTOR ( 'NONE', #1550, 1000.000000000000000 ) ;
#385 = CARTESIAN_POINT ( 'NONE',  ( 0.5715575462588192712, 1.431435748771810568, 0.4784878236872062152 ) ) ;
#386 = ORIENTED_EDGE ( 'NONE', *, *, #46, .F. ) ;
#387 = LINE ( 'NONE', #1343, #2331 ) ;
#388 = PRESENTATION_STYLE_ASSIGNMENT (( #2981 ) ) ;
#389 = AXIS2_PLACEMENT_3D ( 'NONE', #2173, #2435, #2451 ) ;
#390 = VECTOR ( 'NONE', #756, 1000.000000000000000 ) ;
#391 = ORIENTED_EDGE ( 'NONE', *, *, #532, .F. ) ;
#392 = CARTESIAN_POINT ( 'NONE',  ( -0.6500000000000001332, -1.460000000000000187, 0.07000000000000000666 ) ) ;
#393 = CARTESIAN_POINT ( 'NONE',  ( 0.6181833005657024760, -1.431435748771811012, -0.4784878236872062152 ) ) ;
#394 = VECTOR ( 'NONE', #1878, 1000.000000000000000 ) ;
#395 = AXIS2_PLACEMENT_3D ( 'NONE', #1047, #78, #2749 ) ;
#396 = ORIENTED_EDGE ( 'NONE', *, *, #472, .T. ) ;
#397 = DIRECTION ( 'NONE',  ( -0.9975640502598243087, 0.000000000000000000, 0.06975647374412546897 ) ) ;
#398 = CARTESIAN_POINT ( 'NONE',  ( 0.6003633278277472618, 1.460241530340738558, 0.06654595520622470783 ) ) ;
#399 = VECTOR ( 'NONE', #540, 1000.000000000000114 ) ;
#400 = VERTEX_POINT ( 'NONE', #2986 ) ;
#401 =( LENGTH_UNIT ( ) NAMED_UNIT ( * ) SI_UNIT ( .MILLI., .METRE. ) );
#402 = DIRECTION ( 'NONE',  ( 0.000000000000000000, 1.000000000000000000, 0.000000000000000000 ) ) ;
#403 = CARTESIAN_POINT ( 'NONE',  ( -0.9806655614347226102, 1.162500000000000089, -0.3672187637694953044 ) ) ;
#404 = ORIENTED_EDGE ( 'NONE', *, *, #2418, .F. ) ;
#405 = ORIENTED_EDGE ( 'NONE', *, *, #2848, .F. ) ;
#406 = SURFACE_SIDE_STYLE ('',( #1363 ) ) ;
#407 = EDGE_CURVE ( 'NONE', #909, #2673, #605, .T. ) ;
#408 = UNCERTAINTY_MEASURE_WITH_UNIT (LENGTH_MEASURE( 1.000000000000000082E-05 ), #423, 'distance_accuracy_value', 'NONE');
#409 = DIRECTION ( 'NONE',  ( -0.000000000000000000, -1.000000000000000000, -0.000000000000000000 ) ) ;
#410 = SURFACE_SIDE_STYLE ('',( #2754 ) ) ;
#411 = PRESENTATION_LAYER_ASSIGNMENT (  '', '', ( #859 ) ) ;
#412 = CIRCLE ( 'NONE', #812, 0.09999999999999950595 ) ;
#413 = ORIENTED_EDGE ( 'NONE', *, *, #11, .F. ) ;
#414 = AXIS2_PLACEMENT_3D ( 'NONE', #2060, #3031, #2609 ) ;
#415 = EDGE_CURVE ( 'NONE', #1958, #1524, #848, .T. ) ;
#416 = DIRECTION ( 'NONE',  ( -0.06975647374412545509, 0.000000000000000000, 0.9975640502598241977 ) ) ;
#417 = PLANE ( 'NONE',  #2969 ) ;
#418 =( BOUNDED_CURVE ( )  B_SPLINE_CURVE ( 3, ( #2599, #1886, #1840, #3059 ),
 .UNSPECIFIED., .F., .F. ) 
 B_SPLINE_CURVE_WITH_KNOTS ( ( 4, 4 ),
 ( 2.358628960665918761, 3.924556346513671468 ),
 .UNSPECIFIED. ) 
 CURVE ( )  GEOMETRIC_REPRESENTATION_ITEM ( )  RATIONAL_B_SPLINE_CURVE ( ( 1.000000000000000000, 0.8058840764544658031, 0.8058840764544658031, 1.000000000000000000 ) ) 
 REPRESENTATION_ITEM ( '' )  );
#419 = AXIS2_PLACEMENT_3D ( 'NONE', #2965, #1712, #580 ) ;
#420 = ORIENTED_EDGE ( 'NONE', *, *, #32, .F. ) ;
#421 =( NAMED_UNIT ( * ) SI_UNIT ( $, .STERADIAN. ) SOLID_ANGLE_UNIT ( ) );
#422 = DIRECTION ( 'NONE',  ( -0.000000000000000000, -1.000000000000000000, -0.000000000000000000 ) ) ;
#423 =( LENGTH_UNIT ( ) NAMED_UNIT ( * ) SI_UNIT ( .MILLI., .METRE. ) );
#424 =( LENGTH_UNIT ( ) NAMED_UNIT ( * ) SI_UNIT ( .MILLI., .METRE. ) );
#425 = CARTESIAN_POINT ( 'NONE',  ( -0.4415575462588198219, 1.251557546258819320, 0.5250000000000000222 ) ) ;
#426 = ORIENTED_EDGE ( 'NONE', *, *, #125, .T. ) ;
#427 = EDGE_LOOP ( 'NONE', ( #663, #2658, #1755, #638, #296, #315, #1483, #1234, #386, #3071 ) ) ;
#428 = CARTESIAN_POINT ( 'NONE',  ( -0.6214357487718109585, 1.381557546258819436, -0.4784878236872062152 ) ) ;
#429 = LINE ( 'NONE', #2106, #1568 ) ;
#430 = CARTESIAN_POINT ( 'NONE',  ( -1.200000000000000178, -0.7374999999999998224, -0.4349146637981648467 ) ) ;
#431 = MECHANICAL_DESIGN_GEOMETRIC_PRESENTATION_REPRESENTATION (  '', ( #2937 ), #1736 ) ;
#432 = ORIENTED_EDGE ( 'NONE', *, *, #2661, .T. ) ;
#433 = DIRECTION ( 'NONE',  ( -1.000000000000000000, 1.516296028482788437E-16, 2.168404344971007290E-15 ) ) ;
#434 = EDGE_CURVE ( 'NONE', #2058, #2835, #295, .T. ) ;
#435 = ORIENTED_EDGE ( 'NONE', *, *, #1228, .T. ) ;
#436 =( GEOMETRIC_REPRESENTATION_CONTEXT ( 3 ) GLOBAL_UNCERTAINTY_ASSIGNED_CONTEXT ( ( #841 ) ) GLOBAL_UNIT_ASSIGNED_CONTEXT ( ( #1452, #968, #717 ) ) REPRESENTATION_CONTEXT ( 'NONE', 'WORKASPACE' ) );
#437 = SURFACE_SIDE_STYLE ('',( #2648 ) ) ;
#438 = DIRECTION ( 'NONE',  ( 0.06958737431666467410, 0.06958737431666482676, -0.9951458157835086915 ) ) ;
#439 = DIRECTION ( 'NONE',  ( 1.000000000000000000, 0.000000000000000000, 0.000000000000000000 ) ) ;
#440 = COLOUR_RGB ( '',0.8039215686274510109, 0.8039215686274510109, 0.8039215686274510109 ) ;
#441 =( NAMED_UNIT ( * ) PLANE_ANGLE_UNIT ( ) SI_UNIT ( $, .RADIAN. ) );
#442 =( NAMED_UNIT ( * ) PLANE_ANGLE_UNIT ( ) SI_UNIT ( $, .RADIAN. ) );
#443 = AXIS2_PLACEMENT_3D ( 'NONE', #1553, #122, #2538 ) ;
#444 = EDGE_LOOP ( 'NONE', ( #1867, #1392 ) ) ;
#445 =( LENGTH_UNIT ( ) NAMED_UNIT ( * ) SI_UNIT ( .MILLI., .METRE. ) );
#446 = DIRECTION ( 'NONE',  ( 1.000000000000000000, 0.000000000000000000, 0.000000000000000000 ) ) ;
#447 = CIRCLE ( 'NONE', #2437, 0.09999999999999993616 ) ;
#448 = ORIENTED_EDGE ( 'NONE', *, *, #1350, .T. ) ;
#449 = CARTESIAN_POINT ( 'NONE',  ( 0.5940682043641735133, -1.453946406877165032, 0.1565704149035914150 ) ) ;
#450 = STYLED_ITEM ( 'NONE', ( #2939 ), #320 ) ;
#451 = PRESENTATION_LAYER_ASSIGNMENT (  '', '', ( #2654 ) ) ;
#452 = ORIENTED_EDGE ( 'NONE', *, *, #2473, .F. ) ;
#453 = FILL_AREA_STYLE ('',( #982 ) ) ;
#454 =( NAMED_UNIT ( * ) PLANE_ANGLE_UNIT ( ) SI_UNIT ( $, .RADIAN. ) );
#455 =( GEOMETRIC_REPRESENTATION_CONTEXT ( 3 ) GLOBAL_UNCERTAINTY_ASSIGNED_CONTEXT ( ( #565 ) ) GLOBAL_UNIT_ASSIGNED_CONTEXT ( ( #1074, #162, #828 ) ) REPRESENTATION_CONTEXT ( 'NONE', 'WORKASPACE' ) );
#456 = CARTESIAN_POINT ( 'NONE',  ( -0.6361017145610191603, 1.396223512048026860, -0.2687547416033868597 ) ) ;
#457 = DIRECTION ( 'NONE',  ( -0.000000000000000000, -1.000000000000000000, -0.000000000000000000 ) ) ;
#458 = EDGE_CURVE ( 'NONE', #2404, #506, #2502, .T. ) ;
#459 = ORIENTED_EDGE ( 'NONE', *, *, #1819, .F. ) ;
#460 = CARTESIAN_POINT ( 'NONE',  ( -0.9806655614347226102, -1.162499999999999867, -0.3672187637694953044 ) ) ;
#461 = CARTESIAN_POINT ( 'NONE',  ( 0.6181833005657024760, 1.431435748771810568, 0.4784878236872062152 ) ) ;
#462 = ORIENTED_EDGE ( 'NONE', *, *, #2757, .F. ) ;
#463 = PLANE ( 'NONE',  #835 ) ;
#464 = AXIS2_PLACEMENT_3D ( 'NONE', #97, #128, #378 ) ;
#465 = VECTOR ( 'NONE', #1735, 1000.000000000000114 ) ;
#466 = EDGE_LOOP ( 'NONE', ( #2529, #3032, #2759, #1632, #2161, #1770 ) ) ;
#467 = CARTESIAN_POINT ( 'NONE',  ( -0.6843537075104185741, -0.7374999999999998224, -0.1270274667700337368 ) ) ;
#468 = DIRECTION ( 'NONE',  ( -0.000000000000000000, 1.000000000000000000, 0.000000000000000000 ) ) ;
#469 = ADVANCED_FACE ( 'NONE', ( #883 ), #1646, .T. ) ;
#470 = MECHANICAL_DESIGN_GEOMETRIC_PRESENTATION_REPRESENTATION (  '', ( #1209 ), #2258 ) ;
#471 = SURFACE_STYLE_USAGE ( .BOTH. , #2838 ) ;
#472 = EDGE_CURVE ( 'NONE', #592, #1018, #2446, .T. ) ;
#473 = ORIENTED_EDGE ( 'NONE', *, *, #2791, .F. ) ;
#474 = CARTESIAN_POINT ( 'NONE',  ( -0.6500000000000001332, 1.410121797487008388, 0.07000000000000000666 ) ) ;
#475 = CARTESIAN_POINT ( 'NONE',  ( 0.6499999999999998002, 0.2125000000000001332, -0.07000000000000000666 ) ) ;
#476 = CIRCLE ( 'NONE', #324, 0.09999999999999939493 ) ;
#477 = PRESENTATION_LAYER_ASSIGNMENT (  '', '', ( #1162 ) ) ;
#478 = ORIENTED_EDGE ( 'NONE', *, *, #1169, .F. ) ;
#479 = LINE ( 'NONE', #1236, #1602 ) ;
#480 = FILL_AREA_STYLE ('',( #1668 ) ) ;
#481 = DIRECTION ( 'NONE',  ( -0.000000000000000000, -1.000000000000000000, -0.000000000000000000 ) ) ;
#482 = ORIENTED_EDGE ( 'NONE', *, *, #2870, .T. ) ;
#483 = FACE_OUTER_BOUND ( 'NONE', #466, .T. ) ;
#484 = PRESENTATION_STYLE_ASSIGNMENT (( #747 ) ) ;
#485 = MECHANICAL_DESIGN_GEOMETRIC_PRESENTATION_REPRESENTATION (  '', ( #2638 ), #941 ) ;
#486 = AXIS2_PLACEMENT_3D ( 'NONE', #2799, #1574, #635 ) ;
#487 = CARTESIAN_POINT ( 'NONE',  ( -0.6499999999999998002, 1.162500000000000089, -0.1699999999999993738 ) ) ;
#488 = MECHANICAL_DESIGN_GEOMETRIC_PRESENTATION_REPRESENTATION (  '', ( #1847 ), #1744 ) ;
#489 = EDGE_LOOP ( 'NONE', ( #2966, #2606, #2896, #1429, #1150, #30, #2727, #111, #321, #799 ) ) ;
#490 = LINE ( 'NONE', #1003, #1243 ) ;
#491 = DIRECTION ( 'NONE',  ( 0.000000000000000000, 0.000000000000000000, -1.000000000000000000 ) ) ;
#492 = DIRECTION ( 'NONE',  ( 0.000000000000000000, -1.000000000000000000, -0.000000000000000000 ) ) ;
#493 = EDGE_CURVE ( 'NONE', #3043, #2404, #1097, .T. ) ;
#494 = EDGE_LOOP ( 'NONE', ( #955, #1112, #2908, #1682, #2879, #2032 ) ) ;
#495 = LINE ( 'NONE', #727, #658 ) ;
#496 = SPHERICAL_SURFACE ( 'NONE', #2082, 0.05000000000000000278 ) ;
#497 = EDGE_CURVE ( 'NONE', #1907, #2210, #863, .T. ) ;
#498 = AXIS2_PLACEMENT_3D ( 'NONE', #1599, #626, #1613 ) ;
#499 = ORIENTED_EDGE ( 'NONE', *, *, #2757, .T. ) ;
#500 = PRESENTATION_STYLE_ASSIGNMENT (( #3084 ) ) ;
#501 = DIRECTION ( 'NONE',  ( -0.06958737431666482676, -0.06958737431666482676, 0.9951458157835086915 ) ) ;
#502 =( GEOMETRIC_REPRESENTATION_CONTEXT ( 3 ) GLOBAL_UNCERTAINTY_ASSIGNED_CONTEXT ( ( #599 ) ) GLOBAL_UNIT_ASSIGNED_CONTEXT ( ( #2957, #2478, #1286 ) ) REPRESENTATION_CONTEXT ( 'NONE', 'WORKASPACE' ) );
#503 = FACE_OUTER_BOUND ( 'NONE', #2585, .T. ) ;
#504 = LINE ( 'NONE', #245, #648 ) ;
#505 = STYLED_ITEM ( 'NONE', ( #2659 ), #1899 ) ;
#506 = VERTEX_POINT ( 'NONE', #2313 ) ;
#507 = DIRECTION ( 'NONE',  ( 0.000000000000000000, -1.000000000000000000, 0.000000000000000000 ) ) ;
#508 = DIRECTION ( 'NONE',  ( -0.000000000000000000, -1.000000000000000000, -0.000000000000000000 ) ) ;
#509 = EDGE_CURVE ( 'NONE', #1838, #360, #179, .T. ) ;
#510 = ORIENTED_EDGE ( 'NONE', *, *, #2847, .F. ) ;
#511 =( NAMED_UNIT ( * ) SI_UNIT ( $, .STERADIAN. ) SOLID_ANGLE_UNIT ( ) );
#512 =( NAMED_UNIT ( * ) PLANE_ANGLE_UNIT ( ) SI_UNIT ( $, .RADIAN. ) );
#513 = CARTESIAN_POINT ( 'NONE',  ( 1.012115130606719537, 0.2125000000000001332, -0.4283535795830950010 ) ) ;
#514 = ORIENTED_EDGE ( 'NONE', *, *, #203, .T. ) ;
#515 = CARTESIAN_POINT ( 'NONE',  ( -1.012115130606719537, 0.7375000000000000444, -0.4283535795830947235 ) ) ;
#516 = DIRECTION ( 'NONE',  ( 0.06958737431666479900, 0.06958737431666479900, 0.9951458157835084695 ) ) ;
#517 = AXIS2_PLACEMENT_3D ( 'NONE', #1232, #66, #1440 ) ;
#518 = CARTESIAN_POINT ( 'NONE',  ( -0.5715575462588198263, -1.428183300565702973, 0.5250000000000000222 ) ) ;
#519 = MECHANICAL_DESIGN_GEOMETRIC_PRESENTATION_REPRESENTATION (  '', ( #2780 ), #68 ) ;
#520 = ORIENTED_EDGE ( 'NONE', *, *, #2048, .T. ) ;
#521 = DIRECTION ( 'NONE',  ( -0.000000000000000000, -1.000000000000000000, -0.000000000000000000 ) ) ;
#522 = DIRECTION ( 'NONE',  ( 0.000000000000000000, 0.000000000000000000, 1.000000000000000000 ) ) ;
#523 = CARTESIAN_POINT ( 'NONE',  ( 0.7490268068741563479, 0.2125000000000001332, -0.1560826899039934046 ) ) ;
#524 = ORIENTED_EDGE ( 'NONE', *, *, #1579, .F. ) ;
#525 = DIRECTION ( 'NONE',  ( -0.000000000000000000, -1.000000000000000000, -0.000000000000000000 ) ) ;
#526 = CYLINDRICAL_SURFACE ( 'NONE', #1442, 0.09999999999999993616 ) ;
#527 = CARTESIAN_POINT ( 'NONE',  ( -0.6499999999999998002, 1.162500000000000089, 0.07000000000000010381 ) ) ;
#528 = DIRECTION ( 'NONE',  ( 0.06958737431666467410, -0.06958737431666482676, -0.9951458157835086915 ) ) ;
#529 = ORIENTED_EDGE ( 'NONE', *, *, #235, .F. ) ;
#530 = FILL_AREA_STYLE ('',( #2713 ) ) ;
#531 = EDGE_CURVE ( 'NONE', #1781, #1642, #2344, .T. ) ;
#532 = EDGE_CURVE ( 'NONE', #1650, #726, #377, .T. ) ;
#533 =( NAMED_UNIT ( * ) PLANE_ANGLE_UNIT ( ) SI_UNIT ( $, .RADIAN. ) );
#534 = FILL_AREA_STYLE ('',( #1000 ) ) ;
#535 = ORIENTED_EDGE ( 'NONE', *, *, #1490, .T. ) ;
#536 = DIRECTION ( 'NONE',  ( -0.1391731009600621349, -0.000000000000000000, -0.9902680687415706950 ) ) ;
#537 = FACE_OUTER_BOUND ( 'NONE', #1230, .T. ) ;
#538 = AXIS2_PLACEMENT_3D ( 'NONE', #2170, #2466, #2897 ) ;
#539 = VERTEX_POINT ( 'NONE', #3048 ) ;
#540 = DIRECTION ( 'NONE',  ( 0.06958737431666479900, -0.06958737431666479900, 0.9951458157835084695 ) ) ;
#541 = CARTESIAN_POINT ( 'NONE',  ( 0.5715575462588192712, -1.381557546258819880, -0.4749999999999999223 ) ) ;
#542 = PRESENTATION_STYLE_ASSIGNMENT (( #1734 ) ) ;
#543 = LINE ( 'NONE', #2006, #764 ) ;
#544 = VERTEX_POINT ( 'NONE', #428 ) ;
#545 =( LENGTH_UNIT ( ) NAMED_UNIT ( * ) SI_UNIT ( .MILLI., .METRE. ) );
#546 = CARTESIAN_POINT ( 'NONE',  ( -1.012115130606719537, 1.162500000000000089, -0.4283535795830947235 ) ) ;
#547 = VECTOR ( 'NONE', #1455, 1000.000000000000000 ) ;
#548 = PRESENTATION_LAYER_ASSIGNMENT (  '', '', ( #2756 ) ) ;
#549 = EDGE_CURVE ( 'NONE', #586, #1588, #1332, .T. ) ;
#550 = AXIS2_PLACEMENT_3D ( 'NONE', #2454, #1264, #2004 ) ;
#551 = EDGE_CURVE ( 'NONE', #1018, #1661, #2330, .T. ) ;
#552 = EDGE_LOOP ( 'NONE', ( #2015, #1115, #1980, #1138 ) ) ;
#553 = CARTESIAN_POINT ( 'NONE',  ( -0.6500000000000001332, -1.460000000000000187, -0.07000000000000000666 ) ) ;
#554 = CARTESIAN_POINT ( 'NONE',  ( 0.7490268068741563479, 0.2125000000000001332, -0.1560826899039934046 ) ) ;
#555 = LINE ( 'NONE', #148, #1134 ) ;
#556 = DIRECTION ( 'NONE',  ( -0.06958737431666467410, -0.06958737431666482676, -0.9951458157835086915 ) ) ;
#557 = CARTESIAN_POINT ( 'NONE',  ( -0.8824073209654356154, -0.7374999999999998224, -0.09919284661924154811 ) ) ;
#558 = ORIENTED_EDGE ( 'NONE', *, *, #375, .T. ) ;
#559 = DIRECTION ( 'NONE',  ( 0.03489949670250223901, 0.000000000000000000, -0.9993908270190956511 ) ) ;
#560 = COLOUR_RGB ( '',0.8039215686274510109, 0.8039215686274510109, 0.8039215686274510109 ) ;
#561 = SURFACE_SIDE_STYLE ('',( #2715 ) ) ;
#562 = AXIS2_PLACEMENT_3D ( 'NONE', #2020, #1812, #708 ) ;
#563 = PRESENTATION_LAYER_ASSIGNMENT (  '', '', ( #1014 ) ) ;
#564 = ORIENTED_EDGE ( 'NONE', *, *, #1307, .T. ) ;
#565 = UNCERTAINTY_MEASURE_WITH_UNIT (LENGTH_MEASURE( 1.000000000000000082E-05 ), #1074, 'distance_accuracy_value', 'NONE');
#566 = FACE_OUTER_BOUND ( 'NONE', #552, .T. ) ;
#567 = PRESENTATION_LAYER_ASSIGNMENT (  '', '', ( #923 ) ) ;
#568 = ADVANCED_FACE ( 'NONE', ( #2826 ), #2591, .F. ) ;
#569 = EDGE_CURVE ( 'NONE', #1642, #2673, #740, .T. ) ;
#570 = EDGE_LOOP ( 'NONE', ( #630, #906, #1645, #1124 ) ) ;
#571 = PRESENTATION_STYLE_ASSIGNMENT (( #1285 ) ) ;
#572 = VECTOR ( 'NONE', #2906, 1000.000000000000000 ) ;
#573 = DIRECTION ( 'NONE',  ( 0.9975640502598243087, 0.000000000000000000, 0.06975647374412544122 ) ) ;
#574 = CYLINDRICAL_SURFACE ( 'NONE', #171, 0.05000000000000002359 ) ;
#575 = ORIENTED_EDGE ( 'NONE', *, *, #1948, .F. ) ;
#576 =( LENGTH_UNIT ( ) NAMED_UNIT ( * ) SI_UNIT ( .MILLI., .METRE. ) );
#577 = VECTOR ( 'NONE', #2450, 1000.000000000000000 ) ;
#578 = CARTESIAN_POINT ( 'NONE',  ( -0.8824073209654356154, 1.162500000000000089, -0.09919284661924154811 ) ) ;
#579 = SURFACE_STYLE_FILL_AREA ( #1970 ) ;
#580 = DIRECTION ( 'NONE',  ( 1.547916722594555545E-15, 0.000000000000000000, 1.000000000000000000 ) ) ;
#581 = VECTOR ( 'NONE', #2400, 1000.000000000000114 ) ;
#582 = ORIENTED_EDGE ( 'NONE', *, *, #1098, .T. ) ;
#583 = CARTESIAN_POINT ( 'NONE',  ( 0.5715575462588193822, 0.000000000000000000, -0.4749999999999999223 ) ) ;
#584 = LINE ( 'NONE', #801, #2402 ) ;
#585 = AXIS2_PLACEMENT_3D ( 'NONE', #3016, #1348, #2498 ) ;
#586 = VERTEX_POINT ( 'NONE', #2132 ) ;
#587 =( NAMED_UNIT ( * ) PLANE_ANGLE_UNIT ( ) SI_UNIT ( $, .RADIAN. ) );
#588 =( NAMED_UNIT ( * ) SI_UNIT ( $, .STERADIAN. ) SOLID_ANGLE_UNIT ( ) );
#589 = EDGE_CURVE ( 'NONE', #2365, #2404, #490, .T. ) ;
#590 = SURFACE_STYLE_USAGE ( .BOTH. , #3030 ) ;
#591 = CARTESIAN_POINT ( 'NONE',  ( -0.6500000000000001332, 1.459999999999999742, 0.07000000000000000666 ) ) ;
#592 = VERTEX_POINT ( 'NONE', #2116 ) ;
#593 = ADVANCED_FACE ( 'NONE', ( #2921 ), #1933, .F. ) ;
#594 = LINE ( 'NONE', #1319, #384 ) ;
#595 = DIRECTION ( 'NONE',  ( 0.000000000000000000, 1.000000000000000000, 0.000000000000000000 ) ) ;
#596 = CARTESIAN_POINT ( 'NONE',  ( 0.8824073209654356154, 0.2125000000000001332, -0.09919284661924175628 ) ) ;
#597 = CARTESIAN_POINT ( 'NONE',  ( -0.7490268068741562368, -0.7374999999999998224, -0.1560826899039932103 ) ) ;
#598 = CARTESIAN_POINT ( 'NONE',  ( -0.6499999999999998002, 1.162500000000000089, -0.1699999999999993738 ) ) ;
#599 = UNCERTAINTY_MEASURE_WITH_UNIT (LENGTH_MEASURE( 1.000000000000000082E-05 ), #2957, 'distance_accuracy_value', 'NONE');
#600 = STYLED_ITEM ( 'NONE', ( #272 ), #291 ) ;
#601 = ORIENTED_EDGE ( 'NONE', *, *, #1251, .T. ) ;
#602 = SURFACE_STYLE_USAGE ( .BOTH. , #2016 ) ;
#603 = VECTOR ( 'NONE', #2033, 1000.000000000000000 ) ;
#604 = VERTEX_POINT ( 'NONE', #474 ) ;
#605 = LINE ( 'NONE', #1079, #603 ) ;
#606 = VECTOR ( 'NONE', #21, 1000.000000000000000 ) ;
#607 = EDGE_CURVE ( 'NONE', #1781, #1634, #2177, .T. ) ;
#608 = ORIENTED_EDGE ( 'NONE', *, *, #702, .F. ) ;
#609 = ADVANCED_FACE ( 'NONE', ( #2389 ), #3091, .F. ) ;
#610 = ADVANCED_FACE ( 'NONE', ( #1905 ), #2856, .T. ) ;
#611 = FILL_AREA_STYLE ('',( #2572 ) ) ;
#612 = FACE_OUTER_BOUND ( 'NONE', #1121, .T. ) ;
#613 = ORIENTED_EDGE ( 'NONE', *, *, #1288, .F. ) ;
#614 = DIRECTION ( 'NONE',  ( -0.000000000000000000, -1.000000000000000000, -0.000000000000000000 ) ) ;
#615 = FACE_OUTER_BOUND ( 'NONE', #716, .T. ) ;
#616 = VECTOR ( 'NONE', #1529, 1000.000000000000000 ) ;
#617 = ORIENTED_EDGE ( 'NONE', *, *, #2717, .F. ) ;
#618 = CARTESIAN_POINT ( 'NONE',  ( -1.199999999999999956, -0.7374999999999998224, -0.5749999999999997335 ) ) ;
#619 = PRESENTATION_STYLE_ASSIGNMENT (( #590 ) ) ;
#620 = PLANE ( 'NONE',  #1666 ) ;
#621 = UNCERTAINTY_MEASURE_WITH_UNIT (LENGTH_MEASURE( 1.000000000000000082E-05 ), #1336, 'distance_accuracy_value', 'NONE');
#622 = MECHANICAL_DESIGN_GEOMETRIC_PRESENTATION_REPRESENTATION (  '', ( #217 ), #866 ) ;
#623 = ORIENTED_EDGE ( 'NONE', *, *, #2436, .T. ) ;
#624 = PRESENTATION_STYLE_ASSIGNMENT (( #2300 ) ) ;
#625 = SURFACE_SIDE_STYLE ('',( #643 ) ) ;
#626 = DIRECTION ( 'NONE',  ( -0.000000000000000000, -1.000000000000000000, -0.000000000000000000 ) ) ;
#627 = FILL_AREA_STYLE_COLOUR ( '', #2361 ) ;
#628 = EDGE_CURVE ( 'NONE', #1670, #3077, #973, .T. ) ;
#629 = EDGE_CURVE ( 'NONE', #1528, #692, #769, .T. ) ;
#630 = ORIENTED_EDGE ( 'NONE', *, *, #2485, .T. ) ;
#631 = CARTESIAN_POINT ( 'NONE',  ( -0.5065575462588198796, 1.251557546258819320, 0.5149999999999999023 ) ) ;
#632 = EDGE_CURVE ( 'NONE', #2335, #2743, #1662, .T. ) ;
#633 = ORIENTED_EDGE ( 'NONE', *, *, #872, .F. ) ;
#634 = DIRECTION ( 'NONE',  ( 0.000000000000000000, 0.000000000000000000, -1.000000000000000000 ) ) ;
#635 = DIRECTION ( 'NONE',  ( -1.000000000000000000, 0.000000000000000000, 0.000000000000000000 ) ) ;
#636 = DIRECTION ( 'NONE',  ( 0.000000000000000000, 0.000000000000000000, -1.000000000000000000 ) ) ;
#637 = STYLED_ITEM ( 'NONE', ( #500 ), #929 ) ;
#638 = ORIENTED_EDGE ( 'NONE', *, *, #2678, .F. ) ;
#639 = SURFACE_SIDE_STYLE ('',( #854 ) ) ;
#640 = CARTESIAN_POINT ( 'NONE',  ( -1.199999999999999956, 0.7375000000000000444, -0.5749999999999997335 ) ) ;
#641 = VECTOR ( 'NONE', #2594, 1000.000000000000000 ) ;
#642 = ORIENTED_EDGE ( 'NONE', *, *, #3079, .T. ) ;
#643 = SURFACE_STYLE_FILL_AREA ( #2792 ) ;
#644 = LINE ( 'NONE', #2304, #2449 ) ;
#645 = PRESENTATION_STYLE_ASSIGNMENT (( #2490 ) ) ;
#646 = EDGE_CURVE ( 'NONE', #887, #2923, #1730, .T. ) ;
#647 = FACE_OUTER_BOUND ( 'NONE', #192, .T. ) ;
#648 = VECTOR ( 'NONE', #457, 1000.000000000000000 ) ;
#649 = VECTOR ( 'NONE', #82, 1000.000000000000000 ) ;
#650 = ORIENTED_EDGE ( 'NONE', *, *, #334, .F. ) ;
#651 = CARTESIAN_POINT ( 'NONE',  ( 0.5715575462588193822, -1.381557546258819658, -0.4749999999999999223 ) ) ;
#652 = LINE ( 'NONE', #1152, #1260 ) ;
#653 = FILL_AREA_STYLE_COLOUR ( '', #2824 ) ;
#654 = AXIS2_PLACEMENT_3D ( 'NONE', #1986, #2030, #2995 ) ;
#655 = ORIENTED_EDGE ( 'NONE', *, *, #2624, .F. ) ;
#656 = CARTESIAN_POINT ( 'NONE',  ( -0.5715575462588198263, -1.381557546258819658, 0.4749999999999999223 ) ) ;
#657 =( LENGTH_UNIT ( ) NAMED_UNIT ( * ) SI_UNIT ( .MILLI., .METRE. ) );
#658 = VECTOR ( 'NONE', #1700, 1000.000000000000000 ) ;
#659 = ORIENTED_EDGE ( 'NONE', *, *, #1879, .F. ) ;
#660 = DIRECTION ( 'NONE',  ( -0.000000000000000000, -1.000000000000000000, -0.000000000000000000 ) ) ;
#661 = FILL_AREA_STYLE ('',( #1305 ) ) ;
#662 = DIRECTION ( 'NONE',  ( 0.000000000000000000, 0.000000000000000000, -1.000000000000000000 ) ) ;
#663 = ORIENTED_EDGE ( 'NONE', *, *, #458, .F. ) ;
#664 = DIRECTION ( 'NONE',  ( 1.000000000000000000, 0.000000000000000000, 0.000000000000000000 ) ) ;
#665 = LINE ( 'NONE', #3065, #212 ) ;
#666 = FACE_OUTER_BOUND ( 'NONE', #768, .T. ) ;
#667 = ADVANCED_FACE ( 'NONE', ( #2626 ), #221, .T. ) ;
#668 = EDGE_CURVE ( 'NONE', #778, #1516, #2705, .T. ) ;
#669 = PRESENTATION_LAYER_ASSIGNMENT (  '', '', ( #1713 ) ) ;
#670 = VECTOR ( 'NONE', #2219, 1000.000000000000000 ) ;
#671 = EDGE_LOOP ( 'NONE', ( #376, #2420, #2342, #898 ) ) ;
#672 = CARTESIAN_POINT ( 'NONE',  ( -0.6500000000000001332, -1.162499999999999867, -0.07000000000000000666 ) ) ;
#673 = EDGE_LOOP ( 'NONE', ( #2959, #459, #853, #1985 ) ) ;
#674 = FILL_AREA_STYLE_COLOUR ( '', #2120 ) ;
#675 = CARTESIAN_POINT ( 'NONE',  ( 1.200000000000000178, 0.2125000000000001332, -0.4349146637981650687 ) ) ;
#676 = ORIENTED_EDGE ( 'NONE', *, *, #2357, .F. ) ;
#677 = ORIENTED_EDGE ( 'NONE', *, *, #736, .F. ) ;
#678 = CARTESIAN_POINT ( 'NONE',  ( -0.7826119476864084046, -0.7374999999999998224, -0.3950533839615076870 ) ) ;
#679 = DIRECTION ( 'NONE',  ( -3.032592056965571452E-16, 1.000000000000000000, 4.336808689942016158E-15 ) ) ;
#680 = DIRECTION ( 'NONE',  ( 0.000000000000000000, 1.000000000000000000, 0.000000000000000000 ) ) ;
#681 = EDGE_CURVE ( 'NONE', #3077, #2503, #1, .T. ) ;
#682 = ORIENTED_EDGE ( 'NONE', *, *, #2279, .F. ) ;
#683 = LINE ( 'NONE', #3096, #641 ) ;
#684 = AXIS2_PLACEMENT_3D ( 'NONE', #2480, #1052, #132 ) ;
#685 = ORIENTED_EDGE ( 'NONE', *, *, #1931, .T. ) ;
#686 = STYLED_ITEM ( 'NONE', ( #2917 ), #91 ) ;
#687 = VERTEX_POINT ( 'NONE', #2511 ) ;
#688 =( NAMED_UNIT ( * ) SI_UNIT ( $, .STERADIAN. ) SOLID_ANGLE_UNIT ( ) );
#689 = CARTESIAN_POINT ( 'NONE',  ( -0.4415575462588198219, 1.251557546258819320, 0.5149999999999999023 ) ) ;
#690 = DIRECTION ( 'NONE',  ( -0.06958737431666467410, 0.06958737431666482676, -0.9951458157835086915 ) ) ;
#691 =( GEOMETRIC_REPRESENTATION_CONTEXT ( 3 ) GLOBAL_UNCERTAINTY_ASSIGNED_CONTEXT ( ( #2798 ) ) GLOBAL_UNIT_ASSIGNED_CONTEXT ( ( #1999, #782, #108 ) ) REPRESENTATION_CONTEXT ( 'NONE', 'WORKASPACE' ) );
#692 = VERTEX_POINT ( 'NONE', #784 ) ;
#693 = LINE ( 'NONE', #1895, #1227 ) ;
#694 = CARTESIAN_POINT ( 'NONE',  ( -0.6500000000000001332, -1.162499999999999867, -0.07000000000000000666 ) ) ;
#695 = COLOUR_RGB ( '',0.8039215686274510109, 0.8039215686274510109, 0.8039215686274510109 ) ;
#696 = EDGE_CURVE ( 'NONE', #732, #1949, #2228, .T. ) ;
#697 =( GEOMETRIC_REPRESENTATION_CONTEXT ( 3 ) GLOBAL_UNCERTAINTY_ASSIGNED_CONTEXT ( ( #1082 ) ) GLOBAL_UNIT_ASSIGNED_CONTEXT ( ( #2416, #44, #2745 ) ) REPRESENTATION_CONTEXT ( 'NONE', 'WORKASPACE' ) );
#698 = AXIS2_PLACEMENT_3D ( 'NONE', #651, #3015, #1411 ) ;
#699 = VERTEX_POINT ( 'NONE', #2967 ) ;
#700 = FACE_OUTER_BOUND ( 'NONE', #1118, .T. ) ;
#701 = EDGE_CURVE ( 'NONE', #304, #931, #2553, .T. ) ;
#702 = EDGE_CURVE ( 'NONE', #1642, #1907, #1073, .T. ) ;
#703 = CARTESIAN_POINT ( 'NONE',  ( 0.6499999999999998002, -1.410000000000000142, 0.07000000000000000666 ) ) ;
#704 = LINE ( 'NONE', #2839, #1694 ) ;
#705 = PLANE ( 'NONE',  #2884 ) ;
#706 = ORIENTED_EDGE ( 'NONE', *, *, #2017, .T. ) ;
#707 = CARTESIAN_POINT ( 'NONE',  ( 0.6003633278277472618, -1.410363327827747870, 0.06305813151901845659 ) ) ;
#708 = DIRECTION ( 'NONE',  ( 0.000000000000000000, 0.000000000000000000, -1.000000000000000000 ) ) ;
#709 = DIRECTION ( 'NONE',  ( -0.000000000000000000, -1.000000000000000000, -0.000000000000000000 ) ) ;
#710 = ORIENTED_EDGE ( 'NONE', *, *, #2886, .T. ) ;
#711 = CYLINDRICAL_SURFACE ( 'NONE', #2701, 0.05000000000000002359 ) ;
#712 = CYLINDRICAL_SURFACE ( 'NONE', #2895, 0.2000000000000000389 ) ;
#713 = CARTESIAN_POINT ( 'NONE',  ( 0.6292980109636149288, -1.459928822882996302, -0.07101726198154832692 ) ) ;
#714 =( GEOMETRIC_REPRESENTATION_CONTEXT ( 3 ) GLOBAL_UNCERTAINTY_ASSIGNED_CONTEXT ( ( #1064 ) ) GLOBAL_UNIT_ASSIGNED_CONTEXT ( ( #2372, #2075, #1636 ) ) REPRESENTATION_CONTEXT ( 'NONE', 'WORKASPACE' ) );
#715 = PRESENTATION_LAYER_ASSIGNMENT (  '', '', ( #309 ) ) ;
#716 = EDGE_LOOP ( 'NONE', ( #2458, #1346, #2593, #499 ) ) ;
#717 =( NAMED_UNIT ( * ) SI_UNIT ( $, .STERADIAN. ) SOLID_ANGLE_UNIT ( ) );
#718 = STYLED_ITEM ( 'NONE', ( #2771 ), #2920 ) ;
#719 = EDGE_CURVE ( 'NONE', #1516, #3018, #2261, .T. ) ;
#720 =( NAMED_UNIT ( * ) PLANE_ANGLE_UNIT ( ) SI_UNIT ( $, .RADIAN. ) );
#721 = CARTESIAN_POINT ( 'NONE',  ( 1.200000000000000178, 0.2125000000000001332, -0.4349146637981650687 ) ) ;
#722 = ORIENTED_EDGE ( 'NONE', *, *, #240, .F. ) ;
#723 = DIRECTION ( 'NONE',  ( 0.000000000000000000, 1.000000000000000000, 0.000000000000000000 ) ) ;
#724 = FACE_BOUND ( 'NONE', #2929, .T. ) ;
#725 = COLOUR_RGB ( '',0.8039215686274510109, 0.8039215686274510109, 0.8039215686274510109 ) ;
#726 = VERTEX_POINT ( 'NONE', #844 ) ;
#727 = CARTESIAN_POINT ( 'NONE',  ( 0.6499999999999998002, -1.460000000000000187, 0.07000000000000000666 ) ) ;
#728 = CARTESIAN_POINT ( 'NONE',  ( -0.6500000000000001332, -1.410000000000000142, 0.07000000000000000666 ) ) ;
#729 = DIRECTION ( 'NONE',  ( 0.9993908270190956511, 0.000000000000000000, -0.03489949670250223901 ) ) ;
#730 = DIRECTION ( 'NONE',  ( 0.000000000000000000, 0.000000000000000000, 1.000000000000000000 ) ) ;
#731 = VECTOR ( 'NONE', #3075, 1000.000000000000000 ) ;
#732 = VERTEX_POINT ( 'NONE', #2935 ) ;
#733 = LINE ( 'NONE', #1453, #1022 ) ;
#734 = AXIS2_PLACEMENT_3D ( 'NONE', #467, #2633, #2598 ) ;
#735 = LINE ( 'NONE', #2854, #996 ) ;
#736 = EDGE_CURVE ( 'NONE', #544, #87, #1282, .T. ) ;
#737 = VECTOR ( 'NONE', #57, 1000.000000000000114 ) ;
#738 = CIRCLE ( 'NONE', #443, 0.1999999997038205135 ) ;
#739 = ORIENTED_EDGE ( 'NONE', *, *, #896, .F. ) ;
#740 = LINE ( 'NONE', #1945, #1903 ) ;
#741 =( LENGTH_UNIT ( ) NAMED_UNIT ( * ) SI_UNIT ( .MILLI., .METRE. ) );
#742 = EDGE_CURVE ( 'NONE', #3082, #917, #1994, .T. ) ;
#743 = VERTEX_POINT ( 'NONE', #2438 ) ;
#744 = DIRECTION ( 'NONE',  ( 0.000000000000000000, 0.000000000000000000, -1.000000000000000000 ) ) ;
#745 = EDGE_LOOP ( 'NONE', ( #336, #2115, #1576, #826, #1457, #432 ) ) ;
#746 = LINE ( 'NONE', #1222, #2221 ) ;
#747 = SURFACE_STYLE_USAGE ( .BOTH. , #1942 ) ;
#748 = VECTOR ( 'NONE', #2564, 1000.000000000000000 ) ;
#749 = CARTESIAN_POINT ( 'NONE',  ( -0.5715575462588198263, -1.381557546258819658, -0.4749999999999999223 ) ) ;
#750 = ORIENTED_EDGE ( 'NONE', *, *, #1962, .F. ) ;
#751 = DIRECTION ( 'NONE',  ( 1.000000000000000000, 0.000000000000000000, 0.000000000000000000 ) ) ;
#752 = DIRECTION ( 'NONE',  ( -0.000000000000000000, -1.000000000000000000, -0.000000000000000000 ) ) ;
#753 = VECTOR ( 'NONE', #516, 1000.000000000000114 ) ;
#754 = VERTEX_POINT ( 'NONE', #1540 ) ;
#755 = DIRECTION ( 'NONE',  ( -0.000000000000000000, -1.000000000000000000, -0.000000000000000000 ) ) ;
#756 = DIRECTION ( 'NONE',  ( -0.000000000000000000, -0.000000000000000000, 1.000000000000000000 ) ) ;
#757 = EDGE_CURVE ( 'NONE', #155, #3043, #1036, .T. ) ;
#758 =( LENGTH_UNIT ( ) NAMED_UNIT ( * ) SI_UNIT ( .MILLI., .METRE. ) );
#759 = CARTESIAN_POINT ( 'NONE',  ( -0.6502415303407389491, 1.410363327827747426, 0.06654595520622472171 ) ) ;
#760 = EDGE_CURVE ( 'NONE', #2673, #1795, #1747, .T. ) ;
#761 = ORIENTED_EDGE ( 'NONE', *, *, #1780, .F. ) ;
#762 = CARTESIAN_POINT ( 'NONE',  ( 0.6001217974870084459, 1.459999999999999742, 0.07000000000000000666 ) ) ;
#763 = DIRECTION ( 'NONE',  ( 1.000000000000000000, 0.000000000000000000, -0.000000000000000000 ) ) ;
#764 = VECTOR ( 'NONE', #1497, 1000.000000000000114 ) ;
#765 =( NAMED_UNIT ( * ) SI_UNIT ( $, .STERADIAN. ) SOLID_ANGLE_UNIT ( ) );
#766 = CARTESIAN_POINT ( 'NONE',  ( -0.5715575462588198263, 0.000000000000000000, -0.4749999999999999223 ) ) ;
#767 = AXIS2_PLACEMENT_3D ( 'NONE', #3093, #1379, #2119 ) ;
#768 = EDGE_LOOP ( 'NONE', ( #1715, #1709, #1746, #1005, #478, #2655 ) ) ;
#769 = LINE ( 'NONE', #2904, #3003 ) ;
#770 = DIRECTION ( 'NONE',  ( 0.000000000000000000, 1.000000000000000000, 0.000000000000000000 ) ) ;
#771 = CIRCLE ( 'NONE', #1971, 0.05000000000000002359 ) ;
#772 = ORIENTED_EDGE ( 'NONE', *, *, #2887, .F. ) ;
#773 = DIRECTION ( 'NONE',  ( -4.347398734760404633E-15, 1.000000000000000000, 0.000000000000000000 ) ) ;
#774 = CARTESIAN_POINT ( 'NONE',  ( -0.6500000000000001332, -1.460000000000000187, -0.07000000000000000666 ) ) ;
#775 = CARTESIAN_POINT ( 'NONE',  ( 0.7826119476864084046, -0.2124999999999999112, -0.3950533839615079090 ) ) ;
#776 = CARTESIAN_POINT ( 'NONE',  ( -0.6500000000000001332, -0.7374999999999998224, -0.07000000000000000666 ) ) ;
#777 = ADVANCED_FACE ( 'NONE', ( #566 ), #1248, .T. ) ;
#778 = VERTEX_POINT ( 'NONE', #327 ) ;
#779 = CARTESIAN_POINT ( 'NONE',  ( 0.6499999999999998002, -0.2124999999999999112, 0.07000000000000000666 ) ) ;
#780 = ADVANCED_FACE ( 'NONE', ( #1521 ), #96, .F. ) ;
#781 = SURFACE_STYLE_USAGE ( .BOTH. , #1998 ) ;
#782 =( NAMED_UNIT ( * ) PLANE_ANGLE_UNIT ( ) SI_UNIT ( $, .RADIAN. ) );
#783 = ORIENTED_EDGE ( 'NONE', *, *, #2392, .T. ) ;
#784 = CARTESIAN_POINT ( 'NONE',  ( 0.9165782734028127265, -0.2124999999999999112, -0.3423318069771916217 ) ) ;
#785 = CYLINDRICAL_SURFACE ( 'NONE', #2351, 0.05000000000000002359 ) ;
#786 = ORIENTED_EDGE ( 'NONE', *, *, #2922, .T. ) ;
#787 = CARTESIAN_POINT ( 'NONE',  ( 0.5999999999999996447, -1.460000000000000187, 0.07000000000000000666 ) ) ;
#788 = DIRECTION ( 'NONE',  ( -0.000000000000000000, -1.000000000000000000, -0.000000000000000000 ) ) ;
#789 = PLANE ( 'NONE',  #1154 ) ;
#790 = ORIENTED_EDGE ( 'NONE', *, *, #952, .T. ) ;
#791 = SURFACE_STYLE_USAGE ( .BOTH. , #107 ) ;
#792 = EDGE_CURVE ( 'NONE', #1958, #2938, #2952, .T. ) ;
#793 = VECTOR ( 'NONE', #1268, 1000.000000000000000 ) ;
#794 = FACE_OUTER_BOUND ( 'NONE', #163, .T. ) ;
#795 = LINE ( 'NONE', #2192, #2230 ) ;
#796 = ADVANCED_FACE ( 'NONE', ( #2735 ), #2493, .T. ) ;
#797 =( GEOMETRIC_REPRESENTATION_CONTEXT ( 3 ) GLOBAL_UNCERTAINTY_ASSIGNED_CONTEXT ( ( #373 ) ) GLOBAL_UNIT_ASSIGNED_CONTEXT ( ( #2656, #959, #49 ) ) REPRESENTATION_CONTEXT ( 'NONE', 'WORKASPACE' ) );
#798 = STYLED_ITEM ( 'NONE', ( #1557 ), #796 ) ;
#799 = ORIENTED_EDGE ( 'NONE', *, *, #2866, .F. ) ;
#800 = CARTESIAN_POINT ( 'NONE',  ( -0.7826119476864084046, -0.7374999999999998224, -0.3950533839615076870 ) ) ;
#801 = CARTESIAN_POINT ( 'NONE',  ( -0.7490268068741562368, -0.7374999999999998224, -0.1560826899039932103 ) ) ;
#802 = AXIS2_PLACEMENT_3D ( 'NONE', #2562, #2183, #744 ) ;
#803 = VERTEX_POINT ( 'NONE', #631 ) ;
#804 = CIRCLE ( 'NONE', #2293, 0.04999999999999991951 ) ;
#805 = LINE ( 'NONE', #2690, #966 ) ;
#806 = ORIENTED_EDGE ( 'NONE', *, *, #2678, .T. ) ;
#807 = PRESENTATION_STYLE_ASSIGNMENT (( #1241 ) ) ;
#808 = DIRECTION ( 'NONE',  ( -0.000000000000000000, -1.000000000000000000, -0.000000000000000000 ) ) ;
#809 = DIRECTION ( 'NONE',  ( 0.000000000000000000, 0.000000000000000000, 1.000000000000000000 ) ) ;
#810 = SURFACE_STYLE_FILL_AREA ( #2180 ) ;
#811 =( GEOMETRIC_REPRESENTATION_CONTEXT ( 3 ) GLOBAL_UNCERTAINTY_ASSIGNED_CONTEXT ( ( #2734 ) ) GLOBAL_UNIT_ASSIGNED_CONTEXT ( ( #1779, #2262, #818 ) ) REPRESENTATION_CONTEXT ( 'NONE', 'WORKASPACE' ) );
#812 = AXIS2_PLACEMENT_3D ( 'NONE', #1259, #2238, #2012 ) ;
#813 = EDGE_CURVE ( 'NONE', #3100, #836, #387, .T. ) ;
#814 = STYLED_ITEM ( 'NONE', ( #2273 ), #3046 ) ;
#815 = ORIENTED_EDGE ( 'NONE', *, *, #2601, .T. ) ;
#816 = UNCERTAINTY_MEASURE_WITH_UNIT (LENGTH_MEASURE( 1.000000000000000082E-05 ), #2059, 'distance_accuracy_value', 'NONE');
#817 = CARTESIAN_POINT ( 'NONE',  ( -0.5715575462588197153, 1.381557546258819436, 0.4749999999999999223 ) ) ;
#818 =( NAMED_UNIT ( * ) SI_UNIT ( $, .STERADIAN. ) SOLID_ANGLE_UNIT ( ) );
#819 = VERTEX_POINT ( 'NONE', #161 ) ;
#820 =( NAMED_UNIT ( * ) SI_UNIT ( $, .STERADIAN. ) SOLID_ANGLE_UNIT ( ) );
#821 = DIRECTION ( 'NONE',  ( -0.03489949670250162839, 0.000000000000000000, 0.9993908270190957621 ) ) ;
#822 = DIRECTION ( 'NONE',  ( 0.000000000000000000, 0.000000000000000000, -1.000000000000000000 ) ) ;
#823 = CARTESIAN_POINT ( 'NONE',  ( -0.9736856620942224705, 1.162500000000000089, -0.5670969291733144457 ) ) ;
#824 = EDGE_LOOP ( 'NONE', ( #2414, #1624, #255, #2944 ) ) ;
#825 = CARTESIAN_POINT ( 'NONE',  ( -0.9165782734028127265, 1.162500000000000089, -0.3423318069771913996 ) ) ;
#826 = ORIENTED_EDGE ( 'NONE', *, *, #760, .F. ) ;
#827 = DIRECTION ( 'NONE',  ( 0.000000000000000000, 0.000000000000000000, -1.000000000000000000 ) ) ;
#828 =( NAMED_UNIT ( * ) SI_UNIT ( $, .STERADIAN. ) SOLID_ANGLE_UNIT ( ) );
#829 = EDGE_CURVE ( 'NONE', #2923, #1508, #1386, .T. ) ;
#830 = AXIS2_PLACEMENT_3D ( 'NONE', #256, #1689, #2615 ) ;
#831 = ORIENTED_EDGE ( 'NONE', *, *, #2418, .T. ) ;
#832 = LINE ( 'NONE', #393, #2374 ) ;
#833 = DIRECTION ( 'NONE',  ( -0.000000000000000000, -0.000000000000000000, 1.000000000000000000 ) ) ;
#834 = UNCERTAINTY_MEASURE_WITH_UNIT (LENGTH_MEASURE( 1.000000000000000082E-05 ), #1607, 'distance_accuracy_value', 'NONE');
#835 = AXIS2_PLACEMENT_3D ( 'NONE', #2138, #937, #183 ) ;
#836 = VERTEX_POINT ( 'NONE', #2072 ) ;
#837 = FILL_AREA_STYLE ('',( #2283 ) ) ;
#838 = FACE_OUTER_BOUND ( 'NONE', #1807, .T. ) ;
#839 = LINE ( 'NONE', #1580, #2078 ) ;
#840 = CYLINDRICAL_SURFACE ( 'NONE', #498, 0.2000000000000000389 ) ;
#841 = UNCERTAINTY_MEASURE_WITH_UNIT (LENGTH_MEASURE( 1.000000000000000082E-05 ), #1452, 'distance_accuracy_value', 'NONE');
#842 = VECTOR ( 'NONE', #1728, 1000.000000000000000 ) ;
#843 = ORIENTED_EDGE ( 'NONE', *, *, #1547, .T. ) ;
#844 = CARTESIAN_POINT ( 'NONE',  ( -0.6001217974870090011, 1.459999999999999742, -0.07000000000000000666 ) ) ;
#845 =( GEOMETRIC_REPRESENTATION_CONTEXT ( 3 ) GLOBAL_UNCERTAINTY_ASSIGNED_CONTEXT ( ( #124 ) ) GLOBAL_UNIT_ASSIGNED_CONTEXT ( ( #445, #1108, #688 ) ) REPRESENTATION_CONTEXT ( 'NONE', 'WORKASPACE' ) );
#846 = ADVANCED_FACE ( 'NONE', ( #1195 ), #705, .F. ) ;
#847 = ORIENTED_EDGE ( 'NONE', *, *, #313, .F. ) ;
#848 = LINE ( 'NONE', #618, #2236 ) ;
#849 = CARTESIAN_POINT ( 'NONE',  ( -0.6000000000000001998, 1.409999999999999920, 0.07000000000000000666 ) ) ;
#850 = CARTESIAN_POINT ( 'NONE',  ( -1.012115130606719537, -0.7374999999999998224, -0.4283535795830947235 ) ) ;
#851 = EDGE_CURVE ( 'NONE', #1975, #1018, #159, .T. ) ;
#852 = EDGE_CURVE ( 'NONE', #819, #2151, #2307, .T. ) ;
#853 = ORIENTED_EDGE ( 'NONE', *, *, #2983, .F. ) ;
#854 = SURFACE_STYLE_FILL_AREA ( #2521 ) ;
#855 = DIRECTION ( 'NONE',  ( 0.1391731009600618574, 0.000000000000000000, -0.9902680687415708061 ) ) ;
#856 = DIRECTION ( 'NONE',  ( 1.000000000000000000, 0.000000000000000000, 0.000000000000000000 ) ) ;
#857 = DIRECTION ( 'NONE',  ( 0.000000000000000000, 0.000000000000000000, -1.000000000000000000 ) ) ;
#858 = MECHANICAL_DESIGN_GEOMETRIC_PRESENTATION_REPRESENTATION (  '', ( #2196 ), #1009 ) ;
#859 = STYLED_ITEM ( 'NONE', ( #2720 ), #1740 ) ;
#860 = VECTOR ( 'NONE', #409, 1000.000000000000000 ) ;
#861 = AXIS2_PLACEMENT_3D ( 'NONE', #1172, #965, #730 ) ;
#862 = ORIENTED_EDGE ( 'NONE', *, *, #2299, .F. ) ;
#863 = LINE ( 'NONE', #1831, #748 ) ;
#864 = CYLINDRICAL_SURFACE ( 'NONE', #3086, 0.05000000000000002359 ) ;
#865 = CARTESIAN_POINT ( 'NONE',  ( -0.5940682043641739574, 1.453946406877164588, 0.1565704149035914150 ) ) ;
#866 =( GEOMETRIC_REPRESENTATION_CONTEXT ( 3 ) GLOBAL_UNCERTAINTY_ASSIGNED_CONTEXT ( ( #365 ) ) GLOBAL_UNIT_ASSIGNED_CONTEXT ( ( #2423, #1072, #2027 ) ) REPRESENTATION_CONTEXT ( 'NONE', 'WORKASPACE' ) );
#867 = PRODUCT_DEFINITION ( 'UNKNOWN', '', #265, #156 ) ;
#868 = VERTEX_POINT ( 'NONE', #3058 ) ;
#869 = FACE_OUTER_BOUND ( 'NONE', #1398, .T. ) ;
#870 = DIRECTION ( 'NONE',  ( 0.06958737431666467410, -0.06958737431666482676, -0.9951458157835086915 ) ) ;
#871 = UNCERTAINTY_MEASURE_WITH_UNIT (LENGTH_MEASURE( 1.000000000000000082E-05 ), #2325, 'distance_accuracy_value', 'NONE');
#872 = EDGE_CURVE ( 'NONE', #922, #2567, #839, .T. ) ;
#873 = SURFACE_STYLE_USAGE ( .BOTH. , #625 ) ;
#874 = DIRECTION ( 'NONE',  ( -4.347398734760404633E-15, -1.000000000000000000, -0.000000000000000000 ) ) ;
#875 = SURFACE_STYLE_FILL_AREA ( #661 ) ;
#876 = SURFACE_STYLE_USAGE ( .BOTH. , #1405 ) ;
#877 = EDGE_CURVE ( 'NONE', #2385, #1296, #738, .T. ) ;
#878 = PRESENTATION_STYLE_ASSIGNMENT (( #2232 ) ) ;
#879 = EDGE_LOOP ( 'NONE', ( #1856, #1830, #391, #2294, #2227, #655, #1777, #2137 ) ) ;
#880 =( LENGTH_UNIT ( ) NAMED_UNIT ( * ) SI_UNIT ( .MILLI., .METRE. ) );
#881 = STYLED_ITEM ( 'NONE', ( #2882 ), #1979 ) ;
#882 = ORIENTED_EDGE ( 'NONE', *, *, #1251, .F. ) ;
#883 = FACE_OUTER_BOUND ( 'NONE', #427, .T. ) ;
#884 =( NAMED_UNIT ( * ) PLANE_ANGLE_UNIT ( ) SI_UNIT ( $, .RADIAN. ) );
#885 = CARTESIAN_POINT ( 'NONE',  ( -0.5715575462588197153, -1.431435748771811012, -0.4784878236872062152 ) ) ;
#886 = AXIS2_PLACEMENT_3D ( 'NONE', #2461, #2910, #302 ) ;
#887 = VERTEX_POINT ( 'NONE', #2506 ) ;
#888 = FILL_AREA_STYLE ('',( #137 ) ) ;
#889 = CIRCLE ( 'NONE', #37, 0.05000000000000002359 ) ;
#890 = STYLED_ITEM ( 'NONE', ( #1590 ), #1467 ) ;
#891 = VECTOR ( 'NONE', #1237, 1000.000000000000114 ) ;
#892 = ORIENTED_EDGE ( 'NONE', *, *, #1843, .F. ) ;
#893 = SURFACE_SIDE_STYLE ('',( #2286 ) ) ;
#894 = CARTESIAN_POINT ( 'NONE',  ( 0.6001217974870084459, -1.460000000000000187, 0.07000000000000000666 ) ) ;
#895 = SURFACE_SIDE_STYLE ('',( #2600 ) ) ;
#896 = EDGE_CURVE ( 'NONE', #2385, #2104, #1088, .T. ) ;
#897 =( LENGTH_UNIT ( ) NAMED_UNIT ( * ) SI_UNIT ( .MILLI., .METRE. ) );
#898 = ORIENTED_EDGE ( 'NONE', *, *, #359, .T. ) ;
#899 = EDGE_CURVE ( 'NONE', #3, #972, #2270, .T. ) ;
#900 = COLOUR_RGB ( '',0.8039215686274510109, 0.8039215686274510109, 0.8039215686274510109 ) ;
#901 = ORIENTED_EDGE ( 'NONE', *, *, #1931, .F. ) ;
#902 = CARTESIAN_POINT ( 'NONE',  ( -0.6500000000000001332, 1.410121797487008388, -0.07000000000000000666 ) ) ;
#903 = FACE_OUTER_BOUND ( 'NONE', #2217, .T. ) ;
#904 =( NAMED_UNIT ( * ) PLANE_ANGLE_UNIT ( ) SI_UNIT ( $, .RADIAN. ) );
#905 = CIRCLE ( 'NONE', #198, 0.05000000000000002359 ) ;
#906 = ORIENTED_EDGE ( 'NONE', *, *, #1566, .F. ) ;
#907 = CARTESIAN_POINT ( 'NONE',  ( -0.6499999999999998002, -0.7374999999999998224, -0.1699999999999993738 ) ) ;
#908 =( GEOMETRIC_REPRESENTATION_CONTEXT ( 3 ) GLOBAL_UNCERTAINTY_ASSIGNED_CONTEXT ( ( #1538 ) ) GLOBAL_UNIT_ASSIGNED_CONTEXT ( ( #897, #441, #2496 ) ) REPRESENTATION_CONTEXT ( 'NONE', 'WORKASPACE' ) );
#909 = VERTEX_POINT ( 'NONE', #2993 ) ;
#910 =( NAMED_UNIT ( * ) PLANE_ANGLE_UNIT ( ) SI_UNIT ( $, .RADIAN. ) );
#911 = CARTESIAN_POINT ( 'NONE',  ( -0.5715575462588197153, 1.381557546258819436, 0.4749999999999999223 ) ) ;
#912 = FILL_AREA_STYLE ('',( #3040 ) ) ;
#913 = CARTESIAN_POINT ( 'NONE',  ( -0.6361017145610191603, -1.396223512048027304, 0.2687547416033868597 ) ) ;
#914 = ORIENTED_EDGE ( 'NONE', *, *, #1880, .T. ) ;
#915 = ADVANCED_FACE ( 'NONE', ( #1321 ), #1803, .T. ) ;
#916 = MANIFOLD_SOLID_BREP ( 'LPattern1[3]', #3051 ) ;
#917 = VERTEX_POINT ( 'NONE', #1356 ) ;
#918 = DIRECTION ( 'NONE',  ( 0.000000000000000000, 0.000000000000000000, -1.000000000000000000 ) ) ;
#919 = DIRECTION ( 'NONE',  ( -0.06958737431666479900, -0.06958737431666479900, -0.9951458157835084695 ) ) ;
#920 = COLOUR_RGB ( '',0.8039215686274510109, 0.8039215686274510109, 0.8039215686274510109 ) ;
#921 = EDGE_CURVE ( 'NONE', #2204, #1528, #1870, .T. ) ;
#922 = VERTEX_POINT ( 'NONE', #1129 ) ;
#923 = STYLED_ITEM ( 'NONE', ( #19 ), #3041 ) ;
#924 = CARTESIAN_POINT ( 'NONE',  ( 1.015605080276969607, -0.2124999999999999112, -0.3284144968811854581 ) ) ;
#925 = CARTESIAN_POINT ( 'NONE',  ( -0.6000000000000001998, -1.460000000000000187, -0.07000000000000000666 ) ) ;
#926 = MANIFOLD_SOLID_BREP ( 'LPattern1[2]', #1494 ) ;
#927 = EDGE_LOOP ( 'NONE', ( #1799, #582 ) ) ;
#928 =( NAMED_UNIT ( * ) PLANE_ANGLE_UNIT ( ) SI_UNIT ( $, .RADIAN. ) );
#929 = MANIFOLD_SOLID_BREP ( 'Boss-Extrude6', #2699 ) ;
#930 = CARTESIAN_POINT ( 'NONE',  ( -1.199999999999999956, -0.7374999999999998224, -0.5749999999999997335 ) ) ;
#931 = VERTEX_POINT ( 'NONE', #1885 ) ;
#932 = DIRECTION ( 'NONE',  ( -2.168404344971012812E-15, 1.000000000000000000, 0.000000000000000000 ) ) ;
#933 = ADVANCED_FACE ( 'NONE', ( #10 ), #1671, .F. ) ;
#934 = LINE ( 'NONE', #461, #2308 ) ;
#935 = ORIENTED_EDGE ( 'NONE', *, *, #1344, .T. ) ;
#936 = EDGE_CURVE ( 'NONE', #754, #2335, #280, .T. ) ;
#937 = DIRECTION ( 'NONE',  ( 0.000000000000000000, -0.9975640502598243087, 0.06975647374412546897 ) ) ;
#938 =( NAMED_UNIT ( * ) SI_UNIT ( $, .STERADIAN. ) SOLID_ANGLE_UNIT ( ) );
#939 =( GEOMETRIC_REPRESENTATION_CONTEXT ( 3 ) GLOBAL_UNCERTAINTY_ASSIGNED_CONTEXT ( ( #1311 ) ) GLOBAL_UNIT_ASSIGNED_CONTEXT ( ( #1090, #372, #1805 ) ) REPRESENTATION_CONTEXT ( 'NONE', 'WORKASPACE' ) );
#940 = ORIENTED_EDGE ( 'NONE', *, *, #2595, .F. ) ;
#941 =( GEOMETRIC_REPRESENTATION_CONTEXT ( 3 ) GLOBAL_UNCERTAINTY_ASSIGNED_CONTEXT ( ( #2242 ) ) GLOBAL_UNIT_ASSIGNED_CONTEXT ( ( #1597, #2303, #421 ) ) REPRESENTATION_CONTEXT ( 'NONE', 'WORKASPACE' ) );
#942 = DIRECTION ( 'NONE',  ( 0.000000000000000000, -4.336808689942015369E-15, -1.000000000000000000 ) ) ;
#943 = VECTOR ( 'NONE', #2049, 1000.000000000000000 ) ;
#944 = DIRECTION ( 'NONE',  ( 0.000000000000000000, -1.000000000000000000, -0.000000000000000000 ) ) ;
#945 = ORIENTED_EDGE ( 'NONE', *, *, #2299, .T. ) ;
#946 = SURFACE_STYLE_FILL_AREA ( #2639 ) ;
#947 = CARTESIAN_POINT ( 'NONE',  ( -0.6500000000000001332, -1.460000000000000187, -0.07000000000000000666 ) ) ;
#948 =( GEOMETRIC_REPRESENTATION_CONTEXT ( 3 ) GLOBAL_UNCERTAINTY_ASSIGNED_CONTEXT ( ( #2314 ) ) GLOBAL_UNIT_ASSIGNED_CONTEXT ( ( #190, #2994, #2540 ) ) REPRESENTATION_CONTEXT ( 'NONE', 'WORKASPACE' ) );
#949 = EDGE_LOOP ( 'NONE', ( #1096, #1611, #1387, #685 ) ) ;
#950 = CARTESIAN_POINT ( 'NONE',  ( 1.012115130606719537, 0.2125000000000001332, -0.4283535795830950010 ) ) ;
#951 = LINE ( 'NONE', #274, #3019 ) ;
#952 = EDGE_CURVE ( 'NONE', #1313, #3057, #2029, .T. ) ;
#953 =( GEOMETRIC_REPRESENTATION_CONTEXT ( 3 ) GLOBAL_UNCERTAINTY_ASSIGNED_CONTEXT ( ( #1062 ) ) GLOBAL_UNIT_ASSIGNED_CONTEXT ( ( #142, #442, #3045 ) ) REPRESENTATION_CONTEXT ( 'NONE', 'WORKASPACE' ) );
#954 = ADVANCED_FACE ( 'NONE', ( #483 ), #26, .T. ) ;
#955 = ORIENTED_EDGE ( 'NONE', *, *, #1133, .T. ) ;
#956 =( NAMED_UNIT ( * ) SI_UNIT ( $, .STERADIAN. ) SOLID_ANGLE_UNIT ( ) );
#957 = LINE ( 'NONE', #703, #1633 ) ;
#958 = ORIENTED_EDGE ( 'NONE', *, *, #240, .T. ) ;
#959 =( NAMED_UNIT ( * ) PLANE_ANGLE_UNIT ( ) SI_UNIT ( $, .RADIAN. ) );
#960 = LINE ( 'NONE', #1647, #2621 ) ;
#961 = ORIENTED_EDGE ( 'NONE', *, *, #2158, .T. ) ;
#962 = PLANE ( 'NONE',  #298 ) ;
#963 = FACE_OUTER_BOUND ( 'NONE', #2871, .T. ) ;
#964 = DIRECTION ( 'NONE',  ( 0.000000000000000000, -1.000000000000000000, -0.000000000000000000 ) ) ;
#965 = DIRECTION ( 'NONE',  ( 0.000000000000000000, 1.000000000000000000, 0.000000000000000000 ) ) ;
#966 = VECTOR ( 'NONE', #995, 1000.000000000000000 ) ;
#967 = ORIENTED_EDGE ( 'NONE', *, *, #646, .F. ) ;
#968 =( NAMED_UNIT ( * ) PLANE_ANGLE_UNIT ( ) SI_UNIT ( $, .RADIAN. ) );
#969 = ADVANCED_FACE ( 'NONE', ( #1925 ), #1142, .F. ) ;
#970 = AXIS2_PLACEMENT_3D ( 'NONE', #2517, #149, #1317 ) ;
#971 = CARTESIAN_POINT ( 'NONE',  ( -0.3765575462588198197, 1.251557546258819320, 0.5250000000000000222 ) ) ;
#972 = VERTEX_POINT ( 'NONE', #2728 ) ;
#973 = LINE ( 'NONE', #281, #1397 ) ;
#974 = CARTESIAN_POINT ( 'NONE',  ( -0.6003633278277477059, -1.410363327827747870, 0.06305813151901844271 ) ) ;
#975 = PRESENTATION_LAYER_ASSIGNMENT (  '', '', ( #2469 ) ) ;
#976 = EDGE_LOOP ( 'NONE', ( #2664, #1217, #247, #2312 ) ) ;
#977 = DIRECTION ( 'NONE',  ( -0.000000000000000000, -1.000000000000000000, -0.000000000000000000 ) ) ;
#978 = SURFACE_STYLE_USAGE ( .BOTH. , #2153 ) ;
#979 = DIRECTION ( 'NONE',  ( -0.1391731009600621072, 0.000000000000000000, 0.9902680687415706950 ) ) ;
#980 = FILL_AREA_STYLE_COLOUR ( '', #920 ) ;
#981 = ORIENTED_EDGE ( 'NONE', *, *, #2142, .F. ) ;
#982 = FILL_AREA_STYLE_COLOUR ( '', #2512 ) ;
#983 = ADVANCED_FACE ( 'NONE', ( #1273 ), #106, .F. ) ;
#984 = LINE ( 'NONE', #518, #731 ) ;
#985 = PRESENTATION_LAYER_ASSIGNMENT (  '', '', ( #1847 ) ) ;
#986 = EDGE_CURVE ( 'NONE', #819, #2797, #746, .T. ) ;
#987 = EDGE_CURVE ( 'NONE', #2797, #2085, #2665, .T. ) ;
#988 = VERTEX_POINT ( 'NONE', #1258 ) ;
#989 = SURFACE_SIDE_STYLE ('',( #946 ) ) ;
#990 = PLANE ( 'NONE',  #517 ) ;
#991 = VERTEX_POINT ( 'NONE', #762 ) ;
#992 = CARTESIAN_POINT ( 'NONE',  ( 1.200000000000000178, -0.2124999999999999112, -0.4349146637981650687 ) ) ;
#993 =( LENGTH_UNIT ( ) NAMED_UNIT ( * ) SI_UNIT ( .MILLI., .METRE. ) );
#994 = CARTESIAN_POINT ( 'NONE',  ( -0.6001217974870090011, 1.459999999999999742, 0.07000000000000000666 ) ) ;
#995 = DIRECTION ( 'NONE',  ( 0.000000000000000000, 0.000000000000000000, 1.000000000000000000 ) ) ;
#996 = VECTOR ( 'NONE', #263, 1000.000000000000000 ) ;
#997 = EDGE_LOOP ( 'NONE', ( #558, #115, #1491, #1381 ) ) ;
#998 = AXIS2_PLACEMENT_3D ( 'NONE', #1589, #2607, #2547 ) ;
#999 = CARTESIAN_POINT ( 'NONE',  ( 0.5715575462588192712, 1.381557546258819436, 0.4749999999999999223 ) ) ;
#1000 = FILL_AREA_STYLE_COLOUR ( '', #2424 ) ;
#1001 = MECHANICAL_DESIGN_GEOMETRIC_PRESENTATION_REPRESENTATION (  '', ( #505 ), #1756 ) ;
#1002 = ORIENTED_EDGE ( 'NONE', *, *, #1472, .F. ) ;
#1003 = CARTESIAN_POINT ( 'NONE',  ( -0.7826119476864084046, -1.162499999999999867, -0.3950533839615076870 ) ) ;
#1004 = CARTESIAN_POINT ( 'NONE',  ( 0.6214357487718105144, 1.381557546258819436, -0.4784878236872062152 ) ) ;
#1005 = ORIENTED_EDGE ( 'NONE', *, *, #2352, .F. ) ;
#1006 = DIRECTION ( 'NONE',  ( -1.000000000000000000, -4.336808689942015369E-15, 0.000000000000000000 ) ) ;
#1007 = LINE ( 'NONE', #774, #2235 ) ;
#1008 = FACE_OUTER_BOUND ( 'NONE', #671, .T. ) ;
#1009 =( GEOMETRIC_REPRESENTATION_CONTEXT ( 3 ) GLOBAL_UNCERTAINTY_ASSIGNED_CONTEXT ( ( #2266 ) ) GLOBAL_UNIT_ASSIGNED_CONTEXT ( ( #1370, #2097, #1337 ) ) REPRESENTATION_CONTEXT ( 'NONE', 'WORKASPACE' ) );
#1010 = VERTEX_POINT ( 'NONE', #1469 ) ;
#1011 =( GEOMETRIC_REPRESENTATION_CONTEXT ( 3 ) GLOBAL_UNCERTAINTY_ASSIGNED_CONTEXT ( ( #2003 ) ) GLOBAL_UNIT_ASSIGNED_CONTEXT ( ( #2455, #312, #1697 ) ) REPRESENTATION_CONTEXT ( 'NONE', 'WORKASPACE' ) );
#1012 = SURFACE_STYLE_FILL_AREA ( #530 ) ;
#1013 = VECTOR ( 'NONE', #180, 1000.000000000000000 ) ;
#1014 = STYLED_ITEM ( 'NONE', ( #1652 ), #2636 ) ;
#1015 = DIRECTION ( 'NONE',  ( -0.000000000000000000, -1.000000000000000000, -0.000000000000000000 ) ) ;
#1016 = FILL_AREA_STYLE_COLOUR ( '', #900 ) ;
#1017 = PRESENTATION_LAYER_ASSIGNMENT (  '', '', ( #718 ) ) ;
#1018 = VERTEX_POINT ( 'NONE', #2218 ) ;
#1019 = DIRECTION ( 'NONE',  ( -1.000000000000000000, -1.516296028482788437E-16, -2.168404344971007290E-15 ) ) ;
#1020 = DIRECTION ( 'NONE',  ( 0.9975640502598243087, 0.000000000000000000, -0.06975647374412530244 ) ) ;
#1021 = ADVANCED_FACE ( 'NONE', ( #322 ), #2680, .F. ) ;
#1022 = VECTOR ( 'NONE', #1223, 1000.000000000000000 ) ;
#1023 = EDGE_LOOP ( 'NONE', ( #2781, #1891, #1257 ) ) ;
#1024 = CARTESIAN_POINT ( 'NONE',  ( -0.6500000000000001332, 1.409999999999999920, 0.07000000000000000666 ) ) ;
#1025 = DIRECTION ( 'NONE',  ( -0.9975640502598243087, 0.000000000000000000, -0.06975647374412544122 ) ) ;
#1026 = CARTESIAN_POINT ( 'NONE',  ( 0.5999999999999996447, 1.459999999999999742, -0.07000000000000000666 ) ) ;
#1027 = CARTESIAN_POINT ( 'NONE',  ( -0.5715575462588198263, 1.381557546258819213, -0.5250000000000000222 ) ) ;
#1028 = ADVANCED_FACE ( 'NONE', ( #1085 ), #2253, .T. ) ;
#1029 = EDGE_CURVE ( 'NONE', #1795, #1592, #594, .T. ) ;
#1030 = VERTEX_POINT ( 'NONE', #2063 ) ;
#1031 = SURFACE_STYLE_USAGE ( .BOTH. , #1484 ) ;
#1032 = FILL_AREA_STYLE_COLOUR ( '', #560 ) ;
#1033 = PRESENTATION_LAYER_ASSIGNMENT (  '', '', ( #2885 ) ) ;
#1034 = ORIENTED_EDGE ( 'NONE', *, *, #792, .F. ) ;
#1035 =( GEOMETRIC_REPRESENTATION_CONTEXT ( 3 ) GLOBAL_UNCERTAINTY_ASSIGNED_CONTEXT ( ( #2245 ) ) GLOBAL_UNIT_ASSIGNED_CONTEXT ( ( #170, #1577, #2268 ) ) REPRESENTATION_CONTEXT ( 'NONE', 'WORKASPACE' ) );
#1036 = LINE ( 'NONE', #800, #2387 ) ;
#1037 = CARTESIAN_POINT ( 'NONE',  ( 0.6003633278277472618, -1.410363327827747870, -0.06305813151901844271 ) ) ;
#1038 = ORIENTED_EDGE ( 'NONE', *, *, #1880, .F. ) ;
#1039 = DIRECTION ( 'NONE',  ( 0.000000000000000000, 0.000000000000000000, -1.000000000000000000 ) ) ;
#1040 = DIRECTION ( 'NONE',  ( 0.000000000000000000, 0.000000000000000000, 1.000000000000000000 ) ) ;
#1041 = VERTEX_POINT ( 'NONE', #825 ) ;
#1042 = CARTESIAN_POINT ( 'NONE',  ( -0.5715575462588197153, -1.381557546258819880, -0.4749999999999999223 ) ) ;
#1043 = ADVANCED_FACE ( 'NONE', ( #383 ), #1335, .F. ) ;
#1044 =( LENGTH_UNIT ( ) NAMED_UNIT ( * ) SI_UNIT ( .MILLI., .METRE. ) );
#1045 = AXIS2_PLACEMENT_3D ( 'NONE', #2872, #2405, #1710 ) ;
#1046 = ORIENTED_EDGE ( 'NONE', *, *, #1169, .T. ) ;
#1047 = CARTESIAN_POINT ( 'NONE',  ( -0.4415575462588198219, 1.251557546258819320, 0.5149999999999999023 ) ) ;
#1048 = DIRECTION ( 'NONE',  ( 1.000000000000000000, 0.000000000000000000, 0.000000000000000000 ) ) ;
#1049 = ORIENTED_EDGE ( 'NONE', *, *, #2117, .T. ) ;
#1050 = CARTESIAN_POINT ( 'NONE',  ( 0.6499999999999998002, 0.2125000000000001332, -0.07000000000000000666 ) ) ;
#1051 = CARTESIAN_POINT ( 'NONE',  ( -1.199999999999999956, 1.162500000000000089, -0.5749999999999997335 ) ) ;
#1052 = DIRECTION ( 'NONE',  ( 0.000000000000000000, -1.000000000000000000, -0.000000000000000000 ) ) ;
#1053 = DIRECTION ( 'NONE',  ( 0.000000000000000000, 0.000000000000000000, 1.000000000000000000 ) ) ;
#1054 = ORIENTED_EDGE ( 'NONE', *, *, #569, .F. ) ;
#1055 = PLANE ( 'NONE',  #1587 ) ;
#1056 = CARTESIAN_POINT ( 'NONE',  ( -0.6500000000000001332, 1.459999999999999742, -0.07000000000000000666 ) ) ;
#1057 = EDGE_CURVE ( 'NONE', #1826, #2178, #3033, .T. ) ;
#1058 = PLANE ( 'NONE',  #1371 ) ;
#1059 = SURFACE_STYLE_USAGE ( .BOTH. , #1294 ) ;
#1060 = SURFACE_SIDE_STYLE ('',( #810 ) ) ;
#1061 = VECTOR ( 'NONE', #1594, 1000.000000000000000 ) ;
#1062 = UNCERTAINTY_MEASURE_WITH_UNIT (LENGTH_MEASURE( 1.000000000000000082E-05 ), #142, 'distance_accuracy_value', 'NONE');
#1063 = ORIENTED_EDGE ( 'NONE', *, *, #2175, .T. ) ;
#1064 = UNCERTAINTY_MEASURE_WITH_UNIT (LENGTH_MEASURE( 1.000000000000000082E-05 ), #2372, 'distance_accuracy_value', 'NONE');
#1065 = SURFACE_STYLE_FILL_AREA ( #2246 ) ;
#1066 = EDGE_LOOP ( 'NONE', ( #847, #363, #981, #1816, #1054, #1936, #1967, #1314 ) ) ;
#1067 = SURFACE_STYLE_USAGE ( .BOTH. , #116 ) ;
#1068 = CYLINDRICAL_SURFACE ( 'NONE', #562, 0.1999999997038205135 ) ;
#1069 = ORIENTED_EDGE ( 'NONE', *, *, #2696, .F. ) ;
#1070 = CARTESIAN_POINT ( 'NONE',  ( 1.200000000000000178, -0.2124999999999999112, -0.4349146637981650687 ) ) ;
#1071 = SURFACE_STYLE_USAGE ( .BOTH. , #2305 ) ;
#1072 =( NAMED_UNIT ( * ) PLANE_ANGLE_UNIT ( ) SI_UNIT ( $, .RADIAN. ) );
#1073 = LINE ( 'NONE', #1808, #2954 ) ;
#1074 =( LENGTH_UNIT ( ) NAMED_UNIT ( * ) SI_UNIT ( .MILLI., .METRE. ) );
#1075 = EDGE_CURVE ( 'NONE', #931, #1670, #889, .T. ) ;
#1076 = ADVANCED_FACE ( 'NONE', ( #869 ), #1836, .T. ) ;
#1077 = MECHANICAL_DESIGN_GEOMETRIC_PRESENTATION_REPRESENTATION (  '', ( #188 ), #2795 ) ;
#1078 = VERTEX_POINT ( 'NONE', #2760 ) ;
#1079 = CARTESIAN_POINT ( 'NONE',  ( -0.6500000000000001332, -1.460000000000000187, -0.07000000000000000666 ) ) ;
#1080 = PLANE ( 'NONE',  #1328 ) ;
#1081 = CARTESIAN_POINT ( 'NONE',  ( 0.8824073209654356154, -0.2124999999999999112, -0.09919284661924170077 ) ) ;
#1082 = UNCERTAINTY_MEASURE_WITH_UNIT (LENGTH_MEASURE( 1.000000000000000082E-05 ), #2416, 'distance_accuracy_value', 'NONE');
#1083 = STYLED_ITEM ( 'NONE', ( #2975 ), #1043 ) ;
#1084 = ORIENTED_EDGE ( 'NONE', *, *, #986, .T. ) ;
#1085 = FACE_OUTER_BOUND ( 'NONE', #494, .T. ) ;
#1086 = DIRECTION ( 'NONE',  ( -0.03489949670250223901, 0.000000000000000000, -0.9993908270190956511 ) ) ;
#1087 =( GEOMETRIC_REPRESENTATION_CONTEXT ( 3 ) GLOBAL_UNCERTAINTY_ASSIGNED_CONTEXT ( ( #2533 ) ) GLOBAL_UNIT_ASSIGNED_CONTEXT ( ( #2486, #2992, #1773 ) ) REPRESENTATION_CONTEXT ( 'NONE', 'WORKASPACE' ) );
#1088 = LINE ( 'NONE', #1304, #185 ) ;
#1089 = CARTESIAN_POINT ( 'NONE',  ( 0.6181833005657024760, -1.381557546258819658, 0.5250000000000000222 ) ) ;
#1090 =( LENGTH_UNIT ( ) NAMED_UNIT ( * ) SI_UNIT ( .MILLI., .METRE. ) );
#1091 = COLOUR_RGB ( '',0.8039215686274510109, 0.8039215686274510109, 0.8039215686274510109 ) ;
#1092 = PRESENTATION_LAYER_ASSIGNMENT (  '', '', ( #2440 ) ) ;
#1093 = EDGE_LOOP ( 'NONE', ( #3047, #105, #2892, #2874 ) ) ;
#1094 = SURFACE_STYLE_FILL_AREA ( #2275 ) ;
#1095 = MECHANICAL_DESIGN_GEOMETRIC_PRESENTATION_REPRESENTATION (  '', ( #1295 ), #797 ) ;
#1096 = ORIENTED_EDGE ( 'NONE', *, *, #719, .F. ) ;
#1097 = LINE ( 'NONE', #678, #1499 ) ;
#1098 = EDGE_CURVE ( 'NONE', #1516, #778, #2126, .T. ) ;
#1099 = CYLINDRICAL_SURFACE ( 'NONE', #486, 0.05000000000000002359 ) ;
#1100 = DIRECTION ( 'NONE',  ( 0.06958737431666479900, -0.06958737431666479900, 0.9951458157835084695 ) ) ;
#1101 = ORIENTED_EDGE ( 'NONE', *, *, #2603, .F. ) ;
#1102 = CARTESIAN_POINT ( 'NONE',  ( -1.199999999999999956, -0.7374999999999998224, -0.5749999999999997335 ) ) ;
#1103 =( NAMED_UNIT ( * ) PLANE_ANGLE_UNIT ( ) SI_UNIT ( $, .RADIAN. ) );
#1104 = CARTESIAN_POINT ( 'NONE',  ( -0.6500000000000001332, -1.460000000000000187, 0.07000000000000000666 ) ) ;
#1105 = EDGE_LOOP ( 'NONE', ( #2773, #1881, #2820, #330 ) ) ;
#1106 = CIRCLE ( 'NONE', #2774, 0.05000000000000002359 ) ;
#1107 = ORIENTED_EDGE ( 'NONE', *, *, #1582, .F. ) ;
#1108 =( NAMED_UNIT ( * ) PLANE_ANGLE_UNIT ( ) SI_UNIT ( $, .RADIAN. ) );
#1109 = FILL_AREA_STYLE ('',( #2786 ) ) ;
#1110 = VECTOR ( 'NONE', #1123, 1000.000000000000114 ) ;
#1111 = ADVANCED_FACE ( 'NONE', ( #136 ), #1055, .F. ) ;
#1112 = ORIENTED_EDGE ( 'NONE', *, *, #1930, .T. ) ;
#1113 = FACE_OUTER_BOUND ( 'NONE', #53, .T. ) ;
#1114 = EDGE_CURVE ( 'NONE', #2168, #155, #1281, .T. ) ;
#1115 = ORIENTED_EDGE ( 'NONE', *, *, #1943, .F. ) ;
#1116 =( NAMED_UNIT ( * ) SI_UNIT ( $, .STERADIAN. ) SOLID_ANGLE_UNIT ( ) );
#1117 =( NAMED_UNIT ( * ) PLANE_ANGLE_UNIT ( ) SI_UNIT ( $, .RADIAN. ) );
#1118 = EDGE_LOOP ( 'NONE', ( #1596, #710, #2721, #1433 ) ) ;
#1119 = DIRECTION ( 'NONE',  ( 0.000000000000000000, 0.000000000000000000, -1.000000000000000000 ) ) ;
#1120 = AXIS2_PLACEMENT_3D ( 'NONE', #1707, #1423, #2353 ) ;
#1121 = EDGE_LOOP ( 'NONE', ( #961, #1271, #1128, #2844 ) ) ;
#1122 = CARTESIAN_POINT ( 'NONE',  ( -0.5715575462588197153, 1.381557546258819436, 0.4749999999999999223 ) ) ;
#1123 = DIRECTION ( 'NONE',  ( 0.1391731009600618574, 0.000000000000000000, -0.9902680687415708061 ) ) ;
#1124 = ORIENTED_EDGE ( 'NONE', *, *, #1796, .T. ) ;
#1125 = CARTESIAN_POINT ( 'NONE',  ( -0.6500000000000001332, 0.7375000000000000444, -0.07000000000000000666 ) ) ;
#1126 = AXIS2_PLACEMENT_3D ( 'NONE', #907, #964, #2110 ) ;
#1127 = VECTOR ( 'NONE', #979, 1000.000000000000114 ) ;
#1128 = ORIENTED_EDGE ( 'NONE', *, *, #2035, .F. ) ;
#1129 = CARTESIAN_POINT ( 'NONE',  ( -0.6499999999999998002, 0.7375000000000000444, 0.07000000000000010381 ) ) ;
#1130 = DIRECTION ( 'NONE',  ( 0.000000000000000000, 0.000000000000000000, 1.000000000000000000 ) ) ;
#1131 = PRODUCT ( 'PEC3324C2A-AU', 'PEC3324C2A-AU', '', ( #258 ) ) ;
#1132 = APPLICATION_CONTEXT ( 'automotive_design' ) ;
#1133 = EDGE_CURVE ( 'NONE', #539, #1634, #1651, .T. ) ;
#1134 = VECTOR ( 'NONE', #2769, 1000.000000000000000 ) ;
#1135 = VERTEX_POINT ( 'NONE', #672 ) ;
#1136 = CARTESIAN_POINT ( 'NONE',  ( 0.9165782734028127265, 0.2125000000000001332, -0.3423318069771916217 ) ) ;
#1137 = AXIS2_PLACEMENT_3D ( 'NONE', #1231, #1198, #1492 ) ;
#1138 = ORIENTED_EDGE ( 'NONE', *, *, #628, .F. ) ;
#1139 = CARTESIAN_POINT ( 'NONE',  ( 0.8824073209654356154, 0.2125000000000001332, -0.09919284661924175628 ) ) ;
#1140 =( GEOMETRIC_REPRESENTATION_CONTEXT ( 3 ) GLOBAL_UNCERTAINTY_ASSIGNED_CONTEXT ( ( #1762 ) ) GLOBAL_UNIT_ASSIGNED_CONTEXT ( ( #880, #1361, #2311 ) ) REPRESENTATION_CONTEXT ( 'NONE', 'WORKASPACE' ) );
#1141 = ORIENTED_EDGE ( 'NONE', *, *, #1029, .T. ) ;
#1142 = PLANE ( 'NONE',  #284 ) ;
#1143 = CARTESIAN_POINT ( 'NONE',  ( -0.6843537075104185741, -0.7374999999999998224, -0.1270274667700337368 ) ) ;
#1144 = CARTESIAN_POINT ( 'NONE',  ( -0.7490268068741562368, 0.7375000000000000444, -0.1560826899039932103 ) ) ;
#1145 = EDGE_CURVE ( 'NONE', #2058, #1661, #191, .T. ) ;
#1146 =( LENGTH_UNIT ( ) NAMED_UNIT ( * ) SI_UNIT ( .MILLI., .METRE. ) );
#1147 = DIRECTION ( 'NONE',  ( -1.547916722594556136E-15, -0.000000000000000000, 1.000000000000000000 ) ) ;
#1148 = EDGE_CURVE ( 'NONE', #699, #2733, #1791, .T. ) ;
#1149 = ADVANCED_FACE ( 'NONE', ( #7 ), #463, .T. ) ;
#1150 = ORIENTED_EDGE ( 'NONE', *, *, #1057, .F. ) ;
#1151 = DIRECTION ( 'NONE',  ( 0.000000000000000000, -1.000000000000000000, 0.000000000000000000 ) ) ;
#1152 = CARTESIAN_POINT ( 'NONE',  ( 1.012115130606719537, 0.2125000000000001332, -0.4283535795830950010 ) ) ;
#1153 = SURFACE_SIDE_STYLE ('',( #1200 ) ) ;
#1154 = AXIS2_PLACEMENT_3D ( 'NONE', #1783, #1964, #1053 ) ;
#1155 = EDGE_LOOP ( 'NONE', ( #958, #227, #514, #831 ) ) ;
#1156 = MECHANICAL_DESIGN_GEOMETRIC_PRESENTATION_REPRESENTATION (  '', ( #923 ), #1618 ) ;
#1157 = DIRECTION ( 'NONE',  ( -0.9902680687415708061, 0.000000000000000000, -0.1391731009600618851 ) ) ;
#1158 = FILL_AREA_STYLE ('',( #980 ) ) ;
#1159 = ORIENTED_EDGE ( 'NONE', *, *, #551, .T. ) ;
#1160 =( NAMED_UNIT ( * ) SI_UNIT ( $, .STERADIAN. ) SOLID_ANGLE_UNIT ( ) );
#1161 = CYLINDRICAL_SURFACE ( 'NONE', #2528, 0.05000000000000002359 ) ;
#1162 = STYLED_ITEM ( 'NONE', ( #2915 ), #2358 ) ;
#1163 = CYLINDRICAL_SURFACE ( 'NONE', #1265, 0.05000000000000002359 ) ;
#1164 = CARTESIAN_POINT ( 'NONE',  ( -0.3765575462588198197, 1.251557546258819320, 0.5250000000000000222 ) ) ;
#1165 = ORIENTED_EDGE ( 'NONE', *, *, #2831, .T. ) ;
#1166 = DIRECTION ( 'NONE',  ( -0.1391731009600621349, -0.000000000000000000, -0.9902680687415706950 ) ) ;
#1167 = FACE_OUTER_BOUND ( 'NONE', #673, .T. ) ;
#1168 = DIRECTION ( 'NONE',  ( 1.000000000000000000, 0.000000000000000000, 0.000000000000000000 ) ) ;
#1169 = EDGE_CURVE ( 'NONE', #586, #1352, #693, .T. ) ;
#1170 = EDGE_LOOP ( 'NONE', ( #1500, #1141, #1101, #1049, #575, #2919, #2900, #2737 ) ) ;
#1171 = DIRECTION ( 'NONE',  ( -0.000000000000000000, -1.000000000000000000, -0.000000000000000000 ) ) ;
#1172 = CARTESIAN_POINT ( 'NONE',  ( 0.9806655614347226102, 0.2125000000000001332, -0.3672187637694955265 ) ) ;
#1173 = EDGE_CURVE ( 'NONE', #2669, #3, #2877, .T. ) ;
#1174 = PRESENTATION_LAYER_ASSIGNMENT (  '', '', ( #1432 ) ) ;
#1175 = ORIENTED_EDGE ( 'NONE', *, *, #2142, .T. ) ;
#1176 = AXIS2_PLACEMENT_3D ( 'NONE', #357, #189, #138 ) ;
#1177 = MECHANICAL_DESIGN_GEOMETRIC_PRESENTATION_REPRESENTATION (  '', ( #1688 ), #2891 ) ;
#1178 = DIRECTION ( 'NONE',  ( 0.000000000000000000, 0.000000000000000000, -1.000000000000000000 ) ) ;
#1179 = VERTEX_POINT ( 'NONE', #1684 ) ;
#1180 = CARTESIAN_POINT ( 'NONE',  ( -0.6001217974870090011, -1.460000000000000187, 0.07000000000000000666 ) ) ;
#1181 = CARTESIAN_POINT ( 'NONE',  ( -0.5065575462588198796, 1.251557546258819320, 0.5149999999999999023 ) ) ;
#1182 =( GEOMETRIC_REPRESENTATION_CONTEXT ( 3 ) GLOBAL_UNCERTAINTY_ASSIGNED_CONTEXT ( ( #2932 ) ) GLOBAL_UNIT_ASSIGNED_CONTEXT ( ( #993, #1938, #511 ) ) REPRESENTATION_CONTEXT ( 'NONE', 'WORKASPACE' ) );
#1183 = EDGE_CURVE ( 'NONE', #2329, #2210, #374, .T. ) ;
#1184 = VERTEX_POINT ( 'NONE', #2583 ) ;
#1185 = DIRECTION ( 'NONE',  ( 0.06958737431666482676, 0.06958737431666482676, -0.9951458157835086915 ) ) ;
#1186 =( NAMED_UNIT ( * ) SI_UNIT ( $, .STERADIAN. ) SOLID_ANGLE_UNIT ( ) );
#1187 = CARTESIAN_POINT ( 'NONE',  ( 0.6499999999999998002, -1.410121797487009054, -0.07000000000000000666 ) ) ;
#1188 = AXIS2_PLACEMENT_3D ( 'NONE', #2766, #1019, #1778 ) ;
#1189 = EDGE_CURVE ( 'NONE', #2938, #2237, #2333, .T. ) ;
#1190 = ORIENTED_EDGE ( 'NONE', *, *, #899, .T. ) ;
#1191 = DIRECTION ( 'NONE',  ( 0.000000000000000000, 0.000000000000000000, -1.000000000000000000 ) ) ;
#1192 = MECHANICAL_DESIGN_GEOMETRIC_PRESENTATION_REPRESENTATION (  '', ( #202 ), #908 ) ;
#1193 = DIRECTION ( 'NONE',  ( -1.547916722594556136E-15, -0.000000000000000000, 1.000000000000000000 ) ) ;
#1194 = DIRECTION ( 'NONE',  ( -0.9993908270190956511, -0.000000000000000000, -0.03489949670250162145 ) ) ;
#1195 = FACE_OUTER_BOUND ( 'NONE', #25, .T. ) ;
#1196 = AXIS2_PLACEMENT_3D ( 'NONE', #2157, #2865, #763 ) ;
#1197 = VERTEX_POINT ( 'NONE', #2092 ) ;
#1198 = DIRECTION ( 'NONE',  ( -0.000000000000000000, -0.000000000000000000, 1.000000000000000000 ) ) ;
#1199 = FACE_OUTER_BOUND ( 'NONE', #130, .T. ) ;
#1200 = SURFACE_STYLE_FILL_AREA ( #2657 ) ;
#1201 = ORIENTED_EDGE ( 'NONE', *, *, #334, .T. ) ;
#1202 = SURFACE_STYLE_FILL_AREA ( #2459 ) ;
#1203 = DIRECTION ( 'NONE',  ( 0.1391731009600618574, -0.000000000000000000, 0.9902680687415708061 ) ) ;
#1204 = DIRECTION ( 'NONE',  ( 0.000000000000000000, -0.9975640502598241977, 0.06975647374412545509 ) ) ;
#1205 = DIRECTION ( 'NONE',  ( 0.000000000000000000, -0.9975640502598241977, -0.06975647374412545509 ) ) ;
#1206 = COLOUR_RGB ( '',0.9607843137254902244, 0.9607843137254902244, 0.9607843137254902244 ) ;
#1207 = MECHANICAL_DESIGN_GEOMETRIC_PRESENTATION_REPRESENTATION (  '', ( #814 ), #118 ) ;
#1208 = VERTEX_POINT ( 'NONE', #3068 ) ;
#1209 = STYLED_ITEM ( 'NONE', ( #1600 ), #3094 ) ;
#1210 = EDGE_CURVE ( 'NONE', #692, #20, #2841, .T. ) ;
#1211 = FACE_OUTER_BOUND ( 'NONE', #1170, .T. ) ;
#1212 = LINE ( 'NONE', #1929, #144 ) ;
#1213 = VERTEX_POINT ( 'NONE', #2832 ) ;
#1214 = DIRECTION ( 'NONE',  ( -0.9975640502598243087, 0.000000000000000000, -0.06975647374412544122 ) ) ;
#1215 = FACE_OUTER_BOUND ( 'NONE', #64, .T. ) ;
#1216 = CARTESIAN_POINT ( 'NONE',  ( 0.7826119476864084046, -0.2124999999999999112, -0.3950533839615079645 ) ) ;
#1217 = ORIENTED_EDGE ( 'NONE', *, *, #2392, .F. ) ;
#1218 = DIRECTION ( 'NONE',  ( -1.000000000000000000, 0.000000000000000000, 3.097720492815722728E-15 ) ) ;
#1219 = SURFACE_SIDE_STYLE ('',( #2154 ) ) ;
#1220 = LINE ( 'NONE', #2155, #1310 ) ;
#1221 = ORIENTED_EDGE ( 'NONE', *, *, #2256, .F. ) ;
#1222 = CARTESIAN_POINT ( 'NONE',  ( -1.200000000000000178, 1.162500000000000089, -0.4349146637981648467 ) ) ;
#1223 = DIRECTION ( 'NONE',  ( -1.000000000000000000, -0.000000000000000000, -0.000000000000000000 ) ) ;
#1224 = AXIS2_PLACEMENT_3D ( 'NONE', #176, #3011, #1827 ) ;
#1225 = EDGE_CURVE ( 'NONE', #1030, #1184, #683, .T. ) ;
#1226 = DIRECTION ( 'NONE',  ( 0.1391731009600618574, -0.000000000000000000, 0.9902680687415708061 ) ) ;
#1227 = VECTOR ( 'NONE', #226, 1000.000000000000000 ) ;
#1228 = EDGE_CURVE ( 'NONE', #2210, #687, #2861, .T. ) ;
#1229 = VECTOR ( 'NONE', #2051, 1000.000000000000114 ) ;
#1230 = EDGE_LOOP ( 'NONE', ( #147, #1365, #199, #633, #676, #473, #1511, #9, #233, #452 ) ) ;
#1231 = CARTESIAN_POINT ( 'NONE',  ( -0.4415575462588198219, 1.251557546258819320, 0.5149999999999999023 ) ) ;
#1232 = CARTESIAN_POINT ( 'NONE',  ( 0.000000000000000000, 0.000000000000000000, 0.5250000000000000222 ) ) ;
#1233 = FACE_OUTER_BOUND ( 'NONE', #570, .T. ) ;
#1234 = ORIENTED_EDGE ( 'NONE', *, *, #1308, .F. ) ;
#1235 = LINE ( 'NONE', #1749, #1454 ) ;
#1236 = CARTESIAN_POINT ( 'NONE',  ( -0.8824073209654356154, -1.162499999999999867, -0.09919284661924154811 ) ) ;
#1237 = DIRECTION ( 'NONE',  ( 0.1391731009600618574, -0.000000000000000000, 0.9902680687415708061 ) ) ;
#1238 = DIRECTION ( 'NONE',  ( 0.06958737431666482676, 0.06958737431666482676, 0.9951458157835086915 ) ) ;
#1239 = COLOUR_RGB ( '',0.8039215686274510109, 0.8039215686274510109, 0.8039215686274510109 ) ;
#1240 = ORIENTED_EDGE ( 'NONE', *, *, #1329, .F. ) ;
#1241 = SURFACE_STYLE_USAGE ( .BOTH. , #2188 ) ;
#1242 = CARTESIAN_POINT ( 'NONE',  ( 0.8824073209654356154, 0.2125000000000001332, -0.09919284661924170077 ) ) ;
#1243 = VECTOR ( 'NONE', #1166, 1000.000000000000227 ) ;
#1244 = VECTOR ( 'NONE', #2211, 1000.000000000000114 ) ;
#1245 = ADVANCED_FACE ( 'NONE', ( #2347 ), #712, .T. ) ;
#1246 = AXIS2_PLACEMENT_3D ( 'NONE', #1598, #1388, #1857 ) ;
#1247 = VERTEX_POINT ( 'NONE', #1751 ) ;
#1248 = CYLINDRICAL_SURFACE ( 'NONE', #550, 0.05000000000000002359 ) ;
#1249 = CARTESIAN_POINT ( 'NONE',  ( -0.9806655614347226102, 0.7375000000000000444, -0.3672187637694953044 ) ) ;
#1250 = EDGE_CURVE ( 'NONE', #1703, #754, #23, .T. ) ;
#1251 = EDGE_CURVE ( 'NONE', #3043, #2263, #3044, .T. ) ;
#1252 = ORIENTED_EDGE ( 'NONE', *, *, #1862, .T. ) ;
#1253 = LINE ( 'NONE', #54, #1244 ) ;
#1254 = CARTESIAN_POINT ( 'NONE',  ( 0.6843537075104185741, -0.2124999999999999112, -0.1270274667700339033 ) ) ;
#1255 = DIRECTION ( 'NONE',  ( -0.06958737431666482676, 0.06958737431666482676, 0.9951458157835086915 ) ) ;
#1256 = CARTESIAN_POINT ( 'NONE',  ( 0.6214357487718105144, -1.428183300565702973, 0.4784878236872062152 ) ) ;
#1257 = ORIENTED_EDGE ( 'NONE', *, *, #2209, .F. ) ;
#1258 = CARTESIAN_POINT ( 'NONE',  ( -0.9165782734028127265, -1.162499999999999867, -0.3423318069771913996 ) ) ;
#1259 = CARTESIAN_POINT ( 'NONE',  ( 0.6499999999999998002, -0.2124999999999999112, -0.1699999999999995126 ) ) ;
#1260 = VECTOR ( 'NONE', #2360, 1000.000000000000000 ) ;
#1261 = LINE ( 'NONE', #1293, #3028 ) ;
#1262 = CIRCLE ( 'NONE', #2150, 0.09999999999999993616 ) ;
#1263 = ORIENTED_EDGE ( 'NONE', *, *, #2436, .F. ) ;
#1264 = DIRECTION ( 'NONE',  ( 0.000000000000000000, -1.000000000000000000, 0.000000000000000000 ) ) ;
#1265 = AXIS2_PLACEMENT_3D ( 'NONE', #2113, #2635, #3087 ) ;
#1266 = ORIENTED_EDGE ( 'NONE', *, *, #792, .T. ) ;
#1267 = CARTESIAN_POINT ( 'NONE',  ( 0.6499999999999998002, -1.460000000000000187, -0.07000000000000000666 ) ) ;
#1268 = DIRECTION ( 'NONE',  ( -0.000000000000000000, -1.000000000000000000, -0.000000000000000000 ) ) ;
#1269 = CARTESIAN_POINT ( 'NONE',  ( 0.5715575462588192712, 1.381557546258819436, -0.4749999999999999223 ) ) ;
#1270 = DIRECTION ( 'NONE',  ( -1.000000000000000000, -0.000000000000000000, -0.000000000000000000 ) ) ;
#1271 = ORIENTED_EDGE ( 'NONE', *, *, #1490, .F. ) ;
#1272 = EDGE_CURVE ( 'NONE', #2151, #1041, #1283, .T. ) ;
#1273 = FACE_OUTER_BOUND ( 'NONE', #1549, .T. ) ;
#1274 = DIRECTION ( 'NONE',  ( -0.9993908270190956511, -0.000000000000000000, -0.03489949670250162145 ) ) ;
#1275 =( GEOMETRIC_REPRESENTATION_CONTEXT ( 3 ) GLOBAL_UNCERTAINTY_ASSIGNED_CONTEXT ( ( #3001 ) ) GLOBAL_UNIT_ASSIGNED_CONTEXT ( ( #1146, #720, #1658 ) ) REPRESENTATION_CONTEXT ( 'NONE', 'WORKASPACE' ) );
#1276 = ORIENTED_EDGE ( 'NONE', *, *, #2948, .F. ) ;
#1277 = FILL_AREA_STYLE ('',( #2963 ) ) ;
#1278 = FILL_AREA_STYLE_COLOUR ( '', #1291 ) ;
#1279 = ORIENTED_EDGE ( 'NONE', *, *, #167, .T. ) ;
#1280 = UNCERTAINTY_MEASURE_WITH_UNIT (LENGTH_MEASURE( 1.000000000000000082E-05 ), #1909, 'distance_accuracy_value', 'NONE');
#1281 = CIRCLE ( 'NONE', #1126, 0.09999999999999939493 ) ;
#1282 = LINE ( 'NONE', #346, #243 ) ;
#1283 = CIRCLE ( 'NONE', #1691, 0.09999999999999993616 ) ;
#1284 = ORIENTED_EDGE ( 'NONE', *, *, #3060, .T. ) ;
#1285 = SURFACE_STYLE_USAGE ( .BOTH. , #1358 ) ;
#1286 =( NAMED_UNIT ( * ) SI_UNIT ( $, .STERADIAN. ) SOLID_ANGLE_UNIT ( ) );
#1287 = DIRECTION ( 'NONE',  ( -0.000000000000000000, -1.000000000000000000, -0.000000000000000000 ) ) ;
#1288 = EDGE_CURVE ( 'NONE', #604, #2071, #2140, .T. ) ;
#1289 = ORIENTED_EDGE ( 'NONE', *, *, #1173, .T. ) ;
#1290 = CARTESIAN_POINT ( 'NONE',  ( -0.6000000000000001998, 1.459999999999999742, 0.07000000000000000666 ) ) ;
#1291 = COLOUR_RGB ( '',0.8039215686274510109, 0.8039215686274510109, 0.8039215686274510109 ) ;
#1292 = AXIS2_PLACEMENT_3D ( 'NONE', #2272, #2053, #2324 ) ;
#1293 = CARTESIAN_POINT ( 'NONE',  ( 0.6499999999999998002, -1.460000000000000187, -0.07000000000000000666 ) ) ;
#1294 = SURFACE_SIDE_STYLE ('',( #579 ) ) ;
#1295 = STYLED_ITEM ( 'NONE', ( #234 ), #609 ) ;
#1296 = VERTEX_POINT ( 'NONE', #527 ) ;
#1297 = FILL_AREA_STYLE_COLOUR ( '', #2134 ) ;
#1298 = FILL_AREA_STYLE ('',( #347 ) ) ;
#1299 = AXIS2_PLACEMENT_3D ( 'NONE', #2545, #2996, #2767 ) ;
#1300 = ORIENTED_EDGE ( 'NONE', *, *, #2866, .T. ) ;
#1301 = SPHERICAL_SURFACE ( 'NONE', #2622, 0.05000000000000000278 ) ;
#1302 = ORIENTED_EDGE ( 'NONE', *, *, #1547, .F. ) ;
#1303 = DIRECTION ( 'NONE',  ( 0.03489949670250223901, 0.000000000000000000, -0.9993908270190956511 ) ) ;
#1304 = CARTESIAN_POINT ( 'NONE',  ( -0.8824073209654356154, 1.162500000000000089, -0.09919284661924154811 ) ) ;
#1305 = FILL_AREA_STYLE_COLOUR ( '', #695 ) ;
#1306 = PRESENTATION_STYLE_ASSIGNMENT (( #358 ) ) ;
#1307 = EDGE_CURVE ( 'NONE', #304, #1670, #2491, .T. ) ;
#1308 = EDGE_CURVE ( 'NONE', #1918, #1197, #1963, .T. ) ;
#1309 = COLOUR_RGB ( '',0.9607843137254902244, 0.9607843137254902244, 0.9607843137254902244 ) ;
#1310 = VECTOR ( 'NONE', #2139, 1000.000000000000114 ) ;
#1311 = UNCERTAINTY_MEASURE_WITH_UNIT (LENGTH_MEASURE( 1.000000000000000082E-05 ), #1090, 'distance_accuracy_value', 'NONE');
#1312 = AXIS2_PLACEMENT_3D ( 'NONE', #283, #1554, #1567 ) ;
#1313 = VERTEX_POINT ( 'NONE', #2925 ) ;
#1314 = ORIENTED_EDGE ( 'NONE', *, *, #1133, .F. ) ;
#1315 = SURFACE_SIDE_STYLE ('',( #2645 ) ) ;
#1316 = FILL_AREA_STYLE ('',( #2971 ) ) ;
#1317 = DIRECTION ( 'NONE',  ( -1.000000000000000000, 0.000000000000000000, 0.000000000000000000 ) ) ;
#1318 = EDGE_LOOP ( 'NONE', ( #1944, #1835, #220, #2127, #1729, #1289, #1190, #1252, #2095, #1848 ) ) ;
#1319 = CARTESIAN_POINT ( 'NONE',  ( -0.6500000000000001332, -1.460000000000000187, -0.07000000000000000666 ) ) ;
#1320 = LINE ( 'NONE', #2037, #1061 ) ;
#1321 = FACE_OUTER_BOUND ( 'NONE', #1853, .T. ) ;
#1322 = LINE ( 'NONE', #675, #2617 ) ;
#1323 = PRESENTATION_STYLE_ASSIGNMENT (( #2808 ) ) ;
#1324 = DIRECTION ( 'NONE',  ( 0.000000000000000000, 0.000000000000000000, -1.000000000000000000 ) ) ;
#1325 = MECHANICAL_DESIGN_GEOMETRIC_PRESENTATION_REPRESENTATION (  '', ( #881 ), #1275 ) ;
#1326 = EDGE_CURVE ( 'NONE', #3057, #1677, #273, .T. ) ;
#1327 = SURFACE_SIDE_STYLE ('',( #2968 ) ) ;
#1328 = AXIS2_PLACEMENT_3D ( 'NONE', #2987, #1782, #164 ) ;
#1329 = EDGE_CURVE ( 'NONE', #2733, #2835, #1951, .T. ) ;
#1330 = ORIENTED_EDGE ( 'NONE', *, *, #2141, .F. ) ;
#1331 = UNCERTAINTY_MEASURE_WITH_UNIT (LENGTH_MEASURE( 1.000000000000000082E-05 ), #2881, 'distance_accuracy_value', 'NONE');
#1332 =( BOUNDED_CURVE ( )  B_SPLINE_CURVE ( 3, ( #194, #2088, #1393, #207 ),
 .UNSPECIFIED., .F., .F. ) 
 B_SPLINE_CURVE_WITH_KNOTS ( ( 4, 4 ),
 ( 5.500221614255710989, 7.066149000103465028 ),
 .UNSPECIFIED. ) 
 CURVE ( )  GEOMETRIC_REPRESENTATION_ITEM ( )  RATIONAL_B_SPLINE_CURVE ( ( 1.000000000000000000, 0.8058840764544654700, 0.8058840764544654700, 1.000000000000000000 ) ) 
 REPRESENTATION_ITEM ( '' )  );
#1333 = VECTOR ( 'NONE', #3081, 1000.000000000000000 ) ;
#1334 = VERTEX_POINT ( 'NONE', #1514 ) ;
#1335 = PLANE ( 'NONE',  #1434 ) ;
#1336 =( LENGTH_UNIT ( ) NAMED_UNIT ( * ) SI_UNIT ( .MILLI., .METRE. ) );
#1337 =( NAMED_UNIT ( * ) SI_UNIT ( $, .STERADIAN. ) SOLID_ANGLE_UNIT ( ) );
#1338 = CYLINDRICAL_SURFACE ( 'NONE', #2284, 0.1999999997038205135 ) ;
#1339 = DIRECTION ( 'NONE',  ( 0.1391731009600621349, 0.000000000000000000, 0.9902680687415706950 ) ) ;
#1340 = MECHANICAL_DESIGN_GEOMETRIC_PRESENTATION_REPRESENTATION (  '', ( #2756 ), #2849 ) ;
#1341 = PLANE ( 'NONE',  #2685 ) ;
#1342 = AXIS2_PLACEMENT_3D ( 'NONE', #583, #2207, #827 ) ;
#1343 = CARTESIAN_POINT ( 'NONE',  ( -0.7826119476864084046, 0.7375000000000000444, -0.3950533839615076870 ) ) ;
#1344 = EDGE_CURVE ( 'NONE', #803, #354, #1982, .T. ) ;
#1345 = PRESENTATION_LAYER_ASSIGNMENT (  '', '', ( #798 ) ) ;
#1346 = ORIENTED_EDGE ( 'NONE', *, *, #1745, .F. ) ;
#1347 = CARTESIAN_POINT ( 'NONE',  ( 0.5715575462588193822, 1.381557546258819213, -0.4749999999999999223 ) ) ;
#1348 = DIRECTION ( 'NONE',  ( -0.000000000000000000, -1.000000000000000000, -0.000000000000000000 ) ) ;
#1349 = CYLINDRICAL_SURFACE ( 'NONE', #970, 0.05000000000000002359 ) ;
#1350 = EDGE_CURVE ( 'NONE', #1661, #2835, #2989, .T. ) ;
#1351 = ADVANCED_FACE ( 'NONE', ( #83 ), #2213, .T. ) ;
#1352 = VERTEX_POINT ( 'NONE', #1026 ) ;
#1353 = CARTESIAN_POINT ( 'NONE',  ( -0.6500000000000001332, 1.459999999999999742, 0.07000000000000000666 ) ) ;
#1354 = DIRECTION ( 'NONE',  ( 0.06958737431666479900, 0.06958737431666479900, -0.9951458157835084695 ) ) ;
#1355 = ORIENTED_EDGE ( 'NONE', *, *, #2083, .F. ) ;
#1356 = CARTESIAN_POINT ( 'NONE',  ( 0.6499999999999998002, 0.2125000000000001332, -0.07000000000000000666 ) ) ;
#1357 = DIRECTION ( 'NONE',  ( -0.000000000000000000, -1.000000000000000000, -0.000000000000000000 ) ) ;
#1358 = SURFACE_SIDE_STYLE ('',( #2738 ) ) ;
#1359 = ORIENTED_EDGE ( 'NONE', *, *, #2758, .F. ) ;
#1360 = AXIS2_PLACEMENT_3D ( 'NONE', #1510, #2936, #522 ) ;
#1361 =( NAMED_UNIT ( * ) PLANE_ANGLE_UNIT ( ) SI_UNIT ( $, .RADIAN. ) );
#1362 = EDGE_LOOP ( 'NONE', ( #2712, #1376, #1034, #2543 ) ) ;
#1363 = SURFACE_STYLE_FILL_AREA ( #1892 ) ;
#1364 = DIRECTION ( 'NONE',  ( 3.032592056965571452E-16, 1.000000000000000000, 4.336808689942016158E-15 ) ) ;
#1365 = ORIENTED_EDGE ( 'NONE', *, *, #813, .F. ) ;
#1366 = DIRECTION ( 'NONE',  ( 1.000000000000000000, 0.000000000000000000, 0.000000000000000000 ) ) ;
#1367 = CARTESIAN_POINT ( 'NONE',  ( 0.6502415303407385050, -1.410363327827747870, 0.06654595520622472171 ) ) ;
#1368 = ORIENTED_EDGE ( 'NONE', *, *, #2815, .F. ) ;
#1369 = SURFACE_STYLE_USAGE ( .BOTH. , #893 ) ;
#1370 =( LENGTH_UNIT ( ) NAMED_UNIT ( * ) SI_UNIT ( .MILLI., .METRE. ) );
#1371 = AXIS2_PLACEMENT_3D ( 'NONE', #2224, #2468, #2419 ) ;
#1372 = DIRECTION ( 'NONE',  ( -0.000000000000000000, 1.000000000000000000, 0.000000000000000000 ) ) ;
#1373 = FACE_OUTER_BOUND ( 'NONE', #2375, .T. ) ;
#1374 = ORIENTED_EDGE ( 'NONE', *, *, #696, .F. ) ;
#1375 = CARTESIAN_POINT ( 'NONE',  ( -0.9806655614347226102, 1.162500000000000089, -0.3672187637694953044 ) ) ;
#1376 = ORIENTED_EDGE ( 'NONE', *, *, #2457, .F. ) ;
#1377 = VECTOR ( 'NONE', #2322, 1000.000000000000000 ) ;
#1378 = SURFACE_STYLE_FILL_AREA ( #2592 ) ;
#1379 = DIRECTION ( 'NONE',  ( 0.000000000000000000, 0.000000000000000000, 1.000000000000000000 ) ) ;
#1380 = MECHANICAL_DESIGN_GEOMETRIC_PRESENTATION_REPRESENTATION (  '', ( #1432 ), #2840 ) ;
#1381 = ORIENTED_EDGE ( 'NONE', *, *, #2962, .F. ) ;
#1382 = CARTESIAN_POINT ( 'NONE',  ( 0.6001217974870084459, -1.460000000000000187, 0.07000000000000000666 ) ) ;
#1383 = DIRECTION ( 'NONE',  ( 0.1391731009600621072, 0.000000000000000000, -0.9902680687415706950 ) ) ;
#1384 = MECHANICAL_DESIGN_GEOMETRIC_PRESENTATION_REPRESENTATION (  '', ( #1083 ), #1035 ) ;
#1385 = ADVANCED_FACE ( 'NONE', ( #1977 ), #1939, .F. ) ;
#1386 = CIRCLE ( 'NONE', #1530, 0.2000000000000000389 ) ;
#1387 = ORIENTED_EDGE ( 'NONE', *, *, #1486, .T. ) ;
#1388 = DIRECTION ( 'NONE',  ( -1.000000000000000000, 2.173699367380192850E-15, -0.000000000000000000 ) ) ;
#1389 = FACE_OUTER_BOUND ( 'NONE', #2768, .T. ) ;
#1390 = FACE_OUTER_BOUND ( 'NONE', #1761, .T. ) ;
#1391 = MECHANICAL_DESIGN_GEOMETRIC_PRESENTATION_REPRESENTATION (  '', ( #2440 ), #948 ) ;
#1392 = ORIENTED_EDGE ( 'NONE', *, *, #1344, .F. ) ;
#1393 = CARTESIAN_POINT ( 'NONE',  ( 0.6499288228829956937, 1.439298010963615093, -0.07101726198154822978 ) ) ;
#1394 = CARTESIAN_POINT ( 'NONE',  ( 0.6843537075104185741, 0.2125000000000001332, -0.1270274667700339033 ) ) ;
#1395 =( NAMED_UNIT ( * ) SI_UNIT ( $, .STERADIAN. ) SOLID_ANGLE_UNIT ( ) );
#1396 = PRESENTATION_LAYER_ASSIGNMENT (  '', '', ( #250 ) ) ;
#1397 = VECTOR ( 'NONE', #1959, 1000.000000000000000 ) ;
#1398 = EDGE_LOOP ( 'NONE', ( #2231, #73, #2850, #529, #2022, #706 ) ) ;
#1399 = DIRECTION ( 'NONE',  ( -0.06958737431666479900, 0.06958737431666479900, 0.9951458157835084695 ) ) ;
#1400 = DIRECTION ( 'NONE',  ( 0.000000000000000000, -0.000000000000000000, 1.000000000000000000 ) ) ;
#1401 = CIRCLE ( 'NONE', #1810, 0.05000000000000002359 ) ;
#1402 = ORIENTED_EDGE ( 'NONE', *, *, #359, .F. ) ;
#1403 = CARTESIAN_POINT ( 'NONE',  ( 0.6499999999999998002, 1.459999999999999742, 0.07000000000000000666 ) ) ;
#1404 = PLANE ( 'NONE',  #2094 ) ;
#1405 = SURFACE_SIDE_STYLE ('',( #216 ) ) ;
#1406 = ADVANCED_FACE ( 'NONE', ( #1797 ), #1099, .T. ) ;
#1407 = FILL_AREA_STYLE_COLOUR ( '', #278 ) ;
#1408 = LINE ( 'NONE', #2401, #1802 ) ;
#1409 = EDGE_CURVE ( 'NONE', #1135, #2365, #2025, .T. ) ;
#1410 = ORIENTED_EDGE ( 'NONE', *, *, #2017, .F. ) ;
#1411 = DIRECTION ( 'NONE',  ( 1.000000000000000000, -4.336808689942015369E-15, 0.000000000000000000 ) ) ;
#1412 = CARTESIAN_POINT ( 'NONE',  ( -0.7490268068741562368, 1.162500000000000089, -0.1560826899039932103 ) ) ;
#1413 = STYLED_ITEM ( 'NONE', ( #1866 ), #1507 ) ;
#1414 = AXIS2_PLACEMENT_3D ( 'NONE', #2894, #1910, #1400 ) ;
#1415 = ORIENTED_EDGE ( 'NONE', *, *, #2663, .F. ) ;
#1416 = VECTOR ( 'NONE', #41, 1000.000000000000000 ) ;
#1417 = DIRECTION ( 'NONE',  ( 0.000000000000000000, 0.9975640502598241977, -0.06975647374412545509 ) ) ;
#1418 = ORIENTED_EDGE ( 'NONE', *, *, #151, .T. ) ;
#1419 = SURFACE_SIDE_STYLE ('',( #2381 ) ) ;
#1420 = FILL_AREA_STYLE ('',( #1656 ) ) ;
#1421 = VECTOR ( 'NONE', #1226, 1000.000000000000114 ) ;
#1422 = CIRCLE ( 'NONE', #2364, 0.1999999997038205135 ) ;
#1423 = DIRECTION ( 'NONE',  ( 0.000000000000000000, -1.000000000000000000, 0.000000000000000000 ) ) ;
#1424 = LINE ( 'NONE', #2883, #547 ) ;
#1425 = ADVANCED_FACE ( 'NONE', ( #3000 ), #864, .T. ) ;
#1426 = ORIENTED_EDGE ( 'NONE', *, *, #813, .T. ) ;
#1427 = CARTESIAN_POINT ( 'NONE',  ( -0.6500000000000001332, -1.410121797487009054, 0.07000000000000000666 ) ) ;
#1428 = LINE ( 'NONE', #1412, #1013 ) ;
#1429 = ORIENTED_EDGE ( 'NONE', *, *, #72, .F. ) ;
#1430 = FILL_AREA_STYLE_COLOUR ( '', #1091 ) ;
#1431 = SURFACE_STYLE_FILL_AREA ( #1158 ) ;
#1432 = STYLED_ITEM ( 'NONE', ( #3037 ), #916 ) ;
#1433 = ORIENTED_EDGE ( 'NONE', *, *, #356, .T. ) ;
#1434 = AXIS2_PLACEMENT_3D ( 'NONE', #2744, #120, #2802 ) ;
#1435 = SURFACE_STYLE_FILL_AREA ( #2336 ) ;
#1436 = CARTESIAN_POINT ( 'NONE',  ( -1.200000000000000178, -1.162499999999999867, -0.4349146637981648467 ) ) ;
#1437 = CLOSED_SHELL ( 'NONE', ( #1245, #1021, #1924, #2417, #983, #933, #2160, #2123, #1760, #1757, #1979, #469 ) ) ;
#1438 = ORIENTED_EDGE ( 'NONE', *, *, #2831, .F. ) ;
#1439 = CARTESIAN_POINT ( 'NONE',  ( -0.6500000000000001332, -1.460000000000000187, 0.07000000000000000666 ) ) ;
#1440 = DIRECTION ( 'NONE',  ( 1.000000000000000000, 0.000000000000000000, -0.000000000000000000 ) ) ;
#1441 = CARTESIAN_POINT ( 'NONE',  ( -1.015605080276969607, -1.162499999999999867, -0.3284144968811851806 ) ) ;
#1442 = AXIS2_PLACEMENT_3D ( 'NONE', #350, #2708, #1039 ) ;
#1443 = ORIENTED_EDGE ( 'NONE', *, *, #757, .T. ) ;
#1444 = LINE ( 'NONE', #1050, #1705 ) ;
#1445 = CARTESIAN_POINT ( 'NONE',  ( 0.6003633278277472618, 1.410363327827747426, 0.06305813151901844271 ) ) ;
#1446 = ADVANCED_FACE ( 'NONE', ( #332 ), #1080, .T. ) ;
#1447 = DIRECTION ( 'NONE',  ( 2.168404344971007685E-15, 0.000000000000000000, 1.000000000000000000 ) ) ;
#1448 = DIRECTION ( 'NONE',  ( -0.1391731009600621072, 0.000000000000000000, 0.9902680687415706950 ) ) ;
#1449 = EDGE_CURVE ( 'NONE', #2903, #1179, #832, .T. ) ;
#1450 = ORIENTED_EDGE ( 'NONE', *, *, #2035, .T. ) ;
#1451 = VECTOR ( 'NONE', #808, 1000.000000000000000 ) ;
#1452 =( LENGTH_UNIT ( ) NAMED_UNIT ( * ) SI_UNIT ( .MILLI., .METRE. ) );
#1453 = CARTESIAN_POINT ( 'NONE',  ( -0.6500000000000001332, 1.459999999999999742, -0.07000000000000000666 ) ) ;
#1454 = VECTOR ( 'NONE', #755, 1000.000000000000000 ) ;
#1455 = DIRECTION ( 'NONE',  ( 0.000000000000000000, -1.000000000000000000, -0.000000000000000000 ) ) ;
#1456 =( GEOMETRIC_REPRESENTATION_CONTEXT ( 3 ) GLOBAL_UNCERTAINTY_ASSIGNED_CONTEXT ( ( #1331 ) ) GLOBAL_UNIT_ASSIGNED_CONTEXT ( ( #2881, #3085, #956 ) ) REPRESENTATION_CONTEXT ( 'NONE', 'WORKASPACE' ) );
#1457 = ORIENTED_EDGE ( 'NONE', *, *, #407, .F. ) ;
#1458 = DIRECTION ( 'NONE',  ( 0.000000000000000000, 0.000000000000000000, -1.000000000000000000 ) ) ;
#1459 =( NAMED_UNIT ( * ) SI_UNIT ( $, .STERADIAN. ) SOLID_ANGLE_UNIT ( ) );
#1460 = ORIENTED_EDGE ( 'NONE', *, *, #2601, .F. ) ;
#1461 = CARTESIAN_POINT ( 'NONE',  ( -0.6500000000000001332, 1.459999999999999742, 0.07000000000000000666 ) ) ;
#1462 = CARTESIAN_POINT ( 'NONE',  ( -0.6500000000000001332, 1.162500000000000089, -0.07000000000000000666 ) ) ;
#1463 = DIRECTION ( 'NONE',  ( 0.000000000000000000, -1.000000000000000000, -0.000000000000000000 ) ) ;
#1464 = LINE ( 'NONE', #2413, #260 ) ;
#1465 = AXIS2_PLACEMENT_3D ( 'NONE', #1037, #1711, #1020 ) ;
#1466 = VECTOR ( 'NONE', #1354, 1000.000000000000114 ) ;
#1467 = ADVANCED_FACE ( 'NONE', ( #2753 ), #1068, .T. ) ;
#1468 = ORIENTED_EDGE ( 'NONE', *, *, #28, .T. ) ;
#1469 = CARTESIAN_POINT ( 'NONE',  ( 0.5999999999999996447, 1.459999999999999742, 0.07000000000000000666 ) ) ;
#1470 = SURFACE_STYLE_FILL_AREA ( #453 ) ;
#1471 = APPLICATION_PROTOCOL_DEFINITION ( 'draft international standard', 'automotive_design', 1998, #1506 ) ;
#1472 = EDGE_CURVE ( 'NONE', #2503, #2164, #934, .T. ) ;
#1473 = DIRECTION ( 'NONE',  ( 0.000000000000000000, -1.000000000000000000, -0.000000000000000000 ) ) ;
#1474 = FILL_AREA_STYLE ('',( #1278 ) ) ;
#1475 = ORIENTED_EDGE ( 'NONE', *, *, #3034, .T. ) ;
#1476 = DIRECTION ( 'NONE',  ( -0.000000000000000000, -1.000000000000000000, -0.000000000000000000 ) ) ;
#1477 = PLANE ( 'NONE',  #2772 ) ;
#1478 = ORIENTED_EDGE ( 'NONE', *, *, #1307, .F. ) ;
#1479 = CARTESIAN_POINT ( 'NONE',  ( 1.199999999999999956, 0.2125000000000001332, -0.5750000000000000666 ) ) ;
#1480 = DIRECTION ( 'NONE',  ( 0.000000000000000000, 1.000000000000000000, 0.000000000000000000 ) ) ;
#1481 = CARTESIAN_POINT ( 'NONE',  ( -1.012115130606719537, -1.162499999999999867, -0.4283535795830947235 ) ) ;
#1482 = DIRECTION ( 'NONE',  ( -0.9993908270190956511, -0.000000000000000000, -0.03489949670250162145 ) ) ;
#1483 = ORIENTED_EDGE ( 'NONE', *, *, #3034, .F. ) ;
#1484 = SURFACE_SIDE_STYLE ('',( #1012 ) ) ;
#1485 = STYLED_ITEM ( 'NONE', ( #645 ), #846 ) ;
#1486 = EDGE_CURVE ( 'NONE', #778, #38, #429, .T. ) ;
#1487 = PRESENTATION_LAYER_ASSIGNMENT (  '', '', ( #637 ) ) ;
#1488 = CARTESIAN_POINT ( 'NONE',  ( -0.9736856620942224705, -0.7374999999999998224, -0.5670969291733144457 ) ) ;
#1489 = DIRECTION ( 'NONE',  ( -1.000000000000000000, -1.516296028482788437E-16, 2.168404344971007290E-15 ) ) ;
#1490 = EDGE_CURVE ( 'NONE', #887, #3100, #1428, .T. ) ;
#1491 = ORIENTED_EDGE ( 'NONE', *, *, #2048, .F. ) ;
#1492 = DIRECTION ( 'NONE',  ( 1.000000000000000000, 0.000000000000000000, 0.000000000000000000 ) ) ;
#1493 = CYLINDRICAL_SURFACE ( 'NONE', #1465, 0.05000000000000002359 ) ;
#1494 = CLOSED_SHELL ( 'NONE', ( #3062, #969, #186, #1111, #1385, #2526, #3041, #1915, #166, #2525, #2636, #91 ) ) ;
#1495 = EDGE_LOOP ( 'NONE', ( #2913, #1995, #882, #1544 ) ) ;
#1496 = DIRECTION ( 'NONE',  ( 0.000000000000000000, 0.000000000000000000, 1.000000000000000000 ) ) ;
#1497 = DIRECTION ( 'NONE',  ( 0.1391731009600618574, -0.000000000000000000, 0.9902680687415708061 ) ) ;
#1498 = AXIS2_PLACEMENT_3D ( 'NONE', #1254, #1480, #237 ) ;
#1499 = VECTOR ( 'NONE', #2046, 1000.000000000000000 ) ;
#1500 = ORIENTED_EDGE ( 'NONE', *, *, #28, .F. ) ;
#1501 = LINE ( 'NONE', #1056, #670 ) ;
#1502 = COLOUR_RGB ( '',0.8039215686274510109, 0.8039215686274510109, 0.8039215686274510109 ) ;
#1503 = AXIS2_PLACEMENT_3D ( 'NONE', #707, #267, #1214 ) ;
#1504 = DIRECTION ( 'NONE',  ( -2.168404344971007685E-15, 0.000000000000000000, -1.000000000000000000 ) ) ;
#1505 = SURFACE_STYLE_FILL_AREA ( #534 ) ;
#1506 = APPLICATION_CONTEXT ( 'automotive_design' ) ;
#1507 = ADVANCED_FACE ( 'NONE', ( #903 ), #1906, .T. ) ;
#1508 = VERTEX_POINT ( 'NONE', #3049 ) ;
#1509 = DIRECTION ( 'NONE',  ( 0.000000000000000000, -0.9975640502598241977, -0.06975647374412545509 ) ) ;
#1510 = CARTESIAN_POINT ( 'NONE',  ( 0.000000000000000000, -1.381557546258819658, -0.4749999999999999223 ) ) ;
#1511 = ORIENTED_EDGE ( 'NONE', *, *, #125, .F. ) ;
#1512 = DIRECTION ( 'NONE',  ( 0.000000000000000000, -0.9975640502598243087, -0.06975647374412546897 ) ) ;
#1513 = CARTESIAN_POINT ( 'NONE',  ( 0.6499999999999998002, 1.409999999999999920, 0.07000000000000000666 ) ) ;
#1514 = CARTESIAN_POINT ( 'NONE',  ( 0.6499999999999998002, -1.410000000000000142, 0.07000000000000000666 ) ) ;
#1515 = FACE_OUTER_BOUND ( 'NONE', #2534, .T. ) ;
#1516 = VERTEX_POINT ( 'NONE', #1181 ) ;
#1517 = STYLED_ITEM ( 'NONE', ( #388 ), #1757 ) ;
#1518 =( NAMED_UNIT ( * ) SI_UNIT ( $, .STERADIAN. ) SOLID_ANGLE_UNIT ( ) );
#1519 = PLANE ( 'NONE',  #2317 ) ;
#1520 = ORIENTED_EDGE ( 'NONE', *, *, #2176, .T. ) ;
#1521 = FACE_OUTER_BOUND ( 'NONE', #2806, .T. ) ;
#1522 = FILL_AREA_STYLE_COLOUR ( '', #1956 ) ;
#1523 = EDGE_CURVE ( 'NONE', #586, #2058, #2345, .T. ) ;
#1524 = VERTEX_POINT ( 'NONE', #2828 ) ;
#1525 = FILL_AREA_STYLE ('',( #1989 ) ) ;
#1526 = PRESENTATION_STYLE_ASSIGNMENT (( #1067 ) ) ;
#1527 = DIRECTION ( 'NONE',  ( -0.000000000000000000, -1.000000000000000000, 0.000000000000000000 ) ) ;
#1528 = VERTEX_POINT ( 'NONE', #1136 ) ;
#1529 = DIRECTION ( 'NONE',  ( -1.000000000000000000, -0.000000000000000000, -0.000000000000000000 ) ) ;
#1530 = AXIS2_PLACEMENT_3D ( 'NONE', #1375, #2561, #1119 ) ;
#1531 = DIRECTION ( 'NONE',  ( 0.000000000000000000, 1.000000000000000000, 0.000000000000000000 ) ) ;
#1532 = MECHANICAL_DESIGN_GEOMETRIC_PRESENTATION_REPRESENTATION (  '', ( #2885 ), #1893 ) ;
#1533 = SURFACE_STYLE_FILL_AREA ( #1474 ) ;
#1534 = CYLINDRICAL_SURFACE ( 'NONE', #1571, 0.09999999999999939493 ) ;
#1535 = SURFACE_SIDE_STYLE ('',( #1505 ) ) ;
#1536 = AXIS2_PLACEMENT_3D ( 'NONE', #1643, #2366, #228 ) ;
#1537 = ORIENTED_EDGE ( 'NONE', *, *, #531, .T. ) ;
#1538 = UNCERTAINTY_MEASURE_WITH_UNIT (LENGTH_MEASURE( 1.000000000000000082E-05 ), #897, 'distance_accuracy_value', 'NONE');
#1539 = AXIS2_PLACEMENT_3D ( 'NONE', #369, #1564, #1366 ) ;
#1540 = CARTESIAN_POINT ( 'NONE',  ( -0.8824073209654356154, -0.7374999999999998224, -0.09919284661924154811 ) ) ;
#1541 = DIRECTION ( 'NONE',  ( -0.000000000000000000, -1.000000000000000000, -0.000000000000000000 ) ) ;
#1542 = PRESENTATION_LAYER_ASSIGNMENT (  '', '', ( #2378 ) ) ;
#1543 = EDGE_CURVE ( 'NONE', #3077, #2597, #1106, .T. ) ;
#1544 = ORIENTED_EDGE ( 'NONE', *, *, #493, .T. ) ;
#1545 = CARTESIAN_POINT ( 'NONE',  ( -0.6500000000000001332, -1.410121797487009054, -0.07000000000000000666 ) ) ;
#1546 = CARTESIAN_POINT ( 'NONE',  ( -1.199999999999999956, -0.7374999999999998224, -0.5749999999999997335 ) ) ;
#1547 = EDGE_CURVE ( 'NONE', #1041, #275, #665, .T. ) ;
#1548 = EDGE_CURVE ( 'NONE', #400, #2204, #2054, .T. ) ;
#1549 = EDGE_LOOP ( 'NONE', ( #1475, #1355, #750, #2193 ) ) ;
#1550 = DIRECTION ( 'NONE',  ( 1.000000000000000000, 0.000000000000000000, 0.000000000000000000 ) ) ;
#1551 = DIRECTION ( 'NONE',  ( -1.000000000000000000, 2.173699367380192850E-15, 0.000000000000000000 ) ) ;
#1552 = STYLED_ITEM ( 'NONE', ( #1526 ), #371 ) ;
#1553 = CARTESIAN_POINT ( 'NONE',  ( -0.6843537075104185741, 1.162500000000000089, -0.1270274667700337368 ) ) ;
#1554 = DIRECTION ( 'NONE',  ( 0.000000000000000000, 0.000000000000000000, 1.000000000000000000 ) ) ;
#1555 = COLOUR_RGB ( '',0.8039215686274510109, 0.8039215686274510109, 0.8039215686274510109 ) ;
#1556 = ORIENTED_EDGE ( 'NONE', *, *, #145, .F. ) ;
#1557 = PRESENTATION_STYLE_ASSIGNMENT (( #602 ) ) ;
#1558 = AXIS2_PLACEMENT_3D ( 'NONE', #2326, #2560, #1844 ) ;
#1559 = AXIS2_PLACEMENT_3D ( 'NONE', #911, #402, #1630 ) ;
#1560 = ORIENTED_EDGE ( 'NONE', *, *, #1879, .T. ) ;
#1561 = FACE_OUTER_BOUND ( 'NONE', #1066, .T. ) ;
#1562 = UNCERTAINTY_MEASURE_WITH_UNIT (LENGTH_MEASURE( 1.000000000000000082E-05 ), #141, 'distance_accuracy_value', 'NONE');
#1563 = ORIENTED_EDGE ( 'NONE', *, *, #1673, .T. ) ;
#1564 = DIRECTION ( 'NONE',  ( 0.000000000000000000, 0.000000000000000000, 1.000000000000000000 ) ) ;
#1565 = FACE_OUTER_BOUND ( 'NONE', #2388, .T. ) ;
#1566 = EDGE_CURVE ( 'NONE', #917, #2109, #1621, .T. ) ;
#1567 = DIRECTION ( 'NONE',  ( 1.000000000000000000, 0.000000000000000000, 0.000000000000000000 ) ) ;
#1568 = VECTOR ( 'NONE', #2565, 1000.000000000000000 ) ;
#1569 = CIRCLE ( 'NONE', #114, 0.04999999999999991257 ) ;
#1570 = UNCERTAINTY_MEASURE_WITH_UNIT (LENGTH_MEASURE( 1.000000000000000082E-05 ), #545, 'distance_accuracy_value', 'NONE');
#1571 = AXIS2_PLACEMENT_3D ( 'NONE', #598, #752, #1324 ) ;
#1572 = ORIENTED_EDGE ( 'NONE', *, *, #2698, .T. ) ;
#1573 = CARTESIAN_POINT ( 'NONE',  ( -0.6500000000000001332, 1.409999999999999920, -0.07000000000000000666 ) ) ;
#1574 = DIRECTION ( 'NONE',  ( 0.000000000000000000, 0.000000000000000000, -1.000000000000000000 ) ) ;
#1575 = LINE ( 'NONE', #1851, #3022 ) ;
#1576 = ORIENTED_EDGE ( 'NONE', *, *, #1029, .F. ) ;
#1577 =( NAMED_UNIT ( * ) PLANE_ANGLE_UNIT ( ) SI_UNIT ( $, .RADIAN. ) );
#1578 = PLANE ( 'NONE',  #2570 ) ;
#1579 = EDGE_CURVE ( 'NONE', #2151, #2085, #960, .T. ) ;
#1580 = CARTESIAN_POINT ( 'NONE',  ( -0.6500000000000001332, 0.7375000000000000444, -0.07000000000000000666 ) ) ;
#1581 = CARTESIAN_POINT ( 'NONE',  ( -1.012115130606719537, -0.7374999999999998224, -0.4283535795830947235 ) ) ;
#1582 = EDGE_CURVE ( 'NONE', #1078, #87, #62, .T. ) ;
#1583 = ORIENTED_EDGE ( 'NONE', *, *, #701, .T. ) ;
#1584 = EDGE_CURVE ( 'NONE', #2669, #20, #652, .T. ) ;
#1585 = CARTESIAN_POINT ( 'NONE',  ( -0.4415575462588198219, 1.251557546258819320, 0.5149999999999999023 ) ) ;
#1586 = PRESENTATION_LAYER_ASSIGNMENT (  '', '', ( #2638 ) ) ;
#1587 = AXIS2_PLACEMENT_3D ( 'NONE', #1139, #1157, #210 ) ;
#1588 = VERTEX_POINT ( 'NONE', #2608 ) ;
#1589 = CARTESIAN_POINT ( 'NONE',  ( -0.9806655614347226102, -1.162499999999999867, -0.3672187637694953044 ) ) ;
#1590 = PRESENTATION_STYLE_ASSIGNMENT (( #2740 ) ) ;
#1591 = CARTESIAN_POINT ( 'NONE',  ( 0.8824073209654356154, -0.2124999999999999112, -0.09919284661924175628 ) ) ;
#1592 = VERTEX_POINT ( 'NONE', #222 ) ;
#1593 = SURFACE_STYLE_USAGE ( .BOTH. , #639 ) ;
#1594 = DIRECTION ( 'NONE',  ( -0.000000000000000000, -1.000000000000000000, -0.000000000000000000 ) ) ;
#1595 = VECTOR ( 'NONE', #1147, 1000.000000000000000 ) ;
#1596 = ORIENTED_EDGE ( 'NONE', *, *, #2352, .T. ) ;
#1597 =( LENGTH_UNIT ( ) NAMED_UNIT ( * ) SI_UNIT ( .MILLI., .METRE. ) );
#1598 = CARTESIAN_POINT ( 'NONE',  ( 0.5715575462588193822, -1.381557546258819658, 0.4749999999999999223 ) ) ;
#1599 = CARTESIAN_POINT ( 'NONE',  ( 0.9806655614347226102, 0.2125000000000001332, -0.3672187637694955265 ) ) ;
#1600 = PRESENTATION_STYLE_ASSIGNMENT (( #876 ) ) ;
#1601 = CARTESIAN_POINT ( 'NONE',  ( 0.6361017145610187162, -1.396223512048027304, -0.2687547416033868597 ) ) ;
#1602 = VECTOR ( 'NONE', #1203, 1000.000000000000114 ) ;
#1603 = VECTOR ( 'NONE', #2703, 1000.000000000000000 ) ;
#1604 = ADVANCED_FACE ( 'NONE', ( #1167 ), #1493, .T. ) ;
#1605 = EDGE_LOOP ( 'NONE', ( #59, #510, #761, #404 ) ) ;
#1606 = DIRECTION ( 'NONE',  ( 0.000000000000000000, 1.000000000000000000, 0.000000000000000000 ) ) ;
#1607 =( LENGTH_UNIT ( ) NAMED_UNIT ( * ) SI_UNIT ( .MILLI., .METRE. ) );
#1608 = ADVANCED_FACE ( 'NONE', ( #2873 ), #2208, .T. ) ;
#1609 = EDGE_LOOP ( 'NONE', ( #806, #462, #2812, #2362 ) ) ;
#1610 = DIRECTION ( 'NONE',  ( -0.9975640502598243087, 0.000000000000000000, -0.06975647374412546897 ) ) ;
#1611 = ORIENTED_EDGE ( 'NONE', *, *, #668, .F. ) ;
#1612 = CARTESIAN_POINT ( 'NONE',  ( -0.5715575462588198263, 1.381557546258819213, -0.4749999999999999223 ) ) ;
#1613 = DIRECTION ( 'NONE',  ( 0.000000000000000000, 0.000000000000000000, -1.000000000000000000 ) ) ;
#1614 = PRESENTATION_STYLE_ASSIGNMENT (( #1858 ) ) ;
#1615 = LINE ( 'NONE', #913, #2586 ) ;
#1616 = ORIENTED_EDGE ( 'NONE', *, *, #335, .T. ) ;
#1617 = CIRCLE ( 'NONE', #861, 0.2000000000000000389 ) ;
#1618 =( GEOMETRIC_REPRESENTATION_CONTEXT ( 3 ) GLOBAL_UNCERTAINTY_ASSIGNED_CONTEXT ( ( #2755 ) ) GLOBAL_UNIT_ASSIGNED_CONTEXT ( ( #741, #2829, #1395 ) ) REPRESENTATION_CONTEXT ( 'NONE', 'WORKASPACE' ) );
#1619 = ORIENTED_EDGE ( 'NONE', *, *, #1911, .F. ) ;
#1620 = EDGE_CURVE ( 'NONE', #836, #1208, #2618, .T. ) ;
#1621 = LINE ( 'NONE', #475, #860 ) ;
#1622 = CARTESIAN_POINT ( 'NONE',  ( -1.200000000000000178, 1.162500000000000089, -0.4349146637981648467 ) ) ;
#1623 = PRESENTATION_LAYER_ASSIGNMENT (  '', '', ( #1209 ) ) ;
#1624 = ORIENTED_EDGE ( 'NONE', *, *, #986, .F. ) ;
#1625 = ADVANCED_FACE ( 'NONE', ( #1199 ), #785, .T. ) ;
#1626 = DIRECTION ( 'NONE',  ( -0.06958737431666467410, -0.06958737431666482676, -0.9951458157835086915 ) ) ;
#1627 = SURFACE_SIDE_STYLE ('',( #3021 ) ) ;
#1628 = ORIENTED_EDGE ( 'NONE', *, *, #2243, .T. ) ;
#1629 = FILL_AREA_STYLE_COLOUR ( '', #1686 ) ;
#1630 = DIRECTION ( 'NONE',  ( 1.000000000000000000, 0.000000000000000000, 0.000000000000000000 ) ) ;
#1631 = DIRECTION ( 'NONE',  ( 0.000000000000000000, 0.000000000000000000, 1.000000000000000000 ) ) ;
#1632 = ORIENTED_EDGE ( 'NONE', *, *, #2581, .T. ) ;
#1633 = VECTOR ( 'NONE', #2619, 1000.000000000000000 ) ;
#1634 = VERTEX_POINT ( 'NONE', #2905 ) ;
#1635 = DIRECTION ( 'NONE',  ( -1.000000000000000000, -2.173699367380192850E-15, -0.000000000000000000 ) ) ;
#1636 =( NAMED_UNIT ( * ) SI_UNIT ( $, .STERADIAN. ) SOLID_ANGLE_UNIT ( ) );
#1637 = LINE ( 'NONE', #947, #2523 ) ;
#1638 = ORIENTED_EDGE ( 'NONE', *, *, #2243, .F. ) ;
#1639 = CARTESIAN_POINT ( 'NONE',  ( -0.6500000000000001332, 1.162500000000000089, -0.07000000000000000666 ) ) ;
#1640 = VECTOR ( 'NONE', #729, 1000.000000000000114 ) ;
#1641 = ADVANCED_FACE ( 'NONE', ( #724, #1679 ), #990, .T. ) ;
#1642 = VERTEX_POINT ( 'NONE', #35 ) ;
#1643 = CARTESIAN_POINT ( 'NONE',  ( 0.9806655614347226102, -0.2124999999999999112, -0.3672187637694955265 ) ) ;
#1644 = CARTESIAN_POINT ( 'NONE',  ( 0.6214357487718105144, 1.381557546258819436, 0.4784878236872062152 ) ) ;
#1645 = ORIENTED_EDGE ( 'NONE', *, *, #742, .F. ) ;
#1646 = PLANE ( 'NONE',  #2084 ) ;
#1647 = CARTESIAN_POINT ( 'NONE',  ( -1.012115130606719537, 1.162500000000000089, -0.4283535795830947235 ) ) ;
#1648 = MECHANICAL_DESIGN_GEOMETRIC_PRESENTATION_REPRESENTATION (  '', ( #250 ), #697 ) ;
#1649 = AXIS2_PLACEMENT_3D ( 'NONE', #2980, #2194, #311 ) ;
#1650 = VERTEX_POINT ( 'NONE', #2390 ) ;
#1651 = LINE ( 'NONE', #2612, #1333 ) ;
#1652 = PRESENTATION_STYLE_ASSIGNMENT (( #1685 ) ) ;
#1653 = VECTOR ( 'NONE', #1716, 1000.000000000000114 ) ;
#1654 = AXIS2_PLACEMENT_3D ( 'NONE', #1612, #874, #2793 ) ;
#1655 = ORIENTED_EDGE ( 'NONE', *, *, #829, .F. ) ;
#1656 = FILL_AREA_STYLE_COLOUR ( '', #2631 ) ;
#1657 = ADVANCED_FACE ( 'NONE', ( #1974 ), #2179, .T. ) ;
#1658 =( NAMED_UNIT ( * ) SI_UNIT ( $, .STERADIAN. ) SOLID_ANGLE_UNIT ( ) );
#1659 = LINE ( 'NONE', #1436, #1595 ) ;
#1660 = MECHANICAL_DESIGN_GEOMETRIC_PRESENTATION_REPRESENTATION (  '', ( #859 ), #811 ) ;
#1661 = VERTEX_POINT ( 'NONE', #1004 ) ;
#1662 = LINE ( 'NONE', #2889, #47 ) ;
#1663 = FACE_OUTER_BOUND ( 'NONE', #1904, .T. ) ;
#1664 = VECTOR ( 'NONE', #2972, 1000.000000000000000 ) ;
#1665 = EDGE_LOOP ( 'NONE', ( #2447, #2251, #2393, #1921 ) ) ;
#1666 = AXIS2_PLACEMENT_3D ( 'NONE', #181, #2800, #2021 ) ;
#1667 = CARTESIAN_POINT ( 'NONE',  ( -0.9165782734028127265, 0.7375000000000000444, -0.3423318069771913996 ) ) ;
#1668 = FILL_AREA_STYLE_COLOUR ( '', #232 ) ;
#1669 = CARTESIAN_POINT ( 'NONE',  ( 0.7826119476864084046, 0.2125000000000001332, -0.3950533839615079090 ) ) ;
#1670 = VERTEX_POINT ( 'NONE', #2439 ) ;
#1671 = PLANE ( 'NONE',  #830 ) ;
#1672 = CARTESIAN_POINT ( 'NONE',  ( -0.7490268068741562368, -1.162499999999999867, -0.1560826899039932103 ) ) ;
#1673 = EDGE_CURVE ( 'NONE', #2923, #836, #2704, .T. ) ;
#1674 = AXIS2_PLACEMENT_3D ( 'NONE', #749, #2384, #2899 ) ;
#1675 = CARTESIAN_POINT ( 'NONE',  ( -0.5065575462588198796, 1.251557546258819320, 0.5250000000000000222 ) ) ;
#1676 = ADVANCED_FACE ( 'NONE', ( #537 ), #1477, .T. ) ;
#1677 = VERTEX_POINT ( 'NONE', #2406 ) ;
#1678 = CARTESIAN_POINT ( 'NONE',  ( -0.6499288228829963598, -1.439298010963615315, 0.07101726198154630076 ) ) ;
#1679 = FACE_OUTER_BOUND ( 'NONE', #1155, .T. ) ;
#1680 = PRESENTATION_LAYER_ASSIGNMENT (  '', '', ( #2937 ) ) ;
#1681 = AXIS2_PLACEMENT_3D ( 'NONE', #1269, #1701, #2200 ) ;
#1682 = ORIENTED_EDGE ( 'NONE', *, *, #2717, .T. ) ;
#1683 = CARTESIAN_POINT ( 'NONE',  ( 0.5715575462588193822, 1.381557546258819213, 0.4749999999999999223 ) ) ;
#1684 = CARTESIAN_POINT ( 'NONE',  ( 0.5715575462588192712, -1.431435748771811012, -0.4784878236872062152 ) ) ;
#1685 = SURFACE_STYLE_USAGE ( .BOTH. , #2662 ) ;
#1686 = COLOUR_RGB ( '',0.9607843137254902244, 0.9607843137254902244, 0.9607843137254902244 ) ;
#1687 = ORIENTED_EDGE ( 'NONE', *, *, #2912, .F. ) ;
#1688 = STYLED_ITEM ( 'NONE', ( #2694 ), #1021 ) ;
#1689 = DIRECTION ( 'NONE',  ( 0.9902680687415708061, 0.000000000000000000, -0.1391731009600618851 ) ) ;
#1690 = MECHANICAL_DESIGN_GEOMETRIC_PRESENTATION_REPRESENTATION (  '', ( #890 ), #1920 ) ;
#1691 = AXIS2_PLACEMENT_3D ( 'NONE', #318, #1463, #2185 ) ;
#1692 = DIRECTION ( 'NONE',  ( 1.000000000000000000, 0.000000000000000000, 0.000000000000000000 ) ) ;
#1693 = LINE ( 'NONE', #2652, #2494 ) ;
#1694 = VECTOR ( 'NONE', #14, 1000.000000000000000 ) ;
#1695 = ORIENTED_EDGE ( 'NONE', *, *, #2209, .T. ) ;
#1696 = FILL_AREA_STYLE_COLOUR ( '', #1555 ) ;
#1697 =( NAMED_UNIT ( * ) SI_UNIT ( $, .STERADIAN. ) SOLID_ANGLE_UNIT ( ) );
#1698 =( GEOMETRIC_REPRESENTATION_CONTEXT ( 3 ) GLOBAL_UNCERTAINTY_ASSIGNED_CONTEXT ( ( #1865 ) ) GLOBAL_UNIT_ASSIGNED_CONTEXT ( ( #2747, #307, #1116 ) ) REPRESENTATION_CONTEXT ( 'NONE', 'WORKASPACE' ) );
#1699 = EDGE_LOOP ( 'NONE', ( #175, #1988, #285, #940 ) ) ;
#1700 = DIRECTION ( 'NONE',  ( 0.000000000000000000, 1.000000000000000000, 0.000000000000000000 ) ) ;
#1701 = DIRECTION ( 'NONE',  ( -3.032592056965571452E-16, 1.000000000000000000, -4.336808689942016158E-15 ) ) ;
#1702 = FACE_OUTER_BOUND ( 'NONE', #1318, .T. ) ;
#1703 = VERTEX_POINT ( 'NONE', #268 ) ;
#1704 =( NAMED_UNIT ( * ) PLANE_ANGLE_UNIT ( ) SI_UNIT ( $, .RADIAN. ) );
#1705 = VECTOR ( 'NONE', #349, 1000.000000000000000 ) ;
#1706 = VECTOR ( 'NONE', #3038, 1000.000000000000114 ) ;
#1707 = CARTESIAN_POINT ( 'NONE',  ( -0.9806655614347226102, -0.7374999999999998224, -0.3672187637694953044 ) ) ;
#1708 = FACE_OUTER_BOUND ( 'NONE', #3063, .T. ) ;
#1709 = ORIENTED_EDGE ( 'NONE', *, *, #2912, .T. ) ;
#1710 = DIRECTION ( 'NONE',  ( -0.1391731009600618851, 0.000000000000000000, -0.9902680687415708061 ) ) ;
#1711 = DIRECTION ( 'NONE',  ( 0.06958737431666482676, -0.06958737431666482676, 0.9951458157835086915 ) ) ;
#1712 = DIRECTION ( 'NONE',  ( -1.000000000000000000, 0.000000000000000000, 1.547916722594555545E-15 ) ) ;
#1713 = STYLED_ITEM ( 'NONE', ( #2422 ), #1676 ) ;
#1714 = ADVANCED_FACE ( 'NONE', ( #1215 ), #2163, .T. ) ;
#1715 = ORIENTED_EDGE ( 'NONE', *, *, #2482, .T. ) ;
#1716 = DIRECTION ( 'NONE',  ( -0.9993908270190956511, -0.000000000000000000, -0.03489949670250162145 ) ) ;
#1717 = LINE ( 'NONE', #728, #390 ) ;
#1718 = CARTESIAN_POINT ( 'NONE',  ( -0.9806655614347226102, -0.7374999999999998224, -0.3672187637694953044 ) ) ;
#1719 = MECHANICAL_DESIGN_GEOMETRIC_PRESENTATION_REPRESENTATION (  '', ( #1413 ), #714 ) ;
#1720 = VECTOR ( 'NONE', #1448, 1000.000000000000114 ) ;
#1721 = MECHANICAL_DESIGN_GEOMETRIC_PRESENTATION_REPRESENTATION (  '', ( #2823 ), #1087 ) ;
#1722 = CIRCLE ( 'NONE', #366, 0.04999999999999991951 ) ;
#1723 = EDGE_CURVE ( 'NONE', #1528, #2669, #2518, .T. ) ;
#1724 = EDGE_LOOP ( 'NONE', ( #48, #524, #2131, #1084 ) ) ;
#1725 =( NAMED_UNIT ( * ) SI_UNIT ( $, .STERADIAN. ) SOLID_ANGLE_UNIT ( ) );
#1726 = PLANE ( 'NONE',  #2443 ) ;
#1727 = CARTESIAN_POINT ( 'NONE',  ( -1.012115130606719537, 1.162500000000000089, -0.4283535795830947235 ) ) ;
#1728 = DIRECTION ( 'NONE',  ( -0.000000000000000000, 1.000000000000000000, -0.000000000000000000 ) ) ;
#1729 = ORIENTED_EDGE ( 'NONE', *, *, #1723, .T. ) ;
#1730 = LINE ( 'NONE', #2421, #2285 ) ;
#1731 = ORIENTED_EDGE ( 'NONE', *, *, #1723, .F. ) ;
#1732 =( NAMED_UNIT ( * ) PLANE_ANGLE_UNIT ( ) SI_UNIT ( $, .RADIAN. ) );
#1733 = LINE ( 'NONE', #2165, #2653 ) ;
#1734 = SURFACE_STYLE_USAGE ( .BOTH. , #1219 ) ;
#1735 = DIRECTION ( 'NONE',  ( -0.06958737431666479900, 0.06958737431666479900, -0.9951458157835084695 ) ) ;
#1736 =( GEOMETRIC_REPRESENTATION_CONTEXT ( 3 ) GLOBAL_UNCERTAINTY_ASSIGNED_CONTEXT ( ( #345 ) ) GLOBAL_UNIT_ASSIGNED_CONTEXT ( ( #3027, #587, #820 ) ) REPRESENTATION_CONTEXT ( 'NONE', 'WORKASPACE' ) );
#1737 = ORIENTED_EDGE ( 'NONE', *, *, #261, .T. ) ;
#1738 = FILL_AREA_STYLE ('',( #2960 ) ) ;
#1739 = LINE ( 'NONE', #2695, #2174 ) ;
#1740 = ADVANCED_FACE ( 'NONE', ( #2953 ), #361, .T. ) ;
#1741 = VECTOR ( 'NONE', #855, 1000.000000000000114 ) ;
#1742 = PRESENTATION_STYLE_ASSIGNMENT (( #781 ) ) ;
#1743 = PRESENTATION_STYLE_ASSIGNMENT (( #1059 ) ) ;
#1744 =( GEOMETRIC_REPRESENTATION_CONTEXT ( 3 ) GLOBAL_UNCERTAINTY_ASSIGNED_CONTEXT ( ( #1788 ) ) GLOBAL_UNIT_ASSIGNED_CONTEXT ( ( #2914, #43, #1725 ) ) REPRESENTATION_CONTEXT ( 'NONE', 'WORKASPACE' ) );
#1745 = EDGE_CURVE ( 'NONE', #155, #2365, #584, .T. ) ;
#1746 = ORIENTED_EDGE ( 'NONE', *, *, #2479, .F. ) ;
#1747 = LINE ( 'NONE', #553, #2805 ) ;
#1748 = ORIENTED_EDGE ( 'NONE', *, *, #532, .T. ) ;
#1749 = CARTESIAN_POINT ( 'NONE',  ( 0.9736856620942222484, 0.2125000000000001332, -0.5670969291733146678 ) ) ;
#1750 = CARTESIAN_POINT ( 'NONE',  ( -0.3765575462588198197, 1.251557546258819320, 0.5149999999999999023 ) ) ;
#1751 = CARTESIAN_POINT ( 'NONE',  ( 0.6499999999999998002, 1.409999999999999920, 0.07000000000000000666 ) ) ;
#1752 = DIRECTION ( 'NONE',  ( 0.9975640502598243087, 0.000000000000000000, -0.06975647374412530244 ) ) ;
#1753 = MECHANICAL_DESIGN_GEOMETRIC_PRESENTATION_REPRESENTATION (  '', ( #600 ), #1182 ) ;
#1754 = VECTOR ( 'NONE', #127, 1000.000000000000114 ) ;
#1755 = ORIENTED_EDGE ( 'NONE', *, *, #1409, .F. ) ;
#1756 =( GEOMETRIC_REPRESENTATION_CONTEXT ( 3 ) GLOBAL_UNCERTAINTY_ASSIGNED_CONTEXT ( ( #2951 ) ) GLOBAL_UNIT_ASSIGNED_CONTEXT ( ( #1937, #1732, #271 ) ) REPRESENTATION_CONTEXT ( 'NONE', 'WORKASPACE' ) );
#1757 = ADVANCED_FACE ( 'NONE', ( #2292 ), #3012, .F. ) ;
#1758 = FACE_OUTER_BOUND ( 'NONE', #1609, .T. ) ;
#1759 = SURFACE_SIDE_STYLE ('',( #1533 ) ) ;
#1760 = ADVANCED_FACE ( 'NONE', ( #615 ), #2527, .F. ) ;
#1761 = EDGE_LOOP ( 'NONE', ( #2637, #772, #613, #617 ) ) ;
#1762 = UNCERTAINTY_MEASURE_WITH_UNIT (LENGTH_MEASURE( 1.000000000000000082E-05 ), #880, 'distance_accuracy_value', 'NONE');
#1763 = DIRECTION ( 'NONE',  ( -1.547916722594556136E-15, -0.000000000000000000, 1.000000000000000000 ) ) ;
#1764 = SURFACE_SIDE_STYLE ('',( #1094 ) ) ;
#1765 = ORIENTED_EDGE ( 'NONE', *, *, #629, .F. ) ;
#1766 = SURFACE_SIDE_STYLE ('',( #3061 ) ) ;
#1767 =( NAMED_UNIT ( * ) PLANE_ANGLE_UNIT ( ) SI_UNIT ( $, .RADIAN. ) );
#1768 = CARTESIAN_POINT ( 'NONE',  ( 0.6181833005657024760, 1.381557546258819213, -0.5250000000000000222 ) ) ;
#1769 = FACE_OUTER_BOUND ( 'NONE', #976, .T. ) ;
#1770 = ORIENTED_EDGE ( 'NONE', *, *, #2827, .T. ) ;
#1771 = MECHANICAL_DESIGN_GEOMETRIC_PRESENTATION_REPRESENTATION (  '', ( #1014 ), #2309 ) ;
#1772 = SURFACE_STYLE_FILL_AREA ( #1738 ) ;
#1773 =( NAMED_UNIT ( * ) SI_UNIT ( $, .STERADIAN. ) SOLID_ANGLE_UNIT ( ) );
#1774 = CARTESIAN_POINT ( 'NONE',  ( -0.6499288228829963598, -1.439298010963615759, -0.07101726198154544034 ) ) ;
#1775 = PLANE ( 'NONE',  #1292 ) ;
#1776 = VECTOR ( 'NONE', #1100, 1000.000000000000114 ) ;
#1777 = ORIENTED_EDGE ( 'NONE', *, *, #1288, .T. ) ;
#1778 = DIRECTION ( 'NONE',  ( -2.168404344971007685E-15, 0.000000000000000000, 1.000000000000000000 ) ) ;
#1779 =( LENGTH_UNIT ( ) NAMED_UNIT ( * ) SI_UNIT ( .MILLI., .METRE. ) );
#1780 = EDGE_CURVE ( 'NONE', #2223, #1949, #1401, .T. ) ;
#1781 = VERTEX_POINT ( 'NONE', #2875 ) ;
#1782 = DIRECTION ( 'NONE',  ( 0.9975640502598243087, 0.000000000000000000, 0.06975647374412546897 ) ) ;
#1783 = CARTESIAN_POINT ( 'NONE',  ( 0.6499999999999998002, -1.460000000000000187, 0.07000000000000000666 ) ) ;
#1784 = ORIENTED_EDGE ( 'NONE', *, *, #2216, .T. ) ;
#1785 = DIRECTION ( 'NONE',  ( -0.03489949670250162839, 0.000000000000000000, 0.9993908270190957621 ) ) ;
#1786 = DIRECTION ( 'NONE',  ( -0.9993908270190956511, 0.000000000000000000, -0.03489949670250223901 ) ) ;
#1787 = CARTESIAN_POINT ( 'NONE',  ( -1.012115130606719537, 0.7375000000000000444, -0.4283535795830947235 ) ) ;
#1788 = UNCERTAINTY_MEASURE_WITH_UNIT (LENGTH_MEASURE( 1.000000000000000082E-05 ), #2914, 'distance_accuracy_value', 'NONE');
#1789 = STYLED_ITEM ( 'NONE', ( #1900 ), #933 ) ;
#1790 = VERTEX_POINT ( 'NONE', #2707 ) ;
#1791 = CIRCLE ( 'NONE', #2169, 0.05000000000000002359 ) ;
#1792 = DIRECTION ( 'NONE',  ( 1.000000000000000000, 0.000000000000000000, 0.000000000000000000 ) ) ;
#1793 = PRODUCT_RELATED_PRODUCT_CATEGORY ( 'part', '', ( #1131 ) ) ;
#1794 = CARTESIAN_POINT ( 'NONE',  ( 0.000000000000000000, -1.381557546258819658, 0.4749999999999999223 ) ) ;
#1795 = VERTEX_POINT ( 'NONE', #316 ) ;
#1796 = EDGE_CURVE ( 'NONE', #3082, #1677, #2394, .T. ) ;
#1797 = FACE_OUTER_BOUND ( 'NONE', #1884, .T. ) ;
#1798 = CARTESIAN_POINT ( 'NONE',  ( -0.7826119476864084046, 1.162500000000000089, -0.3950533839615076870 ) ) ;
#1799 = ORIENTED_EDGE ( 'NONE', *, *, #668, .T. ) ;
#1800 = SURFACE_STYLE_USAGE ( .BOTH. , #2550 ) ;
#1801 = CARTESIAN_POINT ( 'NONE',  ( 0.7826119476864084046, 0.2125000000000001332, -0.3950533839615079090 ) ) ;
#1802 = VECTOR ( 'NONE', #2100, 1000.000000000000227 ) ;
#1803 = SPHERICAL_SURFACE ( 'NONE', #1176, 0.05000000000000000278 ) ;
#1804 =( NAMED_UNIT ( * ) SI_UNIT ( $, .STERADIAN. ) SOLID_ANGLE_UNIT ( ) );
#1805 =( NAMED_UNIT ( * ) SI_UNIT ( $, .STERADIAN. ) SOLID_ANGLE_UNIT ( ) );
#1806 = AXIS2_PLACEMENT_3D ( 'NONE', #1347, #1635, #932 ) ;
#1807 = EDGE_LOOP ( 'NONE', ( #520, #1628, #1107 ) ) ;
#1808 = CARTESIAN_POINT ( 'NONE',  ( -0.6500000000000001332, -1.460000000000000187, 0.07000000000000000666 ) ) ;
#1809 = DIRECTION ( 'NONE',  ( 0.000000000000000000, 0.000000000000000000, 1.000000000000000000 ) ) ;
#1810 = AXIS2_PLACEMENT_3D ( 'NONE', #1683, #773, #1006 ) ;
#1811 = ORIENTED_EDGE ( 'NONE', *, *, #681, .F. ) ;
#1812 = DIRECTION ( 'NONE',  ( -0.000000000000000000, -1.000000000000000000, -0.000000000000000000 ) ) ;
#1813 = LINE ( 'NONE', #2532, #2623 ) ;
#1814 = UNCERTAINTY_MEASURE_WITH_UNIT (LENGTH_MEASURE( 1.000000000000000082E-05 ), #1044, 'distance_accuracy_value', 'NONE');
#1815 = ADVANCED_FACE ( 'NONE', ( #2893 ), #962, .T. ) ;
#1816 = ORIENTED_EDGE ( 'NONE', *, *, #407, .T. ) ;
#1817 = PRESENTATION_STYLE_ASSIGNMENT (( #1593 ) ) ;
#1818 = LINE ( 'NONE', #1367, #2252 ) ;
#1819 = EDGE_CURVE ( 'NONE', #1179, #1592, #2426, .T. ) ;
#1820 = AXIS2_PLACEMENT_3D ( 'NONE', #1794, #2782, #2229 ) ;
#1821 = DIRECTION ( 'NONE',  ( 0.000000000000000000, 0.9975640502598241977, 0.06975647374412545509 ) ) ;
#1822 = CYLINDRICAL_SURFACE ( 'NONE', #367, 0.09999999999999950595 ) ;
#1823 = AXIS2_PLACEMENT_3D ( 'NONE', #2579, #679, #208 ) ;
#1824 = CIRCLE ( 'NONE', #362, 0.04999999999999991951 ) ;
#1825 = COLOUR_RGB ( '',0.8039215686274510109, 0.8039215686274510109, 0.8039215686274510109 ) ;
#1826 = VERTEX_POINT ( 'NONE', #992 ) ;
#1827 = DIRECTION ( 'NONE',  ( 1.000000000000000000, 0.000000000000000000, -0.000000000000000000 ) ) ;
#1828 = FILL_AREA_STYLE_COLOUR ( '', #1206 ) ;
#1829 = AXIS2_PLACEMENT_3D ( 'NONE', #1887, #1631, #439 ) ;
#1830 = ORIENTED_EDGE ( 'NONE', *, *, #2479, .T. ) ;
#1831 = CARTESIAN_POINT ( 'NONE',  ( -0.6500000000000001332, -1.460000000000000187, 0.07000000000000000666 ) ) ;
#1832 = DIRECTION ( 'NONE',  ( 1.000000000000000000, -0.000000000000000000, -0.000000000000000000 ) ) ;
#1833 = DIRECTION ( 'NONE',  ( -0.06958737431666479900, 0.06958737431666479900, 0.9951458157835084695 ) ) ;
#1834 = VECTOR ( 'NONE', #1193, 1000.000000000000000 ) ;
#1835 = ORIENTED_EDGE ( 'NONE', *, *, #1911, .T. ) ;
#1836 = PLANE ( 'NONE',  #3089 ) ;
#1837 = FILL_AREA_STYLE ('',( #2551 ) ) ;
#1838 = VERTEX_POINT ( 'NONE', #1024 ) ;
#1839 = CARTESIAN_POINT ( 'NONE',  ( -1.012115130606719537, 1.162500000000000089, -0.4283535795830947235 ) ) ;
#1840 = CARTESIAN_POINT ( 'NONE',  ( 0.6499288228829956937, 1.439298010963615315, 0.07101726198154707792 ) ) ;
#1841 = FILL_AREA_STYLE ('',( #627 ) ) ;
#1842 = CARTESIAN_POINT ( 'NONE',  ( -0.7826119476864084046, 1.162500000000000089, -0.3950533839615076870 ) ) ;
#1843 = EDGE_CURVE ( 'NONE', #868, #1313, #1235, .T. ) ;
#1844 = DIRECTION ( 'NONE',  ( -0.9975640502598243087, 0.000000000000000000, 0.06975647374412530244 ) ) ;
#1845 = EDGE_CURVE ( 'NONE', #2476, #2071, #286, .T. ) ;
#1846 = AXIS2_PLACEMENT_3D ( 'NONE', #2689, #1255, #573 ) ;
#1847 = STYLED_ITEM ( 'NONE', ( #807 ), #983 ) ;
#1848 = ORIENTED_EDGE ( 'NONE', *, *, #2663, .T. ) ;
#1849 = DIRECTION ( 'NONE',  ( -0.000000000000000000, -1.000000000000000000, -0.000000000000000000 ) ) ;
#1850 = SURFACE_SIDE_STYLE ('',( #2770 ) ) ;
#1851 = CARTESIAN_POINT ( 'NONE',  ( -0.6003633278277477059, 1.460241530340738558, -0.06654595520622470783 ) ) ;
#1852 = MECHANICAL_DESIGN_GEOMETRIC_PRESENTATION_REPRESENTATION (  '', ( #2378 ), #2226 ) ;
#1853 = EDGE_LOOP ( 'NONE', ( #1583, #1997, #1478 ) ) ;
#1854 = DIRECTION ( 'NONE',  ( 0.9993908270190956511, 0.000000000000000000, 0.03489949670250162145 ) ) ;
#1855 = SURFACE_STYLE_FILL_AREA ( #888 ) ;
#1856 = ORIENTED_EDGE ( 'NONE', *, *, #2886, .F. ) ;
#1857 = DIRECTION ( 'NONE',  ( 2.168404344971012812E-15, 1.000000000000000000, 2.168404344971012812E-15 ) ) ;
#1858 = SURFACE_STYLE_USAGE ( .BOTH. , #895 ) ;
#1859 = CIRCLE ( 'NONE', #3002, 0.1999999997038205135 ) ;
#1860 = EDGE_CURVE ( 'NONE', #304, #1781, #1253, .T. ) ;
#1861 = CARTESIAN_POINT ( 'NONE',  ( 0.000000000000000000, 1.381557546258819213, -0.4749999999999999223 ) ) ;
#1862 = EDGE_CURVE ( 'NONE', #972, #868, #2410, .T. ) ;
#1863 = ORIENTED_EDGE ( 'NONE', *, *, #356, .F. ) ;
#1864 = CARTESIAN_POINT ( 'NONE',  ( -0.6499288228829964709, 1.439298010963615093, -0.07101726198154541259 ) ) ;
#1865 = UNCERTAINTY_MEASURE_WITH_UNIT (LENGTH_MEASURE( 1.000000000000000082E-05 ), #2747, 'distance_accuracy_value', 'NONE');
#1866 = PRESENTATION_STYLE_ASSIGNMENT (( #2118 ) ) ;
#1867 = ORIENTED_EDGE ( 'NONE', *, *, #2216, .F. ) ;
#1868 = CARTESIAN_POINT ( 'NONE',  ( 0.5715575462588192712, 1.381557546258819436, -0.4749999999999999223 ) ) ;
#1869 = ORIENTED_EDGE ( 'NONE', *, *, #1745, .T. ) ;
#1870 = LINE ( 'NONE', #596, #1741 ) ;
#1871 = CYLINDRICAL_SURFACE ( 'NONE', #3013, 0.1999999997038205135 ) ;
#1872 = ADVANCED_BREP_SHAPE_REPRESENTATION ( 'PEC3324C2A-AU', ( #2920, #1899, #929, #926, #916, #1829 ), #2108 ) ;
#1873 = CYLINDRICAL_SURFACE ( 'NONE', #1558, 0.05000000000000002359 ) ;
#1874 = STYLED_ITEM ( 'NONE', ( #184 ), #2526 ) ;
#1875 = PRESENTATION_LAYER_ASSIGNMENT (  '', '', ( #2823 ) ) ;
#1876 = VECTOR ( 'NONE', #2988, 1000.000000000000000 ) ;
#1877 = ORIENTED_EDGE ( 'NONE', *, *, #2595, .T. ) ;
#1878 = DIRECTION ( 'NONE',  ( -0.000000000000000000, 1.000000000000000000, -0.000000000000000000 ) ) ;
#1879 = EDGE_CURVE ( 'NONE', #972, #2178, #1950, .T. ) ;
#1880 = EDGE_CURVE ( 'NONE', #1508, #743, #2644, .T. ) ;
#1881 = ORIENTED_EDGE ( 'NONE', *, *, #551, .F. ) ;
#1882 = DIRECTION ( 'NONE',  ( 0.000000000000000000, 0.000000000000000000, 1.000000000000000000 ) ) ;
#1883 = CARTESIAN_POINT ( 'NONE',  ( 0.6499288228829956937, -1.439298010963615759, -0.07101726198154832692 ) ) ;
#1884 = EDGE_LOOP ( 'NONE', ( #1402, #67, #2859, #1046, #1863, #2146, #1063, #650 ) ) ;
#1885 = CARTESIAN_POINT ( 'NONE',  ( -0.5715575462588198263, -1.381557546258819658, 0.5250000000000000222 ) ) ;
#1886 = CARTESIAN_POINT ( 'NONE',  ( 0.6292980109636151509, 1.459928822882995858, 0.07101726198154707792 ) ) ;
#1887 = CARTESIAN_POINT ( 'NONE',  ( 0.000000000000000000, 0.000000000000000000, 0.000000000000000000 ) ) ;
#1888 = DIRECTION ( 'NONE',  ( 0.000000000000000000, -1.000000000000000000, -0.000000000000000000 ) ) ;
#1889 = PLANE ( 'NONE',  #389 ) ;
#1890 = AXIS2_PLACEMENT_3D ( 'NONE', #204, #1888, #1178 ) ;
#1891 = ORIENTED_EDGE ( 'NONE', *, *, #2341, .T. ) ;
#1892 = FILL_AREA_STYLE ('',( #2074 ) ) ;
#1893 =( GEOMETRIC_REPRESENTATION_CONTEXT ( 3 ) GLOBAL_UNCERTAINTY_ASSIGNED_CONTEXT ( ( #95 ) ) GLOBAL_UNIT_ASSIGNED_CONTEXT ( ( #2249, #884, #2264 ) ) REPRESENTATION_CONTEXT ( 'NONE', 'WORKASPACE' ) );
#1894 = VERTEX_POINT ( 'NONE', #2674 ) ;
#1895 = CARTESIAN_POINT ( 'NONE',  ( -0.6500000000000001332, 1.459999999999999742, -0.07000000000000000666 ) ) ;
#1896 = PRESENTATION_LAYER_ASSIGNMENT (  '', '', ( #1688 ) ) ;
#1897 = EDGE_CURVE ( 'NONE', #1334, #1247, #495, .T. ) ;
#1898 = ORIENTED_EDGE ( 'NONE', *, *, #851, .T. ) ;
#1899 = MANIFOLD_SOLID_BREP ( 'Cut-Extrude1', #2596 ) ;
#1900 = PRESENTATION_STYLE_ASSIGNMENT (( #3101 ) ) ;
#1901 = CARTESIAN_POINT ( 'NONE',  ( -0.6500000000000001332, 1.459999999999999742, 0.07000000000000000666 ) ) ;
#1902 = CARTESIAN_POINT ( 'NONE',  ( 0.5715575462588192712, 1.431435748771810568, -0.4784878236872062152 ) ) ;
#1903 = VECTOR ( 'NONE', #34, 1000.000000000000000 ) ;
#1904 = EDGE_LOOP ( 'NONE', ( #2514, #659, #241, #1520 ) ) ;
#1905 = FACE_OUTER_BOUND ( 'NONE', #1699, .T. ) ;
#1906 = CYLINDRICAL_SURFACE ( 'NONE', #1965, 0.06500000000000000222 ) ;
#1907 = VERTEX_POINT ( 'NONE', #787 ) ;
#1908 = SURFACE_SIDE_STYLE ('',( #2794 ) ) ;
#1909 =( LENGTH_UNIT ( ) NAMED_UNIT ( * ) SI_UNIT ( .MILLI., .METRE. ) );
#1910 = DIRECTION ( 'NONE',  ( 0.000000000000000000, 1.000000000000000000, 0.000000000000000000 ) ) ;
#1911 = EDGE_CURVE ( 'NONE', #917, #400, #1444, .T. ) ;
#1912 = ORIENTED_EDGE ( 'NONE', *, *, #2815, .T. ) ;
#1913 = CARTESIAN_POINT ( 'NONE',  ( -0.6499999999999998002, -0.7374999999999998224, 0.07000000000000010381 ) ) ;
#1914 = ADVANCED_FACE ( 'NONE', ( #1390 ), #1873, .T. ) ;
#1915 = ADVANCED_FACE ( 'NONE', ( #1373 ), #2722, .F. ) ;
#1916 = PLANE ( 'NONE',  #1120 ) ;
#1917 = AXIS2_PLACEMENT_3D ( 'NONE', #2916, #1473, #2191 ) ;
#1918 = VERTEX_POINT ( 'NONE', #2070 ) ;
#1919 = DIRECTION ( 'NONE',  ( -0.000000000000000000, -1.000000000000000000, -0.000000000000000000 ) ) ;
#1920 =( GEOMETRIC_REPRESENTATION_CONTEXT ( 3 ) GLOBAL_UNCERTAINTY_ASSIGNED_CONTEXT ( ( #816 ) ) GLOBAL_UNIT_ASSIGNED_CONTEXT ( ( #2059, #2233, #351 ) ) REPRESENTATION_CONTEXT ( 'NONE', 'WORKASPACE' ) );
#1921 = ORIENTED_EDGE ( 'NONE', *, *, #896, .T. ) ;
#1922 = DIRECTION ( 'NONE',  ( -0.9993908270190956511, 0.000000000000000000, 0.03489949670250205860 ) ) ;
#1923 = VERTEX_POINT ( 'NONE', #1545 ) ;
#1924 = ADVANCED_FACE ( 'NONE', ( #331 ), #1341, .F. ) ;
#1925 = FACE_OUTER_BOUND ( 'NONE', #100, .T. ) ;
#1926 = SURFACE_STYLE_FILL_AREA ( #1420 ) ;
#1927 = ADVANCED_FACE ( 'NONE', ( #647 ), #174, .T. ) ;
#1928 = LINE ( 'NONE', #2949, #577 ) ;
#1929 = CARTESIAN_POINT ( 'NONE',  ( -0.6500000000000001332, 1.459999999999999742, 0.07000000000000000666 ) ) ;
#1930 = EDGE_CURVE ( 'NONE', #1634, #1670, #1615, .T. ) ;
#1931 = EDGE_CURVE ( 'NONE', #38, #3018, #2984, .T. ) ;
#1932 = ORIENTED_EDGE ( 'NONE', *, *, #509, .T. ) ;
#1933 = PLANE ( 'NONE',  #2902 ) ;
#1934 = SURFACE_STYLE_FILL_AREA ( #2148 ) ;
#1935 = AXIS2_PLACEMENT_3D ( 'NONE', #2368, #262, #2159 ) ;
#1936 = ORIENTED_EDGE ( 'NONE', *, *, #531, .F. ) ;
#1937 =( LENGTH_UNIT ( ) NAMED_UNIT ( * ) SI_UNIT ( .MILLI., .METRE. ) );
#1938 =( NAMED_UNIT ( * ) PLANE_ANGLE_UNIT ( ) SI_UNIT ( $, .RADIAN. ) );
#1939 = CYLINDRICAL_SURFACE ( 'NONE', #585, 0.09999999999999993616 ) ;
#1940 = EDGE_LOOP ( 'NONE', ( #2790, #1468, #608, #2647 ) ) ;
#1941 = AXIS2_PLACEMENT_3D ( 'NONE', #1868, #1626, #1417 ) ;
#1942 = SURFACE_SIDE_STYLE ('',( #1470 ) ) ;
#1943 = EDGE_CURVE ( 'NONE', #2597, #931, #984, .T. ) ;
#1944 = ORIENTED_EDGE ( 'NONE', *, *, #742, .T. ) ;
#1945 = CARTESIAN_POINT ( 'NONE',  ( -0.6000000000000001998, -1.460000000000000187, 0.07000000000000000666 ) ) ;
#1946 = DIRECTION ( 'NONE',  ( -0.000000000000000000, -1.000000000000000000, -0.000000000000000000 ) ) ;
#1947 = SURFACE_STYLE_FILL_AREA ( #2041 ) ;
#1948 = EDGE_CURVE ( 'NONE', #1334, #1030, #957, .T. ) ;
#1949 = VERTEX_POINT ( 'NONE', #1644 ) ;
#1950 = LINE ( 'NONE', #2688, #2044 ) ;
#1951 = LINE ( 'NONE', #1768, #31 ) ;
#1952 = LINE ( 'NONE', #557, #2918 ) ;
#1953 = EDGE_LOOP ( 'NONE', ( #1784, #2706, #405, #187 ) ) ;
#1954 = DIRECTION ( 'NONE',  ( 0.9993908270190956511, -0.000000000000000000, 0.03489949670250223901 ) ) ;
#1955 = SURFACE_SIDE_STYLE ('',( #1926 ) ) ;
#1956 = COLOUR_RGB ( '',0.8039215686274510109, 0.8039215686274510109, 0.8039215686274510109 ) ;
#1957 = CARTESIAN_POINT ( 'NONE',  ( -0.6500000000000001332, -1.410121797487009054, -0.07000000000000000666 ) ) ;
#1958 = VERTEX_POINT ( 'NONE', #930 ) ;
#1959 = DIRECTION ( 'NONE',  ( -0.000000000000000000, 1.000000000000000000, -0.000000000000000000 ) ) ;
#1960 = SURFACE_STYLE_USAGE ( .BOTH. , #2199 ) ;
#1961 = DIRECTION ( 'NONE',  ( 1.000000000000000000, 0.000000000000000000, -0.000000000000000000 ) ) ;
#1962 = EDGE_CURVE ( 'NONE', #2237, #1703, #2114, .T. ) ;
#1963 = LINE ( 'NONE', #1481, #737 ) ;
#1964 = DIRECTION ( 'NONE',  ( -1.000000000000000000, 0.000000000000000000, 0.000000000000000000 ) ) ;
#1965 = AXIS2_PLACEMENT_3D ( 'NONE', #689, #2627, #446 ) ;
#1966 = PRESENTATION_LAYER_ASSIGNMENT (  '', '', ( #217 ) ) ;
#1967 = ORIENTED_EDGE ( 'NONE', *, *, #607, .T. ) ;
#1968 = DIRECTION ( 'NONE',  ( -0.000000000000000000, 1.000000000000000000, -0.000000000000000000 ) ) ;
#1969 = FILL_AREA_STYLE ('',( #1032 ) ) ;
#1970 = FILL_AREA_STYLE ('',( #1016 ) ) ;
#1971 = AXIS2_PLACEMENT_3D ( 'NONE', #2367, #2112, #942 ) ;
#1972 = ORIENTED_EDGE ( 'NONE', *, *, #1584, .F. ) ;
#1973 = CARTESIAN_POINT ( 'NONE',  ( 0.6361017145610187162, 1.396223512048026860, 0.2687547416033868597 ) ) ;
#1974 = FACE_OUTER_BOUND ( 'NONE', #997, .T. ) ;
#1975 = VERTEX_POINT ( 'NONE', #218 ) ;
#1976 = FACE_OUTER_BOUND ( 'NONE', #2298, .T. ) ;
#1977 = FACE_OUTER_BOUND ( 'NONE', #2380, .T. ) ;
#1978 = DIRECTION ( 'NONE',  ( -0.000000000000000000, -1.000000000000000000, -0.000000000000000000 ) ) ;
#1979 = ADVANCED_FACE ( 'NONE', ( #503 ), #1916, .F. ) ;
#1980 = ORIENTED_EDGE ( 'NONE', *, *, #1543, .F. ) ;
#1981 = FILL_AREA_STYLE ('',( #2947 ) ) ;
#1982 = CIRCLE ( 'NONE', #886, 0.06500000000000000222 ) ;
#1983 = COLOUR_RGB ( '',0.8039215686274510109, 0.8039215686274510109, 0.8039215686274510109 ) ;
#1984 = CARTESIAN_POINT ( 'NONE',  ( 0.6499999999999998002, -0.2124999999999999112, -0.07000000000000000666 ) ) ;
#1985 = ORIENTED_EDGE ( 'NONE', *, *, #851, .F. ) ;
#1986 = CARTESIAN_POINT ( 'NONE',  ( 0.6499999999999998002, 0.2125000000000001332, -0.1699999999999995126 ) ) ;
#1987 = CIRCLE ( 'NONE', #2383, 0.05000000000000002359 ) ;
#1988 = ORIENTED_EDGE ( 'NONE', *, *, #1228, .F. ) ;
#1989 = FILL_AREA_STYLE_COLOUR ( '', #2087 ) ;
#1990 = SURFACE_STYLE_FILL_AREA ( #2530 ) ;
#1991 = CARTESIAN_POINT ( 'NONE',  ( -0.6292980109636158170, 1.459928822882996080, 0.07101726198154473257 ) ) ;
#1992 = LINE ( 'NONE', #333, #1416 ) ;
#1993 =( GEOMETRIC_REPRESENTATION_CONTEXT ( 3 ) GLOBAL_UNCERTAINTY_ASSIGNED_CONTEXT ( ( #2509 ) ) GLOBAL_UNIT_ASSIGNED_CONTEXT ( ( #2019, #1767, #588 ) ) REPRESENTATION_CONTEXT ( 'NONE', 'WORKASPACE' ) );
#1994 = CIRCLE ( 'NONE', #654, 0.09999999999999950595 ) ;
#1995 = ORIENTED_EDGE ( 'NONE', *, *, #2125, .F. ) ;
#1996 = CARTESIAN_POINT ( 'NONE',  ( -1.200000000000000178, -0.7374999999999998224, -0.4349146637981648467 ) ) ;
#1997 = ORIENTED_EDGE ( 'NONE', *, *, #1075, .T. ) ;
#1998 = SURFACE_SIDE_STYLE ('',( #2933 ) ) ;
#1999 =( LENGTH_UNIT ( ) NAMED_UNIT ( * ) SI_UNIT ( .MILLI., .METRE. ) );
#2000 = ADVANCED_FACE ( 'NONE', ( #2099 ), #2604, .T. ) ;
#2001 = CIRCLE ( 'NONE', #1246, 0.04999999999999991257 ) ;
#2002 = VERTEX_POINT ( 'NONE', #1675 ) ;
#2003 = UNCERTAINTY_MEASURE_WITH_UNIT (LENGTH_MEASURE( 1.000000000000000082E-05 ), #2455, 'distance_accuracy_value', 'NONE');
#2004 = DIRECTION ( 'NONE',  ( 0.000000000000000000, 0.000000000000000000, -1.000000000000000000 ) ) ;
#2005 = ORIENTED_EDGE ( 'NONE', *, *, #2642, .F. ) ;
#2006 = CARTESIAN_POINT ( 'NONE',  ( -0.8824073209654356154, 0.7375000000000000444, -0.09919284661924154811 ) ) ;
#2007 =( BOUNDED_CURVE ( )  B_SPLINE_CURVE ( 3, ( #2697, #92, #1774, #1957 ),
 .UNSPECIFIED., .F., .F. ) 
 B_SPLINE_CURVE_WITH_KNOTS ( ( 4, 4 ),
 ( 5.500221614255710989, 7.066149000103461475 ),
 .UNSPECIFIED. ) 
 CURVE ( )  GEOMETRIC_REPRESENTATION_ITEM ( )  RATIONAL_B_SPLINE_CURVE ( ( 1.000000000000000000, 0.8058840764544662472, 0.8058840764544662472, 1.000000000000000000 ) ) 
 REPRESENTATION_ITEM ( '' )  );
#2008 = ORIENTED_EDGE ( 'NONE', *, *, #1543, .T. ) ;
#2009 = MECHANICAL_DESIGN_GEOMETRIC_PRESENTATION_REPRESENTATION (  '', ( #1517 ), #455 ) ;
#2010 = MECHANICAL_DESIGN_GEOMETRIC_PRESENTATION_REPRESENTATION (  '', ( #1874 ), #2869 ) ;
#2011 = DIRECTION ( 'NONE',  ( 0.06975647374412545509, 0.000000000000000000, 0.9975640502598241977 ) ) ;
#2012 = DIRECTION ( 'NONE',  ( 0.000000000000000000, 0.000000000000000000, 1.000000000000000000 ) ) ;
#2013 = COLOUR_RGB ( '',0.8039215686274510109, 0.8039215686274510109, 0.8039215686274510109 ) ;
#2014 = LINE ( 'NONE', #325, #2205 ) ;
#2015 = ORIENTED_EDGE ( 'NONE', *, *, #1075, .F. ) ;
#2016 = SURFACE_SIDE_STYLE ('',( #1065 ) ) ;
#2017 = EDGE_CURVE ( 'NONE', #1650, #544, #2, .T. ) ;
#2018 = ORIENTED_EDGE ( 'NONE', *, *, #2176, .F. ) ;
#2019 =( LENGTH_UNIT ( ) NAMED_UNIT ( * ) SI_UNIT ( .MILLI., .METRE. ) );
#2020 = CARTESIAN_POINT ( 'NONE',  ( -0.6843537075104185741, 1.162500000000000089, -0.1270274667700337368 ) ) ;
#2021 = DIRECTION ( 'NONE',  ( 0.000000000000000000, 0.06975647374412545509, 0.9975640502598241977 ) ) ;
#2022 = ORIENTED_EDGE ( 'NONE', *, *, #2620, .F. ) ;
#2023 = DIRECTION ( 'NONE',  ( 1.000000000000000000, 4.336808689942015369E-15, 0.000000000000000000 ) ) ;
#2024 = DIRECTION ( 'NONE',  ( -3.097720492815723123E-15, -0.000000000000000000, -1.000000000000000000 ) ) ;
#2025 = CIRCLE ( 'NONE', #684, 0.09999999999999939493 ) ;
#2026 = DIRECTION ( 'NONE',  ( -0.000000000000000000, -1.000000000000000000, -0.000000000000000000 ) ) ;
#2027 =( NAMED_UNIT ( * ) SI_UNIT ( $, .STERADIAN. ) SOLID_ANGLE_UNIT ( ) );
#2028 = UNCERTAINTY_MEASURE_WITH_UNIT (LENGTH_MEASURE( 1.000000000000000082E-05 ), #401, 'distance_accuracy_value', 'NONE');
#2029 = CIRCLE ( 'NONE', #1536, 0.2000000000000000389 ) ;
#2030 = DIRECTION ( 'NONE',  ( -0.000000000000000000, -1.000000000000000000, -0.000000000000000000 ) ) ;
#2031 = ADVANCED_FACE ( 'NONE', ( #1211 ), #1163, .T. ) ;
#2032 = ORIENTED_EDGE ( 'NONE', *, *, #2203, .T. ) ;
#2033 = DIRECTION ( 'NONE',  ( 1.000000000000000000, 0.000000000000000000, 0.000000000000000000 ) ) ;
#2034 = PLANE ( 'NONE',  #2464 ) ;
#2035 = EDGE_CURVE ( 'NONE', #2484, #887, #476, .T. ) ;
#2036 = ORIENTED_EDGE ( 'NONE', *, *, #415, .F. ) ;
#2037 = CARTESIAN_POINT ( 'NONE',  ( 0.7826119476864084046, 0.2125000000000001332, -0.3950533839615079645 ) ) ;
#2038 = PRESENTATION_LAYER_ASSIGNMENT (  '', '', ( #686 ) ) ;
#2039 = PRESENTATION_LAYER_ASSIGNMENT (  '', '', ( #600 ) ) ;
#2040 = CARTESIAN_POINT ( 'NONE',  ( 1.200000000000000178, 0.2125000000000001332, -0.4349146637981650687 ) ) ;
#2041 = FILL_AREA_STYLE ('',( #2507 ) ) ;
#2042 = AXIS2_PLACEMENT_3D ( 'NONE', #1051, #821, #2739 ) ;
#2043 = PRESENTATION_STYLE_ASSIGNMENT (( #2474 ) ) ;
#2044 = VECTOR ( 'NONE', #977, 1000.000000000000000 ) ;
#2045 = ORIENTED_EDGE ( 'NONE', *, *, #3017, .F. ) ;
#2046 = DIRECTION ( 'NONE',  ( -0.000000000000000000, -1.000000000000000000, -0.000000000000000000 ) ) ;
#2047 = UNCERTAINTY_MEASURE_WITH_UNIT (LENGTH_MEASURE( 1.000000000000000082E-05 ), #2167, 'distance_accuracy_value', 'NONE');
#2048 = EDGE_CURVE ( 'NONE', #1078, #2903, #2061, .T. ) ;
#2049 = DIRECTION ( 'NONE',  ( -1.547916722594555545E-15, 0.000000000000000000, -1.000000000000000000 ) ) ;
#2050 = UNCERTAINTY_MEASURE_WITH_UNIT (LENGTH_MEASURE( 1.000000000000000082E-05 ), #424, 'distance_accuracy_value', 'NONE');
#2051 = DIRECTION ( 'NONE',  ( 0.9993908270190956511, -0.000000000000000000, 0.03489949670250223901 ) ) ;
#2052 = CARTESIAN_POINT ( 'NONE',  ( 0.5715575462588193822, 1.381557546258819213, 0.5250000000000000222 ) ) ;
#2053 = DIRECTION ( 'NONE',  ( 1.000000000000000000, -0.000000000000000000, 1.547916722594556136E-15 ) ) ;
#2054 = CIRCLE ( 'NONE', #2355, 0.1999999997038205135 ) ;
#2055 = VECTOR ( 'NONE', #1270, 1000.000000000000000 ) ;
#2056 = DIRECTION ( 'NONE',  ( 1.547916722594556136E-15, 0.000000000000000000, -1.000000000000000000 ) ) ;
#2057 = COLOUR_RGB ( '',0.2862745098039215508, 0.2862745098039215508, 0.2862745098039215508 ) ;
#2058 = VERTEX_POINT ( 'NONE', #1902 ) ;
#2059 =( LENGTH_UNIT ( ) NAMED_UNIT ( * ) SI_UNIT ( .MILLI., .METRE. ) );
#2060 = CARTESIAN_POINT ( 'NONE',  ( -0.5715575462588197153, 1.381557546258819436, -0.4749999999999999223 ) ) ;
#2061 = CIRCLE ( 'NONE', #1674, 0.04999999999999991257 ) ;
#2062 = ORIENTED_EDGE ( 'NONE', *, *, #936, .F. ) ;
#2063 = CARTESIAN_POINT ( 'NONE',  ( 0.6499999999999998002, -1.410000000000000142, -0.07000000000000000666 ) ) ;
#2064 =( NAMED_UNIT ( * ) PLANE_ANGLE_UNIT ( ) SI_UNIT ( $, .RADIAN. ) );
#2065 = EDGE_CURVE ( 'NONE', #2549, #2797, #2853, .T. ) ;
#2066 = ORIENTED_EDGE ( 'NONE', *, *, #1897, .T. ) ;
#2067 = PRESENTATION_STYLE_ASSIGNMENT (( #873 ) ) ;
#2068 = CARTESIAN_POINT ( 'NONE',  ( 1.199999999999999956, -0.2124999999999999112, -0.5750000000000000666 ) ) ;
#2069 = APPLICATION_PROTOCOL_DEFINITION ( 'draft international standard', 'automotive_design', 1998, #1132 ) ;
#2070 = CARTESIAN_POINT ( 'NONE',  ( -1.200000000000000178, -1.162499999999999867, -0.4349146637981648467 ) ) ;
#2071 = VERTEX_POINT ( 'NONE', #13 ) ;
#2072 = CARTESIAN_POINT ( 'NONE',  ( -0.7826119476864084046, 0.7375000000000000444, -0.3950533839615076870 ) ) ;
#2073 = VERTEX_POINT ( 'NONE', #971 ) ;
#2074 = FILL_AREA_STYLE_COLOUR ( '', #154 ) ;
#2075 =( NAMED_UNIT ( * ) PLANE_ANGLE_UNIT ( ) SI_UNIT ( $, .RADIAN. ) );
#2076 = LINE ( 'NONE', #1591, #1110 ) ;
#2077 = VECTOR ( 'NONE', #1399, 1000.000000000000114 ) ;
#2078 = VECTOR ( 'NONE', #2024, 1000.000000000000000 ) ;
#2079 = CARTESIAN_POINT ( 'NONE',  ( -0.5715575462588198263, 1.381557546258819213, 0.5250000000000000222 ) ) ;
#2080 = MECHANICAL_DESIGN_GEOMETRIC_PRESENTATION_REPRESENTATION (  '', ( #2650 ), #1698 ) ;
#2081 = EDGE_LOOP ( 'NONE', ( #126, #1284 ) ) ;
#2082 = AXIS2_PLACEMENT_3D ( 'NONE', #541, #2395, #2860 ) ;
#2083 = EDGE_CURVE ( 'NONE', #1703, #988, #1928, .T. ) ;
#2084 = AXIS2_PLACEMENT_3D ( 'NONE', #460, #1151, #918 ) ;
#2085 = VERTEX_POINT ( 'NONE', #1787 ) ;
#2086 = ORIENTED_EDGE ( 'NONE', *, *, #872, .T. ) ;
#2087 = COLOUR_RGB ( '',0.8039215686274510109, 0.8039215686274510109, 0.8039215686274510109 ) ;
#2088 = CARTESIAN_POINT ( 'NONE',  ( 0.6292980109636151509, 1.459928822882995858, -0.07101726198154824365 ) ) ;
#2089 = CARTESIAN_POINT ( 'NONE',  ( 0.5940682043641735133, 1.453946406877164588, -0.1565704149035914150 ) ) ;
#2090 = CARTESIAN_POINT ( 'NONE',  ( 0.5715575462588192712, -1.381557546258819880, 0.4749999999999999223 ) ) ;
#2091 = ORIENTED_EDGE ( 'NONE', *, *, #1189, .T. ) ;
#2092 = CARTESIAN_POINT ( 'NONE',  ( -1.012115130606719537, -1.162499999999999867, -0.4283535795830947235 ) ) ;
#2093 = DIRECTION ( 'NONE',  ( 0.9902680687415708061, -0.000000000000000000, 0.1391731009600621349 ) ) ;
#2094 = AXIS2_PLACEMENT_3D ( 'NONE', #1901, #2382, #2898 ) ;
#2095 = ORIENTED_EDGE ( 'NONE', *, *, #2696, .T. ) ;
#2096 = SURFACE_STYLE_USAGE ( .BOTH. , #200 ) ;
#2097 =( NAMED_UNIT ( * ) PLANE_ANGLE_UNIT ( ) SI_UNIT ( $, .RADIAN. ) );
#2098 =( NAMED_UNIT ( * ) SI_UNIT ( $, .STERADIAN. ) SOLID_ANGLE_UNIT ( ) );
#2099 = FACE_OUTER_BOUND ( 'NONE', #1605, .T. ) ;
#2100 = DIRECTION ( 'NONE',  ( -0.9993908270190956511, 0.000000000000000000, 0.03489949670250205860 ) ) ;
#2101 = VECTOR ( 'NONE', #1978, 1000.000000000000000 ) ;
#2102 = ADVANCED_FACE ( 'NONE', ( #794 ), #1519, .T. ) ;
#2103 = VECTOR ( 'NONE', #833, 1000.000000000000000 ) ;
#2104 = VERTEX_POINT ( 'NONE', #2434 ) ;
#2105 = CARTESIAN_POINT ( 'NONE',  ( -0.6001217974870090011, 1.459999999999999742, -0.07000000000000000666 ) ) ;
#2106 = CARTESIAN_POINT ( 'NONE',  ( -0.3765575462588198197, 1.251557546258819320, 0.5149999999999999023 ) ) ;
#2107 = CARTESIAN_POINT ( 'NONE',  ( -0.5065575462588198796, 1.251557546258819320, 0.5250000000000000222 ) ) ;
#2108 =( GEOMETRIC_REPRESENTATION_CONTEXT ( 3 ) GLOBAL_UNCERTAINTY_ASSIGNED_CONTEXT ( ( #2050 ) ) GLOBAL_UNIT_ASSIGNED_CONTEXT ( ( #424, #1117, #2541 ) ) REPRESENTATION_CONTEXT ( 'NONE', 'WORKASPACE' ) );
#2109 = VERTEX_POINT ( 'NONE', #1984 ) ;
#2110 = DIRECTION ( 'NONE',  ( 0.000000000000000000, 0.000000000000000000, -1.000000000000000000 ) ) ;
#2111 = VERTEX_POINT ( 'NONE', #306 ) ;
#2112 = DIRECTION ( 'NONE',  ( -3.032592056965571452E-16, -1.000000000000000000, 4.336808689942016158E-15 ) ) ;
#2113 = CARTESIAN_POINT ( 'NONE',  ( 0.5999999999999997558, -1.410000000000000142, 0.07000000000000000666 ) ) ;
#2114 = CIRCLE ( 'NONE', #1890, 0.09999999999999993616 ) ;
#2115 = ORIENTED_EDGE ( 'NONE', *, *, #1819, .T. ) ;
#2116 = CARTESIAN_POINT ( 'NONE',  ( 0.5715575462588193822, -1.381557546258819658, -0.5250000000000000222 ) ) ;
#2117 = EDGE_CURVE ( 'NONE', #1975, #1030, #1261, .T. ) ;
#2118 = SURFACE_STYLE_USAGE ( .BOTH. , #3092 ) ;
#2119 = DIRECTION ( 'NONE',  ( 1.000000000000000000, 0.000000000000000000, 0.000000000000000000 ) ) ;
#2120 = COLOUR_RGB ( '',0.8039215686274510109, 0.8039215686274510109, 0.8039215686274510109 ) ;
#2121 = ORIENTED_EDGE ( 'NONE', *, *, #629, .T. ) ;
#2122 = FILL_AREA_STYLE_COLOUR ( '', #2552 ) ;
#2123 = ADVANCED_FACE ( 'NONE', ( #1758 ), #1058, .F. ) ;
#2124 = LINE ( 'NONE', #211, #2520 ) ;
#2125 = EDGE_CURVE ( 'NONE', #2263, #506, #2682, .T. ) ;
#2126 = CIRCLE ( 'NONE', #1539, 0.06500000000000000222 ) ;
#2127 = ORIENTED_EDGE ( 'NONE', *, *, #921, .T. ) ;
#2128 = FILL_AREA_STYLE ('',( #2880 ) ) ;
#2129 = SURFACE_STYLE_FILL_AREA ( #229 ) ;
#2130 = PLANE ( 'NONE',  #2280 ) ;
#2131 = ORIENTED_EDGE ( 'NONE', *, *, #852, .F. ) ;
#2132 = CARTESIAN_POINT ( 'NONE',  ( 0.6001217974870084459, 1.459999999999999742, -0.07000000000000000666 ) ) ;
#2133 = DIRECTION ( 'NONE',  ( 0.000000000000000000, -4.336808689942015369E-15, 1.000000000000000000 ) ) ;
#2134 = COLOUR_RGB ( '',0.9607843137254902244, 0.9607843137254902244, 0.9607843137254902244 ) ;
#2135 = EDGE_CURVE ( 'NONE', #2329, #1334, #2014, .T. ) ;
#2136 = COLOUR_RGB ( '',0.8039215686274510109, 0.8039215686274510109, 0.8039215686274510109 ) ;
#2137 = ORIENTED_EDGE ( 'NONE', *, *, #1845, .F. ) ;
#2138 = CARTESIAN_POINT ( 'NONE',  ( -0.6500000000000001332, -1.460000000000000187, 0.07000000000000000666 ) ) ;
#2139 = DIRECTION ( 'NONE',  ( -0.06958737431666479900, -0.06958737431666479900, 0.9951458157835084695 ) ) ;
#2140 =( BOUNDED_CURVE ( )  B_SPLINE_CURVE ( 3, ( #2676, #2412, #1991, #994 ),
 .UNSPECIFIED., .F., .F. ) 
 B_SPLINE_CURVE_WITH_KNOTS ( ( 4, 4 ),
 ( 2.358628960665911656, 3.924556346513667915 ),
 .UNSPECIFIED. ) 
 CURVE ( )  GEOMETRIC_REPRESENTATION_ITEM ( )  RATIONAL_B_SPLINE_CURVE ( ( 1.000000000000000000, 0.8058840764544650259, 0.8058840764544650259, 1.000000000000000000 ) ) 
 REPRESENTATION_ITEM ( '' )  );
#2141 = EDGE_CURVE ( 'NONE', #1041, #2385, #292, .T. ) ;
#2142 = EDGE_CURVE ( 'NONE', #909, #1923, #2007, .T. ) ;
#2143 = ORIENTED_EDGE ( 'NONE', *, *, #1584, .T. ) ;
#2144 = SHAPE_DEFINITION_REPRESENTATION ( #89, #1872 ) ;
#2145 = PRESENTATION_LAYER_ASSIGNMENT (  '', '', ( #1874 ) ) ;
#2146 = ORIENTED_EDGE ( 'NONE', *, *, #74, .F. ) ;
#2147 = CARTESIAN_POINT ( 'NONE',  ( -0.6292980109636153729, -1.459928822882996080, 0.07101726198154630076 ) ) ;
#2148 = FILL_AREA_STYLE ('',( #50 ) ) ;
#2149 = SURFACE_STYLE_USAGE ( .BOTH. , #1153 ) ;
#2150 = AXIS2_PLACEMENT_3D ( 'NONE', #1441, #492, #3066 ) ;
#2151 = VERTEX_POINT ( 'NONE', #1727 ) ;
#2152 = COLOUR_RGB ( '',0.8039215686274510109, 0.8039215686274510109, 0.8039215686274510109 ) ;
#2153 = SURFACE_SIDE_STYLE ('',( #2411 ) ) ;
#2154 = SURFACE_STYLE_FILL_AREA ( #480 ) ;
#2155 = CARTESIAN_POINT ( 'NONE',  ( -0.6502415303407389491, -1.410363327827747870, -0.06654595520622472171 ) ) ;
#2156 = ORIENTED_EDGE ( 'NONE', *, *, #2716, .F. ) ;
#2157 = CARTESIAN_POINT ( 'NONE',  ( -0.4415575462588198219, 1.251557546258819320, 0.5149999999999999023 ) ) ;
#2158 = EDGE_CURVE ( 'NONE', #2567, #3100, #76, .T. ) ;
#2159 = DIRECTION ( 'NONE',  ( 0.000000000000000000, 0.000000000000000000, 1.000000000000000000 ) ) ;
#2160 = ADVANCED_FACE ( 'NONE', ( #77 ), #1871, .T. ) ;
#2161 = ORIENTED_EDGE ( 'NONE', *, *, #74, .T. ) ;
#2162 = DIRECTION ( 'NONE',  ( 0.000000000000000000, -0.000000000000000000, 1.000000000000000000 ) ) ;
#2163 = CYLINDRICAL_SURFACE ( 'NONE', #1820, 0.05000000000000002359 ) ;
#2164 = VERTEX_POINT ( 'NONE', #385 ) ;
#2165 = CARTESIAN_POINT ( 'NONE',  ( -0.6181833005657029201, 1.381557546258819213, 0.5250000000000000222 ) ) ;
#2166 = CARTESIAN_POINT ( 'NONE',  ( -0.9806655614347226102, -0.7374999999999998224, -0.3672187637694953044 ) ) ;
#2167 =( LENGTH_UNIT ( ) NAMED_UNIT ( * ) SI_UNIT ( .MILLI., .METRE. ) );
#2168 = VERTEX_POINT ( 'NONE', #3073 ) ;
#2169 = AXIS2_PLACEMENT_3D ( 'NONE', #2629, #433, #1447 ) ;
#2170 = CARTESIAN_POINT ( 'NONE',  ( -1.015605080276969607, -0.7374999999999998224, -0.3284144968811851806 ) ) ;
#2171 = PLANE ( 'NONE',  #1196 ) ;
#2172 = CARTESIAN_POINT ( 'NONE',  ( 0.6499999999999998002, 1.459999999999999742, -0.07000000000000000666 ) ) ;
#2173 = CARTESIAN_POINT ( 'NONE',  ( 0.6499999999999998002, -0.2124999999999999112, -0.1699999999999995126 ) ) ;
#2174 = VECTOR ( 'NONE', #1274, 1000.000000000000114 ) ;
#2175 = EDGE_CURVE ( 'NONE', #991, #732, #418, .T. ) ;
#2176 = EDGE_CURVE ( 'NONE', #3, #1826, #1322, .T. ) ;
#2177 =( BOUNDED_CURVE ( )  B_SPLINE_CURVE ( 3, ( #1180, #2147, #1678, #1427 ),
 .UNSPECIFIED., .F., .F. ) 
 B_SPLINE_CURVE_WITH_KNOTS ( ( 4, 4 ),
 ( 2.358628960665919205, 3.924556346513667027 ),
 .UNSPECIFIED. ) 
 CURVE ( )  GEOMETRIC_REPRESENTATION_ITEM ( )  RATIONAL_B_SPLINE_CURVE ( ( 1.000000000000000000, 0.8058840764544670243, 0.8058840764544670243, 1.000000000000000000 ) ) 
 REPRESENTATION_ITEM ( '' )  );
#2178 = VERTEX_POINT ( 'NONE', #2068 ) ;
#2179 = CYLINDRICAL_SURFACE ( 'NONE', #1360, 0.05000000000000002359 ) ;
#2180 = FILL_AREA_STYLE ('',( #109 ) ) ;
#2181 = MECHANICAL_DESIGN_GEOMETRIC_PRESENTATION_REPRESENTATION (  '', ( #450 ), #1993 ) ;
#2182 = VERTEX_POINT ( 'NONE', #2539 ) ;
#2183 = DIRECTION ( 'NONE',  ( -0.000000000000000000, -1.000000000000000000, -0.000000000000000000 ) ) ;
#2184 = FILL_AREA_STYLE ('',( #1430 ) ) ;
#2185 = DIRECTION ( 'NONE',  ( 0.000000000000000000, 0.000000000000000000, -1.000000000000000000 ) ) ;
#2186 = CARTESIAN_POINT ( 'NONE',  ( -0.6499999999999998002, -1.162499999999999867, 0.07000000000000010381 ) ) ;
#2187 = EDGE_LOOP ( 'NONE', ( #2282, #448, #17 ) ) ;
#2188 = SURFACE_SIDE_STYLE ('',( #1772 ) ) ;
#2189 = PRESENTATION_STYLE_ASSIGNMENT (( #791 ) ) ;
#2190 = VECTOR ( 'NONE', #525, 1000.000000000000000 ) ;
#2191 = DIRECTION ( 'NONE',  ( 0.000000000000000000, 0.000000000000000000, -1.000000000000000000 ) ) ;
#2192 = CARTESIAN_POINT ( 'NONE',  ( -0.6500000000000001332, -0.7374999999999998224, -0.07000000000000000666 ) ) ;
#2193 = ORIENTED_EDGE ( 'NONE', *, *, #2948, .T. ) ;
#2194 = DIRECTION ( 'NONE',  ( 0.000000000000000000, 0.000000000000000000, 1.000000000000000000 ) ) ;
#2195 = DIRECTION ( 'NONE',  ( -0.000000000000000000, 1.000000000000000000, 0.000000000000000000 ) ) ;
#2196 = STYLED_ITEM ( 'NONE', ( #1742 ), #2160 ) ;
#2197 = MECHANICAL_DESIGN_GEOMETRIC_PRESENTATION_REPRESENTATION (  '', ( #1713 ), #1011 ) ;
#2198 = EDGE_LOOP ( 'NONE', ( #790, #3004, #1069, #214 ) ) ;
#2199 = SURFACE_SIDE_STYLE ('',( #1202 ) ) ;
#2200 = DIRECTION ( 'NONE',  ( 0.000000000000000000, 4.336808689942015369E-15, 1.000000000000000000 ) ) ;
#2201 = DIRECTION ( 'NONE',  ( 0.000000000000000000, 0.000000000000000000, 1.000000000000000000 ) ) ;
#2202 = CIRCLE ( 'NONE', #2819, 0.04999999999999991951 ) ;
#2203 = EDGE_CURVE ( 'NONE', #1838, #539, #3008, .T. ) ;
#2204 = VERTEX_POINT ( 'NONE', #201 ) ;
#2205 = VECTOR ( 'NONE', #1531, 1000.000000000000000 ) ;
#2206 = MECHANICAL_DESIGN_GEOMETRIC_PRESENTATION_REPRESENTATION (  '', ( #1162 ), #1456 ) ;
#2207 = DIRECTION ( 'NONE',  ( 0.000000000000000000, -1.000000000000000000, 0.000000000000000000 ) ) ;
#2208 = SPHERICAL_SURFACE ( 'NONE', #2868, 0.05000000000000000278 ) ;
#2209 = EDGE_CURVE ( 'NONE', #687, #1790, #2001, .T. ) ;
#2210 = VERTEX_POINT ( 'NONE', #894 ) ;
#2211 = DIRECTION ( 'NONE',  ( -0.06958737431666479900, -0.06958737431666479900, -0.9951458157835084695 ) ) ;
#2212 = SURFACE_STYLE_USAGE ( .BOTH. , #1315 ) ;
#2213 = CYLINDRICAL_SURFACE ( 'NONE', #1846, 0.05000000000000002359 ) ;
#2214 = CYLINDRICAL_SURFACE ( 'NONE', #2725, 0.05000000000000002359 ) ;
#2215 = EDGE_CURVE ( 'NONE', #20, #1826, #2271, .T. ) ;
#2216 = EDGE_CURVE ( 'NONE', #354, #803, #2508, .T. ) ;
#2217 = EDGE_LOOP ( 'NONE', ( #1359, #935, #642, #2718 ) ) ;
#2218 = CARTESIAN_POINT ( 'NONE',  ( 0.6214357487718105144, -1.381557546258819880, -0.4784878236872062152 ) ) ;
#2219 = DIRECTION ( 'NONE',  ( -1.000000000000000000, -0.000000000000000000, -0.000000000000000000 ) ) ;
#2220 = MECHANICAL_DESIGN_GEOMETRIC_PRESENTATION_REPRESENTATION (  '', ( #1789 ), #436 ) ;
#2221 = VECTOR ( 'NONE', #2432, 1000.000000000000000 ) ;
#2222 = COLOUR_RGB ( '',0.8039215686274510109, 0.8039215686274510109, 0.8039215686274510109 ) ;
#2223 = VERTEX_POINT ( 'NONE', #2052 ) ;
#2224 = CARTESIAN_POINT ( 'NONE',  ( -0.6500000000000001332, -0.7374999999999998224, -0.07000000000000000666 ) ) ;
#2225 = DIRECTION ( 'NONE',  ( 0.000000000000000000, 0.000000000000000000, -1.000000000000000000 ) ) ;
#2226 =( GEOMETRIC_REPRESENTATION_CONTEXT ( 3 ) GLOBAL_UNCERTAINTY_ASSIGNED_CONTEXT ( ( #2471 ) ) GLOBAL_UNIT_ASSIGNED_CONTEXT ( ( #758, #512, #2444 ) ) REPRESENTATION_CONTEXT ( 'NONE', 'WORKASPACE' ) );
#2227 = ORIENTED_EDGE ( 'NONE', *, *, #509, .F. ) ;
#2228 = LINE ( 'NONE', #1973, #1754 ) ;
#2229 = DIRECTION ( 'NONE',  ( 0.000000000000000000, 0.000000000000000000, -1.000000000000000000 ) ) ;
#2230 = VECTOR ( 'NONE', #60, 1000.000000000000000 ) ;
#2231 = ORIENTED_EDGE ( 'NONE', *, *, #736, .T. ) ;
#2232 = SURFACE_STYLE_USAGE ( .BOTH. , #1766 ) ;
#2233 =( NAMED_UNIT ( * ) PLANE_ANGLE_UNIT ( ) SI_UNIT ( $, .RADIAN. ) );
#2234 = DIRECTION ( 'NONE',  ( 0.000000000000000000, 1.000000000000000000, 0.000000000000000000 ) ) ;
#2235 = VECTOR ( 'NONE', #6, 1000.000000000000000 ) ;
#2236 = VECTOR ( 'NONE', #1849, 1000.000000000000000 ) ;
#2237 = VERTEX_POINT ( 'NONE', #1581 ) ;
#2238 = DIRECTION ( 'NONE',  ( -0.000000000000000000, -1.000000000000000000, -0.000000000000000000 ) ) ;
#2239 = DIRECTION ( 'NONE',  ( 0.9975640502598243087, 0.000000000000000000, -0.06975647374412546897 ) ) ;
#2240 = FACE_OUTER_BOUND ( 'NONE', #2692, .T. ) ;
#2241 = CARTESIAN_POINT ( 'NONE',  ( -0.7826119476864084046, -0.7374999999999998224, -0.3950533839615076870 ) ) ;
#2242 = UNCERTAINTY_MEASURE_WITH_UNIT (LENGTH_MEASURE( 1.000000000000000082E-05 ), #1597, 'distance_accuracy_value', 'NONE');
#2243 = EDGE_CURVE ( 'NONE', #2903, #87, #804, .T. ) ;
#2244 = ORIENTED_EDGE ( 'NONE', *, *, #2141, .T. ) ;
#2245 = UNCERTAINTY_MEASURE_WITH_UNIT (LENGTH_MEASURE( 1.000000000000000082E-05 ), #170, 'distance_accuracy_value', 'NONE');
#2246 = FILL_AREA_STYLE ('',( #1297 ) ) ;
#2247 = ORIENTED_EDGE ( 'NONE', *, *, #2083, .T. ) ;
#2248 = DIRECTION ( 'NONE',  ( -1.000000000000000000, 1.516296028482788437E-16, -2.168404344971007290E-15 ) ) ;
#2249 =( LENGTH_UNIT ( ) NAMED_UNIT ( * ) SI_UNIT ( .MILLI., .METRE. ) );
#2250 = LINE ( 'NONE', #865, #1776 ) ;
#2251 = ORIENTED_EDGE ( 'NONE', *, *, #335, .F. ) ;
#2252 = VECTOR ( 'NONE', #2319, 1000.000000000000114 ) ;
#2253 = PLANE ( 'NONE',  #2746 ) ;
#2254 = VECTOR ( 'NONE', #2265, 1000.000000000000000 ) ;
#2255 = ORIENTED_EDGE ( 'NONE', *, *, #2736, .F. ) ;
#2256 = EDGE_CURVE ( 'NONE', #743, #2549, #2778, .T. ) ;
#2257 = PRESENTATION_STYLE_ASSIGNMENT (( #1071 ) ) ;
#2258 =( GEOMETRIC_REPRESENTATION_CONTEXT ( 3 ) GLOBAL_UNCERTAINTY_ASSIGNED_CONTEXT ( ( #2269 ) ) GLOBAL_UNIT_ASSIGNED_CONTEXT ( ( #2338, #2836, #158 ) ) REPRESENTATION_CONTEXT ( 'NONE', 'WORKASPACE' ) );
#2259 = SURFACE_STYLE_USAGE ( .BOTH. , #1060 ) ;
#2260 = ORIENTED_EDGE ( 'NONE', *, *, #434, .T. ) ;
#2261 = LINE ( 'NONE', #2719, #1603 ) ;
#2262 =( NAMED_UNIT ( * ) PLANE_ANGLE_UNIT ( ) SI_UNIT ( $, .RADIAN. ) );
#2263 = VERTEX_POINT ( 'NONE', #3025 ) ;
#2264 =( NAMED_UNIT ( * ) SI_UNIT ( $, .STERADIAN. ) SOLID_ANGLE_UNIT ( ) );
#2265 = DIRECTION ( 'NONE',  ( -0.000000000000000000, -1.000000000000000000, -0.000000000000000000 ) ) ;
#2266 = UNCERTAINTY_MEASURE_WITH_UNIT (LENGTH_MEASURE( 1.000000000000000082E-05 ), #1370, 'distance_accuracy_value', 'NONE');
#2267 = ORIENTED_EDGE ( 'NONE', *, *, #2457, .T. ) ;
#2268 =( NAMED_UNIT ( * ) SI_UNIT ( $, .STERADIAN. ) SOLID_ANGLE_UNIT ( ) );
#2269 = UNCERTAINTY_MEASURE_WITH_UNIT (LENGTH_MEASURE( 1.000000000000000082E-05 ), #2338, 'distance_accuracy_value', 'NONE');
#2270 = LINE ( 'NONE', #2040, #1377 ) ;
#2271 = LINE ( 'NONE', #139, #1706 ) ;
#2272 = CARTESIAN_POINT ( 'NONE',  ( -1.200000000000000178, 1.162500000000000089, -0.4349146637981648467 ) ) ;
#2273 = PRESENTATION_STYLE_ASSIGNMENT (( #2259 ) ) ;
#2274 = COLOUR_RGB ( '',0.8039215686274510109, 0.8039215686274510109, 0.8039215686274510109 ) ;
#2275 = FILL_AREA_STYLE ('',( #1522 ) ) ;
#2276 = ORIENTED_EDGE ( 'NONE', *, *, #1308, .T. ) ;
#2277 = LINE ( 'NONE', #1513, #649 ) ;
#2278 = SPHERICAL_SURFACE ( 'NONE', #414, 0.05000000000000000278 ) ;
#2279 = EDGE_CURVE ( 'NONE', #544, #2733, #3010, .T. ) ;
#2280 = AXIS2_PLACEMENT_3D ( 'NONE', #2667, #219, #2340 ) ;
#2281 = AXIS2_PLACEMENT_3D ( 'NONE', #355, #1303, #1786 ) ;
#2282 = ORIENTED_EDGE ( 'NONE', *, *, #1145, .T. ) ;
#2283 = FILL_AREA_STYLE_COLOUR ( '', #1983 ) ;
#2284 = AXIS2_PLACEMENT_3D ( 'NONE', #2779, #2026, #140 ) ;
#2285 = VECTOR ( 'NONE', #536, 1000.000000000000227 ) ;
#2286 = SURFACE_STYLE_FILL_AREA ( #611 ) ;
#2287 = DIRECTION ( 'NONE',  ( -0.000000000000000000, -1.000000000000000000, -0.000000000000000000 ) ) ;
#2288 = FACE_OUTER_BOUND ( 'NONE', #3029, .T. ) ;
#2289 = DIRECTION ( 'NONE',  ( -0.9902680687415708061, 0.000000000000000000, 0.1391731009600621627 ) ) ;
#2290 = CARTESIAN_POINT ( 'NONE',  ( -1.200000000000000178, -0.7374999999999998224, -0.4349146637981648467 ) ) ;
#2291 = DIRECTION ( 'NONE',  ( -0.1391731009600621349, -0.000000000000000000, -0.9902680687415706950 ) ) ;
#2292 = FACE_OUTER_BOUND ( 'NONE', #2614, .T. ) ;
#2293 = AXIS2_PLACEMENT_3D ( 'NONE', #2807, #438, #1821 ) ;
#2294 = ORIENTED_EDGE ( 'NONE', *, *, #2620, .T. ) ;
#2295 = PRESENTATION_STYLE_ASSIGNMENT (( #3078 ) ) ;
#2296 = ADVANCED_FACE ( 'NONE', ( #2323 ), #2555, .T. ) ;
#2297 = DIRECTION ( 'NONE',  ( -1.000000000000000000, -0.000000000000000000, -0.000000000000000000 ) ) ;
#2298 = EDGE_LOOP ( 'NONE', ( #2679, #1221, #1038, #2934 ) ) ;
#2299 = EDGE_CURVE ( 'NONE', #687, #304, #644, .T. ) ;
#2300 = SURFACE_STYLE_USAGE ( .BOTH. , #1627 ) ;
#2301 = PRESENTATION_LAYER_ASSIGNMENT (  '', '', ( #2196 ) ) ;
#2302 = ORIENTED_EDGE ( 'NONE', *, *, #2716, .T. ) ;
#2303 =( NAMED_UNIT ( * ) PLANE_ANGLE_UNIT ( ) SI_UNIT ( $, .RADIAN. ) );
#2304 = CARTESIAN_POINT ( 'NONE',  ( -0.6181833005657029201, -1.431435748771811012, 0.4784878236872062152 ) ) ;
#2305 = SURFACE_SIDE_STYLE ('',( #875 ) ) ;
#2306 = DIRECTION ( 'NONE',  ( 0.000000000000000000, 0.000000000000000000, -1.000000000000000000 ) ) ;
#2307 = LINE ( 'NONE', #1839, #1229 ) ;
#2308 = VECTOR ( 'NONE', #2315, 1000.000000000000000 ) ;
#2309 =( GEOMETRIC_REPRESENTATION_CONTEXT ( 3 ) GLOBAL_UNCERTAINTY_ASSIGNED_CONTEXT ( ( #2047 ) ) GLOBAL_UNIT_ASSIGNED_CONTEXT ( ( #2167, #2377, #938 ) ) REPRESENTATION_CONTEXT ( 'NONE', 'WORKASPACE' ) );
#2310 = DIRECTION ( 'NONE',  ( 1.000000000000000000, -0.000000000000000000, 1.547916722594556136E-15 ) ) ;
#2311 =( NAMED_UNIT ( * ) SI_UNIT ( $, .STERADIAN. ) SOLID_ANGLE_UNIT ( ) );
#2312 = ORIENTED_EDGE ( 'NONE', *, *, #1523, .F. ) ;
#2313 = CARTESIAN_POINT ( 'NONE',  ( -0.9736856620942224705, -1.162499999999999867, -0.5670969291733144457 ) ) ;
#2314 = UNCERTAINTY_MEASURE_WITH_UNIT (LENGTH_MEASURE( 1.000000000000000082E-05 ), #190, 'distance_accuracy_value', 'NONE');
#2315 = DIRECTION ( 'NONE',  ( 1.000000000000000000, -0.000000000000000000, -0.000000000000000000 ) ) ;
#2316 = CARTESIAN_POINT ( 'NONE',  ( 0.000000000000000000, 0.000000000000000000, -0.5250000000000000222 ) ) ;
#2317 = AXIS2_PLACEMENT_3D ( 'NONE', #2172, #2239, #2977 ) ;
#2318 = ORIENTED_EDGE ( 'NONE', *, *, #294, .T. ) ;
#2319 = DIRECTION ( 'NONE',  ( 0.06958737431666479900, -0.06958737431666479900, -0.9951458157835084695 ) ) ;
#2320 = ADVANCED_FACE ( 'NONE', ( #215 ), #1161, .T. ) ;
#2321 = ORIENTED_EDGE ( 'NONE', *, *, #313, .T. ) ;
#2322 = DIRECTION ( 'NONE',  ( -1.547916722594555545E-15, 0.000000000000000000, -1.000000000000000000 ) ) ;
#2323 = FACE_OUTER_BOUND ( 'NONE', #3090, .T. ) ;
#2324 = DIRECTION ( 'NONE',  ( 1.547916722594556136E-15, 0.000000000000000000, -1.000000000000000000 ) ) ;
#2325 =( LENGTH_UNIT ( ) NAMED_UNIT ( * ) SI_UNIT ( .MILLI., .METRE. ) );
#2326 = CARTESIAN_POINT ( 'NONE',  ( -0.6003633278277477059, 1.410363327827747426, 0.06305813151901845659 ) ) ;
#2327 = PRESENTATION_LAYER_ASSIGNMENT (  '', '', ( #188 ) ) ;
#2328 = VECTOR ( 'NONE', #1954, 1000.000000000000114 ) ;
#2329 = VERTEX_POINT ( 'NONE', #242 ) ;
#2330 = LINE ( 'NONE', #3064, #394 ) ;
#2331 = VECTOR ( 'NONE', #2291, 1000.000000000000227 ) ;
#2332 = ORIENTED_EDGE ( 'NONE', *, *, #497, .T. ) ;
#2333 = LINE ( 'NONE', #196, #2431 ) ;
#2334 =( NAMED_UNIT ( * ) SI_UNIT ( $, .STERADIAN. ) SOLID_ANGLE_UNIT ( ) );
#2335 = VERTEX_POINT ( 'NONE', #1913 ) ;
#2336 = FILL_AREA_STYLE ('',( #674 ) ) ;
#2337 = CARTESIAN_POINT ( 'NONE',  ( -0.4415575462588198219, 1.251557546258819320, 0.5149999999999999023 ) ) ;
#2338 =( LENGTH_UNIT ( ) NAMED_UNIT ( * ) SI_UNIT ( .MILLI., .METRE. ) );
#2339 = VECTOR ( 'NONE', #664, 1000.000000000000000 ) ;
#2340 = DIRECTION ( 'NONE',  ( 0.000000000000000000, 0.000000000000000000, -1.000000000000000000 ) ) ;
#2341 = EDGE_CURVE ( 'NONE', #2801, #1790, #771, .T. ) ;
#2342 = ORIENTED_EDGE ( 'NONE', *, *, #1225, .T. ) ;
#2343 = COLOUR_RGB ( '',0.2862745098039215508, 0.2862745098039215508, 0.2862745098039215508 ) ;
#2344 = LINE ( 'NONE', #392, #2339 ) ;
#2345 = LINE ( 'NONE', #2089, #308 ) ;
#2346 = ORIENTED_EDGE ( 'NONE', *, *, #701, .F. ) ;
#2347 = FACE_OUTER_BOUND ( 'NONE', #1495, .T. ) ;
#2348 = CARTESIAN_POINT ( 'NONE',  ( 0.6001217974870084459, -1.460000000000000187, -0.07000000000000000666 ) ) ;
#2349 = ORIENTED_EDGE ( 'NONE', *, *, #702, .T. ) ;
#2350 = PRESENTATION_STYLE_ASSIGNMENT (( #2096 ) ) ;
#2351 = AXIS2_PLACEMENT_3D ( 'NONE', #974, #2670, #79 ) ;
#2352 = EDGE_CURVE ( 'NONE', #1352, #1213, #733, .T. ) ;
#2353 = DIRECTION ( 'NONE',  ( 0.000000000000000000, 0.000000000000000000, -1.000000000000000000 ) ) ;
#2354 = DIRECTION ( 'NONE',  ( -1.000000000000000000, -0.000000000000000000, -0.000000000000000000 ) ) ;
#2355 = AXIS2_PLACEMENT_3D ( 'NONE', #1394, #1606, #4 ) ;
#2356 = VECTOR ( 'NONE', #2613, 1000.000000000000000 ) ;
#2357 = EDGE_CURVE ( 'NONE', #2104, #922, #1422, .T. ) ;
#2358 = ADVANCED_FACE ( 'NONE', ( #2851 ), #2171, .F. ) ;
#2359 = ORIENTED_EDGE ( 'NONE', *, *, #2279, .T. ) ;
#2360 = DIRECTION ( 'NONE',  ( -0.000000000000000000, -1.000000000000000000, -0.000000000000000000 ) ) ;
#2361 = COLOUR_RGB ( '',0.8039215686274510109, 0.8039215686274510109, 0.8039215686274510109 ) ;
#2362 = ORIENTED_EDGE ( 'NONE', *, *, #632, .T. ) ;
#2363 = DIRECTION ( 'NONE',  ( 0.9993908270190956511, -0.000000000000000000, 0.03489949670250223901 ) ) ;
#2364 = AXIS2_PLACEMENT_3D ( 'NONE', #2399, #468, #1191 ) ;
#2365 = VERTEX_POINT ( 'NONE', #1672 ) ;
#2366 = DIRECTION ( 'NONE',  ( 0.000000000000000000, 1.000000000000000000, 0.000000000000000000 ) ) ;
#2367 = CARTESIAN_POINT ( 'NONE',  ( 0.5715575462588192712, -1.381557546258819880, 0.4749999999999999223 ) ) ;
#2368 = CARTESIAN_POINT ( 'NONE',  ( 0.5715575462588193822, 0.000000000000000000, 0.4749999999999999223 ) ) ;
#2369 = ORIENTED_EDGE ( 'NONE', *, *, #1272, .F. ) ;
#2370 = MECHANICAL_DESIGN_GEOMETRIC_PRESENTATION_REPRESENTATION (  '', ( #637 ), #3036 ) ;
#2371 = SURFACE_STYLE_USAGE ( .BOTH. , #989 ) ;
#2372 =( LENGTH_UNIT ( ) NAMED_UNIT ( * ) SI_UNIT ( .MILLI., .METRE. ) );
#2373 = COLOUR_RGB ( '',0.8039215686274510109, 0.8039215686274510109, 0.8039215686274510109 ) ;
#2374 = VECTOR ( 'NONE', #1832, 1000.000000000000000 ) ;
#2375 = EDGE_LOOP ( 'NONE', ( #2702, #892, #236, #1560 ) ) ;
#2376 =( NAMED_UNIT ( * ) PLANE_ANGLE_UNIT ( ) SI_UNIT ( $, .RADIAN. ) );
#2377 =( NAMED_UNIT ( * ) PLANE_ANGLE_UNIT ( ) SI_UNIT ( $, .RADIAN. ) );
#2378 = STYLED_ITEM ( 'NONE', ( #542 ), #1245 ) ;
#2379 = ADVANCED_FACE ( 'NONE', ( #700 ), #1404, .F. ) ;
#2380 = EDGE_LOOP ( 'NONE', ( #2974, #1972, #1731, #2121 ) ) ;
#2381 = SURFACE_STYLE_FILL_AREA ( #2128 ) ;
#2382 = DIRECTION ( 'NONE',  ( 0.000000000000000000, -1.000000000000000000, 0.000000000000000000 ) ) ;
#2383 = AXIS2_PLACEMENT_3D ( 'NONE', #999, #1489, #1504 ) ;
#2384 = DIRECTION ( 'NONE',  ( -1.000000000000000000, -2.173699367380192850E-15, -0.000000000000000000 ) ) ;
#2385 = VERTEX_POINT ( 'NONE', #2649 ) ;
#2386 = MECHANICAL_DESIGN_GEOMETRIC_PRESENTATION_REPRESENTATION (  '', ( #1552 ), #502 ) ;
#2387 = VECTOR ( 'NONE', #297, 1000.000000000000227 ) ;
#2388 = EDGE_LOOP ( 'NONE', ( #348, #2018, #3080, #2143 ) ) ;
#2389 = FACE_OUTER_BOUND ( 'NONE', #266, .T. ) ;
#2390 = CARTESIAN_POINT ( 'NONE',  ( -0.6500000000000001332, 1.410121797487008388, -0.07000000000000000666 ) ) ;
#2391 = PLANE ( 'NONE',  #419 ) ;
#2392 = EDGE_CURVE ( 'NONE', #1661, #1588, #2666, .T. ) ;
#2393 = ORIENTED_EDGE ( 'NONE', *, *, #877, .F. ) ;
#2394 = LINE ( 'NONE', #554, #2190 ) ;
#2395 = DIRECTION ( 'NONE',  ( 0.000000000000000000, 1.000000000000000000, 0.000000000000000000 ) ) ;
#2396 = CARTESIAN_POINT ( 'NONE',  ( 0.5715575462588192712, 1.381557546258819436, 0.4749999999999999223 ) ) ;
#2397 = ADVANCED_FACE ( 'NONE', ( #27 ), #1726, .F. ) ;
#2398 = EDGE_LOOP ( 'NONE', ( #2430, #2036, #1438, #3014 ) ) ;
#2399 = CARTESIAN_POINT ( 'NONE',  ( -0.6843537075104185741, 0.7375000000000000444, -0.1270274667700337368 ) ) ;
#2400 = DIRECTION ( 'NONE',  ( 0.06958737431666479900, -0.06958737431666479900, -0.9951458157835084695 ) ) ;
#2401 = CARTESIAN_POINT ( 'NONE',  ( 1.199999999999999956, -0.2124999999999999112, -0.5750000000000000666 ) ) ;
#2402 = VECTOR ( 'NONE', #1541, 1000.000000000000000 ) ;
#2403 = COLOUR_RGB ( '',0.8039215686274510109, 0.8039215686274510109, 0.8039215686274510109 ) ;
#2404 = VERTEX_POINT ( 'NONE', #90 ) ;
#2405 = DIRECTION ( 'NONE',  ( 0.9902680687415708061, 0.000000000000000000, -0.1391731009600618851 ) ) ;
#2406 = CARTESIAN_POINT ( 'NONE',  ( 0.7490268068741563479, -0.2124999999999999112, -0.1560826899039934046 ) ) ;
#2407 = DIRECTION ( 'NONE',  ( 0.000000000000000000, 0.000000000000000000, -1.000000000000000000 ) ) ;
#2408 = CIRCLE ( 'NONE', #767, 0.06500000000000000222 ) ;
#2409 = ORIENTED_EDGE ( 'NONE', *, *, #2791, .T. ) ;
#2410 = LINE ( 'NONE', #1479, #3007 ) ;
#2411 = SURFACE_STYLE_FILL_AREA ( #2184 ) ;
#2412 = CARTESIAN_POINT ( 'NONE',  ( -0.6499288228829966929, 1.439298010963615093, 0.07101726198154473257 ) ) ;
#2413 = CARTESIAN_POINT ( 'NONE',  ( 0.6499999999999998002, 0.2125000000000001332, 0.07000000000000000666 ) ) ;
#2414 = ORIENTED_EDGE ( 'NONE', *, *, #2065, .T. ) ;
#2415 = CARTESIAN_POINT ( 'NONE',  ( 0.6499999999999998002, 0.2125000000000001332, -0.07000000000000000666 ) ) ;
#2416 =( LENGTH_UNIT ( ) NAMED_UNIT ( * ) SI_UNIT ( .MILLI., .METRE. ) );
#2417 = ADVANCED_FACE ( 'NONE', ( #2961 ), #75, .F. ) ;
#2418 = EDGE_CURVE ( 'NONE', #1790, #2223, #2467, .T. ) ;
#2419 = DIRECTION ( 'NONE',  ( 3.097720492815722728E-15, 0.000000000000000000, 1.000000000000000000 ) ) ;
#2420 = ORIENTED_EDGE ( 'NONE', *, *, #1948, .T. ) ;
#2421 = CARTESIAN_POINT ( 'NONE',  ( -0.7826119476864084046, 1.162500000000000089, -0.3950533839615076870 ) ) ;
#2422 = PRESENTATION_STYLE_ASSIGNMENT (( #2890 ) ) ;
#2423 =( LENGTH_UNIT ( ) NAMED_UNIT ( * ) SI_UNIT ( .MILLI., .METRE. ) );
#2424 = COLOUR_RGB ( '',0.8039215686274510109, 0.8039215686274510109, 0.8039215686274510109 ) ;
#2425 = ORIENTED_EDGE ( 'NONE', *, *, #632, .F. ) ;
#2426 = LINE ( 'NONE', #300, #399 ) ;
#2427 = CARTESIAN_POINT ( 'NONE',  ( -0.5715575462588197153, -1.431435748771811012, 0.4784878236872062152 ) ) ;
#2428 = CARTESIAN_POINT ( 'NONE',  ( -0.8824073209654356154, -0.7374999999999998224, -0.09919284661924154811 ) ) ;
#2429 = DIRECTION ( 'NONE',  ( 0.000000000000000000, 0.9975640502598241977, -0.06975647374412545509 ) ) ;
#2430 = ORIENTED_EDGE ( 'NONE', *, *, #51, .T. ) ;
#2431 = VECTOR ( 'NONE', #2363, 1000.000000000000114 ) ;
#2432 = DIRECTION ( 'NONE',  ( -0.000000000000000000, -1.000000000000000000, -0.000000000000000000 ) ) ;
#2433 = LINE ( 'NONE', #1242, #1451 ) ;
#2434 = CARTESIAN_POINT ( 'NONE',  ( -0.8824073209654356154, 0.7375000000000000444, -0.09919284661924154811 ) ) ;
#2435 = DIRECTION ( 'NONE',  ( 0.000000000000000000, 1.000000000000000000, 0.000000000000000000 ) ) ;
#2436 = EDGE_CURVE ( 'NONE', #2204, #2950, #2433, .T. ) ;
#2437 = AXIS2_PLACEMENT_3D ( 'NONE', #2732, #293, #2225 ) ;
#2438 = CARTESIAN_POINT ( 'NONE',  ( -1.199999999999999956, 1.162500000000000089, -0.5749999999999997335 ) ) ;
#2439 = CARTESIAN_POINT ( 'NONE',  ( -0.6214357487718109585, -1.381557546258819880, 0.4784878236872062152 ) ) ;
#2440 = STYLED_ITEM ( 'NONE', ( #2257 ), #186 ) ;
#2441 = ORIENTED_EDGE ( 'NONE', *, *, #2135, .T. ) ;
#2442 = DIRECTION ( 'NONE',  ( 0.000000000000000000, 0.06975647374412545509, -0.9975640502598241977 ) ) ;
#2443 = AXIS2_PLACEMENT_3D ( 'NONE', #546, #559, #2714 ) ;
#2444 =( NAMED_UNIT ( * ) SI_UNIT ( $, .STERADIAN. ) SOLID_ANGLE_UNIT ( ) );
#2445 = CARTESIAN_POINT ( 'NONE',  ( 0.6003633278277472618, 1.410363327827747426, -0.06305813151901845659 ) ) ;
#2446 = CIRCLE ( 'NONE', #698, 0.05000000000000002359 ) ;
#2447 = ORIENTED_EDGE ( 'NONE', *, *, #2357, .T. ) ;
#2448 = LINE ( 'NONE', #2729, #616 ) ;
#2449 = VECTOR ( 'NONE', #173, 1000.000000000000000 ) ;
#2450 = DIRECTION ( 'NONE',  ( -0.000000000000000000, -1.000000000000000000, -0.000000000000000000 ) ) ;
#2451 = DIRECTION ( 'NONE',  ( 0.000000000000000000, -0.000000000000000000, 1.000000000000000000 ) ) ;
#2452 = ADVANCED_FACE ( 'NONE', ( #838 ), #339, .T. ) ;
#2453 = EDGE_LOOP ( 'NONE', ( #2554, #914, #786, #2582, #310, #2244, #5, #815, #1450, #206 ) ) ;
#2454 = CARTESIAN_POINT ( 'NONE',  ( -0.5715575462588198263, 0.000000000000000000, 0.4749999999999999223 ) ) ;
#2455 =( LENGTH_UNIT ( ) NAMED_UNIT ( * ) SI_UNIT ( .MILLI., .METRE. ) );
#2456 = VECTOR ( 'NONE', #422, 1000.000000000000000 ) ;
#2457 = EDGE_CURVE ( 'NONE', #2938, #1918, #323, .T. ) ;
#2458 = ORIENTED_EDGE ( 'NONE', *, *, #1409, .T. ) ;
#2459 = FILL_AREA_STYLE ('',( #252 ) ) ;
#2460 = FILL_AREA_STYLE_COLOUR ( '', #146 ) ;
#2461 = CARTESIAN_POINT ( 'NONE',  ( -0.4415575462588198219, 1.251557546258819320, 0.5149999999999999023 ) ) ;
#2462 = DIRECTION ( 'NONE',  ( 1.000000000000000000, 0.000000000000000000, 0.000000000000000000 ) ) ;
#2463 = VECTOR ( 'NONE', #1482, 1000.000000000000114 ) ;
#2464 = AXIS2_PLACEMENT_3D ( 'NONE', #2316, #636, #2548 ) ;
#2465 = VERTEX_POINT ( 'NONE', #779 ) ;
#2466 = DIRECTION ( 'NONE',  ( -0.000000000000000000, -1.000000000000000000, -0.000000000000000000 ) ) ;
#2467 = LINE ( 'NONE', #121, #2700 ) ;
#2468 = DIRECTION ( 'NONE',  ( -1.000000000000000000, 0.000000000000000000, 3.097720492815722728E-15 ) ) ;
#2469 = STYLED_ITEM ( 'NONE', ( #2731 ), #2123 ) ;
#2470 = ORIENTED_EDGE ( 'NONE', *, *, #1796, .F. ) ;
#2471 = UNCERTAINTY_MEASURE_WITH_UNIT (LENGTH_MEASURE( 1.000000000000000082E-05 ), #758, 'distance_accuracy_value', 'NONE');
#2472 = DIRECTION ( 'NONE',  ( 1.000000000000000000, 0.000000000000000000, 0.000000000000000000 ) ) ;
#2473 = EDGE_CURVE ( 'NONE', #1208, #2549, #1739, .T. ) ;
#2474 = SURFACE_STYLE_USAGE ( .BOTH. , #1764 ) ;
#2475 = PRESENTATION_LAYER_ASSIGNMENT (  '', '', ( #881 ) ) ;
#2476 = VERTEX_POINT ( 'NONE', #1290 ) ;
#2477 = DIRECTION ( 'NONE',  ( 0.03489949670250207248, -0.000000000000000000, 0.9993908270190957621 ) ) ;
#2478 =( NAMED_UNIT ( * ) PLANE_ANGLE_UNIT ( ) SI_UNIT ( $, .RADIAN. ) );
#2479 = EDGE_CURVE ( 'NONE', #1213, #726, #1501, .T. ) ;
#2480 = CARTESIAN_POINT ( 'NONE',  ( -0.6499999999999998002, -1.162499999999999867, -0.1699999999999993738 ) ) ;
#2481 = CARTESIAN_POINT ( 'NONE',  ( 0.000000000000000000, 1.381557546258819213, 0.4749999999999999223 ) ) ;
#2482 = EDGE_CURVE ( 'NONE', #2058, #699, #2448, .T. ) ;
#2483 = COLOUR_RGB ( '',0.8039215686274510109, 0.8039215686274510109, 0.8039215686274510109 ) ;
#2484 = VERTEX_POINT ( 'NONE', #305 ) ;
#2485 = EDGE_CURVE ( 'NONE', #1677, #2109, #412, .T. ) ;
#2486 =( LENGTH_UNIT ( ) NAMED_UNIT ( * ) SI_UNIT ( .MILLI., .METRE. ) );
#2487 = COLOUR_RGB ( '',0.8039215686274510109, 0.8039215686274510109, 0.8039215686274510109 ) ;
#2488 = SURFACE_STYLE_USAGE ( .BOTH. , #561 ) ;
#2489 = CARTESIAN_POINT ( 'NONE',  ( -0.5715575462588198263, 1.428183300565702529, -0.5250000000000000222 ) ) ;
#2490 = SURFACE_STYLE_USAGE ( .BOTH. , #1535 ) ;
#2491 = CIRCLE ( 'NONE', #337, 0.04999999999999991951 ) ;
#2492 = ORIENTED_EDGE ( 'NONE', *, *, #936, .T. ) ;
#2493 = PLANE ( 'NONE',  #1224 ) ;
#2494 = VECTOR ( 'NONE', #1194, 1000.000000000000114 ) ;
#2495 = ORIENTED_EDGE ( 'NONE', *, *, #2175, .F. ) ;
#2496 =( NAMED_UNIT ( * ) SI_UNIT ( $, .STERADIAN. ) SOLID_ANGLE_UNIT ( ) );
#2497 = CARTESIAN_POINT ( 'NONE',  ( 0.5715575462588192712, -1.381557546258819880, -0.4749999999999999223 ) ) ;
#2498 = DIRECTION ( 'NONE',  ( 0.000000000000000000, 0.000000000000000000, -1.000000000000000000 ) ) ;
#2499 = CARTESIAN_POINT ( 'NONE',  ( -0.4415575462588198219, 1.251557546258819320, 0.5250000000000000222 ) ) ;
#2500 = AXIS2_PLACEMENT_3D ( 'NONE', #1462, #1218, #301 ) ;
#2501 = EDGE_CURVE ( 'NONE', #2597, #2503, #1569, .T. ) ;
#2502 = CIRCLE ( 'NONE', #998, 0.2000000000000000389 ) ;
#2503 = VERTEX_POINT ( 'NONE', #2776 ) ;
#2504 = SURFACE_STYLE_FILL_AREA ( #1981 ) ;
#2505 = PRESENTATION_LAYER_ASSIGNMENT (  '', '', ( #505 ) ) ;
#2506 = CARTESIAN_POINT ( 'NONE',  ( -0.7490268068741562368, 1.162500000000000089, -0.1560826899039932103 ) ) ;
#2507 = FILL_AREA_STYLE_COLOUR ( '', #1825 ) ;
#2508 = CIRCLE ( 'NONE', #55, 0.06500000000000000222 ) ;
#2509 = UNCERTAINTY_MEASURE_WITH_UNIT (LENGTH_MEASURE( 1.000000000000000082E-05 ), #2019, 'distance_accuracy_value', 'NONE');
#2510 = ORIENTED_EDGE ( 'NONE', *, *, #2117, .F. ) ;
#2511 = CARTESIAN_POINT ( 'NONE',  ( 0.5715575462588192712, -1.431435748771811012, 0.4784878236872062152 ) ) ;
#2512 = COLOUR_RGB ( '',0.8039215686274510109, 0.8039215686274510109, 0.8039215686274510109 ) ;
#2513 = FILL_AREA_STYLE ('',( #1828 ) ) ;
#2514 = ORIENTED_EDGE ( 'NONE', *, *, #1057, .T. ) ;
#2515 = LINE ( 'NONE', #2999, #793 ) ;
#2516 = SURFACE_STYLE_FILL_AREA ( #1316 ) ;
#2517 = CARTESIAN_POINT ( 'NONE',  ( -0.6000000000000001998, -1.410000000000000142, 0.07000000000000000666 ) ) ;
#2518 = CIRCLE ( 'NONE', #464, 0.09999999999999993616 ) ;
#2519 = ORIENTED_EDGE ( 'NONE', *, *, #2482, .F. ) ;
#2520 = VECTOR ( 'NONE', #2833, 1000.000000000000000 ) ;
#2521 = FILL_AREA_STYLE ('',( #2789 ) ) ;
#2522 =( NAMED_UNIT ( * ) SI_UNIT ( $, .STERADIAN. ) SOLID_ANGLE_UNIT ( ) );
#2523 = VECTOR ( 'NONE', #709, 1000.000000000000000 ) ;
#2524 = SURFACE_SIDE_STYLE ('',( #1947 ) ) ;
#2525 = ADVANCED_FACE ( 'NONE', ( #1113 ), #417, .F. ) ;
#2526 = ADVANCED_FACE ( 'NONE', ( #1565 ), #1578, .F. ) ;
#2527 = CYLINDRICAL_SURFACE ( 'NONE', #802, 0.09999999999999939493 ) ;
#2528 = AXIS2_PLACEMENT_3D ( 'NONE', #257, #501, #2616 ) ;
#2529 = ORIENTED_EDGE ( 'NONE', *, *, #1845, .T. ) ;
#2530 = FILL_AREA_STYLE ('',( #2460 ) ) ;
#2531 = DIRECTION ( 'NONE',  ( -1.000000000000000000, 0.000000000000000000, 0.000000000000000000 ) ) ;
#2532 = CARTESIAN_POINT ( 'NONE',  ( -0.6181833005657029201, -1.381557546258819658, -0.5250000000000000222 ) ) ;
#2533 = UNCERTAINTY_MEASURE_WITH_UNIT (LENGTH_MEASURE( 1.000000000000000082E-05 ), #2486, 'distance_accuracy_value', 'NONE');
#2534 = EDGE_LOOP ( 'NONE', ( #1556, #119, #2955 ) ) ;
#2535 = SURFACE_STYLE_FILL_AREA ( #837 ) ;
#2536 = SURFACE_SIDE_STYLE ('',( #1855 ) ) ;
#2537 = AXIS2_PLACEMENT_3D ( 'NONE', #1861, #2810, #662 ) ;
#2538 = DIRECTION ( 'NONE',  ( 0.000000000000000000, 0.000000000000000000, -1.000000000000000000 ) ) ;
#2539 = CARTESIAN_POINT ( 'NONE',  ( -0.6500000000000001332, -1.410000000000000142, -0.07000000000000000666 ) ) ;
#2540 =( NAMED_UNIT ( * ) SI_UNIT ( $, .STERADIAN. ) SOLID_ANGLE_UNIT ( ) );
#2541 =( NAMED_UNIT ( * ) SI_UNIT ( $, .STERADIAN. ) SOLID_ANGLE_UNIT ( ) );
#2542 = EDGE_CURVE ( 'NONE', #2801, #687, #2202, .T. ) ;
#2543 = ORIENTED_EDGE ( 'NONE', *, *, #415, .T. ) ;
#2544 = PRESENTATION_LAYER_ASSIGNMENT (  '', '', ( #2942 ) ) ;
#2545 = CARTESIAN_POINT ( 'NONE',  ( -0.7826119476864084046, -0.7374999999999998224, -0.3950533839615076870 ) ) ;
#2546 = ORIENTED_EDGE ( 'NONE', *, *, #1930, .F. ) ;
#2547 = DIRECTION ( 'NONE',  ( 0.000000000000000000, 0.000000000000000000, -1.000000000000000000 ) ) ;
#2548 = DIRECTION ( 'NONE',  ( -1.000000000000000000, 0.000000000000000000, -0.000000000000000000 ) ) ;
#2549 = VERTEX_POINT ( 'NONE', #640 ) ;
#2550 = SURFACE_SIDE_STYLE ('',( #2535 ) ) ;
#2551 = FILL_AREA_STYLE_COLOUR ( '', #2775 ) ;
#2552 = COLOUR_RGB ( '',0.8039215686274510109, 0.8039215686274510109, 0.8039215686274510109 ) ;
#2553 = CIRCLE ( 'NONE', #1188, 0.05000000000000002359 ) ;
#2554 = ORIENTED_EDGE ( 'NONE', *, *, #829, .T. ) ;
#2555 = SPHERICAL_SURFACE ( 'NONE', #1559, 0.05000000000000000278 ) ;
#2556 =( NAMED_UNIT ( * ) PLANE_ANGLE_UNIT ( ) SI_UNIT ( $, .RADIAN. ) );
#2557 = DIRECTION ( 'NONE',  ( -0.06958737431666479900, 0.06958737431666479900, -0.9951458157835084695 ) ) ;
#2558 = MECHANICAL_DESIGN_GEOMETRIC_PRESENTATION_REPRESENTATION (  '', ( #798 ), #953 ) ;
#2559 = PRESENTATION_LAYER_ASSIGNMENT (  '', '', ( #202 ) ) ;
#2560 = DIRECTION ( 'NONE',  ( -0.06958737431666482676, 0.06958737431666482676, -0.9951458157835086915 ) ) ;
#2561 = DIRECTION ( 'NONE',  ( -0.000000000000000000, 1.000000000000000000, 0.000000000000000000 ) ) ;
#2562 = CARTESIAN_POINT ( 'NONE',  ( -0.6499999999999998002, -0.7374999999999998224, -0.1699999999999993738 ) ) ;
#2563 = ORIENTED_EDGE ( 'NONE', *, *, #493, .F. ) ;
#2564 = DIRECTION ( 'NONE',  ( 1.000000000000000000, 0.000000000000000000, 0.000000000000000000 ) ) ;
#2565 = DIRECTION ( 'NONE',  ( -0.000000000000000000, -0.000000000000000000, 1.000000000000000000 ) ) ;
#2566 = EDGE_CURVE ( 'NONE', #2111, #3057, #1320, .T. ) ;
#2567 = VERTEX_POINT ( 'NONE', #1125 ) ;
#2568 = DIRECTION ( 'NONE',  ( -0.9993908270190956511, 0.000000000000000000, 0.03489949670250223901 ) ) ;
#2569 = AXIS2_PLACEMENT_3D ( 'NONE', #1585, #1809, #1048 ) ;
#2570 = AXIS2_PLACEMENT_3D ( 'NONE', #370, #1086, #2568 ) ;
#2571 = ORIENTED_EDGE ( 'NONE', *, *, #921, .F. ) ;
#2572 = FILL_AREA_STYLE_COLOUR ( '', #2274 ) ;
#2573 = CARTESIAN_POINT ( 'NONE',  ( -1.199999999999999956, 1.162500000000000089, -0.5749999999999997335 ) ) ;
#2574 = CARTESIAN_POINT ( 'NONE',  ( -0.6843537075104185741, -1.162499999999999867, -0.1270274667700337368 ) ) ;
#2575 = CYLINDRICAL_SURFACE ( 'NONE', #2730, 0.2000000000000000389 ) ;
#2576 = AXIS2_PLACEMENT_3D ( 'NONE', #165, #690, #2641 ) ;
#2577 = DIRECTION ( 'NONE',  ( 0.06958737431666479900, 0.06958737431666479900, 0.9951458157835084695 ) ) ;
#2578 = ORIENTED_EDGE ( 'NONE', *, *, #1962, .T. ) ;
#2579 = CARTESIAN_POINT ( 'NONE',  ( -0.5715575462588197153, -1.381557546258819880, -0.4749999999999999223 ) ) ;
#2580 = FACE_OUTER_BOUND ( 'NONE', #1093, .T. ) ;
#2581 = EDGE_CURVE ( 'NONE', #2164, #991, #3006, .T. ) ;
#2582 = ORIENTED_EDGE ( 'NONE', *, *, #852, .T. ) ;
#2583 = CARTESIAN_POINT ( 'NONE',  ( 0.6499999999999998002, 1.409999999999999920, -0.07000000000000000666 ) ) ;
#2584 = DIRECTION ( 'NONE',  ( -2.168404344971012812E-15, -1.000000000000000000, 0.000000000000000000 ) ) ;
#2585 = EDGE_LOOP ( 'NONE', ( #601, #1165, #1266, #2091, #2578, #2816, #2492, #1418, #2979, #1443 ) ) ;
#2586 = VECTOR ( 'NONE', #2577, 1000.000000000000114 ) ;
#2587 = DIRECTION ( 'NONE',  ( 0.000000000000000000, 0.9975640502598243087, 0.06975647374412546897 ) ) ;
#2588 = DIRECTION ( 'NONE',  ( 0.000000000000000000, 0.000000000000000000, -1.000000000000000000 ) ) ;
#2589 = FILL_AREA_STYLE ('',( #3042 ) ) ;
#2590 = ORIENTED_EDGE ( 'NONE', *, *, #757, .F. ) ;
#2591 = CYLINDRICAL_SURFACE ( 'NONE', #1137, 0.06500000000000000222 ) ;
#2592 = FILL_AREA_STYLE ('',( #2843 ) ) ;
#2593 = ORIENTED_EDGE ( 'NONE', *, *, #1114, .F. ) ;
#2594 = DIRECTION ( 'NONE',  ( 0.000000000000000000, 1.000000000000000000, 0.000000000000000000 ) ) ;
#2595 = EDGE_CURVE ( 'NONE', #2801, #2329, #1818, .T. ) ;
#2596 = CLOSED_SHELL ( 'NONE', ( #780, #2796, #2379, #86, #593, #1149, #1446, #954, #1028, #1641, #2907, #2102, #1815, #1076, #2927, #2000, #3005, #2742, #1714, #610, #238, #2852, #777, #915, #2031, #1406, #2296, #1625, #1604, #667, #2834, #1914, #2943, #224, #1608, #1425, #2320, #1657, #1927, #1351, #2452, #2982, #110, #568, #277 ) ) ;
#2597 = VERTEX_POINT ( 'NONE', #2079 ) ;
#2598 = DIRECTION ( 'NONE',  ( 0.000000000000000000, 0.000000000000000000, -1.000000000000000000 ) ) ;
#2599 = CARTESIAN_POINT ( 'NONE',  ( 0.6001217974870084459, 1.459999999999999742, 0.07000000000000000666 ) ) ;
#2600 = SURFACE_STYLE_FILL_AREA ( #912 ) ;
#2601 = EDGE_CURVE ( 'NONE', #1296, #2484, #3054, .T. ) ;
#2602 = PRESENTATION_LAYER_ASSIGNMENT (  '', '', ( #1552 ) ) ;
#2603 = EDGE_CURVE ( 'NONE', #1975, #1592, #98, .T. ) ;
#2604 = CYLINDRICAL_SURFACE ( 'NONE', #1935, 0.05000000000000002359 ) ;
#2605 = VECTOR ( 'NONE', #634, 1000.000000000000000 ) ;
#2606 = ORIENTED_EDGE ( 'NONE', *, *, #1326, .F. ) ;
#2607 = DIRECTION ( 'NONE',  ( -0.000000000000000000, 1.000000000000000000, 0.000000000000000000 ) ) ;
#2608 = CARTESIAN_POINT ( 'NONE',  ( 0.6499999999999998002, 1.410121797487008388, -0.07000000000000000666 ) ) ;
#2609 = DIRECTION ( 'NONE',  ( 1.000000000000000000, 0.000000000000000000, 0.000000000000000000 ) ) ;
#2610 = VECTOR ( 'NONE', #660, 1000.000000000000000 ) ;
#2611 = ORIENTED_EDGE ( 'NONE', *, *, #1225, .F. ) ;
#2612 = CARTESIAN_POINT ( 'NONE',  ( -0.6500000000000001332, -1.460000000000000187, 0.07000000000000000666 ) ) ;
#2613 = DIRECTION ( 'NONE',  ( -3.097720492815723123E-15, -0.000000000000000000, -1.000000000000000000 ) ) ;
#2614 = EDGE_LOOP ( 'NONE', ( #379, #2563, #2590, #1869 ) ) ;
#2615 = DIRECTION ( 'NONE',  ( -0.1391731009600618851, 0.000000000000000000, -0.9902680687415708061 ) ) ;
#2616 = DIRECTION ( 'NONE',  ( 0.9975640502598243087, 0.000000000000000000, 0.06975647374412544122 ) ) ;
#2617 = VECTOR ( 'NONE', #2822, 1000.000000000000000 ) ;
#2618 = CIRCLE ( 'NONE', #113, 0.2000000000000000389 ) ;
#2619 = DIRECTION ( 'NONE',  ( 0.000000000000000000, 0.000000000000000000, -1.000000000000000000 ) ) ;
#2620 = EDGE_CURVE ( 'NONE', #1650, #360, #2124, .T. ) ;
#2621 = VECTOR ( 'NONE', #1919, 1000.000000000000000 ) ;
#2622 = AXIS2_PLACEMENT_3D ( 'NONE', #2941, #2234, #102 ) ;
#2623 = VECTOR ( 'NONE', #2297, 1000.000000000000000 ) ;
#2624 = EDGE_CURVE ( 'NONE', #604, #1838, #3097, .T. ) ;
#2625 = ORIENTED_EDGE ( 'NONE', *, *, #203, .F. ) ;
#2626 = FACE_OUTER_BOUND ( 'NONE', #1105, .T. ) ;
#2627 = DIRECTION ( 'NONE',  ( 0.000000000000000000, 0.000000000000000000, 1.000000000000000000 ) ) ;
#2628 = ORIENTED_EDGE ( 'NONE', *, *, #1673, .F. ) ;
#2629 = CARTESIAN_POINT ( 'NONE',  ( -0.5715575462588197153, 1.381557546258819436, -0.4749999999999999223 ) ) ;
#2630 = CARTESIAN_POINT ( 'NONE',  ( -0.6500000000000001332, -1.460000000000000187, 0.07000000000000000666 ) ) ;
#2631 = COLOUR_RGB ( '',0.9607843137254902244, 0.9607843137254902244, 0.9607843137254902244 ) ;
#2632 = ORIENTED_EDGE ( 'NONE', *, *, #235, .T. ) ;
#2633 = DIRECTION ( 'NONE',  ( -0.000000000000000000, 1.000000000000000000, 0.000000000000000000 ) ) ;
#2634 = CARTESIAN_POINT ( 'NONE',  ( 0.6502415303407385050, 1.410363327827747426, -0.06654595520622472171 ) ) ;
#2635 = DIRECTION ( 'NONE',  ( 0.000000000000000000, 0.000000000000000000, -1.000000000000000000 ) ) ;
#2636 = ADVANCED_FACE ( 'NONE', ( #1702 ), #239, .T. ) ;
#2637 = ORIENTED_EDGE ( 'NONE', *, *, #681, .T. ) ;
#2638 = STYLED_ITEM ( 'NONE', ( #2067 ), #926 ) ;
#2639 = FILL_AREA_STYLE ('',( #1696 ) ) ;
#2640 = SURFACE_SIDE_STYLE ('',( #1934 ) ) ;
#2641 = DIRECTION ( 'NONE',  ( 0.000000000000000000, 0.9975640502598241977, 0.06975647374412545509 ) ) ;
#2642 = EDGE_CURVE ( 'NONE', #87, #1923, #1220, .T. ) ;
#2643 = ORIENTED_EDGE ( 'NONE', *, *, #2870, .F. ) ;
#2644 = LINE ( 'NONE', #2909, #1653 ) ;
#2645 = SURFACE_STYLE_FILL_AREA ( #56 ) ;
#2646 = AXIS2_PLACEMENT_3D ( 'NONE', #1718, #40, #2940 ) ;
#2647 = ORIENTED_EDGE ( 'NONE', *, *, #569, .T. ) ;
#2648 = SURFACE_STYLE_FILL_AREA ( #2864 ) ;
#2649 = CARTESIAN_POINT ( 'NONE',  ( -0.8824073209654356154, 1.162500000000000089, -0.09919284661924154811 ) ) ;
#2650 = STYLED_ITEM ( 'NONE', ( #1743 ), #153 ) ;
#2651 = DIRECTION ( 'NONE',  ( 0.000000000000000000, 0.000000000000000000, 1.000000000000000000 ) ) ;
#2652 = CARTESIAN_POINT ( 'NONE',  ( -1.199999999999999956, -1.162499999999999867, -0.5749999999999997335 ) ) ;
#2653 = VECTOR ( 'NONE', #39, 1000.000000000000000 ) ;
#2654 = STYLED_ITEM ( 'NONE', ( #2295 ), #469 ) ;
#2655 = ORIENTED_EDGE ( 'NONE', *, *, #1523, .T. ) ;
#2656 =( LENGTH_UNIT ( ) NAMED_UNIT ( * ) SI_UNIT ( .MILLI., .METRE. ) );
#2657 = FILL_AREA_STYLE ('',( #249 ) ) ;
#2658 = ORIENTED_EDGE ( 'NONE', *, *, #589, .F. ) ;
#2659 = PRESENTATION_STYLE_ASSIGNMENT (( #1960 ) ) ;
#2660 = PLANE ( 'NONE',  #3099 ) ;
#2661 = EDGE_CURVE ( 'NONE', #909, #2903, #951, .T. ) ;
#2662 = SURFACE_SIDE_STYLE ('',( #1431 ) ) ;
#2663 = EDGE_CURVE ( 'NONE', #2111, #3082, #2862, .T. ) ;
#2664 = ORIENTED_EDGE ( 'NONE', *, *, #549, .T. ) ;
#2665 = LINE ( 'NONE', #515, #2328 ) ;
#2666 = LINE ( 'NONE', #2634, #753 ) ;
#2667 = CARTESIAN_POINT ( 'NONE',  ( -0.6500000000000001332, -1.460000000000000187, 0.07000000000000000666 ) ) ;
#2668 =( GEOMETRIC_REPRESENTATION_CONTEXT ( 3 ) GLOBAL_UNCERTAINTY_ASSIGNED_CONTEXT ( ( #621 ) ) GLOBAL_UNIT_ASSIGNED_CONTEXT ( ( #1336, #2064, #2522 ) ) REPRESENTATION_CONTEXT ( 'NONE', 'WORKASPACE' ) );
#2669 = VERTEX_POINT ( 'NONE', #513 ) ;
#2670 = DIRECTION ( 'NONE',  ( -0.06958737431666482676, -0.06958737431666482676, -0.9951458157835086915 ) ) ;
#2671 = CARTESIAN_POINT ( 'NONE',  ( -0.6214357487718109585, 1.381557546258819436, 0.4784878236872062152 ) ) ;
#2672 = CIRCLE ( 'NONE', #1312, 0.06500000000000000222 ) ;
#2673 = VERTEX_POINT ( 'NONE', #925 ) ;
#2674 = CARTESIAN_POINT ( 'NONE',  ( -0.8824073209654356154, -1.162499999999999867, -0.09919284661924154811 ) ) ;
#2675 = FACE_OUTER_BOUND ( 'NONE', #195, .T. ) ;
#2676 = CARTESIAN_POINT ( 'NONE',  ( -0.6500000000000001332, 1.410121797487008388, 0.07000000000000000666 ) ) ;
#2677 = LINE ( 'NONE', #591, #2055 ) ;
#2678 = EDGE_CURVE ( 'NONE', #2743, #1135, #24, .T. ) ;
#2679 = ORIENTED_EDGE ( 'NONE', *, *, #2473, .T. ) ;
#2680 = PLANE ( 'NONE',  #231 ) ;
#2681 = DIRECTION ( 'NONE',  ( 1.000000000000000000, 0.000000000000000000, 0.000000000000000000 ) ) ;
#2682 = LINE ( 'NONE', #1488, #2783 ) ;
#2683 = DIRECTION ( 'NONE',  ( 0.000000000000000000, 1.000000000000000000, 0.000000000000000000 ) ) ;
#2684 = ORIENTED_EDGE ( 'NONE', *, *, #1860, .F. ) ;
#2685 = AXIS2_PLACEMENT_3D ( 'NONE', #2290, #2310, #2056 ) ;
#2686 = VECTOR ( 'NONE', #2557, 1000.000000000000114 ) ;
#2687 = ORIENTED_EDGE ( 'NONE', *, *, #1582, .T. ) ;
#2688 = CARTESIAN_POINT ( 'NONE',  ( 1.199999999999999956, 0.2125000000000001332, -0.5750000000000000666 ) ) ;
#2689 = CARTESIAN_POINT ( 'NONE',  ( -0.6003633278277477059, 1.410363327827747426, -0.06305813151901844271 ) ) ;
#2690 = CARTESIAN_POINT ( 'NONE',  ( -0.5065575462588198796, 1.251557546258819320, 0.5149999999999999023 ) ) ;
#2691 = COLOUR_RGB ( '',0.8039215686274510109, 0.8039215686274510109, 0.8039215686274510109 ) ;
#2692 = EDGE_LOOP ( 'NONE', ( #2687, #677, #2359, #81 ) ) ;
#2693 = PRESENTATION_LAYER_ASSIGNMENT (  '', '', ( #1083 ) ) ;
#2694 = PRESENTATION_STYLE_ASSIGNMENT (( #1031 ) ) ;
#2695 = CARTESIAN_POINT ( 'NONE',  ( -1.199999999999999956, 0.7375000000000000444, -0.5749999999999997335 ) ) ;
#2696 = EDGE_CURVE ( 'NONE', #868, #2111, #1617, .T. ) ;
#2697 = CARTESIAN_POINT ( 'NONE',  ( -0.6001217974870090011, -1.460000000000000187, -0.07000000000000000666 ) ) ;
#2698 = EDGE_CURVE ( 'NONE', #2164, #1949, #1824, .T. ) ;
#2699 = CLOSED_SHELL ( 'NONE', ( #1740, #1507, #2358, #796 ) ) ;
#2700 = VECTOR ( 'NONE', #1968, 1000.000000000000000 ) ;
#2701 = AXIS2_PLACEMENT_3D ( 'NONE', #1445, #1185, #1025 ) ;
#2702 = ORIENTED_EDGE ( 'NONE', *, *, #72, .T. ) ;
#2703 = DIRECTION ( 'NONE',  ( -0.000000000000000000, -0.000000000000000000, 1.000000000000000000 ) ) ;
#2704 = LINE ( 'NONE', #248, #3069 ) ;
#2705 = CIRCLE ( 'NONE', #1649, 0.06500000000000000222 ) ;
#2706 = ORIENTED_EDGE ( 'NONE', *, *, #2758, .T. ) ;
#2707 = CARTESIAN_POINT ( 'NONE',  ( 0.5715575462588193822, -1.381557546258819658, 0.5250000000000000222 ) ) ;
#2708 = DIRECTION ( 'NONE',  ( -0.000000000000000000, -1.000000000000000000, -0.000000000000000000 ) ) ;
#2709 = CARTESIAN_POINT ( 'NONE',  ( -0.5715575462588197153, -1.381557546258819880, 0.4749999999999999223 ) ) ;
#2710 = CARTESIAN_POINT ( 'NONE',  ( 0.5715575462588193822, 1.381557546258819213, -0.5250000000000000222 ) ) ;
#2711 = VECTOR ( 'NONE', #1763, 1000.000000000000000 ) ;
#2712 = ORIENTED_EDGE ( 'NONE', *, *, #46, .T. ) ;
#2713 = FILL_AREA_STYLE_COLOUR ( '', #2487 ) ;
#2714 = DIRECTION ( 'NONE',  ( -0.9993908270190956511, 0.000000000000000000, -0.03489949670250223901 ) ) ;
#2715 = SURFACE_STYLE_FILL_AREA ( #1277 ) ;
#2716 = EDGE_CURVE ( 'NONE', #400, #2465, #1464, .T. ) ;
#2717 = EDGE_CURVE ( 'NONE', #3077, #604, #2741, .T. ) ;
#2718 = ORIENTED_EDGE ( 'NONE', *, *, #3060, .F. ) ;
#2719 = CARTESIAN_POINT ( 'NONE',  ( -0.5065575462588198796, 1.251557546258819320, 0.5149999999999999023 ) ) ;
#2720 = PRESENTATION_STYLE_ASSIGNMENT (( #143 ) ) ;
#2721 = ORIENTED_EDGE ( 'NONE', *, *, #2827, .F. ) ;
#2722 = PLANE ( 'NONE',  #353 ) ;
#2723 = DIRECTION ( 'NONE',  ( 1.000000000000000000, -0.000000000000000000, -0.000000000000000000 ) ) ;
#2724 = LINE ( 'NONE', #1546, #2463 ) ;
#2725 = AXIS2_PLACEMENT_3D ( 'NONE', #2445, #1238, #1752 ) ;
#2726 = AXIS2_PLACEMENT_3D ( 'NONE', #2090, #680, #1168 ) ;
#2727 = ORIENTED_EDGE ( 'NONE', *, *, #1210, .F. ) ;
#2728 = CARTESIAN_POINT ( 'NONE',  ( 1.199999999999999956, 0.2125000000000001332, -0.5750000000000000666 ) ) ;
#2729 = CARTESIAN_POINT ( 'NONE',  ( -0.6181833005657029201, 1.431435748771810568, -0.4784878236872062152 ) ) ;
#2730 = AXIS2_PLACEMENT_3D ( 'NONE', #403, #1357, #2306 ) ;
#2731 = PRESENTATION_STYLE_ASSIGNMENT (( #2488 ) ) ;
#2732 = CARTESIAN_POINT ( 'NONE',  ( -1.015605080276969607, 0.7375000000000000444, -0.3284144968811851806 ) ) ;
#2733 = VERTEX_POINT ( 'NONE', #1027 ) ;
#2734 = UNCERTAINTY_MEASURE_WITH_UNIT (LENGTH_MEASURE( 1.000000000000000082E-05 ), #1779, 'distance_accuracy_value', 'NONE');
#2735 = FACE_OUTER_BOUND ( 'NONE', #2081, .T. ) ;
#2736 = EDGE_CURVE ( 'NONE', #1508, #1208, #2911, .T. ) ;
#2737 = ORIENTED_EDGE ( 'NONE', *, *, #497, .F. ) ;
#2738 = SURFACE_STYLE_FILL_AREA ( #1525 ) ;
#2739 = DIRECTION ( 'NONE',  ( 0.9993908270190956511, 0.000000000000000000, 0.03489949670250162145 ) ) ;
#2740 = SURFACE_STYLE_USAGE ( .BOTH. , #1850 ) ;
#2741 = LINE ( 'NONE', #759, #465 ) ;
#2742 = ADVANCED_FACE ( 'NONE', ( #1515 ), #1301, .T. ) ;
#2743 = VERTEX_POINT ( 'NONE', #2186 ) ;
#2744 = CARTESIAN_POINT ( 'NONE',  ( -0.9806655614347226102, 1.162500000000000089, -0.3672187637694953044 ) ) ;
#2745 =( NAMED_UNIT ( * ) SI_UNIT ( $, .STERADIAN. ) SOLID_ANGLE_UNIT ( ) );
#2746 = AXIS2_PLACEMENT_3D ( 'NONE', #1353, #397, #2011 ) ;
#2747 =( LENGTH_UNIT ( ) NAMED_UNIT ( * ) SI_UNIT ( .MILLI., .METRE. ) );
#2748 = ORIENTED_EDGE ( 'NONE', *, *, #2983, .T. ) ;
#2749 = DIRECTION ( 'NONE',  ( 1.000000000000000000, 0.000000000000000000, 0.000000000000000000 ) ) ;
#2750 = SURFACE_SIDE_STYLE ('',( #328 ) ) ;
#2751 = ORIENTED_EDGE ( 'NONE', *, *, #2928, .T. ) ;
#2752 = DIRECTION ( 'NONE',  ( 0.000000000000000000, 1.000000000000000000, 0.000000000000000000 ) ) ;
#2753 = FACE_OUTER_BOUND ( 'NONE', #1665, .T. ) ;
#2754 = SURFACE_STYLE_FILL_AREA ( #3050 ) ;
#2755 = UNCERTAINTY_MEASURE_WITH_UNIT (LENGTH_MEASURE( 1.000000000000000082E-05 ), #741, 'distance_accuracy_value', 'NONE');
#2756 = STYLED_ITEM ( 'NONE', ( #1323 ), #166 ) ;
#2757 = EDGE_CURVE ( 'NONE', #2168, #1135, #71, .T. ) ;
#2758 = EDGE_CURVE ( 'NONE', #803, #2002, #805, .T. ) ;
#2759 = ORIENTED_EDGE ( 'NONE', *, *, #1472, .T. ) ;
#2760 = CARTESIAN_POINT ( 'NONE',  ( -0.5715575462588198263, -1.381557546258819658, -0.5250000000000000222 ) ) ;
#2761 = CARTESIAN_POINT ( 'NONE',  ( 0.5715575462588192712, -1.381557546258819880, 0.4749999999999999223 ) ) ;
#2762 = DIRECTION ( 'NONE',  ( -0.000000000000000000, -1.000000000000000000, -0.000000000000000000 ) ) ;
#2763 = FILL_AREA_STYLE ('',( #2122 ) ) ;
#2764 = CARTESIAN_POINT ( 'NONE',  ( 0.6499999999999998002, 0.2125000000000001332, -0.1699999999999995126 ) ) ;
#2765 = UNCERTAINTY_MEASURE_WITH_UNIT (LENGTH_MEASURE( 1.000000000000000082E-05 ), #576, 'distance_accuracy_value', 'NONE');
#2766 = CARTESIAN_POINT ( 'NONE',  ( -0.5715575462588197153, -1.381557546258819880, 0.4749999999999999223 ) ) ;
#2767 = DIRECTION ( 'NONE',  ( 0.1391731009600621349, 0.000000000000000000, 0.9902680687415706950 ) ) ;
#2768 = EDGE_LOOP ( 'NONE', ( #182, #2255, #1655, #1563 ) ) ;
#2769 = DIRECTION ( 'NONE',  ( 0.000000000000000000, 0.000000000000000000, -1.000000000000000000 ) ) ;
#2770 = SURFACE_STYLE_FILL_AREA ( #1109 ) ;
#2771 = PRESENTATION_STYLE_ASSIGNMENT (( #364 ) ) ;
#2772 = AXIS2_PLACEMENT_3D ( 'NONE', #1249, #507, #1458 ) ;
#2773 = ORIENTED_EDGE ( 'NONE', *, *, #1350, .F. ) ;
#2774 = AXIS2_PLACEMENT_3D ( 'NONE', #1122, #1364, #2133 ) ;
#2775 = COLOUR_RGB ( '',0.8039215686274510109, 0.8039215686274510109, 0.8039215686274510109 ) ;
#2776 = CARTESIAN_POINT ( 'NONE',  ( -0.5715575462588197153, 1.431435748771810568, 0.4784878236872062152 ) ) ;
#2777 = FILL_AREA_STYLE_COLOUR ( '', #80 ) ;
#2778 = LINE ( 'NONE', #2573, #2610 ) ;
#2779 = CARTESIAN_POINT ( 'NONE',  ( 0.6843537075104185741, 0.2125000000000001332, -0.1270274667700339033 ) ) ;
#2780 = STYLED_ITEM ( 'NONE', ( #1614 ), #1872 ) ;
#2781 = ORIENTED_EDGE ( 'NONE', *, *, #2542, .F. ) ;
#2782 = DIRECTION ( 'NONE',  ( 1.000000000000000000, 0.000000000000000000, -0.000000000000000000 ) ) ;
#2783 = VECTOR ( 'NONE', #1015, 1000.000000000000000 ) ;
#2784 = EDGE_LOOP ( 'NONE', ( #2751, #1765, #2571, #623 ) ) ;
#2785 = CARTESIAN_POINT ( 'NONE',  ( -0.6500000000000001332, 1.409999999999999920, 0.07000000000000000666 ) ) ;
#2786 = FILL_AREA_STYLE_COLOUR ( '', #2222 ) ;
#2787 =( NAMED_UNIT ( * ) SI_UNIT ( $, .STERADIAN. ) SOLID_ANGLE_UNIT ( ) );
#2788 = EDGE_LOOP ( 'NONE', ( #426, #1302, #2369, #2985 ) ) ;
#2789 = FILL_AREA_STYLE_COLOUR ( '', #440 ) ;
#2790 = ORIENTED_EDGE ( 'NONE', *, *, #760, .T. ) ;
#2791 = EDGE_CURVE ( 'NONE', #275, #2104, #543, .T. ) ;
#2792 = FILL_AREA_STYLE ('',( #2777 ) ) ;
#2793 = DIRECTION ( 'NONE',  ( -1.000000000000000000, 4.336808689942015369E-15, 0.000000000000000000 ) ) ;
#2794 = SURFACE_STYLE_FILL_AREA ( #2763 ) ;
#2795 =( GEOMETRIC_REPRESENTATION_CONTEXT ( 3 ) GLOBAL_UNCERTAINTY_ASSIGNED_CONTEXT ( ( #2765 ) ) GLOBAL_UNIT_ASSIGNED_CONTEXT ( ( #576, #1704, #2930 ) ) REPRESENTATION_CONTEXT ( 'NONE', 'WORKASPACE' ) );
#2796 = ADVANCED_FACE ( 'NONE', ( #1008 ), #789, .F. ) ;
#2797 = VERTEX_POINT ( 'NONE', #319 ) ;
#2798 = UNCERTAINTY_MEASURE_WITH_UNIT (LENGTH_MEASURE( 1.000000000000000082E-05 ), #1999, 'distance_accuracy_value', 'NONE');
#2799 = CARTESIAN_POINT ( 'NONE',  ( 0.5999999999999996447, 1.409999999999999698, 0.07000000000000000666 ) ) ;
#2800 = DIRECTION ( 'NONE',  ( 0.000000000000000000, 0.9975640502598243087, -0.06975647374412546897 ) ) ;
#2801 = VERTEX_POINT ( 'NONE', #58 ) ;
#2802 = DIRECTION ( 'NONE',  ( 0.000000000000000000, 0.000000000000000000, -1.000000000000000000 ) ) ;
#2803 = SURFACE_STYLE_USAGE ( .BOTH. , #2536 ) ;
#2804 = PRESENTATION_LAYER_ASSIGNMENT (  '', '', ( #450 ) ) ;
#2805 = VECTOR ( 'NONE', #2472, 1000.000000000000000 ) ;
#2806 = EDGE_LOOP ( 'NONE', ( #2811, #2830, #178, #94 ) ) ;
#2807 = CARTESIAN_POINT ( 'NONE',  ( -0.5715575462588197153, -1.381557546258819880, -0.4749999999999999223 ) ) ;
#2808 = SURFACE_STYLE_USAGE ( .BOTH. , #1908 ) ;
#2809 = AXIS2_PLACEMENT_3D ( 'NONE', #1042, #595, #2681 ) ;
#2810 = DIRECTION ( 'NONE',  ( 1.000000000000000000, 0.000000000000000000, 0.000000000000000000 ) ) ;
#2811 = ORIENTED_EDGE ( 'NONE', *, *, #1098, .F. ) ;
#2812 = ORIENTED_EDGE ( 'NONE', *, *, #151, .F. ) ;
#2813 = CARTESIAN_POINT ( 'NONE',  ( -0.6292980109636158170, 1.459928822882995858, -0.07101726198154544034 ) ) ;
#2814 = LINE ( 'NONE', #1622, #1876 ) ;
#2815 = EDGE_CURVE ( 'NONE', #754, #1894, #1952, .T. ) ;
#2816 = ORIENTED_EDGE ( 'NONE', *, *, #1250, .T. ) ;
#2817 = CARTESIAN_POINT ( 'NONE',  ( 0.6292980109636150399, -1.459928822882996080, 0.07101726198154639791 ) ) ;
#2818 = DIRECTION ( 'NONE',  ( -2.168404344971012418E-15, -0.9975640502598241977, 0.06975647374412545509 ) ) ;
#2819 = AXIS2_PLACEMENT_3D ( 'NONE', #2761, #870, #2818 ) ;
#2820 = ORIENTED_EDGE ( 'NONE', *, *, #472, .F. ) ;
#2821 = DIRECTION ( 'NONE',  ( 0.000000000000000000, -0.06975647374412545509, 0.9975640502598241977 ) ) ;
#2822 = DIRECTION ( 'NONE',  ( -0.000000000000000000, -1.000000000000000000, -0.000000000000000000 ) ) ;
#2823 = STYLED_ITEM ( 'NONE', ( #2189 ), #2417 ) ;
#2824 = COLOUR_RGB ( '',0.8039215686274510109, 0.8039215686274510109, 0.8039215686274510109 ) ;
#2825 = EDGE_LOOP ( 'NONE', ( #172, #1002, #3035, #722 ) ) ;
#2826 = FACE_OUTER_BOUND ( 'NONE', #949, .T. ) ;
#2827 = EDGE_CURVE ( 'NONE', #1010, #2476, #2677, .T. ) ;
#2828 = CARTESIAN_POINT ( 'NONE',  ( -1.199999999999999956, -1.162499999999999867, -0.5749999999999997335 ) ) ;
#2829 =( NAMED_UNIT ( * ) PLANE_ANGLE_UNIT ( ) SI_UNIT ( $, .RADIAN. ) );
#2830 = ORIENTED_EDGE ( 'NONE', *, *, #719, .T. ) ;
#2831 = EDGE_CURVE ( 'NONE', #2263, #1958, #2724, .T. ) ;
#2832 = CARTESIAN_POINT ( 'NONE',  ( -0.6000000000000001998, 1.459999999999999742, -0.07000000000000000666 ) ) ;
#2833 = DIRECTION ( 'NONE',  ( -0.000000000000000000, -1.000000000000000000, -0.000000000000000000 ) ) ;
#2834 = ADVANCED_FACE ( 'NONE', ( #1769 ), #2214, .T. ) ;
#2835 = VERTEX_POINT ( 'NONE', #2710 ) ;
#2836 =( NAMED_UNIT ( * ) PLANE_ANGLE_UNIT ( ) SI_UNIT ( $, .RADIAN. ) );
#2837 = MECHANICAL_DESIGN_GEOMETRIC_PRESENTATION_REPRESENTATION (  '', ( #1485 ), #939 ) ;
#2838 = SURFACE_SIDE_STYLE ('',( #2129 ) ) ;
#2839 = CARTESIAN_POINT ( 'NONE',  ( 0.6499999999999998002, -1.460000000000000187, -0.07000000000000000666 ) ) ;
#2840 =( GEOMETRIC_REPRESENTATION_CONTEXT ( 3 ) GLOBAL_UNCERTAINTY_ASSIGNED_CONTEXT ( ( #2028 ) ) GLOBAL_UNIT_ASSIGNED_CONTEXT ( ( #401, #910, #3024 ) ) REPRESENTATION_CONTEXT ( 'NONE', 'WORKASPACE' ) );
#2841 = CIRCLE ( 'NONE', #88, 0.09999999999999993616 ) ;
#2842 = EDGE_LOOP ( 'NONE', ( #1748, #1687, #2643, #1410 ) ) ;
#2843 = FILL_AREA_STYLE_COLOUR ( '', #1309 ) ;
#2844 = ORIENTED_EDGE ( 'NONE', *, *, #32, .T. ) ;
#2845 = CARTESIAN_POINT ( 'NONE',  ( 0.6499288228829959158, -1.439298010963615537, 0.07101726198154639791 ) ) ;
#2846 = DIRECTION ( 'NONE',  ( 0.06958737431666479900, 0.06958737431666479900, -0.9951458157835084695 ) ) ;
#2847 = EDGE_CURVE ( 'NONE', #1949, #2801, #303, .T. ) ;
#2848 = EDGE_CURVE ( 'NONE', #2073, #2002, #15, .T. ) ;
#2849 =( GEOMETRIC_REPRESENTATION_CONTEXT ( 3 ) GLOBAL_UNCERTAINTY_ASSIGNED_CONTEXT ( ( #408 ) ) GLOBAL_UNIT_ASSIGNED_CONTEXT ( ( #423, #2556, #1804 ) ) REPRESENTATION_CONTEXT ( 'NONE', 'WORKASPACE' ) );
#2850 = ORIENTED_EDGE ( 'NONE', *, *, #3023, .F. ) ;
#2851 = FACE_OUTER_BOUND ( 'NONE', #444, .T. ) ;
#2852 = ADVANCED_FACE ( 'NONE', ( #352 ), #574, .T. ) ;
#2853 = LINE ( 'NONE', #244, #1834 ) ;
#2854 = CARTESIAN_POINT ( 'NONE',  ( 0.5999999999999996447, -1.460000000000000187, 0.07000000000000000666 ) ) ;
#2855 = EDGE_LOOP ( 'NONE', ( #2276, #1276, #2998, #2267 ) ) ;
#2856 = CYLINDRICAL_SURFACE ( 'NONE', #1503, 0.05000000000000002359 ) ;
#2857 = DIRECTION ( 'NONE',  ( -0.000000000000000000, -1.000000000000000000, -0.000000000000000000 ) ) ;
#2858 = FACE_OUTER_BOUND ( 'NONE', #1023, .T. ) ;
#2859 = ORIENTED_EDGE ( 'NONE', *, *, #549, .F. ) ;
#2860 = DIRECTION ( 'NONE',  ( 1.000000000000000000, 0.000000000000000000, 0.000000000000000000 ) ) ;
#2861 = LINE ( 'NONE', #449, #2077 ) ;
#2862 = LINE ( 'NONE', #1669, #1720 ) ;
#2863 = ORIENTED_EDGE ( 'NONE', *, *, #1148, .F. ) ;
#2864 = FILL_AREA_STYLE ('',( #1629 ) ) ;
#2865 = DIRECTION ( 'NONE',  ( 0.000000000000000000, 0.000000000000000000, 1.000000000000000000 ) ) ;
#2866 = EDGE_CURVE ( 'NONE', #2109, #2465, #1992, .T. ) ;
#2867 = COLOUR_RGB ( '',0.8039215686274510109, 0.8039215686274510109, 0.8039215686274510109 ) ;
#2868 = AXIS2_PLACEMENT_3D ( 'NONE', #18, #770, #751 ) ;
#2869 =( GEOMETRIC_REPRESENTATION_CONTEXT ( 3 ) GLOBAL_UNCERTAINTY_ASSIGNED_CONTEXT ( ( #150 ) ) GLOBAL_UNIT_ASSIGNED_CONTEXT ( ( #657, #1103, #2334 ) ) REPRESENTATION_CONTEXT ( 'NONE', 'WORKASPACE' ) );
#2870 = EDGE_CURVE ( 'NONE', #544, #699, #1722, .T. ) ;
#2871 = EDGE_LOOP ( 'NONE', ( #1572, #1374, #2495, #33 ) ) ;
#2872 = CARTESIAN_POINT ( 'NONE',  ( -0.8824073209654356154, 1.162500000000000089, -0.09919284661924154811 ) ) ;
#2873 = FACE_OUTER_BOUND ( 'NONE', #2187, .T. ) ;
#2874 = ORIENTED_EDGE ( 'NONE', *, *, #70, .T. ) ;
#2875 = CARTESIAN_POINT ( 'NONE',  ( -0.6001217974870090011, -1.460000000000000187, 0.07000000000000000666 ) ) ;
#2876 = PLANE ( 'NONE',  #2500 ) ;
#2877 = LINE ( 'NONE', #950, #1640 ) ;
#2878 = MECHANICAL_DESIGN_GEOMETRIC_PRESENTATION_REPRESENTATION (  '', ( #2469 ), #177 ) ;
#2879 = ORIENTED_EDGE ( 'NONE', *, *, #2624, .T. ) ;
#2880 = FILL_AREA_STYLE_COLOUR ( '', #2691 ) ;
#2881 =( LENGTH_UNIT ( ) NAMED_UNIT ( * ) SI_UNIT ( .MILLI., .METRE. ) );
#2882 = PRESENTATION_STYLE_ASSIGNMENT (( #471 ) ) ;
#2883 = CARTESIAN_POINT ( 'NONE',  ( 0.5715575462588193822, -1.428183300565702973, -0.5250000000000000222 ) ) ;
#2884 = AXIS2_PLACEMENT_3D ( 'NONE', #1842, #2289, #1339 ) ;
#2885 = STYLED_ITEM ( 'NONE', ( #619 ), #1385 ) ;
#2886 = EDGE_CURVE ( 'NONE', #1213, #2476, #289, .T. ) ;
#2887 = EDGE_CURVE ( 'NONE', #2071, #2503, #2250, .T. ) ;
#2888 = EDGE_LOOP ( 'NONE', ( #2318, #1263, #279, #2302 ) ) ;
#2889 = CARTESIAN_POINT ( 'NONE',  ( -0.6499999999999998002, -0.7374999999999998224, 0.07000000000000010381 ) ) ;
#2890 = SURFACE_STYLE_USAGE ( .BOTH. , #2640 ) ;
#2891 =( GEOMETRIC_REPRESENTATION_CONTEXT ( 3 ) GLOBAL_UNCERTAINTY_ASSIGNED_CONTEXT ( ( #1570 ) ) GLOBAL_UNIT_ASSIGNED_CONTEXT ( ( #545, #2946, #1518 ) ) REPRESENTATION_CONTEXT ( 'NONE', 'WORKASPACE' ) );
#2892 = ORIENTED_EDGE ( 'NONE', *, *, #1329, .T. ) ;
#2893 = FACE_OUTER_BOUND ( 'NONE', #745, .T. ) ;
#2894 = CARTESIAN_POINT ( 'NONE',  ( 0.6499999999999998002, 0.2125000000000001332, -0.1699999999999995126 ) ) ;
#2895 = AXIS2_PLACEMENT_3D ( 'NONE', #2166, #788, #288 ) ;
#2896 = ORIENTED_EDGE ( 'NONE', *, *, #952, .F. ) ;
#2897 = DIRECTION ( 'NONE',  ( 0.000000000000000000, 0.000000000000000000, -1.000000000000000000 ) ) ;
#2898 = DIRECTION ( 'NONE',  ( 0.000000000000000000, -0.000000000000000000, -1.000000000000000000 ) ) ;
#2899 = DIRECTION ( 'NONE',  ( 2.168404344971012812E-15, -1.000000000000000000, 0.000000000000000000 ) ) ;
#2900 = ORIENTED_EDGE ( 'NONE', *, *, #1183, .T. ) ;
#2901 = VECTOR ( 'NONE', #2752, 1000.000000000000000 ) ;
#2902 = AXIS2_PLACEMENT_3D ( 'NONE', #1439, #723, #2162 ) ;
#2903 = VERTEX_POINT ( 'NONE', #885 ) ;
#2904 = CARTESIAN_POINT ( 'NONE',  ( 0.9165782734028127265, 0.2125000000000001332, -0.3423318069771916217 ) ) ;
#2905 = CARTESIAN_POINT ( 'NONE',  ( -0.6500000000000001332, -1.410121797487009054, 0.07000000000000000666 ) ) ;
#2906 = DIRECTION ( 'NONE',  ( 0.000000000000000000, 0.000000000000000000, 1.000000000000000000 ) ) ;
#2907 = ADVANCED_FACE ( 'NONE', ( #666 ), #620, .T. ) ;
#2908 = ORIENTED_EDGE ( 'NONE', *, *, #628, .T. ) ;
#2909 = CARTESIAN_POINT ( 'NONE',  ( -1.199999999999999956, 1.162500000000000089, -0.5749999999999997335 ) ) ;
#2910 = DIRECTION ( 'NONE',  ( 0.000000000000000000, 0.000000000000000000, 1.000000000000000000 ) ) ;
#2911 = LINE ( 'NONE', #823, #2101 ) ;
#2912 = EDGE_CURVE ( 'NONE', #699, #726, #1575, .T. ) ;
#2913 = ORIENTED_EDGE ( 'NONE', *, *, #458, .T. ) ;
#2914 =( LENGTH_UNIT ( ) NAMED_UNIT ( * ) SI_UNIT ( .MILLI., .METRE. ) );
#2915 = PRESENTATION_STYLE_ASSIGNMENT (( #3102 ) ) ;
#2916 = CARTESIAN_POINT ( 'NONE',  ( -0.6499999999999998002, 0.7375000000000000444, -0.1699999999999993738 ) ) ;
#2917 = PRESENTATION_STYLE_ASSIGNMENT (( #93 ) ) ;
#2918 = VECTOR ( 'NONE', #2926, 1000.000000000000000 ) ;
#2919 = ORIENTED_EDGE ( 'NONE', *, *, #2135, .F. ) ;
#2920 = MANIFOLD_SOLID_BREP ( 'Boss-Extrude4[2]', #1437 ) ;
#2921 = FACE_OUTER_BOUND ( 'NONE', #1940, .T. ) ;
#2922 = EDGE_CURVE ( 'NONE', #743, #819, #2814, .T. ) ;
#2923 = VERTEX_POINT ( 'NONE', #1798 ) ;
#2924 = PRESENTATION_LAYER_ASSIGNMENT (  '', '', ( #2780 ) ) ;
#2925 = CARTESIAN_POINT ( 'NONE',  ( 0.9736856620942222484, -0.2124999999999999112, -0.5670969291733146678 ) ) ;
#2926 = DIRECTION ( 'NONE',  ( -0.000000000000000000, -1.000000000000000000, -0.000000000000000000 ) ) ;
#2927 = ADVANCED_FACE ( 'NONE', ( #2580 ), #2034, .T. ) ;
#2928 = EDGE_CURVE ( 'NONE', #2950, #692, #2076, .T. ) ;
#2929 = EDGE_LOOP ( 'NONE', ( #901, #2045 ) ) ;
#2930 =( NAMED_UNIT ( * ) SI_UNIT ( $, .STERADIAN. ) SOLID_ANGLE_UNIT ( ) );
#2931 = DIRECTION ( 'NONE',  ( -0.000000000000000000, -1.000000000000000000, -0.000000000000000000 ) ) ;
#2932 = UNCERTAINTY_MEASURE_WITH_UNIT (LENGTH_MEASURE( 1.000000000000000082E-05 ), #993, 'distance_accuracy_value', 'NONE');
#2933 = SURFACE_STYLE_FILL_AREA ( #1969 ) ;
#2934 = ORIENTED_EDGE ( 'NONE', *, *, #2736, .T. ) ;
#2935 = CARTESIAN_POINT ( 'NONE',  ( 0.6499999999999998002, 1.410121797487008388, 0.07000000000000000666 ) ) ;
#2936 = DIRECTION ( 'NONE',  ( -1.000000000000000000, 0.000000000000000000, 0.000000000000000000 ) ) ;
#2937 = STYLED_ITEM ( 'NONE', ( #571 ), #1924 ) ;
#2938 = VERTEX_POINT ( 'NONE', #430 ) ;
#2939 = PRESENTATION_STYLE_ASSIGNMENT (( #2212 ) ) ;
#2940 = DIRECTION ( 'NONE',  ( 0.000000000000000000, 0.000000000000000000, -1.000000000000000000 ) ) ;
#2941 = CARTESIAN_POINT ( 'NONE',  ( 0.5715575462588192712, 1.381557546258819436, 0.4749999999999999223 ) ) ;
#2942 = STYLED_ITEM ( 'NONE', ( #1817 ), #1111 ) ;
#2943 = ADVANCED_FACE ( 'NONE', ( #1561 ), #1349, .T. ) ;
#2944 = ORIENTED_EDGE ( 'NONE', *, *, #2256, .T. ) ;
#2945 =( GEOMETRIC_REPRESENTATION_CONTEXT ( 3 ) GLOBAL_UNCERTAINTY_ASSIGNED_CONTEXT ( ( #1280 ) ) GLOBAL_UNIT_ASSIGNED_CONTEXT ( ( #1909, #2376, #1186 ) ) REPRESENTATION_CONTEXT ( 'NONE', 'WORKASPACE' ) );
#2946 =( NAMED_UNIT ( * ) PLANE_ANGLE_UNIT ( ) SI_UNIT ( $, .RADIAN. ) );
#2947 = FILL_AREA_STYLE_COLOUR ( '', #1502 ) ;
#2948 = EDGE_CURVE ( 'NONE', #2237, #1197, #133, .T. ) ;
#2949 = CARTESIAN_POINT ( 'NONE',  ( -0.9165782734028127265, -0.7374999999999998224, -0.3423318069771913996 ) ) ;
#2950 = VERTEX_POINT ( 'NONE', #1081 ) ;
#2951 = UNCERTAINTY_MEASURE_WITH_UNIT (LENGTH_MEASURE( 1.000000000000000082E-05 ), #1937, 'distance_accuracy_value', 'NONE');
#2952 = LINE ( 'NONE', #112, #2711 ) ;
#2953 = FACE_OUTER_BOUND ( 'NONE', #1953, .T. ) ;
#2954 = VECTOR ( 'NONE', #1792, 1000.000000000000000 ) ;
#2955 = ORIENTED_EDGE ( 'NONE', *, *, #2698, .F. ) ;
#2956 = CARTESIAN_POINT ( 'NONE',  ( 1.199999999999999956, 0.2125000000000001332, -0.5750000000000000666 ) ) ;
#2957 =( LENGTH_UNIT ( ) NAMED_UNIT ( * ) SI_UNIT ( .MILLI., .METRE. ) );
#2958 = CARTESIAN_POINT ( 'NONE',  ( -0.5715575462588197153, 1.381557546258819436, -0.4749999999999999223 ) ) ;
#2959 = ORIENTED_EDGE ( 'NONE', *, *, #2603, .T. ) ;
#2960 = FILL_AREA_STYLE_COLOUR ( '', #2373 ) ;
#2961 = FACE_OUTER_BOUND ( 'NONE', #2855, .T. ) ;
#2962 = EDGE_CURVE ( 'NONE', #592, #1078, #1813, .T. ) ;
#2963 = FILL_AREA_STYLE_COLOUR ( '', #725 ) ;
#2964 = CYLINDRICAL_SURFACE ( 'NONE', #2997, 0.05000000000000002359 ) ;
#2965 = CARTESIAN_POINT ( 'NONE',  ( 1.200000000000000178, 0.2125000000000001332, -0.4349146637981650687 ) ) ;
#2966 = ORIENTED_EDGE ( 'NONE', *, *, #2485, .F. ) ;
#2967 = CARTESIAN_POINT ( 'NONE',  ( -0.5715575462588197153, 1.431435748771810568, -0.4784878236872062152 ) ) ;
#2968 = SURFACE_STYLE_FILL_AREA ( #2513 ) ;
#2969 = AXIS2_PLACEMENT_3D ( 'NONE', #1801, #2093, #1383 ) ;
#2970 = ORIENTED_EDGE ( 'NONE', *, *, #607, .F. ) ;
#2971 = FILL_AREA_STYLE_COLOUR ( '', #2483 ) ;
#2972 = DIRECTION ( 'NONE',  ( -0.000000000000000000, -1.000000000000000000, -0.000000000000000000 ) ) ;
#2973 = MECHANICAL_DESIGN_GEOMETRIC_PRESENTATION_REPRESENTATION (  '', ( #718 ), #264 ) ;
#2974 = ORIENTED_EDGE ( 'NONE', *, *, #1210, .T. ) ;
#2975 = PRESENTATION_STYLE_ASSIGNMENT (( #1800 ) ) ;
#2976 = CARTESIAN_POINT ( 'NONE',  ( -0.5715575462588198263, 1.381557546258819213, 0.4749999999999999223 ) ) ;
#2977 = DIRECTION ( 'NONE',  ( -0.06975647374412545509, 0.000000000000000000, -0.9975640502598241977 ) ) ;
#2978 = UNCERTAINTY_MEASURE_WITH_UNIT (LENGTH_MEASURE( 1.000000000000000082E-05 ), #3072, 'distance_accuracy_value', 'NONE');
#2979 = ORIENTED_EDGE ( 'NONE', *, *, #1114, .T. ) ;
#2980 = CARTESIAN_POINT ( 'NONE',  ( -0.4415575462588198219, 1.251557546258819320, 0.5149999999999999023 ) ) ;
#2981 = SURFACE_STYLE_USAGE ( .BOTH. , #2750 ) ;
#2982 = ADVANCED_FACE ( 'NONE', ( #381 ), #2278, .T. ) ;
#2983 = EDGE_CURVE ( 'NONE', #1018, #1179, #16, .T. ) ;
#2984 = CIRCLE ( 'NONE', #3083, 0.06500000000000000222 ) ;
#2985 = ORIENTED_EDGE ( 'NONE', *, *, #1579, .T. ) ;
#2986 = CARTESIAN_POINT ( 'NONE',  ( 0.6499999999999998002, 0.2125000000000001332, 0.07000000000000000666 ) ) ;
#2987 = CARTESIAN_POINT ( 'NONE',  ( 0.6499999999999998002, -1.460000000000000187, 0.07000000000000000666 ) ) ;
#2988 = DIRECTION ( 'NONE',  ( -1.547916722594556136E-15, -0.000000000000000000, 1.000000000000000000 ) ) ;
#2989 = CIRCLE ( 'NONE', #1681, 0.05000000000000002359 ) ;
#2990 = EDGE_LOOP ( 'NONE', ( #1737, #1368, #3052, #2247 ) ) ;
#2991 = CARTESIAN_POINT ( 'NONE',  ( -0.6500000000000001332, -1.460000000000000187, -0.07000000000000000666 ) ) ;
#2992 =( NAMED_UNIT ( * ) PLANE_ANGLE_UNIT ( ) SI_UNIT ( $, .RADIAN. ) );
#2993 = CARTESIAN_POINT ( 'NONE',  ( -0.6001217974870090011, -1.460000000000000187, -0.07000000000000000666 ) ) ;
#2994 =( NAMED_UNIT ( * ) PLANE_ANGLE_UNIT ( ) SI_UNIT ( $, .RADIAN. ) );
#2995 = DIRECTION ( 'NONE',  ( 0.000000000000000000, 0.000000000000000000, 1.000000000000000000 ) ) ;
#2996 = DIRECTION ( 'NONE',  ( -0.9902680687415708061, 0.000000000000000000, 0.1391731009600621627 ) ) ;
#2997 = AXIS2_PLACEMENT_3D ( 'NONE', #766, #2683, #809 ) ;
#2998 = ORIENTED_EDGE ( 'NONE', *, *, #1189, .F. ) ;
#2999 = CARTESIAN_POINT ( 'NONE',  ( -0.6499999999999998002, 1.162500000000000089, 0.07000000000000010381 ) ) ;
#3000 = FACE_OUTER_BOUND ( 'NONE', #879, .T. ) ;
#3001 = UNCERTAINTY_MEASURE_WITH_UNIT (LENGTH_MEASURE( 1.000000000000000082E-05 ), #1146, 'distance_accuracy_value', 'NONE');
#3002 = AXIS2_PLACEMENT_3D ( 'NONE', #2574, #1372, #857 ) ;
#3003 = VECTOR ( 'NONE', #1476, 1000.000000000000000 ) ;
#3004 = ORIENTED_EDGE ( 'NONE', *, *, #2566, .F. ) ;
#3005 = ADVANCED_FACE ( 'NONE', ( #2858 ), #223, .T. ) ;
#3006 = LINE ( 'NONE', #398, #1466 ) ;
#3007 = VECTOR ( 'NONE', #1922, 1000.000000000000227 ) ;
#3008 = LINE ( 'NONE', #1104, #2456 ) ;
#3009 = FACE_OUTER_BOUND ( 'NONE', #2198, .T. ) ;
#3010 = CIRCLE ( 'NONE', #1654, 0.05000000000000002359 ) ;
#3011 = DIRECTION ( 'NONE',  ( 0.000000000000000000, 0.000000000000000000, 1.000000000000000000 ) ) ;
#3012 = PLANE ( 'NONE',  #1299 ) ;
#3013 = AXIS2_PLACEMENT_3D ( 'NONE', #1143, #2287, #2588 ) ;
#3014 = ORIENTED_EDGE ( 'NONE', *, *, #2125, .T. ) ;
#3015 = DIRECTION ( 'NONE',  ( -4.347398734760404633E-15, -1.000000000000000000, -0.000000000000000000 ) ) ;
#3016 = CARTESIAN_POINT ( 'NONE',  ( 1.015605080276969607, 0.2125000000000001332, -0.3284144968811854581 ) ) ;
#3017 = EDGE_CURVE ( 'NONE', #3018, #38, #2408, .T. ) ;
#3018 = VERTEX_POINT ( 'NONE', #2107 ) ;
#3019 = VECTOR ( 'NONE', #2846, 1000.000000000000114 ) ;
#3020 = DIRECTION ( 'NONE',  ( 4.347398734760404633E-15, -1.000000000000000000, 0.000000000000000000 ) ) ;
#3021 = SURFACE_STYLE_FILL_AREA ( #1837 ) ;
#3022 = VECTOR ( 'NONE', #1833, 1000.000000000000114 ) ;
#3023 = EDGE_CURVE ( 'NONE', #2182, #1923, #1637, .T. ) ;
#3024 =( NAMED_UNIT ( * ) SI_UNIT ( $, .STERADIAN. ) SOLID_ANGLE_UNIT ( ) );
#3025 = CARTESIAN_POINT ( 'NONE',  ( -0.9736856620942224705, -0.7374999999999998224, -0.5670969291733144457 ) ) ;
#3026 = FACE_OUTER_BOUND ( 'NONE', #2888, .T. ) ;
#3027 =( LENGTH_UNIT ( ) NAMED_UNIT ( * ) SI_UNIT ( .MILLI., .METRE. ) );
#3028 = VECTOR ( 'NONE', #341, 1000.000000000000000 ) ;
#3029 = EDGE_LOOP ( 'NONE', ( #396, #2748, #42 ) ) ;
#3030 = SURFACE_SIDE_STYLE ('',( #2516 ) ) ;
#3031 = DIRECTION ( 'NONE',  ( 0.000000000000000000, 1.000000000000000000, 0.000000000000000000 ) ) ;
#3032 = ORIENTED_EDGE ( 'NONE', *, *, #2887, .T. ) ;
#3033 = LINE ( 'NONE', #1070, #943 ) ;
#3034 = EDGE_CURVE ( 'NONE', #1197, #988, #1262, .T. ) ;
#3035 = ORIENTED_EDGE ( 'NONE', *, *, #2501, .F. ) ;
#3036 =( GEOMETRIC_REPRESENTATION_CONTEXT ( 3 ) GLOBAL_UNCERTAINTY_ASSIGNED_CONTEXT ( ( #2978 ) ) GLOBAL_UNIT_ASSIGNED_CONTEXT ( ( #3072, #928, #1160 ) ) REPRESENTATION_CONTEXT ( 'NONE', 'WORKASPACE' ) );
#3037 = PRESENTATION_STYLE_ASSIGNMENT (( #1369 ) ) ;
#3038 = DIRECTION ( 'NONE',  ( 0.9993908270190956511, 0.000000000000000000, -0.03489949670250223901 ) ) ;
#3039 = DIRECTION ( 'NONE',  ( 1.000000000000000000, -0.000000000000000000, -0.000000000000000000 ) ) ;
#3040 = FILL_AREA_STYLE_COLOUR ( '', #2057 ) ;
#3041 = ADVANCED_FACE ( 'NONE', ( #1663 ), #2391, .F. ) ;
#3042 = FILL_AREA_STYLE_COLOUR ( '', #2136 ) ;
#3043 = VERTEX_POINT ( 'NONE', #2241 ) ;
#3044 = CIRCLE ( 'NONE', #2646, 0.2000000000000000389 ) ;
#3045 =( NAMED_UNIT ( * ) SI_UNIT ( $, .STERADIAN. ) SOLID_ANGLE_UNIT ( ) );
#3046 = ADVANCED_FACE ( 'NONE', ( #612 ), #1534, .F. ) ;
#3047 = ORIENTED_EDGE ( 'NONE', *, *, #2962, .T. ) ;
#3048 = CARTESIAN_POINT ( 'NONE',  ( -0.6500000000000001332, -1.410000000000000142, 0.07000000000000000666 ) ) ;
#3049 = CARTESIAN_POINT ( 'NONE',  ( -0.9736856620942224705, 1.162500000000000089, -0.5670969291733144457 ) ) ;
#3050 = FILL_AREA_STYLE ('',( #653 ) ) ;
#3051 = CLOSED_SHELL ( 'NONE', ( #3094, #371, #153, #2397, #320, #609, #1467, #291, #3046, #846, #1043, #1676 ) ) ;
#3052 = ORIENTED_EDGE ( 'NONE', *, *, #1250, .F. ) ;
#3053 = CARTESIAN_POINT ( 'NONE',  ( 0.6499999999999998002, -1.410121797487009054, 0.07000000000000000666 ) ) ;
#3054 = LINE ( 'NONE', #1639, #2356 ) ;
#3055 = VECTOR ( 'NONE', #3039, 1000.000000000000000 ) ;
#3056 = PRESENTATION_LAYER_ASSIGNMENT (  '', '', ( #1295 ) ) ;
#3057 = VERTEX_POINT ( 'NONE', #1216 ) ;
#3058 = CARTESIAN_POINT ( 'NONE',  ( 0.9736856620942222484, 0.2125000000000001332, -0.5670969291733146678 ) ) ;
#3059 = CARTESIAN_POINT ( 'NONE',  ( 0.6499999999999998002, 1.410121797487008388, 0.07000000000000000666 ) ) ;
#3060 = EDGE_CURVE ( 'NONE', #2002, #2073, #2672, .T. ) ;
#3061 = SURFACE_STYLE_FILL_AREA ( #2589 ) ;
#3062 = ADVANCED_FACE ( 'NONE', ( #1233 ), #1822, .F. ) ;
#3063 = EDGE_LOOP ( 'NONE', ( #2632, #2321, #135, #1932 ) ) ;
#3064 = CARTESIAN_POINT ( 'NONE',  ( 0.6214357487718105144, 1.428183300565702529, -0.4784878236872062152 ) ) ;
#3065 = CARTESIAN_POINT ( 'NONE',  ( -0.9165782734028127265, 1.162500000000000089, -0.3423318069771913996 ) ) ;
#3066 = DIRECTION ( 'NONE',  ( 0.000000000000000000, 0.000000000000000000, -1.000000000000000000 ) ) ;
#3067 = ORIENTED_EDGE ( 'NONE', *, *, #1326, .T. ) ;
#3068 = CARTESIAN_POINT ( 'NONE',  ( -0.9736856620942224705, 0.7375000000000000444, -0.5670969291733144457 ) ) ;
#3069 = VECTOR ( 'NONE', #1946, 1000.000000000000000 ) ;
#3070 = PRESENTATION_LAYER_ASSIGNMENT (  '', '', ( #1413 ) ) ;
#3071 = ORIENTED_EDGE ( 'NONE', *, *, #51, .F. ) ;
#3072 =( LENGTH_UNIT ( ) NAMED_UNIT ( * ) SI_UNIT ( .MILLI., .METRE. ) );
#3073 = CARTESIAN_POINT ( 'NONE',  ( -0.6500000000000001332, -0.7374999999999998224, -0.07000000000000000666 ) ) ;
#3074 = AXIS2_PLACEMENT_3D ( 'NONE', #2499, #2201, #2462 ) ;
#3075 = DIRECTION ( 'NONE',  ( -0.000000000000000000, -1.000000000000000000, 0.000000000000000000 ) ) ;
#3076 = FACE_OUTER_BOUND ( 'NONE', #489, .T. ) ;
#3077 = VERTEX_POINT ( 'NONE', #2671 ) ;
#3078 = SURFACE_STYLE_USAGE ( .BOTH. , #406 ) ;
#3079 = EDGE_CURVE ( 'NONE', #354, #2073, #269, .T. ) ;
#3080 = ORIENTED_EDGE ( 'NONE', *, *, #1173, .F. ) ;
#3081 = DIRECTION ( 'NONE',  ( -0.000000000000000000, -1.000000000000000000, -0.000000000000000000 ) ) ;
#3082 = VERTEX_POINT ( 'NONE', #523 ) ;
#3083 = AXIS2_PLACEMENT_3D ( 'NONE', #425, #2651, #1692 ) ;
#3084 = SURFACE_STYLE_USAGE ( .BOTH. , #437 ) ;
#3085 =( NAMED_UNIT ( * ) PLANE_ANGLE_UNIT ( ) SI_UNIT ( $, .RADIAN. ) );
#3086 = AXIS2_PLACEMENT_3D ( 'NONE', #849, #822, #2531 ) ;
#3087 = DIRECTION ( 'NONE',  ( -1.000000000000000000, 0.000000000000000000, 0.000000000000000000 ) ) ;
#3088 = AXIS2_PLACEMENT_3D ( 'NONE', #1403, #2587, #2821 ) ;
#3089 = AXIS2_PLACEMENT_3D ( 'NONE', #2991, #1610, #416 ) ;
#3090 = EDGE_LOOP ( 'NONE', ( #2008, #168, #1811 ) ) ;
#3091 = PLANE ( 'NONE',  #1045 ) ;
#3092 = SURFACE_SIDE_STYLE ('',( #1378 ) ) ;
#3093 = CARTESIAN_POINT ( 'NONE',  ( -0.4415575462588198219, 1.251557546258819320, 0.5250000000000000222 ) ) ;
#3094 = ADVANCED_FACE ( 'NONE', ( #1389 ), #2575, .T. ) ;
#3095 = ORIENTED_EDGE ( 'NONE', *, *, #1148, .T. ) ;
#3096 = CARTESIAN_POINT ( 'NONE',  ( 0.6499999999999998002, -1.460000000000000187, -0.07000000000000000666 ) ) ;
#3097 = LINE ( 'NONE', #2630, #12 ) ;
#3098 = MECHANICAL_DESIGN_GEOMETRIC_PRESENTATION_REPRESENTATION (  '', ( #686 ), #691 ) ;
#3099 = AXIS2_PLACEMENT_3D ( 'NONE', #22, #1496, #1961 ) ;
#3100 = VERTEX_POINT ( 'NONE', #1144 ) ;
#3101 = SURFACE_STYLE_USAGE ( .BOTH. , #1419 ) ;
#3102 = SURFACE_STYLE_USAGE ( .BOTH. , #1955 ) ;
ENDSEC;
END-ISO-10303-21;
